-83.58348976275019,0,-83.58348976275019,0,-83.58348976275019,0,-83.58348976275019,0,-83.58348976275019,0
-83.57308217013183,0,-83.57308217013183,0,-83.57308217013183,0,-83.57308217013183,0,-83.57308217013183,0
-82.50110013044014,0.0001119879281763766,-51.47606653509135,0.0003359612274869277,-19.99309886453446,0.0001062887214340039,18.81681400935202,0,-82.50110013044014,0.0001119891844169928
-82.49069253782177,0.0001419303822571134,-51.46565894247298,0.000425787906047245,-19.9826912719161,0.0001170137429881488,,,-82.49069253782177,0.0001419319743814947
-82.48028494520341,0.0001793921716211592,-51.45525134985462,0.0005381724187670409,-19.97228367929773,0.0001284725998207759,,,-82.48028494520341,0.0001793941839785256
-82.46987735258504,0.000226128631493434,-51.44484375723625,0.0006783807312411632,-19.96187608667937,0.0001406721439050639,,,-82.46987735258504,0.0002261311681237297
-82.45946975996667,0.000284270356457021,-51.43443616461789,0.0008528045785705801,-19.951468494061,0.0001536135947697872,,,-82.45946975996667,0.00028427354530044
-82.4490621673483,0.0003563949537408852,-51.42402857199952,0.001069176723587179,-19.94106090144264,0.0001672919913577526,,,-82.4490621673483,0.0003563989516522994
-82.43865457472994,0.0004456105564486015,-51.41362097938116,0.001336821494633073,-19.93065330882427,0.0001816956800213664,,,-82.43865457472994,0.0004456155551488109
-82.42824698211157,0.0005556525958577554,-51.40321338676279,0.00166694510024919,-19.9202457162059,0.0001968058506451133,,,-82.42824698211157,0.0005556588289702953
-82.41783938949321,0.0006909954329361784,-51.39280579414442,0.002072970521175068,-19.90983812358754,0.000212596133018569,,,-82.41783938949321,0.0006910031842763684
-82.40743179687485,0.0008569805370757148,-51.38239820152606,0.002570922043623427,-19.89943053096917,0.0002290322654561942,,,-82.40743179687485,0.0008569901503775727
-82.39702420425648,0.001059962969037226,-51.37199060890769,0.00317986470477051,-19.88902293835081,0.000246071847251996,,,-82.39702420425648,0.001059974859323573
-82.3866166116381,0.001307477968678613,-51.36158301628932,0.003922404052136418,-19.87861534573244,0.0002636641858547577,,,-82.3866166116381,0.001307492635499902
-82.37620901901974,0.001608429458799409,-51.35117542367096,0.004825251650814744,-19.86820775311407,0.0002817502486467213,,,-82.37620901901974,0.001608447501587122
-82.36580142640138,0.001973302246169347,-51.3407678310526,0.005919861681713053,-19.85780016049571,0.0003002627279069758,,,-82.36580142640138,0.001973324381969786
-82.35539383378301,0.00241439962056842,-51.33036023843422,0.007243143733247908,-19.84739256787734,0.0003191262259505532,,,-82.35539383378301,0.002414426704441803
-82.34498624116465,0.002946107912893562,-51.31995264581586,0.008838256469624212,-19.83698497525898,0.0003382575655742905,,,-82.34498624116465,0.002946140961280833
-82.33457864854628,0.003585189364081346,-51.3095450531975,0.01075548623091616,-19.82657738264061,0.0003575662288387674,,,-82.33457864854628,0.003585229581456284
-82.32417105592792,0.004351104367542193,-51.29913746057913,0.01305321375301207,-19.81616979002224,0.0003769549249085242,,,-82.32417105592792,0.004351153176678329
-82.31376346330956,0.00526636376885713,-51.28872986796076,0.0157989710586605,-19.80576219740388,0.0003963202852049429,,,-82.31376346330956,0.005266422845046627
-82.30335587069118,0.006356911427933087,-51.2783222753424,0.01907058913520101,-19.79535460478551,0.0004155536815494462,,,-82.30335587069118,0.00635698273749707
-82.29294827807281,0.007652536661761858,-51.26791468272403,0.0229574352534237,-19.78494701216715,0.0004345421603470645,,,-82.29294827807281,0.007652622505187379
-82.28254068545445,0.009187315482802843,-51.25750709010567,0.02756173667264256,-19.77453941954878,0.0004531694832445882,,,-82.28254068545445,0.009187418542829506
-82.27213309283609,0.01100007872306912,-51.2470994974873,0.03299998500226482,-19.76413182693041,0.0004713172621592546,,,-82.27213309283609,0.01100020211802694
-82.26172550021772,0.01313490418390995,-51.23669190486893,0.03940441263990127,-19.75372423431205,0.0004888661741801744,,,-82.26172550021772,0.01313505152657799
-82.25131790759936,0.0156416288759432,-51.22628431225057,0.04692452947946731,-19.74331664169368,0.0005056972396617525,,,-82.25131790759936,0.01564180433815433
-82.24091031498099,0.01857637621594289,-51.2158767196322,0.05572870448980806,-19.73290904907532,0.0005216931449196131,,,-82.24091031498099,0.01857658459910243
-82.23050272236262,0.02200209173535301,-51.20546912701383,0.06600577282800794,-19.72250145645695,0.0005367395893636549,,,-82.23050272236262,0.02200233854696681
-82.22009512974425,0.02598907944098437,-51.19506153439547,0.07796664490923429,-19.71209386383859,0.0005507266357116217,,,-82.22009512974425,0.02598937097720353
-82.20968753712589,0.0306155294702873,-51.18465394177711,0.09184588936050739,-19.70168627122022,0.0005635500411631666,,,-82.20968753712589,0.03061587290437199
-82.19927994450752,0.03596802612520051,-51.17424634915874,0.1079032571106471,-19.69127867860185,0.0005751125471117345,,,-82.19927994450752,0.03596842960168267
-82.18887235188916,0.04214202378000486,-51.16383875654037,0.1264251091029678,-19.68087108598349,0.0005853251051510606,,,-82.18887235188916,0.04214249651418956
-82.1784647592708,0.04924227657632278,-51.15343116392201,0.1477257053704649,-19.67046349336512,0.0005941080178034567,,,-82.1784647592708,0.04924282895860967
-82.16805716665243,0.05738320628527128,-51.14302357130364,0.1721483086138748,-19.66005590074676,0.0006013919735539616,,,-82.16805716665243,0.05738384998960262
-82.15764957403405,0.06668919128184297,-51.13261597868527,0.2000660511182198,-19.64964830812839,0.0006071189574001235,,,-82.15764957403405,0.06668993937739325
-82.14724198141569,0.07729475829458099,-51.12220838606691,0.2318825099974541,-19.63924071551002,0.0006112430201907642,,,-82.14724198141569,0.0772956253595975
-82.13683438879733,0.08934465752416355,-51.11180079344854,0.2680319325485029,-19.62883312289166,0.0006137308924852537,,,-82.13683438879733,0.08934565976064969
-82.12642679617896,0.1029938009310797,-51.10139320083018,0.3089790511156982,-19.61842553027329,0.0006145624314628791,,,-82.12642679617896,0.1029949562787859
-82.1160192035606,0.1184070430410442,-51.09098560821181,0.3552184255120289,-19.60801793765492,0.0006145624314628791,,,-82.1160192035606,0.1184083712890003
-82.10561161094223,0.1357587835737711,-51.08057801559345,0.4072732509145347,-19.59761034503656,0.0006137308924852537,,,-82.10561161094223,0.1357603064673608
-82.09520401832387,0.1552323716315101,-51.07017042297508,0.465693570443518,-19.58720275241819,0.0006112430201907642,,,-82.09520401832387,0.1552341129728616
-82.08479642570551,0.1770192921500687,-51.05976283035671,0.5310538345341891,-19.57679515979983,0.0006071189574001235,,,-82.08479642570551,0.17702127788932
-82.07438883308713,0.2013181168725335,-51.04935523773835,0.6039497538817802,-19.56638756718146,0.0006013919735539616,,,-82.07438883308713,0.2013203751873297
-82.06398124046876,0.2283332043013777,-51.03894764511998,0.6849943993275533,-19.5559799745631,0.0005941080178034567,,,-82.06398124046876,0.2283357656617845
-82.0535736478504,0.2582731359533821,-51.02854005250162,0.7748135106592691,-19.54557238194473,0.0005853251051510606,,,-82.0535736478504,0.2582760331692584
-82.04316605523204,0.2913488798046754,-51.01813245988325,0.8740399869882397,-19.53516478932637,0.0005751125471117345,,,-82.04316605523204,0.2913521480524434
-82.03275846261367,0.3277716760740392,-51.00772486726488,0.9833075441475209,-19.524757196708,0.0005635500411631666,,,-82.03275846261367,0.3277753528997385
-82.02235086999531,0.3677506454357163,-50.99731727464652,1.103243539384949,-19.51434960408963,0.0005507266357116217,,,-82.02235086999531,0.3677547707312277
-82.01194327737694,0.4114901253408619,-50.98690968202816,1.234460980388312,-19.50394201147127,0.0005367395893636549,,,-82.01194327737694,0.4114947412902509
-82.00153568475857,0.4591867462986928,-50.97650208940978,1.377549754195557,-19.4935344188529,0.0005216931449196131,,,-82.00153568475857,0.4591918972917555
-81.9911280921402,0.5110262666390095,-50.96609449679142,1.533067131554631,-19.48312682623454,0.0005056972396617525,,,-81.9911280921402,0.5110319991493129
-81.98072049952184,0.567180191336889,-50.95568690417306,1.701527623474756,-19.47271923361617,0.0004888661741801744,,,-81.98072049952184,0.5671865537618815
-81.97031290690347,0.6278022077932492,-50.94527931155469,1.883392288649514,-19.4623116409978,0.0004713172621592546,,,-81.97031290690347,0.6278092502543897
-81.95990531428511,0.6930244788737497,-50.93487171893632,2.079057612658181,-19.45190404837944,0.0004531694832445882,,,-81.95990531428511,0.6930322529750532
-81.94949772166675,0.7629538408341918,-50.92446412631796,2.288844101828749,-19.44149645576107,0.0004345421603470645,,,-81.94949772166675,0.7629623993781238
-81.93909012904838,0.8376679608064705,-50.91405653369959,2.512984755783514,-19.4310888631427,0.0004155536815494462,,,-81.93909012904838,0.8376773574667394
-81.92868253643002,0.9172115150749314,-50.90364894108122,2.751613602355411,-19.42068127052434,0.0003963202852049429,,,-81.92868253643002,0.9172218040264073
-81.91827494381164,1.001592455219779,-50.89324134846286,3.004754496103493,-19.41027367790597,0.0003769549249085242,,,-81.91827494381164,1.001603690726531
-81.90786735119327,1.090778434120553,-50.88283375584449,3.272310396404966,-19.39986608528761,0.0003575662288387674,,,-81.90786735119327,1.09079067008379
-81.89745975857491,1.184693467581169,-50.87242616322613,3.554053352406544,-19.38945849266924,0.0003382575655742905,,,-81.89745975857491,1.18470675704974
-81.88705216595655,1.283214909752414,-50.86201857060776,3.849615429360975,-19.37905090005087,0.0003191262259505532,,,-81.88705216595655,1.283229304399366
-81.87664457333818,1.386170821400369,-50.8516109779894,4.158480813492433,-19.36864330743251,0.0003002627279069758,,,-81.87664457333818,1.386186370969999
-81.86623698071982,1.493337809238846,-50.84120338537103,4.479979330043133,-19.35823571481414,0.0002817502486467213,,,-81.86623698071982,1.493354560969504
-81.85582938810145,1.604439411882494,-50.83079579275266,4.81328160116952,-19.34782812219578,0.0002636641858547577,,,-81.85582938810145,1.604457409911285
-81.84542179548308,1.719145103397653,-50.8203882001343,5.157396056617574,-19.33742052957741,0.000246071847251996,,,-81.84542179548308,1.719164388153959
-81.83501420286471,1.837069978889368,-50.80998060751593,5.511167990491041,-19.32701293695905,0.0002290322654561942,,,-81.83501420286471,1.837090586484846
-81.82460661024635,1.957775178076143,-50.79957301489757,5.873280831966015,-19.31660534434068,0.000212596133018569,,,-81.82460661024635,1.957797139699472
-81.81419901762798,2.080769092435187,-50.7891654222792,6.242259766699116,-19.30619775172232,0.0001968058506451133,,,-81.81419901762798,2.080792433760359
-81.80379142500962,2.205509389373745,-50.77875782966083,6.616477809295266,-19.29579015910395,0.0001816956800213664,,,-81.80379142500962,2.205534129991055
-81.79338383239126,2.331405873178204,-50.76835023704247,6.994164386089677,-19.28538256648558,0.0001672919913577526,,,-81.79338383239126,2.331432026057345
-81.78297623977289,2.457824187449939,-50.75794264442411,7.373416442370861,-19.27497497386722,0.0001536135947697872,,,-81.78297623977289,2.457851758444618
-81.77256864715451,2.584090347646071,-50.74753505180573,7.752212039899399,-19.26456738124885,0.0001406721439050639,,,-81.77256864715451,2.584119335049478
-81.76216105453615,2.709496075542591,-50.73712745918737,8.128426360175519,-19.25415978863048,0.0001284725998207759,,,-81.76216105453615,2.709526469702703
-81.75175346191779,2.833304890304706,-50.72671986656901,8.499849977511049,-19.24375219601212,0.0001170137429881488,,,-81.75175346191779,2.833336673307921
-81.74134586929942,2.954758893793542,-50.71631227395064,8.864209214794617,-19.23334460339375,0.0001062887214340039,,,-81.74134586929942,2.954792039224429
-81.73093827668106,3.073086171188273,-50.70590468133227,9.219188345189012,-19.22293701077539,9.628562339995692e-05,,,-81.73093827668106,3.073120643972334
-81.72053068406269,3.187508712395062,-50.69549708871391,9.562453356177178,-13.62365218209453,0.0001060404690450379,,,-81.72053068406269,3.187544468730359
-81.71012309144433,3.297250745480889,-50.68508949609554,9.891676949673421,-13.61324458947616,0.0001219096513093517,,,-81.71012309144433,3.297287732863152
-81.69971549882597,3.401547360924944,-50.67468190347717,10.20456441458063,-13.60283699685779,0.0001397746748111066,,,-81.69971549882597,3.401585518269422
-81.68930790620759,3.499653295205182,-50.66427431085881,10.49887997734941,-13.59242940423943,0.0001598243123053561,,,-81.68930790620759,3.499692553067023
-81.67890031358922,3.590851734470457,-50.65386671824044,10.77247321279349,-13.58202181162106,0.0001822557130460544,,,-81.67890031358922,3.590892015363846
-81.66849272097086,3.674462994071146,-50.64345912562208,11.02330508248336,-13.5716142190027,0.0002072733227283856,,,-81.66849272097086,3.674504212885809
-81.6580851283525,3.749852927747752,-50.63305153300371,11.24947316212012,-13.56120662638433,0.0002350875449840037,,,-81.6580851283525,3.749894992259788
-81.64767753573413,3.81644092144722,-50.62264394038534,11.44923562280188,-13.55079903376597,0.0002659131313786583,,,-81.64767753573413,3.816483732919608
-81.63726994311577,3.873707331107625,-50.61223634776698,11.621033544208,-13.5403914411476,0.0003000573686521989,,,-81.63726994311577,3.873750784974162
-81.6268623504974,3.921200231295229,-50.60182875514862,11.76351116035616,-13.52998384852923,0.0003377513027519963,,,-81.6268623504974,3.921244217920173
-81.61645475787903,3.958541352177647,-50.59142116253025,11.87553367038631,-13.51957625591087,0.000378988378554354,,,-81.61645475787903,3.95858575768196
-81.60604716526066,3.985431095771947,-50.58101356991188,11.95620228719046,-13.5091686632925,0.0004242923687424808,,,-81.60604716526066,3.985475802915808
-81.5956395726423,4.001652538434268,-50.57060597729352,12.00486624479006,-13.49876107067413,0.00047389178134938,,,-81.5956395726423,4.001697427544485
-81.58523198002393,4.007074344801464,-50.56019838467515,12.02113154009448,-13.48835347805577,0.000527557307848881,,,-81.58523198002393,4.00711929473157
-81.57482438740557,4.007074344801464,-50.54979079205678,12.02113154009448,-13.4779458854374,0.0005857363603715871,,,-81.57482438740557,4.00711929473157
-81.56441679478721,4.001652538434268,-50.53938319943842,12.00486624479006,-13.46753829281904,0.0006486033677328139,,,-81.56441679478721,4.001697427544485
-81.55400920216884,3.985431095771947,-50.52897560682005,11.95620228719046,-13.45713070020067,0.0007163139421373573,,,-81.55400920216884,3.985475802915808
-81.54360160955048,3.958541352177647,-50.51856801420168,11.87553367038631,-13.44672310758231,0.0007890015779388138,,,-81.54360160955048,3.95858575768196
-81.5331940169321,3.921200231295229,-50.50816042158332,11.76351116035616,-13.43631551496394,0.0008667744037826618,,,-81.5331940169321,3.921244217920173
-81.52278642431374,3.873707331107625,-50.49775282896496,11.621033544208,-13.42590792234557,0.000949712062182842,,,-81.52278642431374,3.873750784974162
-81.51237883169537,3.81644092144722,-50.48734523634659,11.44923562280188,-13.41550032972721,0.001037862797109454,,,-81.51237883169537,3.816483732919608
-81.50197123907701,3.749852927747752,-50.47693764372822,11.24947316212012,-13.40509273710884,0.001131240835584208,,,-81.50197123907701,3.749894992259788
-81.49156364645864,3.674462994071146,-50.46653005110986,11.02330508248336,-13.39468514449048,0.001229824153320047,,,-81.49156364645864,3.674504212885809
-81.48115605384028,3.590851734470457,-50.45612245849149,10.77247321279349,-13.38427755187211,0.001333552716837408,,,-81.48115605384028,3.590892015363846
-81.47074846122192,3.499653295205182,-50.44571486587312,10.49887997734941,-13.37386995925374,0.001442327294991771,,,-81.47074846122192,3.499692553067023
-81.46034086860354,3.401547360924944,-50.43530727325476,10.20456441458063,-13.36346236663538,0.001556008931227834,,,-81.46034086860354,3.401585518269422
-81.44993327598517,3.297250745480889,-50.42489968063639,9.891676949673421,-13.35305477401701,0.001674419163938422,,,-81.44993327598517,3.297287732863152
-81.43952568336681,3.187508712395062,-50.41449208801803,9.562453356177178,-13.34264718139865,0.001797341075894366,,,-81.43952568336681,3.187544468730359
-81.42911809074845,3.073086171188273,-50.40408449539966,9.219188345189012,-13.33223958878028,0.001924521244715864,,,-81.42911809074845,3.073120643972334
-81.41871049813008,2.954758893793542,-50.39367690278129,8.864209214794617,-13.32183199616192,0.00205567265472207,,,-81.41871049813008,2.954792039224429
-81.40830290551172,2.833304890304706,-50.38326931016293,8.499849977511049,-13.31142440354355,0.002190478616231053,,,-81.40830290551172,2.833336673307921
-81.39789531289335,2.709496075542591,-50.37286171754457,8.128426360175519,-13.30101681092518,0.002328597721560165,,,-81.39789531289335,2.709526469702703
-81.38748772027498,2.584090347646071,-50.3624541249262,7.752212039899399,-13.29060921830682,0.002469669847741373,,,-81.38748772027498,2.584119335049478
-81.37708012765661,2.457824187449939,-50.35204653230783,7.373416442370861,-13.28020162568845,0.002613323194532873,,,-81.37708012765661,2.457851758444618
-81.36667253503825,2.331405873178204,-50.34163893968947,6.994164386089677,-13.26979403307008,0.002759182322966174,,,-81.36667253503825,2.331432026057345
-81.35626494241988,2.205509389373745,-50.3312313470711,6.616477809295266,-13.25938644045172,0.002906877134776097,,,-81.35626494241988,2.205534129991055
-81.34585734980152,2.080769092435187,-50.32082375445273,6.242259766699116,-13.24897884783335,0.003056052707046972,,,-81.34585734980152,2.080792433760359
-81.33544975718316,1.957775178076143,-50.31041616183437,5.873280831966015,-13.23857125521499,0.003206756451028189,,,-81.33544975718316,1.957797139699472
-81.32504216456479,1.837069978889368,-50.300008569216,5.511167990491041,-13.22816366259662,0.003358043655806707,,,-81.32504216456479,1.837090586484846
-81.31463457194643,1.719145103397653,-50.28960097659763,5.157396056617574,-13.21775606997826,0.003510308833916215,,,-81.31463457194643,1.719164388153959
-81.30422697932805,1.604439411882494,-50.27919338397927,4.81328160116952,-13.20734847735989,0.003662941399996966,,,-81.30422697932805,1.604457409911285
-81.29381938670969,1.493337809238846,-50.26878579136091,4.479979330043133,-13.19694088474152,0.003815846025514457,,,-81.29381938670969,1.493354560969504
-81.28341179409132,1.386170821400369,-50.25837819874254,4.158480813492433,-13.18653329212316,0.00396913027311173,,,-81.28341179409132,1.386186370969999
-81.27300420147296,1.283214909752414,-50.24797060612417,3.849615429360975,-13.17612569950479,0.004122881737767951,,,-81.27300420147296,1.283229304399366
-81.26259660885459,1.184693467581169,-50.23756301350581,3.554053352406544,-13.16571810688643,0.004277297780779505,,,-81.26259660885459,1.18470675704974
-81.25218901623623,1.090778434120553,-50.22715542088744,3.272310396404966,-13.15531051426806,0.004432695787310183,,,-81.25218901623623,1.09079067008379
-81.24178142361787,1.001592455219779,-50.21674782826908,3.004754496103493,-13.14490292164969,0.004589522258125169,,,-81.24178142361787,1.001603690726531
-81.23137383099949,0.9172115150749314,-50.20634023565071,2.751613602355411,-13.13449532903133,0.004748360467285563,,,-81.23137383099949,0.9172218040264073
-81.22096623838112,0.8376679608064705,-50.19593264303234,2.512984755783514,-13.12408773641296,0.004909936424294316,,,-81.22096623838112,0.8376773574667394
-81.21055864576276,0.7629538408341918,-50.18552505041398,2.288844101828749,-13.1136801437946,0.005075122891789479,,,-81.21055864576276,0.7629623993781238
-81.2001510531444,0.6930244788737497,-50.17511745779561,2.079057612658181,-13.10327255117623,0.00524494122853339,,,-81.2001510531444,0.6930322529750532
-81.18974346052603,0.6278022077932492,-50.16470986517724,1.883392288649514,-13.09286495855786,0.005420560852199438,,,-81.18974346052603,0.6278092502543897
-81.17933586790767,0.567180191336889,-50.15430227255888,1.701527623474756,-13.0824573659395,0.005603296150458151,,,-81.17933586790767,0.5671865537618815
-81.1689282752893,0.5110262666390095,-50.14389467994052,1.533067131554631,-13.07204977332113,0.005800182874040967,,,-81.1689282752893,0.5110319991493129
-81.15852068267094,0.4591867462986928,-50.13348708732214,1.377549754195557,-13.06164218070277,0.006012759913374955,,,-81.15852068267094,0.4591918972917555
-81.14811309005256,0.4114901253408619,-50.12307949470378,1.234460980388312,-13.0512345880844,0.006237058501935247,,,-81.14811309005256,0.4114947412902509
-81.1377054974342,0.3677506454357163,-50.11267190208542,1.103243539384949,-13.04082699546604,0.006474798819101348,,,-81.1377054974342,0.3677547707312277
-81.12729790481583,0.3277716760740392,-50.10226430946705,0.9833075441475209,-13.03041940284767,0.006727791945557772,,,-81.12729790481583,0.3277753528997385
-81.11689031219747,0.2913488798046754,-50.09185671684868,0.8740399869882397,-13.0200118102293,0.006997921276788451,,,-81.11689031219747,0.2913521480524434
-81.10648271957911,0.2582731359533821,-50.08144912423032,0.7748135106592691,-13.00960421761094,0.007287121358813565,,,-81.10648271957911,0.2582760331692584
-81.09607512696074,0.2283332043013777,-50.07104153161195,0.6849943993275533,-12.99919662499257,0.007597354355800015,,,-81.09607512696074,0.2283357656617845
-81.08566753434238,0.2013181168725335,-50.06063393899358,0.6039497538817802,-12.98878903237421,0.007930584418631722,,,-81.08566753434238,0.2013203751873297
-81.075259941724,0.1770192921500687,-50.05022634637522,0.5310538345341891,-12.97838143975584,0.008288750280932025,,,-81.075259941724,0.17702127788932
-81.06485234910564,0.1552323716315101,-50.03981875375685,0.465693570443518,-12.96797384713747,0.008673736462930673,,,-81.06485234910564,0.1552341129728616
-81.05444475648727,0.1357587835737711,-50.02941116113849,0.4072732509145347,-12.95756625451911,0.009087343512486357,,,-81.05444475648727,0.1357603064673608
-81.04403716386891,0.1184070430410442,-50.01900356852012,0.3552184255120289,-12.94715866190074,0.009531257755049798,,,-81.04403716386891,0.1184083712890003
-81.03362957125054,0.1029938009310797,-50.00859597590176,0.3089790511156982,-12.93675106928238,0.01000702105897543,,,-81.03362957125054,0.1029949562787859
-81.02322197863218,0.08934465752416355,-49.99818838328339,0.2680319325485029,-12.92634347666401,0.01051600114804952,,,-81.02322197863218,0.08934565976064969
-81.01281438601382,0.07729475829458099,-49.98778079066503,0.2318825099974541,-12.91593588404564,0.01105936300822524,,,-81.01281438601382,0.0772956253595975
-81.00240679339544,0.06668919128184297,-49.97737319804666,0.2000660511182198,-12.90552829142728,0.01163804193934752,,,-81.00240679339544,0.06668993937739325
-80.99199920077707,0.05738320628527128,-49.96696560542829,0.1721483086138748,-12.89512069880891,0.01225271879434144,,,-80.99199920077707,0.05738384998960262
-80.98159160815871,0.04924227657632278,-49.95655801280993,0.1477257053704649,-12.88471310619055,0.01290379792741757,,,-80.98159160815871,0.04924282895860967
-80.97118401554035,0.04214202378000486,-49.94615042019156,0.1264251091029678,-12.87430551357218,0.01359138833910241,,,-80.97118401554035,0.04214249651418956
-80.96077642292198,0.03596802612520051,-49.93574282757319,0.1079032571106471,-12.86389792095381,0.01431528845944386,,,-80.96077642292198,0.03596842960168267
-80.95036883030362,0.0306155294702873,-49.92533523495483,0.09184588936050739,-12.85349032833545,0.01507497495202988,,,-80.95036883030362,0.03061587290437199
-80.93996123768525,0.02598907944098437,-49.91492764233647,0.07796664490923429,-12.84308273571708,0.01586959585131276,,,-80.93996123768525,0.02598937097720353
-80.92955364506689,0.02200209173535301,-49.90452004971809,0.06600577282800794,-12.83267514309872,0.01669796826533728,,,-80.92955364506689,0.02200233854696681
-80.91914605244851,0.01857637621594289,-49.89411245709973,0.05572870448980806,-12.82226755048035,0.01755858078686724,,,-80.91914605244851,0.01857658459910243
-80.90873845983015,0.0156416288759432,-49.88370486448137,0.04692452947946731,-12.81185995786199,0.01844960065996934,,,-80.90873845983015,0.01564180433815433
-80.89833086721178,0.01313490418390995,-49.873297271863,0.03940441263990127,-12.80145236524362,0.01936888564852519,,,-80.89833086721178,0.01313505152657799
-80.88792327459342,0.01100007872306912,-49.86288967924463,0.03299998500226482,-12.79104477262525,0.02031400045033967,,,-80.88792327459342,0.01100020211802694
-80.87751568197505,0.009187315482802843,-49.85248208662627,0.02756173667264256,-12.78063718000689,0.02128223739813799,,,-80.87751568197505,0.009187418542829506
-80.86710808935669,0.007652536661761858,-49.8420744940079,0.0229574352534237,-12.77022958738852,0.02227064108956549,,,-80.86710808935669,0.007652622505187379
-80.85670049673833,0.006356911427933087,-49.83166690138954,0.01907058913520101,-12.75982199477015,0.02327603649515282,,,-80.85670049673833,0.00635698273749707
-80.84629290411995,0.00526636376885713,-49.82125930877117,0.0157989710586605,-12.74941440215179,0.02429506000888364,,,-80.84629290411995,0.005266422845046627
-80.83588531150158,0.004351104367542193,-49.8108517161528,0.01305321375301207,-12.73900680953342,0.02532419283317718,,,-80.83588531150158,0.004351153176678329
-80.82547771888322,0.003585189364081346,-49.80044412353444,0.01075548623091616,-12.72859921691506,0.02635979603124225,,,-80.82547771888322,0.003585229581456284
-80.81507012626486,0.002946107912893562,-49.79003653091607,0.008838256469624212,-12.71819162429669,0.02739814653703128,,,-80.81507012626486,0.002946140961280833
-80.80466253364649,0.00241439962056842,-49.77962893829771,0.007243143733247908,-12.70778403167833,0.0284354733881918,,,-80.80466253364649,0.002414426704441803
-80.79425494102813,0.001973302246169347,-49.76922134567934,0.005919861681713053,-12.69737643905996,0.02946799344178231,,,-80.79425494102813,0.001973324381969786
-80.78384734840976,0.001608429458799409,-49.75881375306098,0.004825251650814744,-12.68696884644159,0.03049194584684839,,,-80.78384734840976,0.001608447501587122
-80.7734397557914,0.001307477968678613,-49.74840616044261,0.003922404052136418,-12.67656125382323,0.0315036245824255,,,-80.7734397557914,0.001307492635499902
-80.76303216317302,0.001059962969037226,-49.73799856782424,0.00317986470477051,-12.66615366120486,0.03249940842369528,,,-80.76303216317302,0.001059974859323573
-80.75262457055466,0.0008569805370757148,-49.72759097520588,0.002570922043623427,-12.6557460685865,0.03347578777179377,,,-80.75262457055466,0.0008569901503775727
-80.74221697793629,0.0006909954329361784,-49.71718338258751,0.002072970521175068,-12.64533847596813,0.03442938787244032,,,-80.74221697793629,0.0006910031842763684
-80.73180938531793,0.0005556525958577554,-49.70677578996914,0.00166694510024919,-12.63493088334976,0.03535698805281823,,,-80.73180938531793,0.0005556588289702953
-80.72140179269957,0.0004456105564486015,-49.69636819735078,0.001336821494633073,-12.6245232907314,0.03625553672214004,,,-80.72140179269957,0.0004456155551488109
-80.7109942000812,0.0003563949537408852,-49.68596060473241,0.001069176723587179,-12.61411569811303,0.03712652306631326,,,-80.7109942000812,0.0003563989516522994
-80.70058660746284,0.000284270356457021,-49.67555301211404,0.0008528045785705801,-12.60370810549467,0.03797543826879528,,,-80.70058660746284,0.00028427354530044
-80.69017901484446,0.000226128631493434,-49.66514541949568,0.0006783807312411632,-12.5933005128763,0.03879528650902404,,,-80.69017901484446,0.0002261311681237297
-80.6797714222261,0.0001793921716211592,-49.65473782687732,0.0005381724187670409,-12.58289292025793,0.039583878467684,,,-80.6797714222261,0.0001793941839785256
-80.66936382960773,0.0001419303822571134,-49.64433023425895,0.000425787906047245,-12.57248532763957,0.04035465738312475,,,-80.66936382960773,0.0001419319743814947
-80.65895623698937,0.0001119879281763766,-49.63392264164058,0.0003359612274869277,-12.5620777350212,0.0410966730840465,,,-80.65895623698937,0.0001119891844169928
-80.648548644371,0,-49.62351504902222,0,-12.55167014240284,0.04179171828040431,,,-80.648548644371,0
-20.53429368068949,0.000223944767603956,-20.13880516119159,0.0001051598060458923,-12.54126254978447,0.04243759519302143,,,-51.47606653509135,0.00033596439362052
-20.52388608807113,0.0002838213634995591,-20.12839756857322,0.0001202441982985427,-12.53085495716611,0.04303226837506791,,,-51.46565894247298,0.0004257919187168101
-20.51347849545276,0.0003587345425338803,-20.11798997595486,0.0001371205158063812,-12.52044736454774,0.04357385647992516,,,-51.45525134985462,0.0005381774905599565
-20.50307090283439,0.000452194487861595,-20.10758238333649,0.0001559425737807663,-12.51003977192937,0.04406062365380941,,,-51.44484375723625,0.0006783871243718161
-20.49266331021603,0.0005684617971786921,-20.09717479071812,0.0001768686699017317,-12.49963217931101,0.04449097117662254,,,-51.43443616461789,0.0008528126154897336
-20.48225571759766,0.0007126909693786209,-20.08676719809976,0.000200060373028927,-12.48922458669264,0.04486342994987456,,,-51.42402857199952,0.001069186799619958
-20.4718481249793,0.0008910974078258049,-20.07635960548139,0.0002256811005919104,-12.47881699407428,0.04517665438435093,,,-51.41362097938116,0.001336834092978046
-20.46144053236093,0.001111150938089675,-20.06595201286303,0.0002538944809015094,-12.46840940145591,0.04542941817389507,,,-51.40321338676279,0.001666960809713399
-20.45103293974256,0.001381799039987332,-20.05554442024466,0.0002848625004529227,-12.45800180883754,0.04562061235737545,,,-51.39280579414442,0.002072990057065124
-20.4406253471242,0.001713723169467639,-20.04513682762629,0.0003187434406196699,-12.44759421621918,0.04574924597139791,,,-51.38239820152606,0.002570946272260483
-20.43021775450583,0.002119631683836381,-20.03472923500793,0.000355689612918307,-12.43718662360081,0.04581444948495902,,,-51.37199060890769,0.003179894672146616
-20.41981016188747,0.002614592970966223,-20.02432164238956,0.0003958449071909424,-12.42677903098245,0.0458154810878103,,,-51.36158301628932,0.003922441017280655
-20.4094025692691,0.003216412404655711,-20.01391404977119,0.0004393421725206351,-12.41637143836408,0.04575173578092608,,,-51.35117542367096,0.004825297124488769
-20.39899497665073,0.003946056687777694,-20.00350645715283,0.0004863004563593935,-12.40596384574572,0.04562275709441218,,,-51.3407678310526,0.005919917471105992
-20.38858738403237,0.004828128984400047,-19.99309886453446,0.0005368221330873748,-12.39555625312735,0.04542825113974426,,,-51.33036023843422,0.007243211993388697
-20.378179791414,0.005891397962555573,-19.9826912719161,0.0005909899588964286,-12.38514866050898,0.04516810259352741,,,-51.31995264581586,0.008838339762273531
-20.36777219879564,0.007169383450784629,-19.97228367929773,0.0006488640953489325,-12.37474106789062,0.04484239211286949,,,-51.3095450531975,0.0107555875917384
-20.35736460617727,0.008701000833546468,-19.96187608667937,0.0007104791490410336,-12.36433347527225,0.0444514146013797,,,-51.29913746057913,0.01305333676785775
-20.34695701355891,0.01053126555281151,-19.951468494061,0.0007758412793283929,-12.35392588265388,0.04399569768260029,,,-51.28872986796076,0.01579911994980895
-20.33654942094054,0.01271205812616962,-19.94106090144264,0.000844925429880773,-12.34351829003552,0.04347601969656199,,,-51.2783222753424,0.01907076885841889
-20.32614182832218,0.0153029489178506,-19.93065330882427,0.0009176727427509216,-12.33311069741715,0.04289342651659028,,,-51.26791468272403,0.02295765160668415
-20.31573423570381,0.01837208049299836,-19.9202457162059,0.0009939882155133874,-12.32270310479879,0.04224924648817414,,,-51.25750709010567,0.02756199641731904
-20.30532664308544,0.02199710373588805,-19.90983812358754,0.001073738662704849,-12.31229551218042,0.04156333470173331,,,-51.2470994974873,0.03300029599755987
-20.29491905046708,0.02626616201286631,-19.89943053096917,0.001156751042154262,-12.30188791956206,0.04083747057076483,,,-51.23669190486893,0.03940478399118928
-20.28451145784871,0.03127891551001425,-19.88902293835081,0.001242811204729637,-12.29148032694369,0.04007168163849034,,,-51.22628431225057,0.0469249717011195
-20.27410386523034,0.03714759548056841,-19.87861534573244,0.001331663122480796,-12.28107273432532,0.03927539120261189,,,-51.2158767196322,0.05572922968292235
-20.26369627261198,0.0439980755132314,-19.86820775311407,0.001423008645092642,-12.27066514170696,0.03843453837176285,,,-51.20546912701383,0.06600639487328443
-20.25328867999361,0.0519709441046676,-19.85780016049571,0.001516507827989449,-12.26025754908859,0.03754434303204466,,,-51.19506153439547,0.07796737967501478
-20.24288108737525,0.06122255982356718,-19.84739256787734,0.00161177986739892,-12.24984995647023,0.03660763557544512,,,-51.18465394177711,0.09184675492573288
-20.23247349475688,0.0719260672373095,-19.83698497525898,0.001708404668290994,-12.23944236385186,0.03562755139543226,,,-51.17424634915874,0.1079042740021784
-20.22206590213851,0.08427234859555496,-19.82657738264061,0.001805925060491197,-12.22903477123349,0.03460751563005951,,,-51.16383875654037,0.1264263005463609
-20.21165830952015,0.09847088310095686,-19.81616979002224,0.001903849666616151,-12.21862717861513,0.03355122263727392,,,-51.15343116392201,0.1477270975528954
-20.20125071690178,0.1147504825313461,-19.80576219740388,0.00200165641301477,-12.20821958599676,0.03246261047613411,,,-51.14302357130364,0.1721499309574615
-20.19084312428342,0.1333598691082716,-19.79535460478551,0.00209879666188475,-12.1978119933784,0.03134583079458229,,,-51.13261597868527,0.200067936561519
-20.18043553166505,0.1545680589431185,-19.78494701216715,0.002194699929462872,-12.18740440076003,0.03020521463900112,,,-51.12220838606691,0.2318846952823749
-20.17002793904669,0.1786645122534244,-19.77453941954878,0.002288779141976166,-12.17699680814166,0.02904523479990569,,,-51.11180079344854,0.2680344585093461
-20.15962034642832,0.2059590099553623,-19.76413182693041,0.002380436368221176,-12.1665892155233,0.0278704653892455,,,-51.10139320083018,0.3089819629664508
-20.14921275380995,0.2367812153354208,-19.75372423431205,0.002469068955548725,-12.15618162290493,0.02668553940596745,,,-51.09098560821181,0.3552217731274608
-20.13880516119159,0.2714798794182642,-19.74331664169368,0.002554075985006354,-12.14577403028657,0.02549501435693753,,,-51.08057801559345,0.4072770891000617
-20.12839756857322,0.3104216495092076,-19.73290904907532,0.002634864951750299,-12.1353664376682,0.02430371065572669,,,-51.07017042297508,0.4656979591882199
-20.11798997595486,0.3539894423221089,-19.72250145645695,0.002710858568879719,-12.12495884504983,0.02311606097197349,,,-51.05976283035671,0.5310588392408259
-20.10758238333649,0.4025803462180301,-19.71209386383859,0.002781501586829367,-12.11455125243147,0.02193649820986325,,,-51.04935523773835,0.6039554455671515
-20.09717479071812,0.4566030214703549,-19.70168627122022,0.002846267516601295,-12.1041436598131,0.02076929975357872,,,-51.03894764511998,0.685000854786103
-20.08676719809976,0.5164745732087398,-19.69127867860185,0.002904665143587519,-12.09373606719474,0.01961854964170843,,,-51.02854005250162,0.7748208125824767
-20.07635960548139,0.5826168788190365,-19.68087108598349,0.002956244719642102,-12.08332847457637,0.01848810398171389,,,-51.01813245988325,0.874048224032093
-20.06595201286303,0.6554523600968261,-19.67046349336512,0.00300060372444683,-12.07292088195801,0.01738156012880264,,,-51.00772486726488,0.9833168109402116
-20.05554442024466,0.7353992003370142,-19.66005590074676,0.003037392093057774,-12.06251328933964,0.01630223005694638,,,-50.99731727464652,1.103253936466948
-20.04513682762629,0.8228660177161933,-19.64964830812839,0.003066316814730737,-12.05210569672127,0.01525311824695192,,,-50.98690968202816,1.234472614077139
-20.03472923500793,0.9182460186665872,-19.63924071551002,0.003087145818545902,-12.04169810410291,0.01423690431051054,,,-50.97650208940978,1.377562736367889
-20.02432164238956,1.021910668279791,-19.62883312289166,0.003099711073767325,-12.03129051148454,0.01325593046301624,,,-50.96609449679142,1.533081579338921
-20.01391404977119,1.134202928894801,-19.61842553027329,0.003103910847004707,-12.02088291886618,0.01231219385447776,,,-50.95568690417306,1.701543658848265
-20.00350645715283,1.255430132648594,-19.60801793765492,0.003103910847004707,-12.01047532624781,0.01140734366963285,,,-50.94527931155469,1.883410037934565
-19.99309886453446,1.385856568583018,-19.59761034503656,0.003099711073767325,-12.00006773362944,0.01054268281766669,,,-50.93487171893632,2.079077205913621
-19.9826912719161,1.525695879551068,-19.58720275241819,0.003087145818545902,-11.98966014101108,0.009719173950641874,,,-50.92446412631796,2.288865672133908
-19.97228367929773,1.675103378255519,-19.57679515979983,0.003066316814730737,-11.97925254839271,0.008937449479366377,,,-50.91405653369959,2.513008438413537
-19.96187608667937,1.834168404862563,-19.56638756718146,0.003037392093057774,-11.96884495577435,0.008197825197045375,,,-50.90364894108122,2.751639533848533
-19.951468494061,2.00290686032519,-19.5559799745631,0.00300060372444683,-11.95843736315598,0.007500317075352288,,,-50.89324134846286,3.004782813222758
-19.94106090144264,2.181254059382294,-19.54557238194473,0.002956244719642102,-11.94802977053761,0.006844660764772512,,,-50.88283375584449,3.272341234998896
-19.93065330882427,2.369058054735538,-19.53516478932637,0.002904665143587519,-11.93762217791925,0.0062303333110988,,,-50.87242616322613,3.55408684617543
-19.9202457162059,2.566073588733961,-19.524757196708,0.002846267516601295,-11.92721458530088,0.005656576592316431,,,-50.86201857060776,3.849651708537653
-19.90983812358754,2.771956830641444,-19.51434960408963,0.002781501586829367,-11.91680699268252,0.005122421984031609,,,-50.8516109779894,4.158520003448653
-19.89943053096917,2.98626105590138,-19.50394201147127,0.002710858568879719,-11.90639940006415,0.004626715776032927,,,-50.84120338537103,4.480021549834852
-19.88902293835081,3.20843341849097,-19.4935344188529,0.002634864951750299,-11.89599180744579,0.004168144886295904,,,-50.83079579275266,4.81332696203655
-19.87861534573244,3.437812958299547,-19.48312682623454,0.002554075985006354,-11.88558421482742,0.003745262450359889,,,-50.8203882001343,5.157444660455066
-19.86820775311407,3.673629972389897,-19.47271923361617,0.002469068955548725,-11.87517662220905,0.003356512902048248,,,-50.80998060751593,5.511219928312076
-19.85780016049571,3.915006862030163,-19.4623116409978,0.002380436368221176,-11.86476902959069,0.003000256204450667,,,-50.79957301489757,5.873336182376175
-19.84739256787734,4.160960546649246,-19.45190404837944,0.002288779141976166,-11.85436143697232,0.002674790936434781,,,-50.7891654222792,6.24231859440518
-19.83698497525898,4.410406511617519,-19.44149645576107,0.002194699929462872,-11.84395384435395,0.002378375988250471,,,-50.77875782966083,6.616540163671131
-19.82657738264061,4.66216452935083,-19.4310888631427,0.00209879666188475,-11.83354625173559,0.002109250668673995,,,-50.76835023704247,6.994230299823173
-19.81616979002224,4.91496606315436,-19.42068127052434,0.00200165641301477,-11.82313865911722,0.001865653074371661,,,-50.75794264442411,7.373485930215229
-19.80576219740388,5.167463331045878,-19.41027367790597,0.001903849666616151,-11.81273106649886,0.001645836618652424,,,-50.74753505180573,7.752285097552923
-19.79535460478551,5.418239973201091,-19.39986608528761,0.001805925060491197,-11.80232347388049,0.001448084660595703,,,-50.73712745918737,8.128502963311973
-19.78494701216715,5.665823232403415,-19.38945849266924,0.001708404668290994,-11.79191588126213,0.001270723215927676,,,-50.72671986656901,8.499930080982352
-19.77453941954878,5.908697522773716,-19.37905090005087,0.00161177986739892,-11.78150828864376,0.001112131767393602,,,-50.71631227395064,8.864292752025312
-19.76413182693041,6.145319228960095,-19.36864330743251,0.001516507827989449,-11.77110069602539,0.0009707522243252945,,,-50.70590468133227,9.219275227779995
-19.75372423431205,6.374132546756734,-19.35823571481414,0.001423008645092642,-11.76069310340703,0.0008450961083850838,,,-50.69549708871391,9.562543473733374
-19.74331664169368,6.593586147658115,-19.34782812219578,0.001331663122480796,-11.75028551078866,0.0007337500649859625,,,-50.68508949609554,9.891770169867042
-19.73290904907532,6.802150424967651,-19.33742052957741,0.001242811204729637,-11.7398779181703,0.0006353798176836196,,,-50.67468190347717,10.2046605834583
-19.72250145645695,6.998335058532393,-19.32701293695905,0.001156751042154262,-11.72947032555193,0.0005487326960694351,,,-50.66427431085881,10.4989789198876
-19.71209386383859,7.180706619643328,-19.31660534434068,0.001073738662704849,-11.71906273293356,0.0004726388766228678,,,-50.65386671824044,10.77257473370281
-19.70168627122022,7.34790592768714,-19.30619775172232,0.0009939882155133874,-11.7086551403152,0.0004060114809444803,,,-50.64345912562208,11.02340896725834
-19.69127867860185,7.498664866188932,-19.29579015910395,0.0009176727427509216,-11.69824754769683,0.0003478456771835388,,,-50.63305153300371,11.24957917832664
-19.68087108598349,7.631822368225714,-19.28538256648558,0.000844925429880773,-11.68783995507847,0.0002971460462187526,,,-50.62264394038534,11.44934352159063
-19.67046349336512,7.746339289931012,-19.27497497386722,0.0007758412793283929,-11.6774323624601,0.0002530894221506141,,,-50.61223634776698,11.62114306203825
-19.66005590074676,7.841311905895473,-19.26456738124885,0.0007104791490410336,-11.66702476984173,0.000215110272768657,,,-50.60182875514862,11.7636220209103
-19.64964830812839,7.915983781465078,-19.25415978863048,0.0006488640953489325,-11.65661717722337,0.0001822016824632264,,,-50.59142116253025,11.87564558665226
-19.63924071551002,7.96975580384477,-19.24375219601212,0.0005909899588964286,-11.646209584605,0.000153782051380664,,,-50.58101356991188,11.95631496368584
-19.62883312289166,8.002194185966573,-19.23334460339375,0.0005368221330873748,-11.63580199198664,0.0001296784588760718,,,-50.57060597729352,12.00497937989965
-19.61842553027329,8.01303629356395,-19.22293701077539,0.0004863004563593935,-11.62539439936827,0.0001090582178463615,,,-50.56019838467515,12.02124482848991
-19.60801793765492,8.01303629356395,-19.21252941815702,0.0004393421725206351,-11.61498680674991,9.146971225433276e-05,,,-50.54979079205678,12.02124482848991
-19.59761034503656,8.002194185966573,-19.20212182553865,0.0003958449071909424,-6.837901794919952,0.0001045387029304108,,,-50.53938319943842,12.00497937989965
-19.58720275241819,7.96975580384477,-19.19171423292029,0.000355689612918307,-6.827494202301585,0.0001202909962942461,,,-50.52897560682005,11.95631496368584
-19.57679515979983,7.915983781465078,-19.18130664030192,0.0003187434406196699,-6.817086609683219,0.0001380447958422743,,,-50.51856801420168,11.87564558665226
-19.56638756718146,7.841311905895473,-19.17089904768356,0.0002848625004529227,-6.806679017064853,0.000157993004756346,,,-50.50816042158332,11.7636220209103
-19.5559799745631,7.746339289931012,-19.16049145506519,0.0002538944809015094,-6.796271424446488,0.0001803377232004641,,,-50.49775282896496,11.62114306203825
-19.54557238194473,7.631822368225714,-19.15008386244683,0.0002256811005919104,-6.785863831828122,0.000205289251049082,,,-50.48734523634659,11.44934352159063
-19.53516478932637,7.498664866188932,-19.13967626982846,0.000200060373028927,-6.775456239209756,0.000233064830432317,,,-50.47693764372822,11.24957917832664
-19.524757196708,7.34790592768714,-19.1292686772101,0.0001768686699017317,-6.765048646591389,0.0002638871130028594,,,-50.46653005110986,11.02340896725834
-19.51434960408963,7.180706619643328,-19.11886108459173,0.0001559425737807663,-6.754641053973024,0.0002979823402440767,,,-50.45612245849149,10.77257473370281
-19.50394201147127,6.998335058532393,-19.10845349197336,0.0001371205158063812,-6.744233461354658,0.0003355782292926018,,,-50.44571486587312,10.4989789198876
-19.4935344188529,6.802150424967651,-19.098045899355,0.0001202441982985427,-6.733825868736292,0.0003769015616355613,,,-50.43530727325476,10.2046605834583
-19.48312682623454,6.593586147658115,-19.08763830673663,0.0001051598060458923,-6.723418276117926,0.0004221754776347979,,,-50.42489968063639,9.891770169867042
-19.47271923361617,6.374132546756734,-19.07723071411827,9.171901333292078e-05,-6.713010683499561,0.0004716164860764723,,,-50.41449208801803,9.562543473733374
-19.4623116409978,6.145319228960095,-13.82139644184348,0.0001040415468255526,-6.702603090881194,0.0005254312047674638,,,-50.40408449539966,9.219275227779995
-19.45190404837944,5.908697522773716,-13.81098884922511,0.0001257717793079606,-6.692195498262828,0.0005838128554972391,,,-50.39367690278129,8.864292752025312
-19.44149645576107,5.665823232403415,-13.80058125660675,0.0001516297767615462,-6.681787905644462,0.0006469375443262564,,,-50.38326931016293,8.499930080982352
-19.4310888631427,5.418239973201091,-13.79017366398838,0.0001823100756906132,-6.671380313026097,0.0007149603659954132,,,-50.37286171754457,8.128502963311973
-19.42068127052434,5.167463331045878,-13.77976607137001,0.0002186058257499846,-6.660972720407731,0.0007880113790977843,,,-50.3624541249262,7.752285097552923
-19.41027367790597,4.91496606315436,-13.76935847875165,0.00026141931672293,-6.650565127789365,0.0008661915063157678,,,-50.35204653230783,7.373485930215229
-19.39986608528761,4.66216452935083,-13.75895088613328,0.0003117729997167252,-6.640157535170999,0.0009495684212887036,,,-50.34163893968947,6.994230299823173
-19.38945849266924,4.410406511617519,-13.74854329351492,0.0003708209052181443,-6.629749942552633,0.001038172490311208,,,-50.3312313470711,6.616540163671131
-19.37905090005087,4.160960546649246,-13.73813570089655,0.000439860333251173,-6.619342349934267,0.001131992842837771,,,-50.32082375445273,6.24231859440518
-19.36864330743251,3.915006862030163,-13.72772810827819,0.000520343661068884,-6.608934757315901,0.001230973649452008,,,-50.31041616183437,5.873336182376175
-19.35823571481414,3.673629972389897,-13.71732051565982,0.0006138900819144053,-6.598527164697535,0.001335010689324475,,,-50.300008569216,5.511219928312076
-19.34782812219578,3.437812958299547,-13.70691292304145,0.0007222970548496303,-6.58811957207917,0.001443948291021352,,,-50.28960097659763,5.157444660455066
-19.33742052957741,3.20843341849097,-13.69650533042309,0.0008475512110547853,-6.577711979460804,0.001557576730651649,,,-50.27919338397927,4.81332696203655
-19.32701293695905,2.98626105590138,-13.68609773780472,0.0009918384270661189,-6.567304386842437,0.001675630169597301,,,-50.26878579136091,4.480021549834852
-19.31660534434068,2.771956830641444,-13.67569014518636,0.001157552741002877,-6.556896794224071,0.001797785210342503,,,-50.25837819874254,4.158520003448653
-19.30619775172232,2.566073588733961,-13.66528255256799,0.001347303754937548,-6.546489201605706,0.001923660143134773,,,-50.24797060612417,3.849651708537653
-19.29579015910395,2.369058054735538,-13.65487495994962,0.0015639221363158,-6.53608160898734,0.002052814948351168,,,-50.23756301350581,3.55408684617543
-19.28538256648558,2.181254059382294,-13.64446736733126,0.001810462804983581,-6.525674016368974,0.002184752109545769,,,-50.22715542088744,3.272341234998896
-19.27497497386722,2.00290686032519,-13.63405977471289,0.002090205371275939,-6.515266423750608,0.002318918280315164,,,-50.21674782826908,3.004782813222758
-19.26456738124885,1.834168404862563,-13.62365218209453,0.002406651376184469,-6.504858831132242,0.002454706834494441,,,-50.20634023565071,2.751639533848533
-19.25415978863048,1.675103378255519,-13.61324458947616,0.002763517878305398,-6.494451238513876,0.002591461314004834,,,-50.19593264303234,2.513008438413537
-19.24375219601212,1.525695879551068,-13.60283699685779,0.003164726935533722,-6.48404364589551,0.002728479772191186,,,-50.18552505041398,2.288865672133908
-19.23334460339375,1.385856568583018,-13.59242940423943,0.003614390543716936,-6.473636053277144,0.002865019993041852,,,-50.17511745779561,2.079077205913621
-19.22293701077539,1.255430132648594,-13.58202181162106,0.004116790621020168,-6.463228460658779,0.003000305548651201,,,-50.16470986517724,1.883410037934565
-19.21252941815702,1.134202928894801,-13.5716142190027,0.004676353666730012,-6.452820868040413,0.003133532639079451,,,-50.15430227255888,1.701543658848265
-19.20212182553865,1.021910668279791,-13.56120662638433,0.005297619777565619,-6.442413275422046,0.003263877640827603,,,-50.14389467994052,1.533081579338921
-19.19171423292029,0.9182460186665872,-13.55079903376597,0.005985205773921786,-6.43200568280368,0.003390505272934513,,,-50.13348708732214,1.377562736367889
-19.18130664030192,0.8228660177161933,-13.5403914411476,0.006745576522606696,-6.421598090185315,0.003512577273678796,,,-50.12307949470378,1.234472614077139
-19.17089904768356,0.7353992003370142,-13.52998384852923,0.007583026587833296,-6.411190497566949,0.003629261466480146,,,-50.11267190208542,1.103253936466948
-19.16049145506519,0.6554523600968261,-13.51957625591087,0.008498716091403255,-6.400782904948583,0.003739741081267261,,,-50.10226430946705,0.9833168109402116
-19.15008386244683,0.5826168788190365,-13.5091686632925,0.009508477616618083,-6.390375312330217,0.003843224187699126,,,-50.09185671684868,0.874048224032093
-19.13967626982846,0.5164745732087398,-13.49876107067413,0.01060713577751629,-6.379967719711851,0.003938953089526669,,,-50.08144912423032,0.7748208125824767
-19.1292686772101,0.4566030214703549,-13.48835347805577,0.01179508965724358,-6.369560127093485,0.004026213525333535,,,-50.07104153161195,0.685000854786103
-19.11886108459173,0.4025803462180301,-13.4779458854374,0.01308127839964123,-6.359152534475119,0.004104343520093484,,,-50.06063393899358,0.6039554455671515
-19.10845349197336,0.3539894423221089,-13.46753829281904,0.01446930827867122,-6.348744941856753,0.004172741734542035,,,-50.05022634637522,0.5310588392408259
-19.098045899355,0.3104216495092076,-13.45713070020067,0.01596236291817613,-6.338337349238388,0.004230875165306641,,,-50.03981875375685,0.4656979591882199
-19.08763830673663,0.2714798794182642,-13.44672310758231,0.01756313490314898,-6.327929756620022,0.004278286058007524,,,-50.02941116113849,0.4072770891000617
-19.07723071411827,0.2367812153354208,-13.43631551496394,0.01927375949926496,-6.317522164001655,0.004314767555635888,,,-50.01900356852012,0.3552217731274608
-19.0668231214999,0.2059590099553623,-13.42590792234557,0.02109575216962342,-6.307114571383289,0.0043400280055361,,,-50.00859597590176,0.3089819629664508
-19.05641552888153,0.1786645122534244,-13.41550032972721,0.02302995171232335,-6.296706978764924,0.00435513676141736,,,-49.99818838328339,0.2680344585093461
-19.04600793626317,0.1545680589431185,-13.40509273710884,0.02507647095097984,-6.286299386146558,0.004360998291971678,,,-49.98778079066503,0.2318846952823749
-19.0356003436448,0.1333598691082716,-13.39468514449048,0.0272346569866885,-6.275891793528192,0.004357702117693303,,,-49.97737319804666,0.200067936561519
-19.02519275102643,0.1147504825313461,-13.38427755187211,0.02950306305852742,-6.265484200909826,0.004345292304645541,,,-49.96696560542829,0.1721499309574615
-19.01478515840807,0.09847088310095686,-13.37386995925374,0.03187943405506564,-6.255076608291461,0.004322826402260202,,,-49.95655801280993,0.1477270975528954
-19.0043775657897,0.08427234859555496,-13.36346236663538,0.0343607076666561,-6.244669015673094,0.004289555176157474,,,-49.94615042019156,0.1264263005463609
-18.99396997317134,0.0719260672373095,-13.35305477401701,0.03694303306336848,-6.234261423054728,0.004245208740348158,,,-49.93574282757319,0.1079042740021784
-18.98356238055297,0.06122255982356718,-13.34264718139865,0.03962180882298685,-6.223853830436362,0.004190026156205626,,,-49.92533523495483,0.09184675492573288
-18.9731547879346,0.0519709441046676,-13.33223958878028,0.0423917416153299,-6.213446237817997,0.004124443040792341,,,-49.91492764233647,0.07796737967501478
-18.96274719531624,0.0439980755132314,-13.32183199616192,0.04524692687223109,-6.203038645199631,0.004048972034916914,,,-49.90452004971809,0.06600639487328443
-18.95233960269787,0.03714759548056841,-13.31142440354355,0.04818095233715846,-6.192631052581265,0.003964196133066894,,,-49.89411245709973,0.05572922968292235
-18.94193201007951,0.03127891551001425,-13.30101681092518,0.05118702499642566,-6.182223459962898,0.003870761189854791,,,-49.88370486448137,0.0469249717011195
-18.93152441746114,0.02626616201286631,-13.29060921830682,0.05425812144853794,-6.171815867344533,0.003769367737598451,,,-49.873297271863,0.03940478399118928
-18.92111682484278,0.02199710373588805,-13.28020162568845,0.05738716127428567,-6.161408274726167,0.003660762259830218,,,-49.86288967924463,0.03300029599755987
-18.91070923222441,0.01837208049299836,-13.26979403307008,0.06056720243418043,-6.151000682107801,0.003545728072416497,,,-49.85248208662627,0.02756199641731904
-18.90030163960605,0.0153029489178506,-13.25938644045172,0.06379165714970529,-6.140593089489435,0.003425075967478602,,,-49.8420744940079,0.02295765160668415
-18.88989404698768,0.01271205812616962,-13.24897884783335,0.06705452613007677,-6.13018549687107,0.003299634775437739,,,-49.83166690138954,0.01907076885841889
-18.87948645436931,0.01053126555281151,-13.23857125521499,0.07035107602536228,-6.119777904252703,0.003170241997351095,,,-49.82125930877117,0.01579911994980895
-18.86907886175095,0.008701000833546468,-13.22816366259662,0.07367650531798892,-6.109370311634337,0.003037734653435853,,,-49.8108517161528,0.01305333676785775
-18.85867126913258,0.007169383450784629,-13.21775606997826,0.07702941438978532,-6.098962719015971,0.002902940484544468,,,-49.80044412353444,0.0107555875917384
-18.84826367651421,0.005891397962555573,-13.20734847735989,0.08040712196244909,-6.088555126397606,0.002766669631674632,,,-49.79003653091607,0.008838339762273531
-18.83785608389585,0.004828128984400047,-13.19694088474152,0.08381126715737883,-6.07814753377924,0.002629706904744015,,,-49.77962893829771,0.007243211993388697
-18.82744849127748,0.003946056687777694,-13.18653329212316,0.08724493086660508,-6.067739941160874,0.002492804736248434,,,-49.76922134567934,0.005919917471105992
-18.81704089865912,0.003216412404655711,-13.17612569950479,0.09071363590111073,-6.057332348542507,0.0023566768984964,,,-49.75881375306098,0.004825297124488769
-18.80663330604075,0.002614592970966223,-13.16571810688643,0.09422558201670815,-6.046924755924142,0.002221993045331963,,,-49.74840616044261,0.003922441017280655
-18.79622571342238,0.002119631683836381,-13.15531051426806,0.09779185549970945,-6.036517163305776,0.002089374121081241,,,-49.73799856782424,0.003179894672146616
-18.78581812080402,0.001713723169467639,-13.14490292164969,0.101426606705191,-6.02610957068741,0.001959388661333138,,,-49.72759097520588,0.002570946272260483
-18.77541052818565,0.001381799039987332,-13.13449532903133,0.1051471889468931,-6.015701978069044,0.00183254999251434,,,-49.71718338258751,0.002072990057065124
-18.76500293556729,0.001111150938089675,-13.12408773641296,0.1089742522766766,-6.005294385450679,0.001709314320430214,,,-49.70677578996914,0.001666960809713399
-18.75459534294892,0.0008910974078258049,-13.1136801437946,0.1129317859712066,-5.994886792832312,0.00159007968235937,,,-49.69636819735078,0.001336834092978046
-18.74418775033056,0.0007126909693786209,-13.10327255117623,0.1170471039701317,-5.984479200213946,0.001475185723201676,,,-49.68596060473241,0.001069186799619958
-18.73378015771219,0.0005684617971786921,-13.09286495855786,0.1213527830501975,-5.97407160759558,0.001364914243821548,,,-49.67555301211404,0.0008528126154897336
-18.72337256509382,0.000452194487861595,-13.0824573659395,0.1259263734631024,-5.963664014977215,0.001259490459274763,,,-49.66514541949568,0.0006783871243718161
-18.71296497247546,0.0003587345425338803,-13.07204977332113,0.1308755935738589,-5.953256422358849,0.001159084896170991,,,-49.65473782687732,0.0005381774905599565
-18.70255737985709,0.0002838213634995591,-13.06164218070277,0.1361943682369466,-5.942848829740483,0.001063815852059105,,,-49.64433023425895,0.0004257919187168101
-18.69214978723873,0.000223944767603956,-13.0512345880844,0.1418486279407997,-5.932441237122117,0.0009737523354239519,,,-49.63392264164058,0.00033596439362052
-18.68174219462036,0,-13.04082699546604,0.1478797256156558,-5.922033644503751,0.0008889174025946668,,,-49.62351504902222,0
-13.9983255163557,0.0001322030148867432,-13.03041940284767,0.1543303882424324,-5.911626051885385,0.0008092918074813425,,,-20.53429368068949,0.0002240486898381354
-13.98791792373733,0.0001673473959827983,-13.0200118102293,0.1612441616981741,-5.901218459267019,0.0007348178814339629,,,-20.52388608807113,0.0002839530716458056
-13.97751033111897,0.0002112621209038081,-13.00960421761094,0.1686647877068773,-5.890810866648653,0.0006654035634764378,,,-20.51347849545276,0.000358901014363235
-13.9671027385006,0.0002659802484056995,-12.99919662499257,0.1766355183397565,-5.880403274030288,0.000600926505505597,,,-20.50307090283439,0.0004524043300560118
-13.95669514588224,0.0003339659674773499,-12.98878903237421,0.1851983751366789,-5.869995681411922,0.0005412381825385857,,,-20.49266331021603,0.0005687255935631333
-13.94628755326387,0.0004181962265699226,-12.97838143975584,0.1943933615307028,-5.859588088793555,0.0004861679445110159,,,-20.48225571759766,0.000713021695738561
-13.9358799606455,0.000522255565769178,-12.96797384713747,0.2042576388144118,-5.849180496175189,0.0004355269532388692,,,-20.4718481249793,0.0008915109242231004
-13.92547236802714,0.0006504457982220866,-12.95756625451911,0.2148246773522939,-5.838772903556824,0.000389111955730181,,,-20.46144053236093,0.001111666570980911
-13.91506477540877,0.000807912289950716,-12.94715866190074,0.2261233960790145,-5.828365310938458,0.0003467088528491639,,,-20.45103293974256,0.001382440267933664
-13.90465718279041,0.001000788673606113,-12.93675106928238,0.2381773044901712,-5.817957718320092,0.0003080960301921703,,,-20.4406253471242,0.001714518427791562
-13.89424959017204,0.001236361895285484,-12.92634347666401,0.251003662291876,-5.807550125701726,0.0002730474257480949,,,-20.43021775450583,0.002120615305211324
-13.88384199755367,0.001523259526898532,-12.91593588404564,0.264612672591995,-5.79714253308336,0.0002413353163243683,,,-20.41981016188747,0.002615806280595735
-13.87343440493531,0.001871661271472164,-12.90552829142728,0.2790067249557008,-5.786734940464994,0.0002127328116874941,,,-20.4094025692691,0.003217904990379907
-13.86302681231694,0.002293536536139257,-12.89512069880891,0.2941797047817422,-5.776327347846628,0.0001870160517838757,,,-20.39899497665073,0.003947887867097399
-13.85261921969858,0.002802909837542217,-12.88471310619055,0.3101163852592463,-5.765919755228262,0.0001639661081884538,,,-20.38858738403237,0.004830369491987403
-13.84221162708021,0.003416155626584402,-12.87430551357218,0.3267919176197932,-5.755512162609897,0.0001433705960169505,,,-20.378179791414,0.005894131883268521
-13.83180403446184,0.00415232386308948,-12.86389792095381,0.344171434494968,-5.745104569991531,0.0001250250068980908,,,-20.36777219879564,0.007172710424457048
-13.82139644184348,0.005033497325075045,-12.85349032833545,0.3622097799226401,-5.734696977373164,0.0001087337772231927,,,-20.35736460617727,0.008705038558811913
-13.81098884922511,0.006085181191325447,-12.84308273571708,0.3808513779215763,-5.724289384754798,9.431110878017527e-05,,,-20.34695701355891,0.01053615261785302
-13.80058125660675,0.007336724879691978,-12.83267514309872,0.4000302495886521,-5.047795864561015,0.0001101548665432603,,,-20.33654942094054,0.0127179571944784
-13.79017366398838,0.008821775448072409,-12.82226755048035,0.4196701863903496,-5.037388271942649,0.0001320126681641276,,,-20.32614182832218,0.01531005029672224
-13.77976607137001,0.01057876106295566,-12.81185995786199,0.4396850847544096,-5.026980679324282,0.0001577870356292016,,,-20.31573423570381,0.01838060611148807
-13.76935847875165,0.01265140210658818,-12.80145236524362,0.4599794442616546,-5.016573086705916,0.0001880922182296856,,,-20.30532664308544,0.02200731155717438
-13.75895088613328,0.01508924642588141,-12.79104477262525,0.4804490287440085,-5.006165494087551,0.0002236218085047219,,,-20.29491905046708,0.02627835090331864
-13.74854329351492,0.01794822402527824,-12.78063718000689,0.500981686472235,-4.995757901469185,0.0002651559090815716,,,-20.28451145784871,0.03129343058360712
-13.73813570089655,0.02129121517723776,-12.77022958738852,0.5214583224321401,-4.985350308850819,0.0003135684081388899,,,-20.27410386523034,0.0371648339325226
-13.72772810827819,0.02518862447790905,-12.75982199477015,0.5417540125122663,-4.974942716232453,0.0003698342574563106,,,-20.26369627261198,0.04401849295078018
-13.71732051565982,0.02971895182752225,-12.74941440215179,0.5617392463341561,-4.964535123614087,0.000435036627121626,,,-20.25328867999361,0.05199506137555344
-13.70691292304145,0.03496934968659535,-12.73900680953342,0.5812812825242606,-4.954127530995721,0.000510373790298105,,,-20.24288108737525,0.06125097033419047
-13.69650533042309,0.04103615427824958,-12.72859921691506,0.6002455975300145,-4.943719938377355,0.0005971655704033076,,,-20.23247349475688,0.07195944474232117
-13.68609773780472,0.04802537670849435,-12.71819162429669,0.618497406694187,-4.933312345758989,0.0006968591620944355,,,-20.22206590213851,0.08431145542908047
-13.67569014518636,0.0560531383019001,-12.70778403167833,0.6359032342889601,-4.922904753140624,0.0008110341171539173,,,-20.21165830952015,0.09851657880656749
-13.66528255256799,0.06524603284800186,-12.69737643905996,0.6523325076347084,-4.912497160522258,0.0009414062673624054,,,-20.20125071690178,0.1148037328333979
-13.65487495994962,0.07574139697885766,-12.68696884644159,0.6676591493392782,-4.902089567903891,0.001089830339448015,,,-20.19084312428342,0.1334217551514057
-13.64446736733126,0.08768746861098269,-12.67656125382323,0.6817631411318069,-4.891681975285525,0.001258301002987282,,,-20.18043553166505,0.1546397867097013
-13.63405977471289,0.1012434123507694,-12.66615366120486,0.6945320327581358,-4.88127438266716,0.001448952081531572,,,-20.17002793904669,0.1787474220506955
-13.62365218209453,0.1165791900503944,-12.6557460685865,0.7058623699662918,-4.870866790048794,0.001664053651101025,,,-20.15962034642832,0.2060545858453148
-13.61324458947616,0.1338752543819257,-12.64533847596813,0.7156610167391988,-4.860459197430428,0.00190600674939523,,,-20.14921275380995,0.2368910943612745
-13.60283699685779,0.1533220434416603,-12.63493088334976,0.7238463486116055,-4.850051604812062,0.002177335424468723,,,-20.13880516119159,0.2716058604621875
-13.59242940423943,0.1751192550731167,-12.6245232907314,0.7303492961081418,-4.839644012193696,0.00248067586401847,,,-20.12839756857322,0.3105657015971389
-13.58202181162106,0.1994748808692098,-12.61411569811303,0.7352020554567997,-4.82923641957533,0.002818762366561238,,,-20.11798997595486,0.3541537121736247
-13.5716142190027,0.2266039817379718,-12.60370810549467,0.7384980833860366,-4.818828826956964,0.003194409944261293,,,-20.10758238333649,0.4027671648227394
-13.56120662638433,0.2567271895372307,-12.5933005128763,0.7401201305421077,-4.808421234338598,0.003610493384476619,,,-20.09717479071812,0.4568149094578794
-13.55079903376597,0.290068922633922,-12.58289292025793,0.7403589266068928,-4.798013641720233,0.004069922643515009,,,-20.08676719809976,0.5167142447675753
-13.5403914411476,0.3268871491519309,-12.57248532763957,0.739516763787501,-4.787606049101867,0.004575614501702899,,,-20.07635960548139,0.5828872439111318
-13.52998384852923,0.3673998197935517,-12.5620777350212,0.7371566087246489,-4.777198456483501,0.005130460473492515,,,-20.06595201286303,0.6557565247102178
-13.51957625591087,0.4117719390987472,-12.55167014240284,0.7329894838180055,-4.766790863865134,0.005737291039511635,,,-20.05554442024466,0.7357404645189394
-13.5091686632925,0.4603882847455301,-12.54126254978447,0.727047346529186,-4.756383271246769,0.006398836348439498,,,-20.04513682762629,0.8232478711343657
-13.49876107067413,0.5133415320081616,-12.53085495716611,0.7193762270742462,-4.745975678628403,0.007117683624300622,,,-20.03472923500793,0.9186721334573329
-13.48835347805577,0.5707387986382306,-12.52044736454774,0.710035526882649,-4.735568086010037,0.007896231607811766,,,-20.02432164238956,1.022384888958916
-13.4779458854374,0.6328493622185906,-12.51003977192937,0.69909714706174,-4.725160493391671,0.008736642457083475,,,-20.01391404977119,1.134729259130799
-13.46753829281904,0.6998358542670197,-12.49963217931101,0.6866444642648801,-4.714752900773306,0.00964079163124971,,,-20.00350645715283,1.256012718728354
-13.45713070020067,0.7718376951374093,-12.48922458669264,0.6727711739011731,-4.704345308154939,0.01061021637818284,,,-19.99309886453446,1.386499679437539
-13.44672310758231,0.8489672575464844,-12.47881699407428,0.6575800226846648,-4.693937715536573,0.01164606354181362,,,-19.9826912719161,1.526403883252953
-13.43631551496394,0.9313060506027928,-12.46840940145591,0.6411814540607828,-4.683530122918207,0.01274903749299712,,,-19.97228367929773,1.675880714950688
-13.42590792234557,1.018900996852654,-12.45800180883754,0.6236921910419403,-4.673122530299842,0.0139193490675019,,,-19.96187608667937,1.835019556155509
-13.41550032972721,1.111760880970386,-12.44759421621918,0.6052337814223575,-4.662714937681476,0.01515666646265694,,,-19.951468494061,2.003836315199287
-13.40509273710884,1.20985305368907,-12.43718662360081,0.5859311302290099,-4.65230734506311,0.0164600690976108,,,-19.94106090144264,2.182266276803533
-13.39468514449048,1.313100478145727,-12.42677903098245,0.5659110436206848,-4.641899752444743,0.01782800547830319,,,-19.93065330882427,2.37015742315831
-13.38427755187211,1.421379207766153,-12.41637143836408,0.5453008073035965,-4.631492159826378,0.01925825612460698,,,-19.9202457162059,2.567264382800119
-13.37386995925374,1.534516384925517,-12.40596384574572,0.5242268209353461,-4.621084567208012,0.02074790261147103,,,-19.90983812358754,2.773243165437167
-13.36346236663538,1.652288847706225,-12.39555625312735,0.5028133079952741,-4.610676974589646,0.02229330374649554,,,-19.89943053096917,2.98764683920899
-13.35305477401701,1.774422427986454,-12.38514866050898,0.4811811182730455,-4.60026938197128,0.02389007985192208,,,-19.88902293835081,3.209922301542951
-13.34264718139865,1.900592017728229,-12.37474106789062,0.4594466375395262,-4.589861789352915,0.0255331060388229,,,-19.87861534573244,3.439408285607883
-13.33223958878028,2.030422471641149,-12.36433347527225,0.437720816189548,-4.579454196734548,0.02721651525528714,,,-19.86820775311407,3.675334731283636
-13.32183199616192,2.163490403383062,-12.35392588265388,0.4161083257614465,-4.569046604116182,0.02893371175928944,,,-19.85780016049571,3.916823632586059
-13.31142440354355,2.299326919189285,-12.34351829003552,0.3947068493190115,-4.558639011497816,0.03067739551209472,,,-19.84739256787734,4.162891452742596
-13.30101681092518,2.437421317429838,-12.33311069741715,0.3736065088004394,-4.548231418879451,0.03243959781165941,,,-19.83698497525898,4.412453173851384
-13.29060921830682,2.577225765277056,-12.32270310479879,0.3528894296638222,-4.537823826261085,0.03421172829043183,,,-19.82657738264061,4.664328020640159
-13.28020162568845,2.71816094468645,-12.31229551218042,0.3326501438072653,-4.527416233642719,0.03598463319183327,,,-19.81616979002224,4.917246867745884
-13.26979403307008,2.859622639575821,-12.30188791956206,0.3129538451462678,-4.517008641024352,0.03774866461875857,,,-19.80576219740388,5.169861307744097
-13.25938644045172,3.000989214812528,-12.29148032694369,0.2938822539079486,-4.506601048405987,0.03949376022485472,,,-19.79535460478551,5.420754323544526
-13.24897884783335,3.141629915817402,-12.28107273432532,0.2754830748176965,-4.496193455787621,0.04120953256956796,,,-19.78494701216715,5.668452474493225
-13.23857125521499,3.280987967297497,-12.27066514170696,0.2577494765786182,-4.485785863169255,0.04288536717457198,,,-19.77453941954878,5.911439471398936
-13.22816366259662,3.418313731970799,-12.26025754908859,0.2407125621243288,-4.475378270550889,0.04451052808458195,,,-19.76413182693041,6.148170982590474
-13.21775606997826,3.553179815368652,-12.24984995647023,0.2243958219876517,-4.464970677932524,0.04607426951709922,,,-19.75372423431205,6.377090481886462
-13.20734847735989,3.684849624701688,-12.23944236385186,0.2088155640676441,-4.454563085314157,0.0475659520505261,,,-19.74331664169368,6.596645920882783
-13.19694088474152,3.812828518158966,-12.22903477123349,0.1939813982969089,-4.444155492695791,0.04897516163019346,,,-19.73290904907532,6.80530698306432
-13.18653329212316,3.936666863386509,-12.21862717861513,0.1798967632936398,-4.433747900077425,0.05029182955986058,,,-19.72250145645695,7.001582656690636
-13.17612569950479,4.055951483994678,-12.20821958599676,0.166559482486639,-4.42334030745906,0.05150635156537792,,,-19.71209386383859,7.18403884786587
-13.16571810688643,4.170341700822309,-12.1978119933784,0.1539623378421338,-4.412932714840694,0.05260970397501812,,,-19.70168627122022,7.351315745244904
-13.15531051426806,4.279578775788293,-12.18740440076003,0.1420936501612834,-4.402525122222328,0.0535935550597107,,,-19.69127867860185,7.502144643879631
-13.14490292164969,4.383494533399972,-12.17699680814166,0.1309378559173038,-4.392117529603962,0.05445036961726035,,,-19.68087108598349,7.635363938050507
-13.13449532903133,4.482018958234772,-12.1665892155233,0.1204760389707384,-4.381709936985596,0.05517350496768609,,,-19.67046349336512,7.74993400167326
-13.12408773641296,4.575186575297447,-12.15618162290493,0.1106858994666219,-4.37130234436723,0.05575729665105531,,,-19.66005590074676,7.844950689962085
-13.1136801437946,4.663141433098758,-12.14577403028657,0.1015438645781477,-4.360894751748864,0.05622136069341428,,,-19.64964830812839,7.919657217237209
-13.10327255117623,4.7461405265203,-12.1353664376682,0.09302599623458105,-4.350487159130498,0.05656200093318849,,,-19.63924071551002,7.973454192683505
-13.09286495855786,4.82476798479347,-12.12495884504983,0.08510378516413669,-4.340079566512133,0.05675225803609842,,,-19.62883312289166,8.005907627932825
-13.0824573659395,4.901234821818172,-12.11455125243147,0.07774932828865885,-4.329671973893767,0.0567905992895399,,,-19.61842553027329,8.016754766842416
-13.07204977332113,4.979781973634068,-12.1041436598131,0.07093418124698748,-4.3192643812754,0.05667671075193595,,,-19.60801793765492,8.016754766842416
-13.06164218070277,5.059327756270366,-12.09373606719474,0.0646296892450054,-4.308856788657034,0.0564644792591875,,,-19.59761034503656,8.005907627932825
-13.0512345880844,5.136717304842442,-12.08332847457637,0.05880727691607695,-4.298449196038669,0.05615559518521209,,,-19.58720275241819,7.973454192683505
-13.04082699546604,5.212764861820254,-12.07292088195801,0.05343869813824934,-4.288041603420303,0.055699530025845,,,-19.57679515979983,7.919657217237209
-13.03041940284767,5.288373105480678,-12.06251328933964,0.04849624740334964,-4.277634010801937,0.05509988922184127,,,-19.56638756718146,7.844950689962085
-13.0200118102293,5.364522610275101,-12.05210569672127,0.04395293485853333,-4.267226418183571,0.05436138697327672,,,-19.5559799745631,7.74993400167326
-13.00960421761094,5.442259512571318,-12.04169810410291,0.0397826275456897,-4.256818825565205,0.05348978452953819,,,-19.54557238194473,7.635363938050507
-12.99919662499257,5.522681524707633,-12.03129051148454,0.03596015965420941,-4.246411232946839,0.0524918153581228,,,-19.53516478932637,7.502144643879631
-12.98878903237421,5.606922477246129,-12.02088291886618,0.03246141478626652,-4.236003640328473,0.05137509855159596,,,-19.524757196708,7.351315745244904
-12.97838143975584,5.696135604066954,-12.01047532624781,0.02926338332118411,-4.225596047710107,0.05014804202985525,,,-19.51434960408963,7.18403884786587
-12.96797384713747,5.791475816696858,-12.00006773362944,0.02634419796820572,-4.215188455091742,0.0488197372566883,,,-19.50394201147127,7.001582656690636
-12.95756625451911,5.894081242238258,-11.98966014101108,0.02368315052746415,-4.204780862473376,0.04739984731226619,,,-19.4935344188529,6.80530698306432
-12.94715866190074,6.005054322736172,-11.97925254839271,0.0212606927498254,-4.194373269855009,0.04589849024454424,,,-19.48312682623454,6.596645920882783
-12.93675106928238,6.125442792135591,-11.96884495577435,0.01905842401016474,-4.183965677236643,0.04432611966154006,,,-19.47271923361617,6.377090481886462
-12.92634347666401,6.256220859572151,-11.95843736315598,0.01705906829758204,-4.173558084618278,0.04269340452325193,,,-19.4623116409978,6.148170982590474
-12.91593588404564,6.39827093413668,-11.94802977053761,0.01524644279135702,-4.163150491999912,0.04101111004780061,,,-19.45190404837944,5.911439471398936
-12.90552829142728,6.552366226106008,-11.93762217791925,0.01360542004330723,-4.152742899381546,0.03928998156349068,,,-19.44149645576107,5.668452474493225
-12.89512069880891,6.719154552713625,-11.92721458530088,0.01212188553465592,-4.14233530676318,0.0375406330201051,,,-19.4310888631427,5.420754323544526
-12.88471310619055,6.899143662756466,-11.91680699268252,0.01078269212623868,-4.131927714144814,0.0357734417228942,,,-19.42068127052434,5.169861307744097
-12.87430551357218,7.092688373758456,-11.90639940006415,0.009575612681212684,-4.121520121526448,0.03399845067610381,,,-19.41027367790597,4.917246867745884
-12.86389792095381,7.299979788247932,-11.89599180744579,0.00848929191436509,-4.111112528908082,0.03222527972471959,,,-19.39986608528761,4.664328020640159
-12.85349032833545,7.521036822322364,-11.88558421482742,0.007513198315337661,-4.100704936289716,0.03046304646895046,,,-19.38945849266924,4.412453173851384
-12.84308273571708,7.75570024058881,-11.87517662220905,0.00663757680707629,-4.090297343671351,0.02872029770156279,,,-19.37905090005087,4.162891452742596
-12.83267514309872,8.00362934745438,-11.86476902959069,0.005853402636975989,-4.079889751052985,0.02700495188924134,,,-19.36864330743251,3.916823632586059
-12.82226755048035,8.264301436409109,-11.85436143697232,0.005152336856970758,-4.069482158434618,0.02532425299125855,,,-19.35823571481414,3.675334731283636
-12.81185995786199,8.537014047336912,-11.84395384435395,0.004526683629862019,-4.059074565816252,0.02368473568713494,,,-19.34782812219578,3.439408285607883
-12.80145236524362,8.820890028065111,-11.83354625173559,0.003969349501485638,-4.048666973197887,0.02209220187447442,,,-19.33742052957741,3.209922301542951
-12.79104477262525,9.11488534146905,-11.82313865911722,0.003473804700384092,-4.038259380579521,0.02055170810300628,,,-19.32701293695905,2.98764683920899
-12.78063718000689,9.417799504705929,-11.81273106649886,0.003034046466616061,-4.027851787961155,0.0190675634346605,,,-19.31660534434068,2.773243165437167
-12.77022958738852,9.728288493823008,-11.80232347388049,0.002644564367112174,-4.017444195342789,0.01764333706513413,,,-19.30619775172232,2.567264382800119
-12.75982199477015,10.04487989634471,-11.79191588126213,0.002300307524371001,-4.007036602724424,0.0162818749120162,,,-19.29579015910395,2.37015742315831
-12.74941440215179,10.36599004774423,-11.78150828864376,0.001996653666069115,-3.996629010106057,0.01498532426951163,,,-19.28538256648558,2.182266276803533
-12.73900680953342,10.68994284614719,-11.77110069602539,0.001729379893186167,-3.986221417487691,0.01375516555077707,,,-19.27497497386722,2.003836315199287
-12.72859921691506,11.01498990430724,-11.76069310340703,0.001494635061506167,-3.975813824869325,0.01259225008578001,,,-19.26456738124885,1.835019556155509
-12.71819162429669,11.33933166982084,-11.75028551078866,0.001288913674015019,-3.96540623225096,0.01149684291468455,,,-19.25415978863048,1.675880714950688
-12.70778403167833,11.66113912454076,-11.7398779181703,0.001109031188149018,-3.954998639632593,0.01046866951273176,,,-19.24375219601212,1.526403883252953
-12.69737643905996,11.97857566284631,-11.72947032555193,0.0009521006506656512,-3.944591047014228,0.009506965400595627,,,-19.23334460339375,1.386499679437539
-12.68696884644159,12.28981874626404,-11.71906273293356,0.0008155105829481845,-3.934183454395862,0.008610527632018583,,,-19.22293701077539,1.256012718728354
-12.67656125382323,12.59308093910224,-11.7086551403152,0.0006969040498904296,-3.923775861777496,0.007777767205607189,,,-19.21252941815702,1.134729259130799
-12.66615366120486,12.88662994621743,-11.69824754769683,0.0005941588554271694,-3.91336826915913,0.007006761517228349,,,-19.20212182553865,1.022384888958916
-12.6557460685865,13.16880729946477,-11.68783995507847,0.0005039411830635252,-3.902960676540764,0.006295306050592435,,,-19.19171423292029,0.9186721334573329
-12.64533847596813,13.4380453732413,-11.6774323624601,0.0004255003331400213,-3.892553083922398,0.005640964593419534,,,-19.18130664030192,0.8232478711343657
-12.63493088334976,13.69288245100383,-11.66702476984173,0.0003603968484203379,-3.882145491304032,0.00504111736218815,,,-19.17089904768356,0.7357404645189394
-12.6245232907314,13.93197561270244,-11.65661717722337,0.0002973209831570837,-3.871737898685666,0.004493006517121828,,,-19.16049145506519,0.6557565247102178
-12.61411569811303,14.15565286250938,-11.646209584605,0.0002460277060764876,-3.8613303060673,0.003993778648230628,,,-19.15008386244683,0.5828872439111318
-12.60370810549467,14.36513302485445,-11.63580199198664,0.00020744892996586,-3.850922713448934,0.003540523910587751,,,-19.13967626982846,0.5167142447675753
-12.5933005128763,14.5578976481051,-11.62539439936827,0.0001744474672540974,-3.840515120830569,0.003130311580566909,,,-19.1292686772101,0.4568149094578794
-12.58289292025793,14.73710040351437,-11.61498680674991,0.0001463000312850127,-3.830107528212203,0.002760221892782746,,,-19.11886108459173,0.4027671648227394
-12.57248532763957,14.90735580091344,-11.60457921413154,0.0001223630924183918,-3.819699935593837,0.002427374098578194,,,-19.10845349197336,0.3541537121736247
-12.5620777350212,15.06165453342019,-11.59417162151317,0.0001020663859902829,-3.809292342975471,0.002128950760029415,,,-19.098045899355,0.3105657015971389
-12.55167014240284,15.19403359759245,-11.58376402889481,8.490656905895681e-05,-3.798884750357105,0.001862218357850565,,,-19.08763830673663,0.2716058604621875
-12.54126254978447,15.3040401305731,-7.22298272179949,0.0001359876030424064,-3.788477157738739,0.001624544346840665,,,-19.07723071411827,0.2368910943612745
-12.53085495716611,15.39136011222471,-7.212575129181124,0.0002219214730800633,-3.778069565120373,0.001413410838466698,,,-19.0668231214999,0.2060545858453148
-12.52044736454774,15.45581204658383,-7.202167536562758,0.0004297574243180232,-3.767661972502007,0.00122642512691582,,,-19.05641552888153,0.1787474220506955
-12.51003977192937,15.49733926812387,-7.191759943944392,0.000704593565761727,-3.757254379883641,0.00106132730278841,,,-19.04600793626317,0.1546397867097013
-12.49963217931101,15.51600115818635,-7.181352351326026,0.001021472286165911,-3.746846787265275,0.0009159952180383999,,,-19.0356003436448,0.1334217551514057
-12.48922458669264,15.51196356884431,-7.170944758707661,0.001336110117725733,-3.73643919464691,0.0007884470774403105,,,-19.02519275102643,0.1148037328333979
-12.47881699407428,15.48548875443795,-7.160537166089295,0.001678419566787273,-3.726031602028543,0.0006768419365254784,,,-19.01478515840807,0.09851657880656749
-12.46840940145591,15.43692510517166,-7.150129573470928,0.002102771062715333,-3.715624009410178,0.0005794783844103773,,,-19.0043775657897,0.08431145542908047
-12.45800180883754,15.36669696286415,-7.139721980852562,0.002627342076140163,-3.705216416791812,0.0004947916831071825,,,-18.99396997317134,0.07195944474232117
-12.44759421621918,15.27529477684684,-7.129314388234197,0.003273967887271592,-3.694808824173446,0.0004213496236435999,,,-18.98356238055297,0.06125097033419047
-12.43718662360081,15.16326582900069,-7.118906795615831,0.004068790874567371,-3.68440123155508,0.0003578473444953782,,,-18.9731547879346,0.05199506137555344
-12.42677903098245,15.03120572211015,-7.108499202997465,0.00504300588837106,-3.673993638936714,0.0003031013402862326,,,-18.96274719531624,0.04401849295078018
-12.41637143836408,14.87975078636569,-7.098091610379099,0.006233711921617012,-3.663586046318348,0.0002560428692191237,,,-18.95233960269787,0.0371648339325226
-12.40596384574572,14.70957151636286,-7.087684017760733,0.007684880554566017,-3.653178453699982,0.0002157109469869242,,,-18.94193201007951,0.03129343058360712
-12.39555625312735,14.52136710679577,-7.077276425142367,0.009448451728976098,-3.642770861081616,0.0001812450936106608,,,-18.93152441746114,0.02627835090331864
-12.38514866050898,14.31586111072298,-7.066868832524001,0.011585567252165,-3.63236326846325,0.0001518779783290888,,,-18.92111682484278,0.02200731155717438
-12.37474106789062,14.09379820125818,-7.056461239905635,0.01416795199186253,-3.621955675844884,0.0001269280867891253,,,-18.91070923222441,0.01838060611148807
-12.36433347527225,13.85594197719195,-7.04605364728727,0.01727945194377322,-3.611548083226519,0.0001057925147529936,,,-18.90030163960605,0.01531005029672224
-12.35392588265388,13.60307371664142,-7.035646054668904,0.02101773717792928,-3.601140490608152,8.82171281492022e-05,,,-18.88989404698768,0.0127179571944784
-12.34351829003552,13.33599195144095,-7.025238462050538,0.02549617603840504,-3.476249379187761,0.0001041858068079366,,,-18.87948645436931,0.01053615261785302
-12.33311069741715,13.0555127095144,-7.014830869432171,0.03084588482522654,-3.465841786569396,0.0001268842722934956,,,-18.86907886175095,0.008705038558811913
-12.32270310479879,12.76247025356515,-7.004423276813806,0.03721795447099529,-3.45543419395103,0.0001555621461858723,,,-18.85867126913258,0.007172710424457048
-12.31229551218042,12.46130424805336,-6.99401568419544,0.04478585238603522,-3.445026601332664,0.0001914017453190696,,,-18.84826367651421,0.005894131883268521
-12.30188791956206,12.15285961674387,-6.983608091577074,0.05374799364015252,-3.434619008714298,0.0002354426473703781,,,-18.83785608389585,0.004830369491987403
-12.29148032694369,11.8399555608082,-6.973200498958708,0.06433047094194635,-3.424211416095932,0.000290282155430239,,,-18.82744849127748,0.003947887867097399
-12.28107273432532,11.52500683535273,-6.962792906340343,0.07678992744706267,-3.413803823477566,0.0003574873351469527,,,-18.81704089865912,0.003217904990379907
-12.27066514170696,11.20322953687349,-6.952385313721976,0.09141655027081041,-3.4033962308592,0.0004395165289329363,,,-18.80663330604075,0.002615806280595735
-12.26025754908859,10.87382331874038,-6.94197772110361,0.1085371557146572,-3.392988638240834,0.000539279746376837,,,-18.79622571342238,0.002120615305211324
-12.24984995647023,10.53761528040118,-6.931570128485244,0.1285183296809051,-3.382581045622469,0.0006593462730986811,,,-18.78581812080402,0.001714518427791562
-12.23944236385186,10.19546206991746,-6.921162535866879,0.1517695786135265,-3.372173453004102,0.0008056513848683875,,,-18.77541052818565,0.001382440267933664
-12.22903477123349,9.848249502373974,-6.910754943248513,0.1787464376646953,-3.361765860385737,0.0009818555323150072,,,-18.76500293556729,0.001111666570980911
-12.21862717861513,9.496891149349315,-6.900347350630147,0.2099534737784409,-3.351358267767371,0.001193397525747636,,,-18.75459534294892,0.0008915109242231004
-12.20821958599676,9.142325877190085,-6.88993975801178,0.2459471121730885,-3.340950675149005,0.00144681188527878,,,-18.74418775033056,0.000713021695738561
-12.1978119933784,8.785514348131581,-6.879532165393415,0.2873382054974737,-3.330543082530639,0.001749257647922472,,,-18.73378015771219,0.0005687255935631333
-12.18740440076003,8.427434533024226,-6.869124572775049,0.3347942559739511,-3.320135489912273,0.002109338929183331,,,-18.72337256509382,0.0004524043300560118
-12.17699680814166,8.069076316494298,-6.858716980156683,0.3890411924013115,-3.309727897293907,0.002536819560833163,,,-18.71296497247546,0.000358901014363235
-12.1665892155233,7.711431850532164,-6.848309387538317,0.4508645962834347,-3.299320304675541,0.003042868340093955,,,-18.70255737985709,0.0002839530716458056
-12.15618162290493,7.355475191487221,-6.837901794919952,0.5211102649143461,-3.288912712057175,0.003640634055893683,,,-18.69214978723873,0.0002240486898381354
-12.14577403028657,7.00218717883752,-6.827494202301585,0.6006839943499677,-3.278505119438809,0.004343839117897601,,,-18.68174219462036,0
-12.1353664376682,6.65264164091068,-6.817086609683219,0.6905504622092918,-3.268097526820443,0.005169163332815281,,,-13.9983255163557,0.000135053686837916
-12.12495884504983,6.307705193297159,-6.806679017064853,0.7917310895569428,-3.257689934202078,0.006135025329440749,,,-13.98791792373733,0.0001709558631350678
-12.11455125243147,5.96829226262436,-6.796271424446488,0.9053007631037741,-3.247282341583711,0.007262093099896956,,,-13.97751033111897,0.0002158174856732369
-12.1041436598131,5.635277446289309,-6.785863831828122,1.032383303982827,-3.236874748965346,0.008573464971952643,,,-13.9671027385006,0.0002717154468413536
-12.09373606719474,5.309488195233012,-6.775456239209756,1.174145577742876,-3.22646715634698,0.01009484894535671,,,-13.95669514588224,0.0003411670638984177
-12.08332847457637,4.991697999287406,-6.765048646591389,1.331790152231533,-3.216059563728614,0.01185473697611176,,,-13.94628755326387,0.000427213467823606
-12.07292088195801,4.682620215733666,-6.754641053973024,1.506546425931737,-3.205651971110248,0.01388457027158155,,,-13.9358799606455,0.0005335164796611642
-12.06251328933964,4.382902662398424,-6.744233461354658,1.699660169207144,-3.195244378491882,0.016218891135064,,,-13.92547236802714,0.0006644706561393116
-12.05210569672127,4.093123074805413,-6.733825868736292,1.912381444846215,-3.184836785873516,0.01889547638401274,,,-13.91506477540877,0.0008253322913756713
-12.04169810410291,3.813785503377212,-6.723418276117926,2.145950902204798,-3.17442919325515,0.02195544687654619,,,-13.90465718279041,0.001022367249758808
-12.03129051148454,3.545317702231644,-6.713010683499561,2.401584470943688,-3.164021600636784,0.0254433472332552,,,-13.89424959017204,0.001263019570030045
-12.02088291886618,3.288069536505412,-6.702603090881194,2.680456515519176,-3.153614008018418,0.02940718945433479,,,-13.88384199755367,0.001556102814664333
-12.01047532624781,3.042312411082208,-6.692195498262828,2.98368154974979,-3.143206415400052,0.03389845382586364,,,-13.87343440493531,0.001912016133434507
-12.00006773362944,2.808239700756803,-6.681787905644462,3.312294651346867,-3.132798822781687,0.03897204030479211,,,-13.86302681231694,0.002342986956256255
-11.98966014101108,2.585968140799991,-6.671380313026097,3.667230758514372,-3.12239123016332,0.04468616349154345,,,-13.85261921969858,0.002863342118015366
-11.97925254839271,2.375540118076086,-6.660972720407731,4.049303073713006,-3.111983637544955,0.05110218436366424,,,-13.84221162708021,0.003489809036438511
-11.96884495577435,2.176926786675938,-6.650565127789365,4.459180842439704,-3.101576044926589,0.05828437217447729,,,-13.83180403446184,0.004241848302159164
-11.95843736315598,1.990031918727629,-6.640157535170999,4.897366816283596,-3.091168452308223,0.06629959033643627,,,-13.82139644184348,0.005142018686810716
-11.94802977053761,1.814696390790635,-6.629749942552633,5.364174748386741,-3.080760859689857,0.07521690072669951,,,-13.81098884922511,0.006216375119332658
-11.93762217791925,1.650703199080314,-6.619342349934267,5.859707304509291,-3.070353267071491,0.08510708168589451,,,-13.80058125660675,0.007494899612418299
-11.92721458530088,1.497782892664965,-6.608934757315901,6.383834802897358,-3.059945674453125,0.09604205603951006,,,-13.79017366398838,0.009011964430986836
-11.91680699268252,1.355619312597727,-6.598527164697535,6.936175219814682,-3.049538081834759,0.1080942267591295,,,-13.77976607137001,0.01080682597519959
-11.90639940006415,1.223855526485536,-6.58811957207917,7.516075913716521,-3.039130489216393,0.1213357193961877,,,-13.76935847875165,0.01292414689657598
-11.89599180744579,1.102099851991516,-6.577711979460804,8.122597528502887,-3.028722896598028,0.1358375321557983,,,-13.75895088613328,0.01541454287480462
-11.88558421482742,0.9899318689017377,-6.567304386842437,8.754500534114667,-3.018315303979661,0.1516685964168513,,,-13.74854329351492,0.01833514925605779
-11.87517662220905,0.8869083273159236,-6.556896794224071,9.410234850138565,-3.007907711361296,0.1688947526236352,,,-13.73813570089655,0.02175020139642575
-11.86476902959069,0.7925688688785396,-6.546489201605706,10.08793297449599,-2.99750011874293,0.1875776487422657,,,-13.72772810827819,0.02573162107683776
-11.85436143697232,0.7064414883804054,-6.53608160898734,10.78540700439678,-2.987092526124564,0.2077735708527113,,,-13.71732051565982,0.03035959977444087
-11.84395384435395,0.6280476741661779,-6.525674016368974,11.50014989051946,-2.976684933506198,0.2295322178868578,,,-13.70691292304145,0.03572316791189925
-11.83354625173559,0.5569071772315759,-6.515266423750608,12.22934120812811,-2.966277340887832,0.252895434970268,,,-13.69650533042309,0.04192073748907107
-11.82313865911722,0.4925423703635423,-6.504858831132242,12.96985766117145,-2.955869748269466,0.2779156152002368,,,-13.68609773780472,0.04906060376651689
-11.81273106649886,0.4344821698772031,-6.494451238513876,13.71828845828561,-2.9454621556511,0.304587466218727,,,-13.67569014518636,0.05726138995980515
-11.80232347388049,0.3822655031842744,-6.48404364589551,14.47095561431825,-2.935054563032734,0.3329258909794827,,,-13.66528255256799,0.06665241726702981
-11.79191588126213,0.3354443153788166,-6.473636053277144,15.223939139101,-2.924646970414368,0.3629340240110129,,,-13.65487495994962,0.07737398104531122
-11.78150828864376,0.2935861170816016,-6.463228460658779,15.97310697859107,-2.914239377796002,0.3945957713407065,,,-13.64446736733126,0.0895775126371791
-11.77110069602539,0.2562760838207775,-6.452820868040413,16.7141494743015,-2.903831785177637,0.4278799067326048,,,-13.63405977471289,0.103425605291422
-11.76069310340703,0.2231187241628636,-6.442413275422046,17.44261800744998,-2.89342419255927,0.4627391160057224,,,-13.62365218209453,0.1190918818956238
-11.75028551078866,0.193739139602612,-6.43200568280368,18.15396739692732,-2.883016599940905,0.499109185829618,,,-13.61324458947616,0.1367606819115404
-11.7398779181703,0.1677839038670277,-6.421598090185315,18.84360152752807,-2.872609007322539,0.5369083631738392,,,-13.60283699685779,0.1566265450520051
-11.72947032555193,0.1449215928134693,-6.411190497566949,19.50692159940805,-2.862201414704173,0.576036910501792,,,-13.59242940423943,0.1788934699291389
-11.71906273293356,0.1248429985568293,-6.400782904948583,20.13937631386396,-2.851793822085807,0.6163768800711902,,,-13.58202181162106,0.203773927203276
-11.7086551403152,0.1072610629207191,-6.390375312330217,20.73651324654034,-2.841386229467441,0.6577921283233221,,,-13.5716142190027,0.2314876087274302
-11.69824754769683,0.09191056586366576,-6.379967719711851,21.29403060909765,-2.830978636849075,0.7001285883199253,,,-13.56120662638433,0.2622598968597802
-11.68783995507847,0.07852254794989774,-6.369560127093485,21.80782856596102,-2.820571044230709,0.743214814545567,,,-13.55079903376597,0.2963200415392224
-11.6774323624601,0.0668917266378949,-6.359152534475119,22.27405925538297,-2.810163451612343,0.7868628101798404,,,-13.5403914411476,0.3339327830431897
-11.66702476984173,0.05686611670636137,-6.348744941856753,22.68917466464981,-2.799755858993977,0.8308691422208024,,,-13.52998384852923,0.3753205976841368
-11.65661717722337,0.0481114583676352,-6.338337349238388,23.0499715283341,-2.789348266375611,0.8750163446902952,,,-13.51957625591087,0.4206496435687045
-11.646209584605,0.04060136841874087,-6.327929756620022,23.35363245605038,-2.778940673757246,0.9190746046710712,,,-13.5091686632925,0.4703210547308904
-11.63580199198664,0.03425011659705925,-6.317522164001655,23.59836482280161,-2.768533081138879,0.9628229572482832,,,-13.49876107067413,0.5244225595670271
-11.62539439936827,0.0288144876870554,-6.307114571383289,23.78222278706346,-2.758125488520514,1.005979693938971,,,-13.48835347805577,0.5830614456033227
-11.61498680674991,0.02417615374584151,-6.296706978764924,23.90875201110764,-2.747717895902148,1.048306091865468,,,-13.4779458854374,0.6465163769786033
-11.60457921413154,0.02022977102881636,-6.286299386146558,23.97934190707781,-2.737310303283782,1.089593475519068,,,-13.46753829281904,0.7149537659134235
-11.59417162151317,0.01688193294383338,-6.275891793528192,23.99503043196779,-2.726902710665416,1.129501233027286,,,-13.45713070020067,0.7885163719977223
-11.58376402889481,0.01405014522613274,-6.265484200909826,23.96111968935198,-2.71649511804705,1.167813615398081,,,-13.44672310758231,0.8673193940275721
-11.57335643627644,0.01166183487280707,-6.255076608291461,23.87708386846764,-2.706087525428684,1.204410940266666,,,-13.43631551496394,0.9514465845058407
-11.56294884365808,0.009653401899869036,-6.244669015673094,23.73818026792906,-2.695679932810318,1.238832756286915,,,-13.42590792234557,1.04094646108446
-11.55254125103971,0.007969320739894918,-6.234261423054728,23.5390951630252,-2.685272340191952,1.271094565653096,,,-13.41550032972721,1.135828695479819
-11.54213365842134,0.006561296095041385,-6.223853830436362,23.27900026333388,-2.674864747573586,1.300759093750572,,,-13.40509273710884,1.236060765475634
-11.53172606580298,0.005387476302453616,-6.213446237817997,22.95995804251889,-2.66445715495522,1.327747510095047,,,-13.39468514449048,1.341564959285735
-11.52131847318461,0.004411725753573459,-6.203038645199631,22.58447731937123,-2.654049562336855,1.351879791737273,,,-13.38427755187211,1.452215823541517
-11.51091088056625,0.003602956627094338,-6.192631052581265,22.15548041292121,-2.643641969718489,1.373163830727866,,,-13.37386995925374,1.567838146275574
-11.50050328794788,0.002934519134540115,-6.182223459962898,21.67626528575018,-2.633234377100123,1.391484281814074,,,-13.36346236663538,1.688205564304107
-11.49009569532952,0.002383648621764718,-6.171815867344533,21.15046336115583,-2.622826784481757,1.406604954227583,,,-13.35305477401701,1.813039880213761
-11.47968810271115,0.001930967201011064,-6.161408274726167,20.58199376819192,-2.612419191863391,1.418471294730829,,,-13.34264718139865,1.942011167627109
-11.46928051009278,0.001560037087174615,-6.151000682107801,19.97501481967331,-2.602011599245025,1.427062625403517,,,-13.33223958878028,2.074738734501195
-11.45887291747442,0.001256962458693278,-6.140593089489435,19.33387356114176,-2.591604006626659,1.432606203930476,,,-13.32183199616192,2.210793002910014
-11.44846532485605,0.001010036438229328,-6.13018549687107,18.66305424315589,-2.581196414008293,1.43600660872486,,,-13.31142440354355,2.349698350142674
-11.43805773223768,0.0008094296718224889,-6.119777904252703,17.96712656523427,-2.570788821389927,1.437793813516534,,,-13.30101681092518,2.490936940147824
-11.42765013961932,0.0006469169592805982,-6.109370311634337,17.25069451795151,-2.560381228771561,1.437216103463013,,,-13.29060921830682,2.633953556573335
-11.41724254700095,0.0005156384363357323,-6.098962719015971,16.5183466111314,-2.549973636153195,1.433745080065367,,,-13.28020162568845,2.778161429155268
-11.40683495438259,0.0004098919151248376,-6.088555126397606,15.77460822226564,-2.539566043534829,1.427555047283207,,,-13.26979403307008,2.922949024332966
-11.39642736176422,0.0003249531400637271,-6.07814753377924,15.02389673203412,-2.529158450916464,1.418858141864162,,,-13.25938644045172,3.067687749097008
-11.38601976914586,0.0001986339561893693,-6.067739941160874,14.27048003521814,-2.518750858298098,1.407903690115686,,,-13.24897884783335,3.211740494654525
-11.37561217652749,0.0001568421482686721,-6.057332348542507,13.51843892770093,-2.508343265679732,1.395013742548379,,,-13.23857125521499,3.354545799773886
-11.36520458390912,3.30168775141445e-05,-6.046924755924142,12.77163377609851,-2.497935673061366,1.380445639326635,,,-13.22816366259662,3.495348280944594
-6.921162535866879,0.0001116488076045009,-6.036517163305776,12.03367577837584,-2.487528080443,1.364610000241522,,,-13.21775606997826,3.633719538592352
-6.910754943248513,0.0001314972940232658,-6.02610957068741,11.30790302408432,-2.477120487824634,1.347845860852264,,,-13.20734847735989,3.768919688064136
-6.900347350630147,0.0001544573490448235,-6.015701978069044,10.5973614640255,-2.466712895206268,1.330591599902021,,,-13.19694088474152,3.900455631341857
-6.88993975801178,0.0001809378266927543,-6.005294385450679,9.904790803472194,-2.456305302587902,1.313292176556262,,,-13.18653329212316,4.027880924526226
-6.879532165393415,0.0002113874462161336,-5.994886792832312,9.232615242624219,-2.445897709969536,1.296418570915041,,,-13.17612569950479,4.150788001633556
-6.869124572775049,0.0002462963874963736,-5.984479200213946,8.582938904548765,-2.43549011735117,1.28046727296916,,,-13.16571810688643,4.268844580619795
-6.858716980156683,0.0002861975534677185,-5.97407160759558,7.957545715973,-2.425082524732805,1.265954780857051,,,-13.15531051426806,4.381803327075311
-6.848309387538317,0.0003316674215602944,-5.963664014977215,7.357903441157741,-2.414674932114438,1.25343938504862,,,-13.14490292164969,4.489510662363285
-6.837901794919952,0.0003833264015516022,-5.953256422358849,6.785171514556827,-2.404267339496073,1.243443378536343,,,-13.13449532903133,4.59191450764895
-6.827494202301585,0.0004418386137452226,-5.942848829740483,6.240212274593288,-2.393859746877707,1.236543176207989,,,-13.12408773641296,4.689070763998417
-6.817086609683219,0.0005079109993633814,-5.932441237122117,5.723605168871917,-2.383452154259341,1.233320394973069,,,-13.1136801437946,4.781148341961752
-6.806679017064853,0.0005822916747256193,-5.922033644503751,5.235663480401024,-2.373044561640975,1.234367697853575,,,-13.10327255117623,4.868432571718964
-6.796271424446488,0.0006657674424669456,-5.911626051885385,4.776453114534454,-2.362636969022609,1.240307142539609,,,-13.09286495855786,4.951541328695866
-6.785863831828122,0.0007591603769889244,-5.901218459267019,4.345812986737714,-2.352229376404243,1.251747326432337,,,-13.0824573659395,5.032764491431733
-6.775456239209756,0.000863323407774554,-5.890810866648653,3.943376561086417,-2.341821783785877,1.269281414704242,,,-13.07204977332113,5.116457750081966
-6.765048646591389,0.0009791348333345504,-5.880403274030288,3.56859410760613,-2.331414191167511,1.293526022378043,,,-13.06164218070277,5.201534884420686
-6.754641053973024,0.001107491710542729,-5.869995681411922,3.220755272016401,-2.321006598549145,1.325098806584666,,,-13.0512345880844,5.284802991285174
-6.744233461354658,0.001249302079055569,-5.859588088793555,2.899011582919135,-2.310599005930779,1.364616313118822,,,-13.04082699546604,5.367119386255012
-6.733825868736292,0.001405475998418492,-5.849180496175189,2.602398557699844,-2.300191413312414,1.412691676109581,,,-13.03041940284767,5.449431285668665
-6.723418276117926,0.001576915396279523,-5.838772903556824,2.329857108113575,-2.289783820694048,1.469932121662921,,,-13.0200118102293,5.532764693250063
-6.713010683499561,0.001764502749709515,-5.828365310938458,2.080253988461391,-2.279376228075682,1.536936224911335,,,-13.00960421761094,5.618211421637009
-6.702603090881194,0.001969088647717955,-5.817957718320092,1.852401072248699,-2.268968635457316,1.614290870339796,,,-12.99919662499257,5.706914397403187
-6.692195498262828,0.002191478311302232,-5.807550125701726,1.64507328616445,-2.25856104283895,1.702567867696847,,,-12.98878903237421,5.800051436801438
-6.681787905644462,0.002432417177318332,-5.79714253308336,1.45702507215346,-2.248153450220584,1.802320180348687,,,-12.97838143975584,5.898817715878588
-6.671380313026097,0.002692575683550278,-5.786734940464994,1.2870052884237,-2.237745857602218,1.91407772964668,,,-12.96797384713747,6.0044071919742
-6.660972720407731,0.002972533423923394,-5.776327347846628,1.133770497725252,-2.227338264983852,2.038342747752357,,,-12.95756625451911,6.117993263103036
-6.650565127789365,0.003272762874101546,-5.765919755228262,0.9960966255891717,-2.216930672365486,2.175584662334999,,,-12.94715866190074,6.240708976570236
-6.640157535170999,0.003593612917903099,-5.755512162609897,0.8727890019972121,-2.20652307974712,2.326234509497461,,,-12.93675106928238,6.373627117684735
-6.629749942552633,0.003935292433176756,-5.745104569991531,0.7626908268800101,-2.196115487128754,2.490678886000965,,,-12.92634347666401,6.517740523012074
-6.619342349934267,0.004297854221070656,-5.734696977373164,0.6646901227554584,-2.185707894510388,2.669253468087461,,,-12.91593588404564,6.673942969736895
-6.608934757315901,0.004681179584065939,-5.724289384754798,0.5777252566832866,-2.175300301892023,2.862241606918282,,,-12.90552829142728,6.843010993001056
-6.598527164697535,0.005084963874803321,-5.713881792136433,0.500789128595581,-2.164892709273657,3.069849406786615,,,-12.89512069880891,7.025586976289704
-6.58811957207917,0.005508703348725733,-5.703474199518067,0.4329321341264152,-2.154485116655291,3.292217079821747,,,-12.88471310619055,7.222163845943132
-6.577711979460804,0.005951683658084681,-5.693066606899701,0.3732640175428572,-2.144077524036925,3.52941631055398,,,-12.87430551357218,7.433071679717347
-6.567304386842437,0.006412970322213236,-5.682659014281335,0.3209547345697105,-2.133669931418559,3.78140449858974,,,-12.86389792095381,7.65846651120234
-6.556896794224071,0.006891401498593192,-5.672251421662969,0.2752344461404025,-2.123262338800193,4.048067533146583,,,-12.85349032833545,7.898321577197032
-6.546489201605706,0.00738558336074497,-5.661843829044603,0.2353927627639849,-2.112854746181827,4.329179724712506,,,-12.84308273571708,8.152421214361699
-6.53608160898734,0.007893888362147694,-5.651436236426237,0.2007773556555039,-2.102447153563461,4.624408280159493,,,-12.83267514309872,8.420357565308368
-6.525674016368974,0.008414456630270498,-5.641028643807871,0.1707920454184485,-2.092039560945095,4.933304417849989,,,-12.82226755048035,8.701530203586321
-6.515266423750608,0.008945200691615437,-5.630621051189506,0.1448944722694194,-2.081631968326729,5.255303088401607,,,-12.81185995786199,8.995148732751291
-6.504858831132242,0.009483813677929767,-5.62021345857114,0.1225934439147472,-2.071224375708363,5.589701454182311,,,-12.80145236524362,9.300238357975287
-6.494451238513876,0.01002778110617967,-5.609805865952773,0.1034460485597943,-2.060816783089997,5.935679470907364,,,-12.79104477262525,9.615648370663397
-6.48404364589551,0.01057439626146685,-5.599398273334407,0.0870546114570038,-2.050409190471632,6.292286005462929,,,-12.78063718000689,9.940063428576298
-6.473636053277144,0.011120779144019,-5.588990680716042,0.07306356414722519,-2.040001597853266,6.658431376768017,,,-12.77022958738852,10.27201745734471
-6.463228460658779,0.01166389887010358,-5.578583088097676,0.06115628635295951,-2.0295940052349,7.033851587248599,,,-12.75982199477015,10.60990994535213
-6.452820868040413,0.01220059934378537,-5.56817549547931,0.05105197153737041,-2.019186412616534,7.417514222991242,,,-12.74941440215179,10.95202435408726
-6.442413275422046,0.01272762794359017,-5.557767902860944,0.04250255860800783,-2.008778819998168,7.806980101191681,,,-12.73900680953342,11.29654832150463
-6.43200568280368,0.01324166689716151,-5.547360310242579,0.0352897642428163,-1.998371227379802,8.200326026650719,,,-12.72859921691506,11.6415952978685
-6.421598090185315,0.01373936694975587,-5.536952717624212,0.029222242938844,-1.987963634761436,8.595838593644819,,,-12.71819162429669,11.98522722305206
-6.411190497566949,0.0142173828707548,-5.526545125005846,0.02413289519177273,-1.97755604214307,8.991706510168278,,,-12.70778403167833,12.32547783221791
-6.400782904948583,0.01467241028805154,-5.51613753238748,0.01987633824081732,-1.967148449524704,9.386032838895151,,,-12.69737643905996,12.66037616392281
-6.390375312330217,0.01510122329484071,-5.505729939769115,0.01632654856931587,-1.956740856906338,9.776849000516377,,,-12.68696884644159,12.98796984145016
-6.379967719711851,0.01550071223846954,-5.495322347150749,0.01337468082744725,-1.946333264287972,10.16213041594734,,,-12.67656125382323,13.30634770481648
-6.369560127093485,0.01586792107783434,-5.484914754532383,0.01092706401493356,-1.935925671669606,10.53981362551487,,,-12.66615366120486,13.61366138739926
-6.359152534475119,0.01620008368528405,-5.474507161914016,0.008903372590675029,-1.925518079051241,10.90781468661809,,,-12.6557460685865,13.90814545720285
-6.348744941856753,0.01649465847177068,-5.464099569295651,0.007234967616001012,-1.915110486432875,11.26404861752332,,,-12.64533847596813,14.18813577785294
-6.338337349238388,0.0167493607303649,-5.453691976677285,0.005863401035112411,-1.904702893814509,11.6064584326002,,,-12.63493088334976,14.45208578766825
-6.327929756620022,0.01696219212317349,-5.443284384058919,0.004739074692967346,-1.894295301196143,11.93300298973704,,,-12.6245232907314,14.69858044553272
-6.317522164001655,0.01713146677999662,-5.432876791440553,0.003822599063095206,-1.883887708577777,12.24172427472507,,,-12.61411569811303,14.9279814410325
-6.307114571383289,0.01725583353105281,-5.422469198822188,0.003074197918484898,-1.873480115959411,12.53073896837745,,,-12.60370810549467,15.14160654650928
-6.296706978764924,0.0173376093723859,-5.412061606203821,0.002466221560526003,-1.863072523341045,12.79826569780015,,,-12.5933005128763,15.33681306515623
-6.286299386146558,0.01737892352634151,-5.401654013585455,0.001973853151956314,-1.852664930722679,13.04264456652343,,,-12.58289292025793,15.51704320858895
-6.275891793528192,0.01738338554775723,-5.391246420967089,0.001566612900086275,-1.842257338104313,13.2632869176433,,,-12.57248532763957,15.68722722208407
-6.265484200909826,0.01735484895642938,-5.380838828348724,0.001248997799752943,-1.831849745485947,13.45882208827568,,,-12.5620777350212,15.83990781522889
-6.255076608291461,0.01728978908816657,-5.370431235730358,0.0009031228536549752,-1.821442152867581,13.62711280455381,,,-12.55167014240284,15.96881479969085
-6.244669015673094,0.01718205419029581,-5.360023643111992,0.0006805446237070706,-1.811034560249215,13.76947305167267,,,-12.54126254978447,16.07352507229531
-6.234261423054728,0.01702900647373312,-5.349616050493625,0.0004258481598503018,-1.80062696763085,13.88506094272726,,,-12.53085495716611,16.15376860767401
-6.223853830436362,0.01683186826945983,-5.33920845787526,0.0002155853800662438,-1.790219375012484,13.97088792517149,,,-12.52044736454774,16.2094214299464
-6.213446237817997,0.01659220550236376,-5.328800865256894,7.410489470892928e-05,-1.779811782394118,14.03271154137602,,,-12.51003977192937,16.24049703883941
-6.203038645199631,0.01631190518726301,-5.276762902165064,0.0001124566245886986,-1.769404189775752,14.07025790747463,,,-12.49963217931101,16.24713659362785
-6.192631052581265,0.01599315069436657,-5.266355309546698,0.0001389791459296583,-1.758996597157386,14.08397660365054,,,-12.48922458669264,16.22959817269535
-6.182223459962898,0.01563839344394477,-5.255947716928333,0.0001713520666012432,-1.74858900453902,14.07392830179905,,,-12.47881699407428,16.18824543150697
-6.171815867344533,0.01525032154320809,-5.245540124309967,0.0002107682220116186,-1.738181411920654,14.03358518573273,,,-12.46840940145591,16.12353597740634
-6.161408274726167,0.01483182592607398,-5.235132531691601,0.0002888850260220483,-1.727773819302288,13.9633858269482,,,-12.45800180883754,16.03600976626347
-6.151000682107801,0.01438596459132229,-5.224724939073234,0.0003549718950522888,-1.717366226683922,13.86397773864654,,,-12.44759421621918,15.92627780424059
-6.140593089489435,0.01391592555603221,-5.214317346454869,0.0004351852795405537,-1.706958634065556,13.736207740197,,,-12.43718662360081,15.79501140871467
-6.13018549687107,0.01342498914896486,-5.203909753836503,0.0005323116598393051,-1.69655104144719,13.58110990030961,,,-12.42677903098245,15.64293224681865
-6.119777904252703,0.01291649026287143,-5.193502161218137,0.000649635030341304,-1.686143448828824,13.39989428540128,,,-12.41637143836408,15.47080332945021
-6.109370311634337,0.01239378116609184,-5.183094568599771,0.0007910146692977158,-1.675735856210459,13.19393114397282,,,-12.40596384574572,15.27942109439262
-6.098962719015971,0.0118601954431081,-5.172686975981406,0.000960972836366964,-1.665328263592093,12.96473085494045,,,-12.39555625312735,15.06960866593079
-6.088555126397606,0.01131901359206964,-5.16227938336304,0.001164793233300494,-1.654920670973727,12.7139266950982,,,-12.38514866050898,14.84221033158956
-6.07814753377924,0.01077343075610333,-5.151871790744673,0.001408631048545839,-1.644513078355361,12.44328060938534,,,-12.37474106789062,14.59808723091058
-6.067739941160874,0.01022652700604295,-5.141464198126307,0.001699635370515166,-1.634105485736995,12.15463416702317,,,-12.36433347527225,14.33811420798287
-6.057332348542507,0.009681240526796557,-5.131056605507942,0.002046084692785071,-1.623697893118629,11.84987320283264,,,-12.35392588265388,14.06317774008547
-6.046924755924142,0.009140343989735187,-5.120649012889576,0.0024575361432874,-1.613290300500263,11.53094463435503,,,-12.34351829003552,13.77417482045652
-6.036517163305776,0.00860642432108864,-5.11024142027121,0.002944988944197194,-1.602882707881897,11.1998248750983,,,-12.33311069741715,13.47201264483143
-6.02610957068741,0.00808186600320566,-5.099833827652844,0.003521062445248582,-1.592475115263531,10.85850345268812,,,-12.32270310479879,13.15760892971714
-6.015701978069044,0.007568837973436231,-5.089426235034478,0.004200188866216084,-1.582067522645165,10.51070818790863,,,-12.31229551218042,12.83551772656235
-6.005294385450679,0.007069284115961326,-5.079018642416112,0.00499882063012101,-1.571659930026799,10.15837364242793,,,-12.30188791956206,12.5066509324609
-5.994886792832312,0.006584917276607709,-5.068611049797746,0.005935651863603251,-1.561252337408434,9.802928468677546,,,-12.29148032694369,12.17390949635464
-5.984479200213946,0.006117216670826634,-5.05820345717938,0.007031853281696122,-1.550844744790068,9.446175630323484,,,-12.28107273432532,11.83976530137303
-5.97407160759558,0.005667428501649164,-5.047795864561015,0.008311319258657537,-1.540437152171702,9.088501024693768,,,-12.27066514170696,11.49941355182387
-5.963664014977215,0.005236569558386103,-5.037388271942649,0.009800925413341259,-1.530029559553336,8.731538736377757,,,-12.26025754908859,11.15208022389675
-5.953256422358849,0.004825433528700609,-5.026980679324282,0.01153079450699348,-1.51962196693497,8.376825925542246,,,-12.24984995647023,10.79861873796427
-5.942848829740483,0.004434599726785801,-5.016573086705916,0.01353456786512477,-1.509214374316604,8.025796920569332,,,-12.23944236385186,10.43990518538054
-5.932441237122117,0.00406444391882944,-5.006165494087551,0.01584967889694109,-1.498806781698238,7.679777386222317,,,-12.22903477123349,10.07683841630094
-5.922033644503751,0.003715150913621683,-4.995757901469185,0.01851762460160652,-1.488399189079872,7.340839809382063,,,-12.21862717861513,9.710339135280229
-5.911626051885385,0.003386728580735395,-4.985350308850819,0.02158423022867147,-1.477991596461506,7.010078045721085,,,-12.20821958599676,9.341347970152858
-5.901218459267019,0.003079022960678838,-4.974942716232453,0.02509990151129436,-1.46758400384314,6.687573259606735,,,-12.1978119933784,8.970822516768299
-5.890810866648653,0.002791734140135021,-4.964535123614087,0.0291198581291854,-1.457176411224774,6.374169670659498,,,-12.18740440076003,8.59973339782451
-5.880403274030288,0.00252443258008921,-4.954127530995721,0.03370434130019562,-1.446768818606409,6.070585991391285,,,-12.17699680814166,8.229059407211508
-5.869995681411922,0.002276575604446945,-4.943719938377355,0.03891878766479084,-1.436361225988043,5.777428414975836,,,-12.1665892155233,7.85977835489215
-5.859588088793555,0.002047523780745605,-4.933312345758989,0.04483396093878454,-1.425953633369677,5.495176273121394,,,-12.15618162290493,7.49284663035981
-5.849180496175189,0.001836556951823744,-4.922904753140624,0.05152603219183916,-1.415546040751311,5.224210701149583,,,-12.14577403028657,7.129226057772607
-5.838772903556824,0.001642889706899694,-4.912497160522258,0.05907659908995139,-1.405138448132945,4.964805449088749,,,-12.1353664376682,6.769971347800987
-5.828365310938458,0.001465686111518962,-4.902089567903891,0.06757263404892509,-1.394730855514579,4.717132970811806,,,-12.12495884504983,6.415925039433271
-5.817957718320092,0.001304073547406349,-4.891681975285525,0.0771063510135869,-1.384323262896213,4.481273130873761,,,-12.11455125243147,6.067978089122881
-5.807550125701726,0.001157155544622026,-4.88127438266716,0.08777498053573626,-1.373915670277847,4.257220945784297,,,-12.1041436598131,5.726980927289874
-5.79714253308336,0.001024023518875129,-4.870866790048794,0.09968044300384246,-1.363508077659481,4.044891595508915,,,-12.09373606719474,5.393736434119726
-5.786734940464994,0.0009037673557945889,-4.860459197430428,0.1129289103093837,-1.353100485041115,3.844128415067278,,,-12.08332847457637,5.068993380185195
-5.776327347846628,0.000795484810897977,-4.850051604812062,0.1276302469462007,-1.342692892422749,3.654710331193209,,,-12.07292088195801,4.753440474000719
-5.765919755228262,0.0006982897185441275,-4.839644012193696,0.1438973225544879,-1.332285299804383,3.47635941391774,,,-12.06251328933964,4.44770113985872
-5.755512162609897,0.0006113190250173367,-4.82923641957533,0.1618451892594109,-1.321877707186018,3.308748049196051,,,-12.05210569672127,4.1523291279109
-5.745104569991531,0.0005337386798843651,-4.818828826956964,0.181590118828993,-1.311470114567652,3.151506640426344,,,-12.04169810410291,3.867805035233411
-5.734696977373164,0.0004647484357983363,-4.808421234338598,0.2032484966926025,-1.301062521949286,3.004230513611637,,,-12.03129051148454,3.594533792348869
-5.724289384754798,0.0004035856199899134,-4.798013641720233,0.2269355722171118,-1.29065492933092,2.866486875600216,,,-12.02088291886618,3.332843145146158
-5.713881792136433,0.0003495279508550643,-4.787606049101867,0.2527640673198221,-1.280247336712554,2.737821424341914,,,-12.01047532624781,3.082983138073025
-5.703474199518067,0.00030189548045382,-4.777198456483501,0.2808426484819877,-1.269839744094188,2.617770567479129,,,-12.00006773362944,2.845126581542675
-5.693066606899701,0.0002600517485616752,-4.766790863865134,0.3112742704792097,-1.259432151475822,2.505851076804408,,,-11.98966014101108,2.619370465278096
-5.682659014281335,0.0002234042363912997,-4.756383271246769,0.3441544036181298,-1.249024558857456,2.401839323204706,,,-11.97925254839271,2.405738260305277
-5.672251421662969,0.0001914042084828151,-4.745975678628403,0.3795691599037976,-1.23861696623909,2.305386002421607,,,-11.96884495577435,2.204183035883148
-5.661843829044603,0.0001635460298199696,-4.735568086010037,0.4175933372881526,-1.228209373620724,2.215745837122616,,,-11.95843736315598,2.014591304100563
-5.651436236426237,0.0001393660422493898,-4.725160493391671,0.4582884048856257,-1.217801781002358,2.132753422577184,,,-11.94802977053761,1.836787494346765
-5.641028643807871,0.000118441080042226,-4.714752900773306,0.50170045569554,-1.207394188383993,2.055947692076127,,,-11.93762217791925,1.67053895243472
-5.630621051189506,0.0001003866992153054,-4.704345308154939,0.547858156843218,-1.196986595765627,1.984484601648352,,,-11.92721458530088,1.515561354791938
-5.62021345857114,8.485518928106626e-05,-4.693937715536573,0.5967707305369543,-1.186579003147261,1.917936948327264,,,-11.91680699268252,1.371524426707997
-5.255947716928333,0.0001199605361682562,-4.683530122918207,0.6484260017272376,-1.176171410528895,1.855861282785215,,,-11.90639940006415,1.238057854942781
-5.245540124309967,0.000147566210577513,-4.673122530299842,0.7027885507382521,-1.165763817910529,1.797877767415632,,,-11.89599180744579,1.114757288792176
-5.235132531691601,0.0002037974935303271,-4.662714937681476,0.7597980108128994,-1.155356225292163,1.743853510646222,,,-11.88558421482742,1.001190329667435
-5.224724939073234,0.000250494989987405,-4.65230734506311,0.8193675514707811,-1.144948632673797,1.693460893953069,,,-11.87517662220905,0.8969024170250479
-5.214317346454869,0.0003071935613181789,-4.641899752444743,0.8813825887330343,-1.134541040055431,1.646185173981491,,,-11.86476902959069,0.8014225277199662
-5.203909753836503,0.0003758704890584695,-4.631492159826378,0.945699762541496,-1.124133447437065,1.601903377209428,,,-11.85436143697232,0.7142686161738111
-5.193502161218137,0.0004588570970710258,-4.621084567208012,1.012146220032408,-1.113725854818699,1.560475343907963,,,-11.84395384435395,0.6349527337842903
-5.183094568599771,0.0005588943011860855,-4.610676974589646,1.080519240677241,-1.103318262200333,1.521505464332998,,,-11.83354625173559,0.5629857774017355
-5.172686975981406,0.0006791952897364115,-4.60026938197128,1.150586235659184,-1.092910669581967,1.484731550144139,,,-11.82313865911722,0.497881828138298
-5.16227938336304,0.0008235159425367573,-4.589861789352915,1.222085149223207,-1.082503076963602,1.449982320155431,,,-11.81273106649886,0.4391620529624716
-5.151871790744673,0.0009962335870412008,-4.579454196734548,1.294725284157874,-1.072095484345236,1.417109886895054,,,-11.80232347388049,0.3863581522119823
-5.141464198126307,0.001202434666381593,-4.569046604116182,1.368188567104383,-1.06168789172687,1.385997506366707,,,-11.79191588126213,0.3390153461191153
-5.131056605507942,0.001448011851826422,-4.558639011497816,1.442131262137655,-1.051280299108504,1.356554677405585,,,-11.78150828864376,0.2966949025150643
-5.120649012889576,0.001739771068808545,-4.548231418879451,1.516186133148757,-1.040872706490138,1.328706647202124,,,-11.77110069602539,0.258976215938289
-5.11024142027121,0.002085548817841479,-4.537823826261085,1.589965047126805,-1.030465113871772,1.302400486244526,,,-11.76069310340703,0.2254584553327549
-5.099833827652844,0.002494340056120354,-4.527416233642719,1.663062001664782,-1.020057521253406,1.277598762449024,,,-11.75028551078866,0.195761803341613
-5.089426235034478,0.002976436759172258,-4.517008641024352,1.73505655109018,-1.00964992863504,1.254279794137181,,,-11.7398779181703,0.1695283148728604
-5.079018642416112,0.003543577101522278,-4.506601048405987,1.805641267682402,-0.9992423360166743,1.232430257402896,,,-11.72947032555193,0.1464224261602044
-5.068611049797746,0.004209104978198009,-4.496193455787621,1.874377508120935,-0.9888347433983085,1.212050319211532,,,-11.71906273293356,0.1261311480164004
-5.05820345717938,0.004988139332658527,-4.485785863169255,1.940699808398281,-0.9784271507799426,1.193573250089855,,,-11.7086551403152,0.108363978451554
-5.047795864561015,0.005897752459649351,-4.475378270550889,2.004168848428886,-0.9680195581615766,1.177008085147605,,,-11.69824754769683,0.09285257039627645
-5.037388271942649,0.006957156112573582,-4.464970677932524,2.064352546518906,-0.9576119655432107,1.16193760417561,,,-11.68783995507847,0.07932363517918002
-5.026980679324282,0.008187893864219628,-4.454563085314157,2.120830899744561,-0.9472043729248448,1.148372750246613,,,-11.6774323624601,0.06757031639318554
-5.016573086705916,0.009614037748253495,-4.444155492695791,2.173200824571562,-0.9367967803064789,1.136324447056515,,,-11.66702476984173,0.05744162382755037
-5.006165494087551,0.01126238674929479,-4.433747900077425,2.221080920443388,-0.926389187688113,1.125802133765272,,,-11.65661717722337,0.04859098103325551
-4.995757901469185,0.01316266421574198,-4.42334030745906,2.264116078101169,-0.9159815950697471,1.116796522212124,,,-11.646209584605,0.04100117817619802
-4.985350308850819,0.01534771074763591,-4.412932714840694,2.301981855071165,-0.9055740024513812,1.109342956067359,,,-11.63580199198664,0.03458724398590119
-4.974942716232453,0.0178536685695003,-4.402525122222328,2.334388543098358,-0.8951664098330152,1.103418427891329,,,-11.62539439936827,0.02909799337215586
-4.964535123614087,0.02072015284505847,-4.392117529603962,2.361084856303826,-0.8847588172146493,1.098974605068612,,,-11.61498680674991,0.02441392348938086
-4.954127530995721,0.02399040483889682,-4.381709936985596,2.381861174442295,-0.8743512245962834,1.096077715021466,,,-11.60457921413154,0.02042864524579659
-4.943719938377355,0.02771142129356515,-4.37130234436723,2.396552282733684,-0.8639436319779175,1.094654123544782,,,-11.59417162151317,0.01704782570915925
-4.933312345758989,0.03193405388540868,-4.360894751748864,2.40676836456718,-0.8535360393595516,1.094569128037194,,,-11.58376402889481,0.01418815297609415
-4.922904753140624,0.03671307216672193,-4.350487159130498,2.412424958747068,-0.8431284467411857,1.096003202850304,,,-11.57335643627644,0.01177633515660685
-4.912497160522258,0.0421071830154731,-4.340079566512133,2.411744117474671,-0.8327208541228198,1.098668130730756,,,-11.56294884365808,0.009748142624964285
-4.902089567903891,0.04817899931818899,-4.329671973893767,2.404726742940656,-0.8223132615044538,1.102747701401346,,,-11.55254125103971,0.008047500420709926
-4.891681975285525,0.05499495042898368,-4.3192643812754,2.391423822623201,-0.811905668886088,1.108035689696546,,,-11.54213365842134,0.006625635660521054
-4.88127438266716,0.06262512690104993,-4.308856788657034,2.373400035939487,-0.8014980762677221,1.11445696387818,,,-11.53172606580298,0.005440283046436655
-4.870866790048794,0.07114305209901191,-4.298449196038669,2.350792154413606,-0.7910904836493561,1.12206911861355,,,-11.52131847318461,0.004454950025513136
-4.860459197430428,0.08062537359335378,-4.288041603420303,2.322307303250415,-0.7806828910309902,1.130781083711822,,,-11.51091088056625,0.003638241861586775
-4.850051604812062,0.09115146773206448,-4.277634010801937,2.288161115402779,-0.7702752984126243,1.140353967754555,,,-11.50050328794788,0.002963245808647573
-4.839644012193696,0.102802951497561,-4.267226418183571,2.248610771699461,-0.7598677057942583,1.150684121245714,,,-11.49009569532952,0.002406972711290744
-4.82923641957533,0.1156630967033325,-4.256818825565205,2.20395175782197,-0.7494601131758925,1.161663653207292,,,-11.47968810271115,0.001949853682557724
-4.818828826956964,0.1298161427746696,-4.246411232946839,2.154514169202513,-0.7390525205575266,1.173181487023208,,,-11.46928051009278,0.001575289003654385
-4.808421234338598,0.1453465057960772,-4.236003640328473,2.100658628784333,-0.7286449279391607,1.185124446431514,,,-11.45887291747442,0.001269246033443138
-4.798013641720233,0.1623378831930373,-4.225596047710107,2.042771888563343,-0.7182373353207947,1.197378353321357,,,-11.44846532485605,0.001019902688246501
-4.787606049101867,0.180872255339175,-4.215188455091742,1.981262190219011,-0.7078297427024288,1.209907685737535,,,-11.43805773223768,0.0008173329349814067
-4.777198456483501,0.2010287875252896,-4.204780862473376,1.916554462870282,-0.6974221500840629,1.222666785854073,,,-11.42765013961932,0.0006532307145885092
-4.766790863865134,0.2228826380695585,-4.194373269855009,1.849085437031297,-0.687014557465697,1.235464520692939,,,-11.41724254700095,0.0005206687610603718
-4.756383271246769,0.2465036808552728,-4.183965677236643,1.779298753208578,-0.6766069648473311,1.248123045534283,,,-11.40683495438259,0.0004138888885491386
-4.745975678628403,0.2719551532117673,-4.173558084618278,1.707640141336298,-0.6661993722289652,1.260845521745379,,,-11.39642736176422,0.0003281204711199744
-4.735568086010037,0.2992922427552788,-4.163150491999912,1.634552743489483,-0.6557917796105992,1.273499861037299,,,-11.38601976914586,0.0002005042491832846
-4.725160493391671,0.3285606295207781,-4.152742899381546,1.560472647182885,-0.6453841869922333,1.285740532957171,,,-11.37561217652749,0.0001583183899123238
-4.714752900773306,0.3597950023776516,-4.14233530676318,1.485824690223364,-0.6349765943738674,1.2974161071743,,,-11.36520458390912,3.31675699315809e-05
-4.704345308154939,0.3930175712596983,-4.131927714144814,1.41101859072876,-0.6245690017555016,1.308637862144707,,,-7.22298272179949,0.0001360914813169888
-4.693937715536573,0.4282365990769338,-4.121520121526448,1.336445447767934,-0.6141614091371356,1.319298426064918,,,-7.212575129181124,0.0002221318837006839
-4.683530122918207,0.4654449792341718,-4.111112528908082,1.262474649338685,-0.6037538165187697,1.329174288478767,,,-7.202167536562758,0.0004302061410676362
-4.673122530299842,0.5046188863796206,-4.100704936289716,1.189451215311391,-0.5933462239004038,1.338199957359999,,,-7.191759943944392,0.000705320214811579
-4.662714937681476,0.5457165292679289,-4.090297343671351,1.117693593753786,-0.5829386312820378,1.346318051014887,,,-7.181352351326026,0.001022472787442685
-4.65230734506311,0.5886770353726229,-4.079889751052985,1.047491919935755,-0.5725310386636719,1.353514882068422,,,-7.170944758707661,0.001337372496277689
-4.641899752444743,0.6334194970560166,-4.069482158434618,0.9791067384979446,-0.5621234460453061,1.359734818664968,,,-7.160537166089295,0.001680005104101376
-4.631492159826378,0.6798422086433692,-4.059074565816252,0.9127681809413632,-0.5517158534269402,1.365315612888252,,,-7.150129573470928,0.002104757125857006
-4.621084567208012,0.7278221226074436,-4.048666973197887,0.8486755829206538,-0.5413082608085742,1.370209771862399,,,-7.139721980852562,0.002629823148087353
-4.610676974589646,0.7772145512194464,-4.038259380579521,0.7869975189388816,-0.5309006681902083,1.374015163148951,,,-7.129314388234197,0.00327705900385433
-4.60026938197128,0.8278531374492604,-4.027851787961155,0.7278722260553054,-0.5204930755718424,1.37671261498245,,,-7.118906795615831,0.004072631669582425
-4.589861789352915,0.8795501156071135,-4.017444195342789,0.6714083832085792,-0.5100854829534764,1.3785347187368,,,-7.108499202997465,0.00504776533640062
-4.579454196734548,0.9320968782356356,-4.007036602724424,0.61768620877491,-0.4996778903351106,1.379471917414298,,,-7.098091610379099,0.006239593877482266
-4.569046604116182,0.9852648611316263,-3.996629010106057,0.5667588360431315,-0.4892702977167447,1.379271958148983,,,-7.087684017760733,0.007692130197962095
-4.558639011497816,1.03880675316776,-3.986221417487691,0.5186539243876733,-0.4788627050983787,1.377985263793114,,,-7.077276425142367,0.009457363032484989
-4.548231418879451,1.092458031883286,-3.975813824869325,0.4733754630216033,-0.4684551124800128,1.375655642152231,,,-7.066868832524001,0.01159649160030499
-4.537823826261085,1.145938819726223,-3.96540623225096,0.4309057242580334,-0.4580475198616469,1.372234484380945,,,-7.056461239905635,0.01418130808783596
-4.527416233642719,1.198956049481527,-3.954998639632593,0.391207324122518,-0.447639927243281,1.367685759992664,,,-7.04605364728727,0.01729573714879704
-4.517008641024352,1.251205920949065,-3.944591047014228,0.3542253498492003,-0.4372323346249151,1.362018259234415,,,-7.035646054668904,0.02103754043510097
-4.506601048405987,1.30246290790072,-3.934183454395862,0.3198895161550465,-0.4268247420065492,1.355242696076468,,,-7.025238462050538,0.02552019253854025
-4.496193455787621,1.35240945119695,-3.923775861777496,0.2881163151072398,-0.4164171493881832,1.34737131799456,,,-7.014830869432171,0.03087493257552371
-4.485785863169255,1.400639127705191,-3.91336826915913,0.2588111277622522,-0.4060095567698174,1.338421037295958,,,-7.004423276813806,0.03725299292820041
-4.475378270550889,1.446833252888511,-3.902960676540764,0.2318702694442191,-0.3956019641514514,1.32840619775124,,,-6.99401568419544,0.04482800331342029
-4.464970677932524,1.490678043823799,-3.892553083922398,0.2071829444307539,-0.3851943715330856,1.317338366375477,,,-6.983608091577074,0.05379856434146163
-4.454563085314157,1.531868125154949,-3.882145491304032,0.1846330898175968,-0.3747867789147196,1.305233152207998,,,-6.973200498958708,0.0643909800148577
-4.444155492695791,1.570110040607491,-3.871737898685666,0.1641010923389346,-0.3643791862963537,1.292106665950513,,,-6.962792906340343,0.07686213318299649
-4.433747900077425,1.605125714158568,-3.8613303060673,0.145465365837371,-0.3539715936779878,1.277975510419666,,,-6.952385313721976,0.09150248180641785
-4.42334030745906,1.636655804144088,-3.850922713448934,0.12860378082739,-0.3435640010596219,1.263144584478499,,,-6.94197772110361,0.1086391470124078
-4.412932714840694,1.664462893957307,-3.840515120830569,0.1133949411122895,-0.333156408441256,1.247916752817078,,,-6.931570128485244,0.1286390563812475
-4.402525122222328,1.688334464575691,-3.830107528212203,0.09971930564349504,-0.3227488158228901,1.232011604619218,,,-6.921162535866879,0.151912097758593
-4.392117529603962,1.708085596939225,-3.819699935593837,0.08746015671247359,-0.3123412232045241,1.215159610178891,,,-6.910754943248513,0.1789142302430204
-4.381709936985596,1.723561356155366,-3.809292342975471,0.07650441811145876,-0.3019336305861582,1.197371952344457,,,-6.900347350630147,0.2101504899813559
-4.37130234436723,1.734638814553151,-3.798884750357105,0.06674332907415829,-0.2915260379677923,1.17865274892312,,,-6.88993975801178,0.2461778191861907
-4.360894751748864,1.742444686672608,-3.788477157738739,0.05807298160692773,-0.2811184453494264,1.159033796535853,,,-6.879532165393415,0.2876076375749019
-4.350487159130498,1.746914642980468,-3.778069565120373,0.05039473024977911,-0.2707108527310605,1.138524282744698,,,-6.869124572775049,0.3351080664594004
-4.340079566512133,1.746794189415867,-3.767661972502007,0.04361548437883613,-0.2603032601126946,1.117147390633223,,,-6.858716980156683,0.389405707268333
-4.329671973893767,1.742081096000617,-3.757254379883641,0.03764789389833243,-0.2498956674943287,1.094927425855929,,,-6.848309387538317,0.4512868686694187
-4.3192643812754,1.732809454288742,-3.746846787265275,0.0324104395975176,-0.2394880748759627,1.071893103828427,,,-6.837901794919952,0.5215981300188282
-4.308856788657034,1.720148264889983,-3.73643919464691,0.02782743959664197,-0.2290804822575968,1.048073415367008,,,-6.827494202301585,0.6012461239600071
-4.298449196038669,1.704193638312776,-3.726031602028543,0.0238289832101127,-0.2186728896392309,1.023512927456785,,,-6.817086609683219,0.6911964180044976
-4.288041603420303,1.683967572979208,-3.715624009410178,0.02035080324907881,-0.208265297020865,0.9985801376876551,,,-6.806679017064853,0.7924713742364249
-4.277634010801937,1.6596233322702,-3.705216416791812,0.01733409730562125,-0.1978577044024991,0.9733148111749588,,,-6.796271424446488,0.9061468682694417
-4.267226418183571,1.631344499959788,-3.694808824173446,0.01472530794128037,-0.1874501117841332,0.9474328875526354,,,-6.785863831828122,1.033347753610865
-4.256818825565205,1.599342662481818,-3.68440123155508,0.01247587097725283,-0.1770425191657673,0.92098283698436,,,-6.775456239209756,1.175241965981083
-4.246411232946839,1.56385475923204,-3.673993638936714,0.01054194028346188,-0.1666349265474014,0.894014991727898,,,-6.765048646591389,1.333033174177871
-4.236003640328473,1.525140147537735,-3.663586046318348,0.008884096617383373,-0.1562273339290355,0.8666822889448159,,,-6.754641053973024,1.507951899982524
-4.225596047710107,1.483477433366015,-3.653178453699982,0.007467047196450421,-0.1458197413106695,0.8391236361192761,,,-6.744233461354658,1.701245049515493
-4.215188455091742,1.439161122135111,-3.642770861081616,0.006259321822220903,-0.1354121486923036,0.8113037588765357,,,-6.733825868736292,1.914163822406269
-4.204780862473376,1.392498146084731,-3.63236326846325,0.00523297052903147,-0.1250045560739377,0.7832688421957016,,,-6.723418276117926,2.147949993078712
-4.194373269855009,1.343804325528749,-3.621955675844884,0.004363266919958099,-0.1145969634555718,0.7550847827038091,,,-6.713010683499561,2.403820590179474
-4.183965677236643,1.293400820965453,-3.611548083226519,0.003628420590665185,-0.1041893708372059,0.7267571355758953,,,-6.702603090881194,2.682951035371661
-4.173558084618278,1.241610631497961,-3.601140490608152,0.003039690961720166,-0.09378177821883998,0.6983552357529634,,,-6.692195498262828,2.986456840916589
-4.163150491999912,1.188755192390511,-3.590732897989787,0.002527692158343057,-0.08337418560047406,0.6700170738131052,,,-6.681787905644462,3.315374006068514
-4.152742899381546,1.135151120951678,-3.580325305371421,0.00210013849807259,-0.07296659298210816,0.6418132699922817,,,-6.671380313026097,3.67063829456392
-4.14233530676318,1.081107155412893,-3.569917712753055,0.001793219446866171,-0.06255900036374225,0.6137465041760833,,,-6.660972720407731,4.053063618516027
-4.131927714144814,1.026921326198281,-3.559510120134689,0.001517933130810722,-0.05215140774537633,0.5858794807199694,,,-6.650565127789365,4.463319796820123
-4.121520121526448,0.972878393112188,-3.549102527516323,0.0013006820478637,-0.04174381512701042,0.5582961111145116,,,-6.640157535170999,4.901909997622787
-4.111112528908082,0.9192475756655403,-3.538694934897957,0.001134903403400537,-0.03133622250864451,0.5310545819646078,,,-6.629749942552633,5.36914821331023
-4.100704936289716,0.8662805971872678,-3.528287342279591,0.001015516889336142,-0.02092862989027859,0.504219689682777,,,-6.619342349934267,5.865137151573203
-4.090297343671351,0.8142100566874831,-3.517879749661225,0.0009585231561910892,-0.01052103727191268,0.4778535177860296,,,-6.608934757315901,6.389746956130874
-4.079889751052985,0.7632481358149781,-3.507472157042859,0.0009764695927109331,-0.0001134446535467678,0.4520230074471912,,,-6.598527164697535,6.942595194378814
-4.069482158434618,0.7135856418329823,-3.497064564424493,0.001035191616263203,0.01029414796481914,0.4267833494559004,,,-6.58811957207917,7.52302856535627
-4.059074565816252,0.6653913814610453,-3.486656971806128,0.001111882169973021,0.02070174058318506,0.4021775918962984,,,-6.577711979460804,8.130106788891624
-4.048666973197887,0.6188118548177688,-3.476249379187761,0.001238028253561914,0.03110933320155097,0.3782524690707347,,,-6.567304386842437,8.762589134606479
-4.038259380579521,0.5739712536504502,-3.465841786569396,0.001418380505437038,0.04151692581991688,0.3550500666772697,,,-6.556896794224071,9.418924036847498
-4.027851787961155,0.5309717436343822,-3.45543419395103,0.001659471978068603,0.05192451843828279,0.3326075965032848,,,-6.546489201605706,10.09724221799987
-4.017444195342789,0.4898940068258084,-3.445026601332664,0.001969778103193538,0.06233211105664871,0.3109572312324994,,,-6.53608160898734,10.79535370770728
-4.007036602724424,0.450798017395683,-3.434619008714298,0.002331814926897627,0.07273970367501462,0.2901259997207795,,,-6.525674016368974,11.51074909925928
-3.996629010106057,0.413724021572297,-3.424211416095932,0.00282081984799439,0.08314729629338054,0.270135742154036,,,-6.515266423750608,12.24060532710004
-3.986221417487691,0.3786936912749279,-3.413803823477566,0.003417035575431457,0.09355488891174644,0.251003123501633,,,-6.504858831132242,12.98179618168388
-3.975813824869325,0.3457114202045953,-3.4033962308592,0.004139328087082476,0.1039624815301124,0.2327397027592558,,,-6.494451238513876,13.7309077007058
-3.96540623225096,0.314765731131616,-3.392988638240834,0.00500985014134999,0.1143700741484783,0.2153520546513173,,,-6.48404364589551,14.48425849035191
-3.954998639632593,0.2858307637284966,-3.382581045622469,0.006030657278664042,0.1247776667668442,0.1988419397469041,,,-6.473636053277144,15.23792493823806
-3.944591047014228,0.2588678134746334,-3.372173453004102,0.007284483549597585,0.1351852593852101,0.1832042348734526,,,-6.463228460658779,15.98777118300983
-3.934183454395862,0.2338268938313079,-3.361765860385737,0.00878854069798231,0.145592852003576,0.1684368109950631,,,-6.452820868040413,16.72948360628437
-3.923775861777496,0.2106482959704864,-3.351358267767371,0.01056123347234298,0.1560004446219419,0.1545255417214021,,,-6.442413275422046,17.45860951303439
-3.91336826915913,0.1892641227546924,-3.340950675149005,0.01270779683878255,0.1664080372403078,0.1414554489973058,,,-6.43200568280368,18.17059956909742
-3.902960676540764,0.1695997763227169,-3.330543082530639,0.01519512947832038,0.1768156298586737,0.129208136909064,,,-6.421598090185315,18.8608534717515
-3.892553083922398,0.1515753814540496,-3.320135489912273,0.01812226201154787,0.1872232224770397,0.1177621430859792,,,-6.411190497566949,19.52476824374528
-3.882145491304032,0.1351071297843696,-3.309727897293907,0.02155733046971336,0.1976308150954056,0.1070933001858745,,,-6.400782904948583,20.15778846523328
-3.871737898685666,0.1201085328517172,-3.299320304675541,0.02557719186687626,0.2080384077137715,0.09717510202129737,,,-6.390375312330217,20.75545769402289
-3.8613303060673,0.1064915748017267,-3.288912712057175,0.03031710109777159,0.2184460003321374,0.08797779219989829,,,-6.379967719711851,21.31347027442565
-3.850922713448934,0.09416775831248407,-3.278505119438809,0.03578904173075647,0.2288535929505033,0.07947300345234468,,,-6.369560127093485,21.82772270056419
-3.840515120830569,0.08304903986614523,-3.268097526820443,0.04213992786285896,0.2392611855688692,0.07163021768479298,,,-6.359152534475119,22.29436368258835
-3.830107528212203,0.07304865285577705,-3.257689934202078,0.04949027781097635,0.2496687781872351,0.06441577632932531,,,-6.348744941856753,22.70984206485612
-3.819699935593837,0.06408181914182733,-3.247282341583711,0.05797349548215421,0.260076370805601,0.05779179270164733,,,-6.338337349238388,23.07095176422977
-3.809292342975471,0.05606635154227917,-3.236874748965346,0.06773665063317895,0.270483963423967,0.0517362200483228,,,-6.327929756620022,23.37487293423156
-3.798884750357105,0.04892315134177613,-3.22646715634698,0.07894120920450472,0.2808915560423328,0.04620953187800786,,,-6.317522164001655,23.61981105713724
-3.788477157738739,0.04257660623377911,-3.216059563728614,0.09176369402905316,0.2912991486606988,0.04117880191431238,,,-6.307114571383289,23.80381864860005
-3.778069565120373,0.03695489516933533,-3.205651971110248,0.1063962543563797,0.3017067412790647,0.03660911630380068,,,-6.296706978764924,23.93044475724145
-3.767661972502007,0.03199020738579144,-3.195244378491882,0.1230471209424145,0.3121143338974306,0.03247405916320572,,,-6.286299386146558,24.00108182889613
-3.757254379883641,0.02761888344350998,-3.184836785873516,0.1419409220023913,0.3225219265157965,0.02873957905785956,,,-6.275891793528192,24.01677151963324
-3.746846787265275,0.02378148642728052,-3.17442919325515,0.163318834181611,0.3329295191341624,0.02537571159090903,,,-6.265484200909826,23.98281983061306
-3.73643919464691,0.02042281159373919,-3.164021600636784,0.1874385419397587,0.3433371117525283,0.02235361085761205,,,-6.255076608291461,23.89869648395807
-3.726031602028543,0.01749184269093571,-3.153614008018418,0.2145739784445623,0.3537447043708943,0.01964507665253229,,,-6.244669015673094,23.75965187729551
-3.715624009410178,0.01494166296663432,-3.143206415400052,0.2450148213029824,0.3641522969892602,0.01722507529201821,,,-6.234261423054728,23.56036937823928
-3.705216416791812,0.01272932854376805,-3.132798822781687,0.2790657172921075,0.3745598896076261,0.01506181179326056,,,-6.223853830436362,23.30002215775955
-3.694808824173446,0.01081571140005684,-3.12239123016332,0.3170452117499638,0.384967482225992,0.01314530237922344,,,-6.213446237817997,22.98067469106205
-3.68440123155508,0.009165318668492812,-3.111983637544955,0.3592843605014113,0.3953750748443579,0.0114457304230986,,,-6.203038645199631,22.60483819659342
-3.673993638936714,0.007746094399000672,-3.101576044926589,0.4061250051665604,0.4057826674627238,0.009942473640438824,,,-6.192631052581265,22.17543775974864
-3.663586046318348,0.006529209309975616,-3.091168452308223,0.457917696453699,0.4161902600810897,0.008612328186981599,,,-6.182223459962898,21.69577444038397
-3.653178453699982,0.005488843430252682,-3.080760859689857,0.5150192545824525,0.4265978526994557,0.007446320092403992,,,-6.171815867344533,21.16948305043665
-3.642770861081616,0.004601965903654665,-3.070353267071491,0.5777899613020803,0.4370054453178215,0.006422955608104223,,,-6.161408274726167,20.60048635637781
-3.63236326846325,0.003848115613419871,-3.059945674453125,0.6465903840279849,0.4474130379361875,0.005526268551178037,,,-6.151000682107801,19.99294651233705
-3.621955675844884,0.003209185693891088,-3.049538081834759,0.721777839355902,0.4578206305545534,0.004743606022823209,,,-6.140593089489435,19.35121456266527
-3.611548083226519,0.002669214440835413,-3.039130489216393,0.803702510541712,0.4682282231729193,0.004062768381305727,,,-6.13018549687107,18.67977886708029
-3.601140490608152,0.002216767801212931,-3.028722896598028,0.8927032413436085,0.4786358157912852,0.003471382812311031,,,-6.119777904252703,17.9832132974945
-3.590732897989787,0.001835106531157815,-3.018315303979661,0.9891030367756937,0.4890434084096511,0.002959028050151191,,,-6.109370311634337,17.26612603377104
-3.580325305371421,0.001514204577976517,-3.007907711361296,1.093204309657488,0.499451001028017,0.002516291560951065,,,-6.098962719015971,16.53310974705905
-3.569917712753055,0.001250951948807991,-2.99750011874293,1.205283920180644,0.509858593646383,0.002134702525577098,,,-6.088555126397606,15.78869390548938
-3.559510120134689,0.001030353545175163,-2.987092526124564,1.325588063852798,0.5202661862647489,0.001806608319249142,,,-6.07814753377924,15.03729986969497
-3.549102527516323,0.0008479748564237033,-2.976684933506198,1.45432707090573,0.5306737788831147,0.001525345481578466,,,-6.067739941160874,14.28319936696044
-3.538694934897957,0.0006979934106681717,-2.966277340887832,1.591670187349091,0.5410813715014807,0.001284797776191905,,,-6.057332348542507,13.53047684512622
-3.528287342279591,0.0005754652326718156,-2.955869748269466,1.737745571728935,0.5514889641198466,0.001079600415921822,,,-6.046924755924142,12.78299611313357
-3.517879749661225,0.0004772263319665125,-2.9454621556511,1.89261773833598,0.5618965567382125,0.0009050080067809195,,,-6.036517163305776,12.044371576818
-3.507472157042859,0.0003984638247275765,-2.935054563032734,2.056303510965551,0.5723041493565785,0.0007568369770349773,,,-6.02610957068741,11.31794427874886
-3.497064564424493,0.0003366960994223742,-2.924646970414368,2.228759469209894,0.5827117419749444,0.0006267341985362337,,,-6.015701978069044,10.60676285199145
-3.486656971806128,0.0002893826212613576,-2.914239377796002,2.409876237008365,0.5931193345933102,0.0005171692247944995,,,-6.005294385450679,9.913569401908585
-3.476249379187761,0.0002549226301954048,-2.903831785177637,2.599476244607258,0.6035269272116761,0.0004297865162548722,,,-5.994886792832312,9.240790239583184
-3.465841786569396,0.0002318992789837022,-2.89342419255927,2.79731071464442,0.6139345198300421,0.0003562961421030215,,,-5.984479200213946,8.590531306942792
-3.45543419395103,0.0002192827186804326,-2.883016599940905,3.003057302614557,0.624342112448408,0.0002946511752690365,,,-5.97407160759558,7.964578058718469
-3.445026601332664,0.0002163968850627842,-2.872609007322539,3.21631846490396,0.6347497050667739,0.0002430773230570416,,,-5.963664014977215,7.3643995011754
-3.434619008714298,0.0002031294058384434,-2.862201414704173,3.436620618966998,0.6451572976851399,0.0002000416319201299,,,-5.953256422358849,6.7911560329817
-3.424211416095932,0.0002232244715573706,-2.851793822085807,3.663414149828767,0.6555648903035057,0.0001642239363150488,,,-5.942848829740483,6.245710690172136
-3.413803823477566,0.0002520399279461993,-2.841386229467441,3.896074305095395,0.6659724829218716,0.0001344909557879867,,,-5.932441237122117,5.728643365126169
-3.4033962308592,0.0002903011548362534,-2.830978636849075,4.133903007244116,0.6763800755402376,0.0001098729194924387,,,-5.922033644503751,5.240267548717241
-3.392988638240834,0.0003389906516582837,-2.820571044230709,4.376131597404991,0.6867876681586035,8.954257904427469e-05,,,-5.911626051885385,4.780649134922671
-3.382581045622469,0.0003814957540597507,-2.810163451612343,4.621924509433462,1.925291189744147,0.000103729182722231,,,-5.901218459267019,4.349626827579826
-3.372173453004102,0.0004589175292272888,-2.799755858993977,4.870383857140539,1.935698782362513,0.000122886996552964,,,-5.890810866648653,3.946833698790029
-3.361765860385737,0.0005507106463373247,-2.789348266375611,5.120554901454726,1.946106374980879,0.0001451493523798306,,,-5.880403274030288,3.571719466691725
-3.351358267767371,0.0006589588625094784,-2.778940673757246,5.37143234841216,1.956513967599245,0.0001709833841908574,,,-5.869995681411922,3.223573085803388
-3.340950675149005,0.0007869245982221746,-2.768533081138879,5.621972910819463,1.966921560217611,0.0002008729750722291,,,-5.859588088793555,2.901545274644391
-3.330543082530639,0.0009366396563685367,-2.758125488520514,5.871082541316519,1.977329152835977,0.000235351645331879,,,-5.849180496175189,2.604670641604905
-3.320135489912273,0.001111875503858634,-2.747717895902148,6.117653723683215,1.987736745454342,0.0002750049753364455,,,-5.838772903556824,2.331889109776205
-3.309727897293907,0.001316389083387166,-2.737310303283782,6.360568848442919,1.998144338072708,0.0003204726872626555,,,-5.828365310938458,2.08206638342576
-3.299320304675541,0.001554379884861498,-2.726902710665416,6.598666113303024,2.008551930691074,0.0003724502910863215,,,-5.817957718320092,1.854013241826297
-3.288912712057175,0.001831193997030223,-2.71649511804705,6.830816222265043,2.01895952330944,0.0004316901930110602,,,-5.807550125701726,1.64650348913482
-3.278505119438809,0.002150851004322935,-2.706087525428684,7.055909235300875,2.029367115927806,0.000499002158599626,,,-5.79714253308336,1.45829043098866
-3.268097526820443,0.002519608164943118,-2.695679932810318,7.272801228902204,2.039774708546172,0.0005752530184656413,,,-5.786734940464994,1.288121788591182
-3.257689934202078,0.002943762744312543,-2.685272340191952,7.480436507493559,2.050182301164538,0.0006613655018779924,,,-5.776327347846628,1.134752998587933
-3.247282341583711,0.00343020552637192,-2.674864747573586,7.679227162732713,2.060589893782904,0.000758316083393463,,,-5.765919755228262,0.9969588814159046
-3.236874748965346,0.003986442086431868,-2.66445715495522,7.868173860778441,2.07099748640127,0.0008671317300270169,,,-5.755512162609897,0.8735436916182467
-3.22646715634698,0.004620608918317045,-2.654049562336855,8.044842370719842,2.081405079019636,0.0009888854418349431,,,-5.745104569991531,0.7633495905667927
-3.216059563728614,0.005341483309374069,-2.643641969718489,8.210460246649662,2.091812671638002,0.00112469048743109,,,-5.734696977373164,0.6652636049684799
-3.205651971110248,0.006158485803174228,-2.633234377100123,8.364183195825241,2.102220264256367,0.001275693248138559,,,-5.724289384754798,0.5782231534120565
-3.195244378491882,0.007081674053769546,-2.622826784481757,8.503102115038187,2.112627856874734,0.001443064600391852,,,-5.713881792136433,0.5012202381074988
-3.184836785873516,0.008121726860870343,-2.612419191863391,8.626519430986832,2.123035449493099,0.001627989785760667,,,-5.703474199518067,0.4333044100429336
-3.17442919325515,0.009289917185986625,-2.602011599245025,8.733828323127671,2.133443042111465,0.001831656741584278,,,-5.693066606899701,0.3735846232686869
-3.164021600636784,0.01059807298894556,-2.591604006626659,8.825470470551116,2.143850634729831,0.002055242892594003,,,-5.682659014281335,0.321230098210998
-3.153614008018418,0.01205852479550851,-2.581196414008293,8.903398716623569,2.154258227348197,0.002299900434849102,,,-5.672251421662969,0.2754703151582314
-3.143206415400052,0.01368403901288031,-2.570788821389927,8.9680614826183,2.164665819966563,0.00256674017747719,,,-5.661843829044603,0.2355942577179801
-3.132798822781687,0.01548773615296734,-2.560381228771561,9.016810742218414,2.175073412584929,0.002856814044616679,,,-5.651436236426237,0.2009490224968591
-3.12239123016332,0.01748299330480665,-2.549973636153195,9.047715785196631,2.185481005203295,0.003171096378990598,,,-5.641028643807871,0.1709379058908153
-3.111983637544955,0.01968333041828061,-2.539566043534829,9.060699116081929,2.195888597821661,0.003510464228947674,,,-5.630621051189506,0.1450180720685975
-3.101576044926589,0.02210228022065699,-2.529158450916464,9.055789284076655,2.206296190440027,0.003875676841708856,,,-5.62021345857114,0.1226978983431246
-3.091168452308223,0.02475324188411846,-2.518750858298098,9.033119767206177,2.216703783058393,0.004267354625961185,,,-5.609805865952773,0.1035340854884146
-3.080760859689857,0.02764931889348545,-2.508343265679732,8.992957086791591,2.227111375676758,0.004685957885754164,,,-5.599398273334407,0.08712861147668163
-3.070353267071491,0.03080314192469883,-2.497935673061366,8.935585489957566,2.237518968295125,0.005131765663710808,,,-5.588990680716042,0.07312559785020671
-3.059945674453125,0.03422667793086474,-2.487528080443,8.861484011655421,2.24792656091349,0.005604855063655084,,,-5.578583088097676,0.0612081487383501
-3.049538081834759,0.03793102703697755,-2.477120487824634,8.771139695329545,2.258334153531856,0.006105081449655781,,,-5.56817549547931,0.05109521357722178
-3.039130489216393,0.04192620925873655,-2.466712895206268,8.665182595703405,2.268741746150222,0.006632059938995329,,,-5.557767902860944,0.04253851604698668
-3.028722896598028,0.04622094347586827,-2.456305302587902,8.544306870258058,2.279149338768588,0.007185148619555964,,,-5.547360310242579,0.03531958373329283
-3.018315303979661,0.05082242149572657,-2.445897709969536,8.409282027896388,2.289556931386954,0.007763433926546928,,,-5.536952717624212,0.02924690563563484
-3.007907711361296,0.05573608042749406,-2.43549011735117,8.261552448571303,2.29996452400532,0.008367403125485786,,,-5.526545125005846,0.02415323794729245
-2.99750011874293,0.06096537693929057,-2.425082524732805,8.102013306852385,2.310372116623686,0.008992647607226168,,,-5.51613753238748,0.01989307255269812
-2.987092526124564,0.06651156727786689,-2.414674932114438,7.933399877180903,2.320779709242052,0.009638726279736979,,,-5.505729939769115,0.01634027743931434
-2.976684933506198,0.07237349718133201,-2.404267339496073,7.756674113504485,2.331187301860417,0.01030357698057676,,,-5.495322347150749,0.01338591369332252
-2.966277340887832,0.07854740599797833,-2.393859746877707,7.570444186843579,2.341594894478784,0.01098484510733304,,,-5.484914754532383,0.0109362299165771
-2.955869748269466,0.0850267755622728,-2.383452154259341,7.375736560056848,2.352002487097149,0.01167989115574168,,,-5.474507161914016,0.008910831728686244
-2.9454621556511,0.09180208715343059,-2.373044561640975,7.173603525407223,2.362410079715515,0.01238580291421042,,,-5.464099569295651,0.007241021455675412
-2.935054563032734,0.09886079977951291,-2.362636969022609,6.96748288131805,2.372817672333881,0.01309941244221229,,,-5.453691976677285,0.005868301101930619
-2.924646970414368,0.1061872141460744,-2.352229376404243,6.758438038036127,2.383225264952247,0.01381731787855578,,,-5.443284384058919,0.004743030197581147
-2.914239377796002,0.1137624045747552,-2.341821783785877,6.545151289763601,2.393632857570613,0.01453591003827123,,,-5.432876791440553,0.003827565677020513
-2.903831785177637,0.121564205047906,-2.331414191167511,6.328670291794732,2.404040450188979,0.0152514036655775,,,-5.422469198822188,0.003079013368023228
-2.89342419255927,0.1295672303234138,-2.321006598549145,6.110035082406777,2.414448042807345,0.01595987311711751,,,-5.412061606203821,0.002471123699842169
-2.883016599940905,0.1377429413600579,-2.310599005930779,5.890272107778762,2.424855635425711,0.0166572921565321,,,-5.401654013585455,0.00197908668893186
-2.872609007322539,0.1460597567480692,-2.300191413312414,5.670388471407654,2.435263228044077,0.01733957745072751,,,-5.391246420967089,0.001572436128922405
-2.862201414704173,0.1544832110687709,-2.289783820694048,5.451366436073943,2.445670820662443,0.01800263527215771,,,-5.380838828348724,0.001255701559690818
-2.851793822085807,0.1629761602703226,-2.279376228075682,5.234158205388952,2.456078413280808,0.01864241083231643,,,-5.370431235730358,0.0009109545785045441
-2.841386229467441,0.1714990332604605,-2.268968635457316,5.019681010900421,2.466486005899175,0.01925493960152841,,,-5.360023643111992,0.0006899105482094541
-2.830978636849075,0.1800101280008329,-2.25856104283895,4.808812529545907,2.47689359851754,0.01983639991097124,,,-5.349616050493625,0.0004371138454126472
-2.820571044230709,0.1884659494620451,-2.248153450220584,4.602386654840658,2.487301191135906,0.02038316608631708,,,-5.33920845787526,0.0002293099670122776
-2.810163451612343,0.1968215858861872,-2.237745857602218,4.401189643495735,2.497708783754272,0.0208918613298195,,,-5.328800865256894,9.097568692034527e-05
-2.799755858993977,0.2050311189274732,-2.227338264983852,4.205956657129815,2.508116376372638,0.02135940955007232,,,-5.28717049478343,0.0001548212526510531
-2.789348266375611,0.2130480624248219,-2.216930672365486,4.017368716331415,2.518523968991004,0.02178308533662766,,,-5.276762902165064,0.0001918079942163851
-2.778940673757246,0.2208258238252502,-2.20652307974712,3.836050081535805,2.52893156160937,0.02216056129033326,,,-5.266355309546698,0.0002370703363731988
-2.768533081138879,0.2283183247132422,-2.196115487128754,3.662566072014053,2.539339154227736,0.02248995194935302,,,-5.255947716928333,0.0002923231066789422
-2.758125488520514,0.2354799531665948,-2.185707894510388,3.497421330763042,2.549746746846102,0.02276985359464716,,,-5.245540124309967,0.0003596047550041201
-2.747717895902148,0.2422668048118816,-2.175300301892023,3.341101207276068,2.560154339464468,0.02299937927607195,,,-5.235132531691601,0.000495369405838849
-2.737310303283782,0.2486380497824564,-2.164892709273657,3.193940622222658,2.570561932082834,0.02317818846969664,,,-5.224724939073234,0.0006088450245491197
-2.726902710665416,0.2545514366800629,-2.154485116655291,3.056240214959931,2.580969524701199,0.0233065108565802,,,-5.214317346454869,0.0007466147739922019
-2.71649511804705,0.2599708984948405,-2.144077524036925,2.928341577866859,2.591377117319566,0.02341542568982912,,,-5.203909753836503,0.0009134795624395158
-2.706087525428684,0.2648643990633194,-2.133669931418559,2.810325634429498,2.601784709937931,0.02350610341100273,,,-5.193502161218137,0.001115099396125115
-2.695679932810318,0.2691981434408706,-2.123262338800193,2.702396136391187,2.612192302556297,0.02354981295390402,,,-5.183094568599771,0.001358128054410696
-2.685272340191952,0.2729473067350295,-2.112854746181827,2.604586814637177,2.622599895174663,0.02354869453948911,,,-5.172686975981406,0.001650365028327152
-2.674864747573586,0.2762142986474374,-2.102447153563461,2.516928227959763,2.633007487793029,0.02350549413146001,,,-5.16227938336304,0.002000926188191397
-2.66445715495522,0.2789803146808245,-2.092039560945095,2.439377650044776,2.643415080411395,0.0234235524995993,,,-5.151871790744673,0.002420434623406766
-2.654049562336855,0.2811049508968148,-2.081631968326729,2.371900185455234,2.653822673029761,0.02330678703339266,,,-5.141464198126307,0.002921233037992723
-2.643641969718489,0.2827241608874554,-2.071224375708363,2.314241646156614,2.664230265648127,0.0231596664275662,,,-5.131056605507942,0.003517618981792803
-2.633234377100123,0.2838310422074437,-2.060816783089997,2.266255715476659,2.674637858266493,0.02298717844529939,,,-5.120649012889576,0.00422610404220339
-2.622826784481757,0.2842758813352469,-2.050409190471632,2.227798794084182,2.685045450884858,0.02279479104166825,,,-5.11024142027121,0.005065697906896927
-2.612419191863391,0.2840603942929037,-2.040001597853266,2.198434479653367,2.695453043503225,0.02258840719847877,,,-5.099833827652844,0.006058217926525154
-2.602011599245025,0.283191137743911,-2.0295940052349,2.178152889983351,2.70586063612159,0.02237431388161953,,,-5.089426235034478,0.007228624450040724
-2.591604006626659,0.2817280228879362,-2.019186412616534,2.16669268989925,2.716268228739956,0.02215912558334981,,,-5.079018642416112,0.008605381766710165
-2.581196414008293,0.2797064344855827,-2.008778819998168,2.163419298290644,2.726675821358322,0.02194972295488444,,,-5.068611049797746,0.01022084396144111
-2.570788821389927,0.2771119575012308,-1.998371227379802,2.167838546265422,2.737083413976688,0.02175318706992587,,,-5.05820345717938,0.01211166436809634
-2.560381228771561,0.2739475804222711,-1.987963634761436,2.179517959056161,2.747491006595054,0.02157672988727808,,,-5.047795864561015,0.01431922658485015
-2.549973636153195,0.2702248436265107,-1.97755604214307,2.198007867257881,2.75789859921342,0.02142762151197822,,,-5.037388271942649,0.01689009419407897
-2.539566043534829,0.2659737377766315,-1.967148449524704,2.222845610338564,2.768306191831786,0.02131311484817399,,,-5.026980679324282,0.01987647540684231
-2.529158450916464,0.2612272996430369,-1.956740856906338,2.253559731450101,2.778713784450152,0.02124036829676268,,,-5.016573086705916,0.02333669783160795
-2.518750858298098,0.2560212230296396,-1.946333264287972,2.289674143757976,2.789121377068518,0.02121636712083618,,,-5.006165494087551,0.0273356874547406
-2.508343265679732,0.2503939101030203,-1.935925671669606,2.330712250582584,2.799528969686884,0.0212478441448186,,,-4.995757901469185,0.03194544472643007
-2.497935673061366,0.2443843550366719,-1.925518079051241,2.376201003585012,2.809936562305249,0.0213412004593251,,,-4.985350308850819,0.03724550938444627
-2.487528080443,0.2380345206209266,-1.915110486432875,2.425674884965677,2.820344154923616,0.02150242682264952,,,-4.974942716232453,0.04332340433825097
-2.477120487824634,0.231385956364028,-1.904702893814509,2.478716927525084,2.830751747541981,0.02173702646920429,,,-4.964535123614087,0.0502750476013655
-2.466712895206268,0.2244818133880008,-1.894295301196143,2.53482392924205,2.841159340160347,0.0220499400565475,,,-4.954127530995721,0.05820511992939054
-2.456305302587902,0.2173651648924794,-1.883887708577777,2.593605607889523,2.851566932778713,0.02244547350530575,,,-4.943719938377355,0.06722737452875931
-2.445897709969536,0.2100789505289428,-1.873480115959411,2.654665033398014,2.861974525397079,0.02292908824125239,,,-4.933312345758989,0.07746487398628765
-2.43549011735117,0.2026719031755239,-1.863072523341045,2.717631293559475,2.872382118015445,0.02350360463500149,,,-4.922904753140624,0.08905013847571501
-2.425082524732805,0.1951856603091047,-1.852664930722679,2.7821628058239,2.882789710633811,0.02416914347332945,,,-4.912497160522258,0.1021251883727869
-2.414674932114438,0.1876816380064021,-1.842257338104313,2.848216622254618,2.893197303252177,0.02492680629061864,,,-4.902089567903891,0.1168414637065621
-2.404267339496073,0.1801970044843825,-1.831849745485947,2.915516979519836,2.903604895870543,0.02577677137594881,,,-4.891681975285525,0.1333596024455579
-2.393859746877707,0.1727438303275989,-1.821442152867581,2.98355814519517,2.914012488488909,0.02671825628740142,,,-4.88127438266716,0.1518490595183178
-2.383452154259341,0.165357757093454,-1.811034560249215,3.052759591519012,2.924420081107275,0.02774948895332315,,,-4.870866790048794,0.1724875487539554
-2.373044561640975,0.1580726191557887,-1.80062696763085,3.122961196539192,2.93482767372564,0.02886768814101954,,,-4.860459197430428,0.1954602906521327
-2.362636969022609,0.1509528345014389,-1.790219375012484,3.193425524106181,2.945235266344007,0.03006905402471794,,,-4.850051604812062,0.2209590501027339
-2.352229376404243,0.1440280822006561,-1.779811782394118,3.265028191689526,2.955642858962372,0.0313487695166117,,,-4.839644012193696,0.2491809499160673
-2.341821783785877,0.1372932616855042,-1.769404189775752,3.337739535675381,2.966050451580738,0.0327010129359273,,,-4.82923641957533,0.2803270483293046
-2.331414191167511,0.1307737309068897,-1.758996597157386,3.411094784171266,2.976458044199104,0.03411898248040685,,,-4.818828826956964,0.3146006715479239
-2.321006598549145,0.1244928224783187,-1.74858900453902,3.485132316372859,2.98686563681747,0.03559493283225103,,,-4.808421234338598,0.3522054958731562
-2.310599005930779,0.118471871364299,-1.738181411920654,3.559548126828664,2.997273229435836,0.03712022407709076,,,-4.798013641720233,0.3933433780536642
-2.300191413312414,0.1127302570984764,-1.727773819302288,3.634477351584576,3.007680822054202,0.0386853829414574,,,-4.787606049101867,0.4382119371607
-2.289783820694048,0.1072854568906099,-1.717366226683922,3.710151679080249,3.018088414672568,0.04028017616386426,,,-4.777198456483501,0.4870018964807699
-2.279376228075682,0.1021531060682519,-1.706958634065556,3.786837315506351,3.028496007290934,0.04189369561019545,,,-4.766790863865134,0.5398941995882799
-2.268968635457316,0.09734706247299593,-1.69655104144719,3.864851510783781,3.038903599909299,0.04351445452960841,,,-4.756383271246769,0.597056920821842
-2.25856104283895,0.09287947168323581,-1.686143448828824,3.944567532279256,3.049311192527666,0.04513049412727794,,,-4.745975678628403,0.6586419967398655
-2.248153450220584,0.08876083025516752,-1.675735856210459,4.026405218587413,3.059718785146031,0.04672949941030929,,,-4.735568086010037,0.7247818116512431
-2.237745857602218,0.08500004454992727,-1.665328263592093,4.110811956638052,3.070126377764397,0.04829892304872287,,,-4.725160493391671,0.7955856768634871
-2.227338264983852,0.08160448313532977,-1.654920670973727,4.198285080872604,3.080533970382763,0.04982611579052559,,,-4.714752900773306,0.8711362497044411
-2.216930672365486,0.07858002120338826,-1.644513078355361,4.289397262875651,3.090941563001129,0.0512984617845605,,,-4.704345308154939,0.9514859444810991
-2.20652307974712,0.07593107591734005,-1.634105485736995,4.384754587034656,3.101349155619495,0.05270351700296698,,,-4.693937715536573,1.036653393155702
-2.196115487128754,0.07366063208215642,-1.623697893118629,4.484877542419682,3.111756748237861,0.05402914882224093,,,-4.683530122918207,1.126620018454406
-2.185707894510388,0.07177025800878181,-1.613290300500263,4.590347713766199,3.122164340856227,0.0552636747230749,,,-4.673122530299842,1.221326786185374
-2.175300301892023,0.07026267108913196,-1.602882707881897,4.701785489776428,3.132571933474593,0.05639599800865538,,,-4.662714937681476,1.320671206543485
-2.164892709273657,0.06913417311939415,-1.592475115263531,4.819849446723101,3.142979526092959,0.05741573842226562,,,-4.65230734506311,1.424504655941015
-2.154485116655291,0.06838068621386754,-1.582067522645165,4.946478981498197,3.153387118711325,0.05831335557020153,,,-4.641899752444743,1.532630091267354
-2.144077524036925,0.06800212090645727,-1.571659930026799,5.082271017255906,3.16379471132969,0.0590802631262905,,,-4.631492159826378,1.644800227309472
-2.133669931418559,0.06798883731112036,-1.561252337408434,5.227340289637212,3.174202303948057,0.05970893190960866,,,-4.621084567208012,1.760716245251323
-2.123262338800193,0.06833861037293767,-1.550844744790068,5.382233270706963,3.184609896566422,0.06019298008592788,,,-4.610676974589646,1.880027095643183
-2.112854746181827,0.06903815768901267,-1.540437152171702,5.546099450003203,3.195017489184788,0.06052724894333254,,,-4.60026938197128,2.002329452960366
-2.102447153563461,0.07007984115863679,-1.530029559553336,5.719336200571891,3.205425081803154,0.06070786292944496,,,-4.589861789352915,2.127168370869143
-2.092039560945095,0.07145231508802614,-1.51962196693497,5.902189344192527,3.21583267442152,0.06073227290678122,,,-4.579454196734548,2.254038677648797
-2.081631968326729,0.07314275314540164,-1.509214374316604,6.094809280769844,3.226240267039886,0.06068083642668762,,,-4.569046604116182,2.382387139995298
-2.071224375708363,0.07513682758478932,-1.498806781698238,6.297307350883061,3.236647859658252,0.06055305490150309,,,-4.558639011497816,2.511615410817508
-2.060816783089997,0.07741878146843559,-1.488399189079872,6.509855092477681,3.247055452276618,0.06026757222833293,,,-4.548231418879451,2.641083762843702
-2.050409190471632,0.07997144362252062,-1.477991596461506,6.732564455388873,3.257463044894984,0.05982593491837895,,,-4.537823826261085,2.770115595143459
-2.040001597853266,0.08277628197372545,-1.46758400384314,6.964540490637552,3.26787063751335,0.05923100928644959,,,-4.527416233642719,2.898002684338142
-2.0295940052349,0.08581476302776128,-1.457176411224774,7.205517275746477,3.278278230131716,0.05848693592933315,,,-4.517008641024352,3.024011136658002
-2.019186412616534,0.08906631932315598,-1.446768818606409,7.454979698235072,3.288685822750081,0.05759906780131792,,,-4.506601048405987,3.147597935807976
-2.008778819998168,0.09250762303429676,-1.436361225988043,7.71229188969933,3.299093415368448,0.05657389303937861,,,-4.496193455787621,3.267996491887453
-1.998371227379802,0.09611526588132613,-1.425953633369677,7.976706088655303,3.309501007986813,0.05541894395959125,,,-4.485785863169255,3.384224303278043
-1.987963634761436,0.09986550063378431,-1.415546040751311,8.247295118131085,3.319908600605179,0.05414269388264378,,,-4.475378270550889,3.495512629401979
-1.97755604214307,0.103733999158433,-1.405138448132945,8.523105708680971,3.330316193223545,0.05275444364452228,,,-4.464970677932524,3.601104859859803
-1.967148449524704,0.1076960509680675,-1.394730855514579,8.802976418044549,3.340723785841911,0.05126419980431107,,,-4.454563085314157,3.700264976950035
-1.956740856906338,0.1117267788110399,-1.384323262896213,9.085630548837411,3.351131378460277,0.04968254667149496,,,-4.444155492695791,3.792286026809246
-1.946333264287972,0.1158013691330078,-1.373915670277847,9.369814665076362,3.361538971078643,0.04802051433841074,,,-4.433747900077425,3.876498464161816
-1.935925671669606,0.1198953148091519,-1.363508077659481,9.654064267093116,3.371946563697009,0.04628944491908889,,,-4.42334030745906,3.952278233810634
-1.925518079051241,0.1239846671533377,-1.353100485041115,9.936930625538926,3.382354156315375,0.04450085916446067,,,-4.412932714840694,4.019054453003489
-1.915110486432875,0.1280462938698093,-1.342692892422749,10.21688727540913,3.39276174893374,0.04266632554782356,,,-4.402525122222328,4.076316562733759
-1.904702893814509,0.1320631844864542,-1.332285299804383,10.49238615338069,3.403169341552107,0.04079733379673112,,,-4.392117529603962,4.123620822860311
-1.894295301196143,0.1360058774398414,-1.321877707186018,10.76183040086163,3.413576934170472,0.03890517469228608,,,-4.381709936985596,4.160596035565346
-1.883887708577777,0.1398592762465414,-1.311470114567652,11.02365979619378,3.423984526788838,0.03700082776919689,,,-4.37130234436723,4.18694839393789
-1.873480115959411,0.143606161016864,-1.301062521949286,11.27633061245466,3.434392119407204,0.03509485833561498,,,-4.360894751748864,4.205434411933201
-1.863072523341045,0.1472313914416951,-1.29065492933092,11.51834684200112,3.44479971202557,0.03319732499688332,,,-4.350487159130498,4.215901602660723
-1.852664930722679,0.1507221226792792,-1.280247336712554,11.74828182903237,3.455207304643936,0.0313176986183604,,,-4.340079566512133,4.215290564926637
-1.842257338104313,0.1540749269674897,-1.269839744094188,11.96484355799103,3.465614897262302,0.02946479340597773,,,-4.329671973893767,4.203598438230813
-1.831849745485947,0.1572820551360656,-1.259432151475822,12.16679252875721,3.476022489880668,0.02764671052556972,,,-4.3192643812754,4.180909987663879
-1.821442152867581,0.160331580586464,-1.249024558857456,12.35503217312414,3.486430082499034,0.02587079442941206,,,-4.308856788657034,4.150012780088656
-1.811034560249215,0.1632872631505412,-1.23861696623909,12.53005530027657,3.4968376751174,0.02414360181649199,,,-4.298449196038669,4.111141387911593
-1.80062696763085,0.1661494893389757,-1.228209373620724,12.68897924423334,3.507245267735766,0.0224708829268857,,,-4.288041603420303,4.061974406255468
-1.790219375012484,0.1688553259807673,-1.217801781002358,12.83286598684387,3.517652860354131,0.02085708280287826,,,-4.277634010801937,4.002884336894819
-1.779811782394118,0.1715046811278744,-1.207394188383993,12.96124472362897,3.528060452972498,0.01930741886142705,,,-4.267226418183571,3.934316658632525
-1.769404189775752,0.1741058437950954,-1.196986595765627,13.07177535966899,3.538468045590863,0.01782460473200406,,,-4.256818825565205,3.856784204833327
-1.758996597157386,0.1765839462656212,-1.186579003147261,13.16438347962663,3.548875638209229,0.01641120747571534,,,-4.246411232946839,3.770860743792676
-1.74858900453902,0.1789503871393893,-1.176171410528895,13.23815899479755,3.559283230827595,0.01506905484010052,,,-4.236003640328473,3.677173874873664
-1.738181411920654,0.1812173671812014,-1.165763817910529,13.29347629484313,3.569690823445961,0.01379927466477504,,,-4.225596047710107,3.576397363959212
-1.727773819302288,0.1834012197211735,-1.155356225292163,13.33392227689775,3.580098416064327,0.01260234020136993,,,-4.215188455091742,3.469243049610809
-1.717366226683922,0.1855210335952277,-1.144948632673797,13.3603076644205,3.590506008682693,0.01147812016048476,,,-4.204780862473376,3.356452456267278
-1.706958634065556,0.1876056851216399,-1.134541040055431,13.37068795700901,3.600913601301059,0.01042593231108554,,,-4.194373269855009,3.23878825280459
-1.69655104144719,0.1896779277889585,-1.124133447437065,13.37088430640951,3.611321193919425,0.009444599493727085,,,-4.183965677236643,3.117025693835571
-1.686143448828824,0.1917652202238367,-1.113725854818699,13.36281193295358,3.621728786537791,0.008532506965339156,,,-4.173558084618278,2.99194417735751
-1.675735856210459,0.1938964202617763,-1.103318262200333,13.34336919118365,3.632136379156157,0.007687660066984675,,,-4.163150491999912,2.864319045927795
-1.665328263592093,0.1961006455738921,-1.092910669581967,13.31377669455683,3.642543971774522,0.0069077412937045,,,-4.152742899381546,2.734913749698054
-1.654920670973727,0.1984099087655711,-1.082503076963602,13.27595138045876,3.652951564392889,0.006190165943973888,,,-4.14233530676318,2.604472478656362
-1.644513078355361,0.2008545596116107,-1.072095484345236,13.23186471486619,3.663359157011254,0.005532135632115749,,,-4.131927714144814,2.473713358649936
-1.634105485736995,0.2034691277185073,-1.06168789172687,13.18359350001245,3.67376674962962,0.00493068905707866,,,-4.121520121526448,2.343322291556225
-1.623697893118629,0.206279343339423,-1.051280299108504,13.13343672514418,3.684174342247986,0.004382749532330741,,,-4.111112528908082,2.213947504728945
-1.613290300500263,0.2093136791060465,-1.040872706490138,13.08358739038809,3.694581934866352,0.003885168891549132,,,-4.100704936289716,2.086194858967608
-1.602882707881897,0.212601753082527,-1.030465113871772,13.03639833754039,3.704989527484718,0.003434767490919836,,,-4.090297343671351,1.960623948142832
-1.592475115263531,0.2161698018787027,-1.020057521253406,12.99419419257686,3.715397120103084,0.003028370129174331,,,-4.079889751052985,1.837745007639975
-1.582067522645165,0.2200636906982447,-1.00964992863504,12.95939619556277,3.72580471272145,0.002662837799316634,,,-4.069482158434618,1.718016633322185
-1.571659930026799,0.224304653429846,-0.9992423360166743,12.93406655254621,3.736212305339816,0.002335095270051154,,,-4.059074565816252,1.601844298089543
-1.561252337408434,0.2289075270350697,-0.9888347433983085,12.92051746795437,3.746619897958182,0.002042154569290325,,,-4.048666973197887,1.489579639612897
-1.550844744790068,0.2338876738307422,-0.9784271507799426,12.9225781087505,3.757027490576548,0.001781134506236047,,,-4.038259380579521,1.381520480692338
-1.540437152171702,0.239235549972339,-0.9680195581615766,12.94222398755793,3.767435083194913,0.00154927642215173,,,-4.027851787961155,1.277911533124348
-1.530029559553336,0.2449586918057214,-0.9576119655432107,12.9794430350091,3.777842675813279,0.001343956403127758,,,-4.017444195342789,1.178945727099522
-1.51962196693497,0.2510598786386304,-0.9472043729248448,13.03584890004375,3.788250268431645,0.001162664010298864,,,-4.007036602724424,1.084766101082609
-1.509214374316604,0.2575374882808667,-0.9367967803064789,13.11286320692536,3.798657861050011,0.001003135585000873,,,-3.996629010106057,0.9954681818849401
-1.498806781698238,0.2643857926628396,-0.926389187688113,13.21172626428589,3.809065453668377,0.0008631554094414957,,,-3.986221417487691,0.9111027812133781
-1.488399189079872,0.2716454569820433,-0.9159815950697471,13.33337762312552,3.819473046286743,0.0007406999390861298,,,-3.975813824869325,0.8316791333119785
-1.477991596461506,0.27930201331202,-0.9055740024513812,13.47858202586888,3.829880638905109,0.000634090749767181,,,-3.96540623225096,0.7571682983043341
-1.46758400384314,0.2872828649500251,-0.8951664098330152,13.64783793278399,3.840288231523475,0.0005412732370356177,,,-3.954998639632593,0.6875067573637462
-1.457176411224774,0.2955632876101212,-0.8847588172146493,13.84137554171832,3.850695824141841,0.0004609614292777069,,,-3.944591047014228,0.6226001287244294
-1.446768818606409,0.3041143079278302,-0.8743512245962834,14.05919538079753,3.861103416760207,0.0003914872262622558,,,-3.934183454395862,0.5623269376183729
-1.436361225988043,0.3129027680464146,-0.8639436319779175,14.30099927430021,3.871511009378573,0.0003316605047479525,,,-3.923775861777496,0.5065423782833334
-1.425953633369677,0.3218925035605074,-0.8535360393595516,14.56622373879891,3.881918601996939,0.000280311691137319,,,-3.91336826915913,0.4550820120341729
-1.415546040751311,0.3310430193467553,-0.8431284467411857,14.85409619929265,3.892326194615304,0.000236391201485151,,,-3.902960676540764,0.4077653518175285
-1.405138448132945,0.340311202039187,-0.8327208541228198,15.16353136350871,3.90273378723367,0.00019896175786478,,,-3.892553083922398,0.3643992904782229
-1.394730855514579,0.3496513689145112,-0.8223132615044538,15.49324617647567,3.913141379852036,0.0001671906135865648,,,-3.882145491304032,0.3247813369641544
-1.384323262896213,0.3590157284803023,-0.811905668886088,15.84170183110879,3.923548972470402,0.0001403418327443266,,,-3.871737898685666,0.2887026317077736
-1.373915670277847,0.3683549188187512,-0.8014980762677221,16.20715502125406,3.933956565088768,0.0001177687472712056,,,-3.8613303060673,0.2559507192873283
-1.363508077659481,0.377618535795351,-0.7910904836493561,16.58995647644791,3.944364157707134,9.890669359681269e-05,,,-3.850922713448934,0.2263120630504618
-1.353100485041115,0.3867557020435109,-0.7806828910309902,16.98797079376044,4.142108417456086,0.0001112386817983656,,,-3.840515120830569,0.1995742925590016
-1.342692892422749,0.3957156460545893,-0.7702752984126243,17.39659846649152,4.152516010074453,0.0001282478655813065,,,-3.830107528212203,0.1755281803920548
-1.332285299804383,0.4044482864587624,-0.7598677057942583,17.81339986655317,4.162923602692818,0.0001497263408061238,,,-3.819699935593837,0.1539693499528791
-1.321877707186018,0.4129048126906525,-0.7494601131758925,18.23583011626588,4.173331195311184,0.0001743303861820675,,,-3.809292342975471,0.1346997204137673
-1.311470114567652,0.4210382531386107,-0.7390525205575266,18.66126584782402,4.18373878792955,0.0002024299625620766,,,-3.798884750357105,0.117528698773785
-1.301062521949286,0.4288040219562452,-0.7286449279391607,19.08703286777696,4.194146380547916,0.0002344246754833034,,,-3.788477157738739,0.1022741321875475
-1.29065492933092,0.4361604359726725,-0.7182373353207947,19.51043440663146,4.204553973166282,0.0002707439016321208,,,-3.778069565120373,0.08876303625758111
-1.280247336712554,0.4430691935706397,-0.7078297427024288,19.93017978176108,4.214961565784648,0.0003118465032163317,,,-3.767661972502007,0.07683211689154337
-1.269839744094188,0.4494958080024161,-0.6974221500840629,20.34468655664959,4.225369158403014,0.0003582200701823918,,,-3.757254379883641,0.06632810464463081
-1.259432151475822,0.4554099883693427,-0.687014557465697,20.74992905275255,4.23577675102138,0.0004103796304082712,,,-3.746846787265275,0.05710792124283652
-1.249024558857456,0.460909863319835,-0.6766069648473311,21.14227766920876,4.246184343639746,0.0004688657696111765,,,-3.73643919464691,0.04903869826782146
-1.23861696623909,0.466069784415967,-0.6661993722289652,21.52221002760889,4.256591936258111,0.0005342421059085508,,,-3.726031602028543,0.04199766783757389
-1.228209373620724,0.4707470500196807,-0.6557917796105992,21.88739341605887,4.266999528876477,0.000607092068915859,,,-3.715624009410178,0.03587194460012351
-1.217801781002358,0.4749467486089533,-0.6453841869922333,22.23280843365048,4.277407121494844,0.0006880149400837756,,,-3.705216416791812,0.03055821753249648
-1.207394188383993,0.4786587489284206,-0.6349765943738674,22.55642853532399,4.287814714113209,0.0007776211197631351,,,-3.694808824173446,0.02596236896498082
-1.196986595765627,0.4818977820257726,-0.6245690017555016,22.86118390624816,4.298222306731575,0.0008765265972877634,,,-3.68440123155508,0.02199903699024102
-1.186579003147261,0.4846622195895481,-0.6141614091371356,23.14546679386579,4.308629899349941,0.0009853466131813766,,,-3.673993638936714,0.01859113602274879
-1.176171410528895,0.4868181209146873,-0.6037538165187697,23.40322844270022,4.319037491968307,0.001104688517365404,,,-3.663586046318348,0.01566934879657811
-1.165763817910529,0.4883729927304979,-0.5933462239004038,23.63333391956104,4.329445084586673,0.001235143843846329,,,-3.653178453699982,0.01317160157369002
-1.155356225292163,0.4893396251557321,-0.5829386312820378,23.83490703116637,4.339852677205039,0.001377279640601913,,,-3.642770861081616,0.01104253281948623
-1.144948632673797,0.4897349680855292,-0.5725310386636719,24.00850168407796,4.350260269823405,0.001531629113002355,,,-3.63236326846325,0.009232964120780427
-1.134541040055431,0.4895798231763055,-0.5621234460453061,24.15375657538447,4.360667862441771,0.001698681659760056,,,-3.621955675844884,0.007699380700638312
-1.124133447437065,0.4888994349758754,-0.5517158534269402,24.27704919686156,4.371075455060137,0.001878872401695154,,,-3.611548083226519,0.006403427546253591
-1.113725854818699,0.4877223993146933,-0.5413082608085742,24.378467468159,4.381483047678502,0.002072571325062445,,,-3.601140490608152,0.005344675891082298
-1.103318262200333,0.4860801362981065,-0.5309006681902083,24.45065890646502,4.391890640296868,0.002280072182279172,,,-3.590732897989787,0.004436054023216294
-1.092910669581967,0.4840068008084505,-0.5204930755718424,24.49414616345974,4.402298232915234,0.00250158131304391,,,-3.580325305371421,0.003675063997839109
-1.082503076963602,0.4815385085881396,-0.5100854829534764,24.51182986577208,4.4127058255336,0.00273720656742978,,,-3.569917712753055,0.003097523707100884
-1.072095484345236,0.4787128259915613,-0.4996778903351106,24.50525153388334,4.423113418151966,0.002987022385533166,,,-3.559510120134689,0.002593780116524658
-1.06168789172687,0.4755682543612706,-0.4892702977167447,24.47336914207481,4.433521010770332,0.003250776387579381,,,-3.549102527516323,0.002188011629056606
-1.051280299108504,0.4721436830739188,-0.4788627050983787,24.41921841573438,4.443928603388698,0.003528279228738329,,,-3.538694934897957,0.001867659154339242
-1.040872706490138,0.4684778357265272,-0.4684551124800128,24.34656159397886,4.454336196007064,0.003819144449527391,,,-3.528287342279591,0.001622568970562577
-1.030465113871772,0.464608751964181,-0.4580475198616469,24.25452000879237,4.464743788625429,0.004122840827734287,,,-3.517879749661225,0.001469881949837333
-1.020057521253406,0.460573285200764,-0.447639927243281,24.14389204848421,4.475151381243796,0.004438686461618613,,,-3.507472157042859,0.001427342990518523
-1.00964992863504,0.4564066388782742,-0.4372323346249151,24.01629288388702,4.485558973862162,0.004765844493762042,,,-3.497064564424493,0.001444936326577031
-0.9992423360166743,0.4521418869909767,-0.4268247420065492,23.87176610848482,4.495966566480528,0.005103320678955216,,,-3.486656971806128,0.001487765352498422
-0.9888347433983085,0.4478096290893824,-0.4164171493881832,23.71197124000155,4.506374159098893,0.005449962979438202,,,-3.476249379187761,0.001597136690565255
-0.9784271507799426,0.443681856656485,-0.4060095567698174,23.53915695190924,4.516781751717259,0.005804463345121299,,,-3.465841786569396,0.001777164056714235
-0.9680195581615766,0.439781158898751,-0.3956019641514514,23.35493036123319,4.527189344335625,0.006165361805325464,,,-3.45543419395103,0.002034316842934908
-0.9576119655432107,0.4358804949834738,-0.3851943715330856,23.16023278320486,4.537596936953991,0.006531052962485013,,,-3.445026601332664,0.002377576733575392
-0.9472043729248448,0.431993543354058,-0.3747867789147196,22.95652235589164,4.548004529572357,0.006899794937702939,,,-3.434619008714298,0.002770386980106449
-0.9367967803064789,0.4281303542339839,-0.3643791862963537,22.74515332155276,4.558412122190723,0.007269720773755903,,,-3.424211416095932,0.003334326474982
-0.926389187688113,0.4242973155708959,-0.3539715936779878,22.52735780085563,4.568819714809089,0.00763885225397513,,,-3.413803823477566,0.004026562838524607
-0.9159815950697471,0.4204970623196468,-0.3435640010596219,22.30635258201167,4.579227307427455,0.008005116046376879,,,-3.4033962308592,0.004869145770851665
-0.9055740024513812,0.4167290277274942,-0.333156408441256,22.08599783620043,4.58963490004582,0.008366362032587858,,,-3.392988638240834,0.005888120539385112
-0.8951664098330152,0.4129888199962792,-0.3227488158228901,21.86486354811587,4.600042492664187,0.008720383631695026,,,-3.382581045622469,0.007071499305822474
-0.8847588172146493,0.409267866800884,-0.3123412232045241,21.64060460377791,4.610450085282553,0.009064939881385544,,,-3.372173453004102,0.008549052463693262
-0.8743512245962834,0.4055580113783527,-0.3019336305861582,21.41359842276457,4.620857677900919,0.009397778993886432,,,-3.361765860385737,0.01032110687663464
-0.8639436319779175,0.4018446252363723,-0.2915260379677923,21.18396908518085,4.631265270519284,0.009716663063510066,,,-3.351358267767371,0.01241358986060009
-0.8535360393595516,0.3981104701902639,-0.2811184453494264,20.95187021366278,4.64167286313765,0.01001939356714607,,,-3.340950675149005,0.01494153332228351
-0.8431284467411857,0.3943411205470251,-0.2707108527310605,20.71710846781266,4.652080455756016,0.01030383727024144,,,-3.330543082530639,0.01788102678261139
-0.8327208541228198,0.3905149885050256,-0.2603032601126946,20.47946588178224,4.662488048374382,0.01056795212882856,,,-3.320135489912273,0.02134347644458983
-0.8223132615044538,0.3866115493583965,-0.2498956674943287,20.23853423605901,4.672895640992748,0.01080981276493474,,,-3.309727897293907,0.02541053911393369
-0.811905668886088,0.3826088956359971,-0.2394880748759627,19.99381186083042,4.683303233611114,0.01102763508768881,,,-3.299320304675541,0.03017444009183172
-0.8014980762677221,0.3784848230111081,-0.2290804822575968,19.74465102218029,4.69371082622948,0.01121979963672954,,,-3.288912712057175,0.03578892915069549
-0.7910904836493561,0.3742196847351699,-0.2186728896392309,19.49048145322069,4.704118418847846,0.01138487323793826,,,-3.278505119438809,0.042283731852977
-0.7806828910309902,0.3697916126466301,-0.208265297020865,19.23177505872454,4.714526011466211,0.01152162858402062,,,-3.268097526820443,0.04982869936061737
-0.7702752984126243,0.3651769412496081,-0.1978577044024991,18.96767495130332,4.724933604084577,0.0116290613836797,,,-3.257689934202078,0.05856906588472965
-0.7598677057942583,0.3603558282151977,-0.1874501117841332,18.69626572766733,4.735341196702944,0.01170640476244649,,,-3.247282341583711,0.06866579410842305
-0.7494601131758925,0.3553100459633973,-0.1770425191657673,18.4166722809439,4.74574878932131,0.01175314064483342,,,-3.236874748965346,0.08029655769156346
-0.7390525205575266,0.3500233404776512,-0.1666349265474014,18.12811662762126,4.756156381939675,0.01177832614939645,,,-3.22646715634698,0.09365666706817846
-0.7286449279391607,0.3444817563822605,-0.1562273339290355,17.83219442605741,4.766563974558041,0.01178188626014046,,,-3.216059563728614,0.108959914314539
-0.7182373353207947,0.3386739231726089,-0.1458197413106695,17.53056626097727,4.776971567176407,0.01176119092354538,,,-3.205651971110248,0.1264393104311355
-0.7078297427024288,0.3327675688068146,-0.1354121486923036,17.22030518822228,4.787379159794773,0.01171656390921042,,,-3.195244378491882,0.146347686131248
-0.6974221500840629,0.3268588643729285,-0.1250045560739377,16.90090131420372,4.797786752413139,0.01164196147583499,,,-3.184836785873516,0.1689581252472744
-0.687014557465697,0.3207655135175802,-0.1145969634555718,16.57192942481672,4.808194345031505,0.01153816946286633,,,-3.17442919325515,0.1945641982441438
-0.6766069648473311,0.3143808673147744,-0.1041893708372059,16.23073587515629,4.818601937649871,0.01140621917526854,,,-3.164021600636784,0.2234799621619595
-0.6661993722289652,0.3077092683314281,-0.09378177821883998,15.877154796794,4.829009530268237,0.01124737482508253,,,-3.153614008018418,0.2560396926944055
-0.6557917796105992,0.3007537059468401,-0.08337418560047406,15.5167211338881,4.839417122886602,0.01106311792304274,,,-3.143206415400052,0.2925973141417264
-0.6453841869922333,0.2935173200783256,-0.07296659298210816,15.14953316461797,4.849824715504968,0.01085512888636807,,,-3.132798822781687,0.333525493749867
-0.6349765943738674,0.2860095403820814,-0.06255900036374225,14.77185819732917,4.860232308123335,0.01062526617557975,,,-3.12239123016332,0.3792143685463139
-0.6245690017555016,0.2782839370551116,-0.05215140774537633,14.38402656345481,4.870639900741701,0.01037554331279606,,,-3.111983637544955,0.4300698752833562
-0.6141614091371356,0.2703564097587421,-0.04174381512701042,13.98500368754025,4.881047493360066,0.01010810416564772,,,-3.101576044926589,0.4865116575616947
-0.6037538165187697,0.2622064375791691,-0.03133622250864451,13.57540900436403,4.891455085978432,0.009825196904210408,,,-3.091168452308223,0.5489705286742537
-0.5933462239004038,0.2538555757731528,-0.02092862989027859,13.1560438524849,4.901862678596798,0.009529147052857302,,,-3.080760859689857,0.6178854742026375
-0.5829386312820378,0.2453277671452174,-0.01052103727191268,12.72784447542738,4.912270271215164,0.00922233006462907,,,-3.070353267071491,0.6937001849126736
-0.5725310386636719,0.2366490346553656,-0.0001134446535467678,12.29326625746276,4.92267786383353,0.008907143842763284,,,-3.059945674453125,0.7768591179983596
-0.5621234460453061,0.2278462915382246,0.01029414796481914,11.85386721055395,4.933085456451896,0.008585981622801768,,,-3.049538081834759,0.867803093152009
-0.5517158534269402,0.2189514094866737,0.02070174058318506,11.40948740677288,4.943493049070262,0.008261205609780388,,,-3.039130489216393,0.9669644391966365
-0.5413082608085742,0.209993466387855,0.03110933320155097,10.96103654403689,4.953900641688628,0.007935121739150973,,,-3.028722896598028,1.074761716975275
-0.5309006681902083,0.2010023517235071,0.04151692581991688,10.50988607810768,4.964308234306993,0.007612706963621089,,,-3.018315303979661,1.191594054688272
-0.5204930755718424,0.1920091013230147,0.05192451843828279,10.05745058520758,4.974715826925359,0.007291318531367667,,,-3.007907711361296,1.317835142708618
-0.5100854829534764,0.1830618783728131,0.06233211105664871,9.605169971880885,4.985123419543726,0.006975158422536839,,,-2.99750011874293,1.4538269458622
-0.4996778903351106,0.1741910214436513,0.07273970367501462,9.154491787678994,4.995531012162091,0.006666131682529108,,,-2.987092526124564,1.599873201983376
-0.4892702977167447,0.165408712777419,0.08314729629338054,8.706853943554835,5.005938604780457,0.006365997383220772,,,-2.976684933506198,1.75623278597392
-0.4788627050983787,0.1567432717347473,0.09355488891174644,8.26366811721163,5.016346197398823,0.006076357551295329,,,-2.966277340887832,1.923113028317338
-0.4684551124800128,0.1482218683595802,0.1039624815301124,7.826304100183171,5.026753790017189,0.005798648989842566,,,-2.955869748269466,2.100687962491445
-0.4580475198616469,0.1398698264675349,0.1143700741484783,7.396075310968194,5.037161382635555,0.005534138062861875,,,-2.9454621556511,2.289007291708138
-0.447639927243281,0.1317104085484616,0.1247776667668442,6.974225664996133,5.047568975253921,0.005283918472313953,,,-2.935054563032734,2.488090201724547
-0.4372323346249151,0.1237650835462402,0.1351852593852101,6.561880724967833,5.057976567872287,0.005048912019876541,,,-2.924646970414368,2.697880707366981
-0.4268247420065492,0.1160531594415863,0.145592852003576,6.160194652098974,5.068384160490653,0.004829872311013247,,,-2.914239377796002,2.918234412923827
-0.4164171493881832,0.1085916755185198,0.1560004446219419,5.770092837340289,5.078791753109019,0.00462739132764082,,,-2.903831785177637,3.14892035638777
-0.4060095567698174,0.1013953307246675,0.1664080372403078,5.392442001141423,5.089199345727384,0.004441908767703997,,,-2.89342419255927,3.389617060973557
-0.3956019641514514,0.09447644711095642,0.1768156298586737,5.027998134247504,5.09960693834575,0.004273724025312335,,,-2.883016599940905,3.639909429804236
-0.3851943715330856,0.08784496675475266,0.1872232224770397,4.677403489743662,5.110014530964116,0.004123010663595661,,,-2.872609007322539,3.899286584825869
-0.3747867789147196,0.08150848005860069,0.1976308150954056,4.341185257331218,5.120422123582482,0.003989833213805894,,,-2.862201414704173,4.167140740537562
-0.3643791862963537,0.07547228288468504,0.2080384077137715,4.019755837494859,5.130829716200848,0.003874166118041091,,,-2.851793822085807,4.44276719017028
-0.3539715936779878,0.06973945964283521,0.2184460003321374,3.713391851854138,5.141237308819214,0.003775914618819801,,,-2.841386229467441,4.725365466679178
-0.3435640010596219,0.06431098918960527,0.2288535929505033,3.422315564686506,5.15164490143758,0.003694937386060399,,,-2.830978636849075,5.014041723564876
-0.333156408441256,0.05918587021571375,0.2392611855688692,3.146621352382339,5.162052494055946,0.003631070660261157,,,-2.820571044230709,5.307812361412604
-0.3227488158228901,0.0543592488923774,0.2496687781872351,2.886271064642719,5.172460086674311,0.003584153679269119,,,-2.810163451612343,5.605608905499489
-0.3123412232045241,0.04982949569810613,0.260076370805601,2.641107927446995,5.182867679292678,0.003556681409309806,,,-2.799755858993977,5.906284118288815
-0.3019336305861582,0.04559149685756893,0.270483963423967,2.411040252086709,5.193275271911044,0.003544028924619001,,,-2.789348266375611,6.208619308569844
-0.2915260379677923,0.04163401647015444,0.2808915560423328,2.195733212748115,5.20368286452941,0.003548306526828787,,,-2.778940673757246,6.511332776908481
-0.2811184453494264,0.03795267845959943,0.2912991486606988,1.994840925684274,5.214090457147775,0.003569677734492988,,,-2.768533081138879,6.813114192780989
-0.2707108527310605,0.03453333282973957,0.3017067412790647,1.8078790075291,5.224498049766141,0.003608455249444266,,,-2.758125488520514,7.112542188422085
-0.2603032601126946,0.03137050588551728,0.3121143338974306,1.634552559704084,5.234905642384507,0.003665130165586358,,,-2.747717895902148,7.408226620360564
-0.2498956674943287,0.02845034206571535,0.3225219265157965,1.474257479258277,5.245313235002873,0.003740400722929407,,,-2.737310303283782,7.698800373744446
-0.2394880748759627,0.02576128029671232,0.3329295191341624,1.326448333692239,5.255720827621239,0.003835200282233201,,,-2.726902710665416,7.982718783010375
-0.2290804822575968,0.02329138176255257,0.3433371117525283,1.19055008584942,5.266128420239605,0.003957163621604302,,,-2.71649511804705,8.258600736157959
-0.2186728896392309,0.02102850107996356,0.3537447043708943,1.065946829282154,5.276536012857971,0.004096616245881266,,,-2.706087525428684,8.525184574630863
-0.208265297020865,0.01896103051781399,0.3641522969892602,0.9520689419776992,5.286943605476337,0.00426050173620795,,,-2.695679932810318,8.780832128629987
-0.1978577044024991,0.01707672362401919,0.3745598896076261,0.8481489151123099,5.297351198094702,0.004451046558893251,,,-2.685272340191952,9.024478379881689
-0.1874501117841332,0.01536280359987334,0.384967482225992,0.7538405711609988,5.307758790713069,0.004670849313328128,,,-2.674864747573586,9.256200555130723
-0.1770425191657673,0.01380736606140884,0.3953750748443579,0.6683703332187559,5.318166383331435,0.004922900238693797,,,-2.66445715495522,9.474901685554311
-0.1666349265474014,0.01239881247574708,0.4057826674627238,0.5911309349200946,5.328573975949801,0.005210597814080537,,,-2.654049562336855,9.677827113353931
-0.1562273339290355,0.01112635520810542,0.4161902600810897,0.5214931777587264,5.338981568568166,0.005537762084283276,,,-2.643641969718489,9.86634823826498
-0.1458197413106695,0.009979529607510369,0.4265978526994557,0.458947398302967,5.349389161186532,0.005912316886360654,,,-2.633234377100123,10.03949851984676
-0.1354121486923036,0.008947564911748595,0.4370054453178215,0.4029138267307201,5.359796753804898,0.006338920692717979,,,-2.622826784481757,10.19398295060102
-0.1250045560739377,0.008020301338374411,0.4474130379361875,0.3528074488734468,5.370204346423264,0.006818968404691757,,,-2.612419191863391,10.32905112001057
-0.1145969634555718,0.00718845193359262,0.4578206305545534,0.3081653629811311,5.38061193904163,0.007357963789327484,,,-2.602011599245025,10.4440820862751
-0.1041893708372059,0.006443282914775326,0.4682282231729193,0.2685408974123554,5.391019531659996,0.007961839619877606,,,-2.591604006626659,10.53980469736953
-0.09378177821883998,0.005776622066401295,0.4786358157912852,0.2334039937105805,5.401427124278362,0.008636945225892959,,,-2.581196414008293,10.61911175983401
-0.08337418560047406,0.005181369869377583,0.4890434084096511,0.2023848264161385,5.411834716896728,0.009390028743890673,,,-2.570788821389927,10.68296725363607
-0.07296659298210816,0.004650469811304495,0.499451001028017,0.1750512480122877,5.422242309515093,0.01022821396298233,,,-2.560381228771561,10.7279744261037
-0.06255900036374225,0.004176897529728113,0.509858593646383,0.1510321268905487,5.43264990213346,0.0111589717351569,,,-2.549973636153195,10.75168570888851
-0.05215140774537633,0.003750699607045472,0.5202661862647489,0.1299741604724236,5.443057494751826,0.0121900860029035,,,-2.539566043534829,10.75422790114177
-0.04174381512701042,0.003375198721855178,0.5306737788831147,0.1115823602113847,5.453465087370192,0.0133296145860858,,,-2.529158450916464,10.73587472558385
-0.03133622250864451,0.003040410302253774,0.5410813715014807,0.095553938616285,5.463872679988557,0.0145858449635957,,,-2.518750858298098,10.6970446803515
-0.02092862989027859,0.002741851045930098,0.5514889641198466,0.08162355645869437,5.474280272606923,0.01596724538108191,,,-2.508343265679732,10.63836473944299
-0.01052103727191268,0.002475468591832504,0.5618965567382125,0.0695497638550933,5.484687865225289,0.01749215824782974,,,-2.497935673061366,10.56041548432088
-0.0001134446535467678,0.002237614969991846,0.5723041493565785,0.05911373394892491,5.495095457843655,0.01915236307514211,,,-2.487528080443,10.46412853251787
0.01029414796481914,0.002025019230340666,0.5827117419749444,0.05008342873109965,5.505503050462021,0.02096433226793121,,,-2.477120487824634,10.35037151254584
0.02070174058318506,0.001834759746286236,0.5931193345933102,0.04230994879885488,5.515910643080387,0.02293684432213314,,,-2.466712895206268,10.22025600899343
0.03110933320155097,0.001664236620070371,0.6035269272116761,0.03569631698216768,5.526318235698753,0.02507859458191578,,,-2.456305302587902,10.0749642117068
0.04151692581991688,0.00151114454652129,0.6139345198300421,0.03004074554536085,5.536725828317119,0.02739813642966612,,,-2.445897709969536,9.915779549340371
0.05192451843828279,0.001373446438956199,0.624342112448408,0.02521761554516426,5.547133420935484,0.02991867073399846,,,-2.43549011735117,9.744691624715982
0.06233211105664871,0.001249348062178611,0.6347497050667739,0.02111557743758122,5.55754101355385,0.03262257027668196,,,-2.425082524732805,9.563153748018543
0.07273970367501462,0.001137273864891677,0.6451572976851399,0.0176362861750689,5.567948606172217,0.03552949817258579,,,-2.414674932114438,9.374520900235929
0.08314729629338054,0.001035844156697675,0.6555648903035057,0.01469319129992138,5.578356198790583,0.03865512446848308,,,-2.404267339496073,9.180314496525211
0.09355488891174644,0.0009438537321858102,0.6659724829218716,0.0122103897192951,5.588763791408948,0.04199288478094024,,,-2.393859746877707,8.979731193379168
0.1039624815301124,0.0008602520067512337,0.6763800755402376,0.01012154659006278,5.599171384027314,0.0455561083882555,,,-2.383452154259341,8.774414712123368
0.1143700741484783,0.0007841246956628186,0.6867876681586035,0.008368887756223303,5.60957897664568,0.04935143968530378,,,-2.373044561640975,8.566043842416587
0.1247776667668442,0.0007146770393538142,0.6971952607769694,0.006902265463692747,5.619986569264046,0.0533851289594405,,,-2.362636969022609,8.358742858359097
0.1351852593852101,0.0006511763709641917,0.7076028533953352,0.005678297617339419,5.630394161882412,0.05766303168346845,,,-2.352229376404243,8.154213446669116
0.145592852003576,0.0005931161603858617,0.7180104460137012,0.004638965556191136,5.640801754500778,0.06219061763666714,,,-2.341821783785877,7.95172596615335
0.1560004446219419,0.0005399214574888222,0.7284180386320671,0.003797789561998495,5.651209347119144,0.06700396156437224,,,-2.331414191167511,7.752970045079664
0.1664080372403078,0.0004911380184657016,0.738825631250433,0.003101264129836748,5.66161693973751,0.07205416750086896,,,-2.321006598549145,7.559626711469762
0.1768156298586737,0.0004463690070965234,0.749233223868799,0.002526063734618483,5.672024532355875,0.07737047364245357,,,-2.310599005930779,7.373360292261881
0.1872232224770397,0.0004052664893502782,0.7596408164871649,0.002052329582044434,5.682432124974241,0.08295743285637475,,,-2.300191413312414,7.19581040461571
0.1976308150954056,0.000367524024632498,0.7700484091055307,0.001625618900947746,5.692839717592608,0.08881999724382968,,,-2.289783820694048,7.028584014627476
0.2080384077137715,0.000332870261141762,0.7804560017238966,0.001277138443268291,5.703247310210974,0.09496248369089434,,,-2.279376228075682,6.873247536368539
0.2184460003321374,0.0002981984267873583,0.7908635943422626,0.00103125618148485,5.713654902829339,0.1013898389061992,,,-2.268968635457316,6.731318943713213
0.2288535929505033,0.0002679622918275465,0.8012711869606285,0.0007924809582009595,5.724062495447705,0.1081068378193627,,,-2.25856104283895,6.60425986892599
0.2392611855688692,0.0002420692615664872,0.8116787795789944,0.0006373226921796497,5.734470088066071,0.1151187051602297,,,-2.248153450220584,6.493467665444511
0.2496687781872351,0.000218254980324811,0.8220863721973604,0.0005112114745883477,5.744877680684437,0.1224311021890217,,,-2.237745857602218,6.400267417692345
0.260076370805601,0.0001963196297905685,0.8324939648157262,0.0004089896205403962,5.755285273302803,0.1300502560840682,,,-2.227338264983852,6.325903888017502
0.270483963423967,0.0001763012440017371,0.8429015574340921,0.0002361729340621085,5.765692865921169,0.1379830951380357,,,-2.216930672365486,6.271533399869802
0.2808915560423328,0.000157992540761695,0.8533091500524581,0.0001889697308350722,5.776100458539535,0.1462373886969978,,,-2.20652307974712,6.238215666950607
0.2912991486606988,0.0001412826539905727,0.863716742670824,0.0001247413318943708,5.786508051157901,0.1548218907730012,,,-2.196115487128754,6.226905590097172
0.3017067412790647,0.0001254246876030975,0.8741243352891899,9.9568389916848e-05,5.796915643776266,0.1637464862672743,,,-2.185707894510388,6.238445056859285
0.3121143338974306,0.0001117353529825135,1.300835632642192,0.000104401668142472,5.807323236394632,0.1730223387501079,,,-2.175300301892023,6.273605485283482
0.3225219265157965,9.930973181159901e-05,1.311243225260558,0.0001190544807093275,5.817730829012999,0.1826620387456915,,,-2.164892709273657,6.332924202128667
1.040645817183044,0.0001081123268073829,1.321650817878924,0.0001353966766589506,5.828138421631365,0.1926797514558668,,,-2.154485116655291,6.416837980995546
1.05105340980141,0.000131921235728814,1.33205841049729,0.0001535656974820117,5.83854601424973,0.2031005483336873,,,-2.144077524036925,6.525760009327298
1.061461002419776,0.0001605381151048486,1.342466003115656,0.0001737018248611696,5.848953606868096,0.2139262641638898,,,-2.133669931418559,6.659718970330357
1.071868595038142,0.000194834365176882,1.352873595734022,0.0001959469454944176,5.859361199486462,0.225183998106749,,,-2.123262338800193,6.818802279910712
1.082276187656508,0.0002358179797639296,1.363281188352388,0.000220443129176785,5.869768792104828,0.236895783330477,,,-2.112854746181827,7.002804697038696
1.092683780274874,0.0002846506766847851,1.373688780970754,0.0002473310202017561,5.880176384723193,0.2490859461271566,,,-2.102447153563461,7.211416349277894
1.10309137289324,0.000342666366178064,1.38409637358912,0.0002767480459019189,5.89058397734156,0.2619144190081917,,,-2.092039560945095,7.444134382982787
1.113498965511606,0.0004113909087367514,1.394503966207485,0.0003088264502992781,5.900991569959926,0.275409390689811,,,-2.081631968326729,7.700346027002243
1.123906558129972,0.0004925630768345655,1.404911558825851,0.0003436911653220052,5.911399162578292,0.2894674186832117,,,-2.071224375708363,7.979079927923714
1.134314150748338,0.0005881565924783462,1.415319151444217,0.0003814575367920096,5.921806755196657,0.3041210010211087,,,-2.060816783089997,8.279353967852462
1.144721743366704,0.0007004030643600108,1.425726744062583,0.0004222289273060206,5.932214347815023,0.3194054744343839,,,-2.050409190471632,8.600056243169631
1.15512933598507,0.0008318155947531554,1.436134336680949,0.0004660942231156389,5.942621940433389,0.335359077083451,,,-2.040001597853266,8.93964213839511
1.165536928603435,0.0009852127675444584,1.446541929299315,0.0005131252770387171,5.953029533051756,0.3520229799065976,,,-2.0295940052349,9.297819240259713
1.175944521221801,0.001163742665468629,1.456949521917681,0.0005633743241731571,5.963437125670121,0.3694412808063852,,,-2.019186412616534,9.673273232213653
1.186352113840167,0.001370906497530642,1.467357114536047,0.0006168714115933102,5.973844718288487,0.3876609554707042,,,-2.008778819998168,10.06290702251662
1.196759706458533,0.001610581347817093,1.477764707154413,0.0006736218871414399,5.984252310906853,0.4067317582897004,,,-1.998371227379802,10.46427983879747
1.207167299076899,0.001887041485765209,1.488172299772779,0.0007336039957332152,5.994659903525219,0.426706066614924,,,-1.987963634761436,10.87522205333476
1.217574891695265,0.002204977607106148,1.498579892391145,0.0007967666341306963,6.005067496143584,0.4476386615446354,,,-1.97755604214307,11.29344837658459
1.227982484313631,0.002569513306048382,1.508987485009511,0.0008630273167600668,6.015475088761951,0.4695864385404567,,,-1.967148449524704,11.71657450020178
1.238390076931997,0.002986218015013295,1.519395077627876,0.0009322704057382528,6.025882681380317,0.4926192553207303,,,-1.956740856906338,12.14213551077752
1.248797669550363,0.00346111559082918,1.529802670246242,0.001004345657714046,6.036290273998683,0.5167776266651338,,,-1.946333264287972,12.56760592883833
1.259205262168729,0.004000687678401805,1.540210262864608,0.001079067138339447,6.046697866617048,0.5421312299095918,,,-1.935925671669606,12.99042119090661
1.269612854787095,0.004611870947351269,1.550617855482974,0.001156212552106916,6.057105459235414,0.5687410877553669,,,-1.925518079051241,13.40800035735645
1.28002044740546,0.005302047276885934,1.56102544810134,0.001235523030890642,6.06751305185378,0.5966676783413559,,,-1.915110486432875,13.8177697963588
1.290428040023826,0.006079025962257597,1.571433040719706,0.001316703418822115,6.077920644472147,0.6259701278096239,,,-1.904702893814509,14.21723854461174
1.300835632642192,0.006951017035431709,1.581840633338072,0.001399423084156726,6.088328237090512,0.6567053107775861,,,-1.894295301196143,14.60383279641893
1.311243225260558,0.007926594835876502,1.592248225956438,0.001483317280631976,6.098735829708878,0.6889268621646829,,,-1.883887708577777,14.97518915886113
1.321650817878924,0.009014651037116276,1.602655818574804,0.00156798907160131,6.109143422327244,0.7228762627115087,,,-1.873480115959411,15.32901016279233
1.33205841049729,0.01022433643300348,1.61306341119317,0.001653011820110612,6.11955101494561,0.7584837146725054,,,-1.863072523341045,15.66312838280131
1.342466003115656,0.01156499091612097,1.623471003811536,0.001737932237262475,6.129958607563975,0.7957256902813279,,,-1.852664930722679,15.9755294950266
1.352873595734022,0.01304606124026492,1.633878596429901,0.001822273969914068,6.140366200182342,0.8346255536556418,,,-1.842257338104313,16.26557846686541
1.363281188352388,0.01467700634975144,1.644286189048267,0.001905541697231862,6.150773792800708,0.8751749267278954,,,-1.831849745485947,16.53162112293158
1.373688780970754,0.01646719027963229,1.654693781666633,0.001987225694155622,6.161181385419074,0.9174021528367914,,,-1.821442152867581,16.77100253033544
1.38409637358912,0.018425762881121,1.665101374284999,0.002072868879786088,6.171588978037439,0.9613057212960041,,,-1.811034560249215,16.98551990634222
1.394503966207485,0.02056152890289783,1.675508966903365,0.002151444689597455,6.181996570655805,1.006871685416795,,,-1.80062696763085,17.17417162860544
1.404911558825851,0.02288280625765935,1.685916559521731,0.002227279652220129,6.192404163274171,1.054384324133276,,,-1.790219375012484,17.33316877525844
1.415319151444217,0.02539727461937366,1.696324152140097,0.002299954345957572,6.202811755892538,1.103799087429344,,,-1.779811782394118,17.46924441419343
1.425726744062583,0.02811181582415962,1.706731744758463,0.002369082875387415,6.213219348510903,1.154741749154341,,,-1.769404189775752,17.5821032869451
1.436134336680949,0.03103234787945986,1.717139337376829,0.002434322676389793,6.223626941129269,1.207133795862749,,,-1.758996597157386,17.67165533408743
1.446541929299315,0.03416365471420794,1.727546929995195,0.002495384874267076,6.234034533747635,1.260880184726658,,,-1.74858900453902,17.7380110053113
1.456949521917681,0.03750921411819232,1.737954522613561,0.00255204517777782,6.244442126366001,1.31586906855542,,,-1.738181411920654,17.7743506797426
1.467357114536047,0.04107102661237588,1.748362115231927,0.002604155298162947,6.254849718984366,1.371971752490967,,,-1.727773819302288,17.78126439825394
1.477764707154413,0.04484944825373875,1.758769707850292,0.002651654889937577,6.265257311602732,1.429042905225739,,,-1.717366226683922,17.75965045132201
1.488172299772779,0.04884303059835771,1.769177300468658,0.002694584019029852,6.275664904221099,1.486920984825138,,,-1.706958634065556,17.71065074082499
1.498579892391145,0.05304837121518158,1.779584893087024,0.002733096173335946,6.286072496839465,1.545429266146956,,,-1.69655104144719,17.63563933888236
1.508987485009511,0.0574599782510726,1.78999248570539,0.002767471840392208,6.29648008945783,1.604395808432779,,,-1.686143448828824,17.53622703790439
1.519395077627876,0.06207015258675911,1.800400078323756,0.002798132686006536,6.306887682076196,1.66358312470285,,,-1.675735856210459,17.414232782822
1.529802670246242,0.06686889108615821,1.810807670942122,0.002825656375617526,6.317295274694562,1.722791359880549,,,-1.665328263592093,17.2716434571524
1.540210262864608,0.07184381432235648,1.821215263560488,0.002854438526704464,6.327702867312928,1.781796317356078,,,-1.654920670973727,17.11062168473638
1.550617855482974,0.0769801219584694,1.831622856178854,0.002885386503997516,6.338110459931294,1.840366940556421,,,-1.644513078355361,16.9335324318726
1.56102544810134,0.08226057866881244,1.84203044879722,0.002915936862934149,6.34851805254966,1.898267892363892,,,-1.634105485736995,16.74285788177634
1.571433040719706,0.08766553310579107,1.852438041415586,0.002947396478374247,6.358925645168026,1.955262386845857,,,-1.623697893118629,16.54103008859175
1.581840633338072,0.09317297195362097,1.862845634033952,0.00298131562176069,6.369333237786392,2.011115242514411,,,-1.613290300500263,16.33060602722728
1.592248225956438,0.09875861056695723,1.873253226652317,0.003019508327477874,6.379740830404757,2.065596120078051,,,-1.602882707881897,16.11421211795725
1.602655818574804,0.1043960210788772,1.883660819270683,0.003064073585855752,6.390148423023123,2.118494081189605,,,-1.592475115263531,15.89452270128993
1.61306341119317,0.1100567981890752,1.894068411889049,0.00311741730973234,6.40055601564149,2.169579332450679,,,-1.582067522645165,15.67725086010507
1.623471003811536,0.1157107621226115,1.904476004507415,0.003182274982328016,6.410963608259856,2.219137469127535,,,-1.571659930026799,15.46494931311368
1.633878596429901,0.1213261974972552,1.914883597125781,0.003261734846743896,6.421371200878221,2.266988326051766,,,-1.561252337408434,15.25917628534983
1.644286189048267,0.1268701260702911,1.925291189744147,0.003359261441615306,6.431778793496587,2.312498252467662,,,-1.550844744790068,15.06229657486119
1.654693781666633,0.1323086105719408,1.935698782362513,0.00348512914850048,6.442186386114953,2.355531072087792,,,-1.540437152171702,14.87383602466931
1.665101374284999,0.1376386237100063,1.946106374980879,0.003632519705943253,6.452593978733319,2.396020860594461,,,-1.530029559553336,14.69583362875537
1.675508966903365,0.1427706846828104,1.956513967599245,0.003811293367104208,6.463001571351685,2.433820111172158,,,-1.51962196693497,14.5300751483734
1.685916559521731,0.14769527876958,1.966921560217611,0.004026751979283684,6.473409163970051,2.469639435709998,,,-1.509214374316604,14.37814368962005
1.696324152140097,0.1523786490747818,1.977329152835977,0.004284706324316151,6.483816756588417,2.503468788671908,,,-1.498806781698238,14.24147052976821
1.706731744758463,0.1567880240933137,1.987736745454342,0.004591497685333001,6.494224349206783,2.53461194725158,,,-1.488399189079872,14.12234035884179
1.717139337376829,0.1608920321294682,1.998144338072708,0.00495401693512342,6.504631941825148,2.563519086718248,,,-1.477991596461506,14.02194451442198
1.727546929995195,0.1646611134688601,2.008551930691074,0.005379720390209891,6.515039534443514,2.590290384338868,,,-1.46758400384314,13.93939661519431
1.737954522613561,0.1680679241789104,2.01895952330944,0.005876641602769678,6.525447127061881,2.61469110084143,,,-1.457176411224774,13.87525023401609
1.748362115231927,0.1710877254943281,2.029367115927806,0.006453398200098659,6.535854719680247,2.636874867868694,,,-1.446768818606409,13.82967999755419
1.758769707850292,0.1736987529644948,2.039774708546172,0.007119192831816203,6.546262312298612,2.657072700969563,,,-1.436361225988043,13.80262307272158
1.769177300468658,0.1758825598968613,2.050182301164538,0.007883807251931106,6.556669904916978,2.675542653045658,,,-1.425953633369677,13.79377486533721
1.779584893087024,0.1776243301173791,2.060589893782904,0.008757588549704549,6.567077497535344,2.692593727506474,,,-1.415546040751311,13.80254883862743
1.78999248570539,0.1789131556745076,2.07099748640127,0.009751426553310204,6.57748509015371,2.710028478169359,,,-1.405138448132945,13.82822235980891
1.800400078323756,0.1797422758225133,2.081405079019636,0.01087672146670771,6.587892682772076,2.728204745666119,,,-1.394730855514579,13.86976075777086
1.810807670942122,0.1801092744141067,2.091812671638002,0.01214534086563293,6.598300275390442,2.745983764026389,,,-1.384323262896213,13.92591940819147
1.821215263560488,0.1802590121007697,2.102220264256367,0.01356956527535532,6.608707868008808,2.763798078355808,,,-1.373915670277847,13.99539052967942
1.831622856178854,0.1801962094016616,2.112627856874734,0.01516202168238083,6.619115460627174,2.781961842750539,,,-1.363508077659481,14.07657439839738
1.84203044879722,0.1796855374523201,2.123035449493099,0.01693560449529617,6.629523053245539,2.80092723486284,,,-1.353100485041115,14.16781474264971
1.852438041415586,0.1787392166257114,2.133443042111465,0.01890338366623124,6.639930645863905,2.821114050502725,,,-1.342692892422749,14.26731325265693
1.862845634033952,0.1773742665714736,2.143850634729831,0.02107849991268392,6.650338238482271,2.842953388870332,,,-1.332285299804383,14.37319385375719
1.873253226652317,0.1756124918856037,2.154258227348197,0.02347404723729004,6.660745831100638,2.866842470533538,,,-1.321877707186018,14.48348326274833
1.883660819270683,0.1734804271463035,2.164665819966563,0.02610294322691849,6.671153423719003,2.893193514731027,,,-1.311470114567652,14.59620468975873
1.894068411889049,0.1710092441270573,2.175073412584929,0.02897778791739139,6.681561016337369,2.922392749649318,,,-1.301062521949286,14.70936514802254
1.904476004507415,0.1682346245473774,2.185481005203295,0.03211071233012963,6.691968608955735,2.954802451947792,,,-1.29065492933092,14.82099415357402
1.914883597125781,0.1651966021364629,2.195888597821661,0.03551321811491941,6.702376201574101,2.990754921609766,,,-1.280247336712554,14.92917244694492
1.925291189744147,0.1619393780502291,2.206296190440027,0.03919601006056206,6.712783794192466,3.030546734237946,,,-1.269839744094188,15.03210993347259
1.935698782362513,0.1585321378663653,2.216703783058393,0.04316882355331477,6.723191386810833,3.074433374280973,,,-1.259432151475822,15.12805359393098
1.946106374980879,0.1549903510214712,2.227111375676758,0.04744024936198941,6.733598979429199,3.12262904504999,,,-1.249024558857456,15.21778135964869
1.956513967599245,0.1513862231124734,2.237518968295125,0.05201755839818478,6.744006572047565,3.175315422486592,,,-1.23861696623909,15.30151108711414
1.966921560217611,0.1477787184490578,2.24792656091349,0.05690652933010654,6.75441416466593,3.232548557035652,,,-1.228209373620724,15.37547213137563
1.977329152835977,0.1442298561453021,2.258334153531856,0.06211128210873176,6.764821757284296,3.294846162715837,,,-1.217801781002358,15.44056615802999
1.987736745454342,0.1408044584214374,2.268741746150222,0.06763412058624209,6.775229349902662,3.36219475623004,,,-1.207394188383993,15.49585116463352
1.998144338072708,0.1375698967225015,2.279149338768588,0.0734753874601947,6.785636942521029,3.434072581402974,,,-1.196986595765627,15.53815774334311
2.008551930691074,0.1345958365598183,2.289556931386954,0.07963333475567477,6.796044535139394,3.510342453712734,,,-1.186579003147261,15.56698264754345
2.01895952330944,0.1319539810818854,2.29996452400532,0.08611428671254748,6.80645212775776,3.590807810737783,,,-1.176171410528895,15.58083839849745
2.029367115927806,0.1297178124592297,2.310372116623686,0.09289420238228525,6.816859720376126,3.675212258854355,,,-1.165763817910529,15.57972705498927
2.039774708546172,0.1279623292584169,2.320779709242052,0.09997270217574437,6.827267312994492,3.763251354397656,,,-1.155356225292163,15.5671154126997
2.050182301164538,0.1267637771203404,2.331187301860417,0.1073389564468721,6.837674905612857,3.854561696287044,,,-1.144948632673797,15.5435035264591
2.060589893782904,0.1261993692840961,2.341594894478784,0.1149797654249505,6.848082498231224,3.948735649622707,,,-1.134541040055431,15.5064529541668
2.07099748640127,0.126346992846215,2.352002487097149,0.122879585450502,6.85849009084959,4.045323868085375,,,-1.124133447437065,15.46168711859482
2.081405079019636,0.1272848961497918,2.362410079715515,0.1310205868698813,6.868897683467956,4.143841310029996,,,-1.113725854818699,15.41100967617624
2.091812671638002,0.1290913523899017,2.372817672333881,0.1393827439160086,6.879305276086321,4.243773905563386,,,-1.103318262200333,15.35095479181476
2.102220264256367,0.1318442944271029,2.383225264952247,0.1479439562633527,6.889712868704687,4.344585768610402,,,-1.092910669581967,15.28251504550943
2.112627856874734,0.1356209159408036,2.393632857570613,0.1566802012872978,6.900120461323053,4.445726835327726,,,-1.082503076963602,15.20747220920234
2.123035449493099,0.1404972344434639,2.404040450188979,0.1655657153994348,6.91052805394142,4.546640799615058,,,-1.072095484345236,15.1276874277528
2.133443042111465,0.1465476123223863,2.414448042807345,0.1745732021901287,6.920935646559785,4.646826232052375,,,-1.06168789172687,15.04515926074044
2.143850634729831,0.1538442329776696,2.424855635425711,0.1836740645072542,6.931343239178151,4.745664174772967,,,-1.051280299108504,14.96213508562369
2.154258227348197,0.1624565302737532,2.435263228044077,0.1928386570543026,6.941750831796517,4.842640340962127,,,-1.040872706490138,14.88077187331675
2.164665819966563,0.1724505709001556,2.445670820662443,0.202036555620108,6.952158424414883,4.937811495413763,,,-1.030465113871772,14.8034075757491
2.175073412584929,0.183888390818026,2.456078413280808,0.2112368386724792,6.962566017033248,5.030706563705583,,,-1.020057521253406,14.73236624022664
2.185481005203295,0.1968272887179947,2.466486005899175,0.2204083767728429,6.972973609651615,5.120347159805326,,,-1.00964992863504,14.67008262857822
2.195888597821661,0.2113190812884664,2.47689359851754,0.2295201251093789,6.983381202269981,5.206344020517464,,,-0.9992423360166743,14.61863869694009
2.206296190440027,0.2274093270417151,2.487301191135906,0.2385414144091876,6.993788794888347,5.288359518770489,,,-0.9888347433983085,14.58037741625529
2.216703783058393,0.2451365274114315,2.497708783754272,0.2474422355789128,7.004196387506712,5.366112186410924,,,-0.9784271507799426,14.55983321549685
2.227111375676758,0.2645313157585084,2.508116376372638,0.2561935136367355,7.014603980125078,5.43942379128949,,,-0.9680195581615766,14.55901323160429
2.237518968295125,0.2856156467373046,2.518523968991004,0.2647673668311026,7.025011572743444,5.508059313377764,,,-0.9576119655432107,14.57726113416819
2.24792656091349,0.3084020001165108,2.52893156160937,0.2731373472828761,7.03541916536181,5.575129350214842,,,-0.9472043729248448,14.61621519364443
2.258334153531856,0.3328926145517176,2.539339154227736,0.2812786600235034,7.045826757980176,5.640553482219618,,,-0.9367967803064789,14.67731800821586
2.268741746150222,0.3590787679082647,2.549746746846102,0.2891683579142351,7.056234350598542,5.701950381244354,,,-0.926389187688113,14.76182571362205
2.279149338768588,0.386940121475234,2.560154339464468,0.2967855105990228,7.066641943216908,5.760514934957365,,,-0.9159815950697471,14.87067120765729
2.289556931386954,0.4164441457439821,2.570561932082834,0.3041113463427133,7.077049535835274,5.815531301076488,,,-0.9055740024513812,15.00465400966373
2.29996452400532,0.4475888273470097,2.580969524701199,0.3111293663110158,7.087457128453639,5.86598571106977,,,-0.8951664098330152,15.16424518067161
2.310372116623686,0.4802411275420403,2.591377117319566,0.3181189218781019,7.097864721072005,5.912060996124589,,,-0.8847588172146493,15.34961801358781
2.320779709242052,0.514364109756985,2.601784709937931,0.3250659139532121,7.108272313690372,5.953988506119414,,,-0.8743512245962834,15.56083110719736
2.331187301860417,0.5498736455514448,2.612192302556297,0.3316628606680697,7.118679906308738,5.992037544777483,,,-0.8639436319779175,15.79749802308136
2.341594894478784,0.5866724957052863,2.622599895174663,0.3378983347413628,7.129087498927103,6.02653057842953,,,-0.8535360393595516,16.05890333702635
2.352002487097149,0.6246505833200111,2.633007487793029,0.3437635267149567,7.139495091545469,6.057802660637802,,,-0.8431284467411857,16.34444052268998
2.362410079715515,0.6636854460948449,2.643415080411395,0.3492522773226027,7.149902684163835,6.086218412250401,,,-0.8327208541228198,16.65271448274449
2.372817672333881,0.7036428716958404,2.653822673029761,0.3543610901963637,7.160310276782201,6.112158287496999,,,-0.8223132615044538,16.98260542723542
2.383225264952247,0.7443777165758172,2.664230265648127,0.3590891265262693,7.170717869400567,6.136011190501356,,,-0.811905668886088,17.33234641644134
2.393632857570613,0.7857349048440441,2.674637858266493,0.3634381832418078,7.181125462018933,6.158208044836382,,,-0.8014980762677221,17.70009680814335
2.404040450188979,0.8275505999229933,2.685045450884858,0.3674126561293941,7.191533054637299,6.17911868915354,,,-0.7910904836493561,18.08624527979662
2.414448042807345,0.8696535378687602,2.695453043503225,0.3710194890481278,7.201940647255665,6.199048959961079,,,-0.7806828910309902,18.48854349011889
2.424855635425711,0.9118665074798487,2.70586063612159,0.3742681100721953,7.21234823987403,6.218397035611089,,,-0.7702752984126243,18.90212937549569
2.435263228044077,0.9540079587850449,2.716268228739956,0.3771703549919564,7.222755832492396,6.238425941265168,,,-0.7598677057942583,19.32443981601408
2.445670820662443,0.9958937182915815,2.726675821358322,0.3797403781706156,7.233163425110763,6.259427858510972,,,-0.7494601131758925,19.75280381543657
2.456078413280808,1.037338786589902,2.737083413976688,0.3819945503058658,7.243571017729129,6.280720082903486,,,-0.7390525205575266,20.18447067532487
2.466486005899175,1.078159191641306,2.747491006595054,0.3839512829467587,7.253978610347494,6.302517274103971,,,-0.7286449279391607,20.61663907059073
2.47689359851754,1.118173869396295,2.75789859921342,0.3856311468570207,7.26438620296586,6.32499541319559,,,-0.7182373353207947,21.04648668312543
2.487301191135906,1.157206542364591,2.768306191831786,0.3870563272028278,7.274793795584226,6.348290572102399,,,-0.7078297427024288,21.47285503630544
2.497708783754272,1.195087566423434,2.778713784450152,0.3882507377877125,7.285201388202592,6.372498624719798,,,-0.6974221500840629,21.8942122068766
2.508116376372638,1.231655716528286,2.789121377068518,0.3892397583101477,7.295608980820958,6.397735427219132,,,-0.687014557465697,22.30615908696307
2.518523968991004,1.266759883076367,2.799528969686884,0.3900500245646407,7.306016573439324,6.423916100182126,,,-0.6766069648473311,22.70478158205781
2.52893156160937,1.300260652442156,2.809936562305249,0.3907091946207898,7.31642416605769,6.451612132909725,,,-0.6661993722289652,23.0907648176857
2.539339154227736,1.332031747606157,2.820344154923616,0.3912456896907708,7.326831758676056,6.480770176244886,,,-0.6557917796105992,23.46164698304301
2.549746746846102,1.361961307763027,2.830751747541981,0.3916884089134855,7.337239351294421,6.510801007100754,,,-0.6453841869922333,23.81206628668598
2.560154339464468,1.389952989232782,2.841159340160347,0.3920664179532633,7.347646943912787,6.541543704364185,,,-0.6349765943738674,24.13985418288037
2.570561932082834,1.415926873802377,2.851566932778713,0.3924086121178588,7.358054536531154,6.572876300374816,,,-0.6245690017555016,24.44810570544799
2.580969524701199,1.439820174675378,2.861974525397079,0.3930536870350034,7.36846212914952,6.60466654798878,,,-0.6141614091371356,24.73512162968944
2.591377117319566,1.463114603064765,2.872382118015445,0.3940265767680382,7.378869721767885,6.638772695625634,,,-0.6037538165187697,24.99460916875817
2.601784709937931,1.4857705346979,2.882789710633811,0.3950380883437281,7.389277314386251,6.675027584496489,,,-0.5933462239004038,25.2253894526942
2.612192302556297,1.506227258414927,2.893197303252177,0.3961077368294235,7.399684907004617,6.711232928785065,,,-0.5829386312820378,25.42655284932646
2.622599895174663,1.524469309955687,2.903604895870543,0.3972530602506817,7.410092499622983,6.747254934698866,,,-0.5725310386636719,25.59866560080175
2.633007487793029,1.540499614637205,2.914012488488909,0.3984892627005456,7.420500092241348,6.782909006226274,,,-0.5621234460453061,25.74133768558767
2.643415080411395,1.554339304629325,2.924420081107275,0.3998288607719129,7.430907684859715,6.818064437569141,,,-0.5517158534269402,25.86131621923649
2.653822673029761,1.566027351302137,2.93482767372564,0.4012813406794907,7.441315277478081,6.852629303046706,,,-0.5413082608085742,25.95867070640925
2.664230265648127,1.575620024011183,2.945235266344007,0.4028528340938458,7.451722870096447,6.887266204698397,,,-0.5309006681902083,26.02567642133747
2.674637858266493,1.583190188360593,2.955642858962372,0.4045458211623755,7.462130462714812,6.921892904941593,,,-0.5204930755718424,26.0628678797652
2.685045450884858,1.58882645810613,2.966050451580738,0.4063588694095296,7.472538055333178,6.95576623213784,,,-0.5100854829534764,26.0734264628817
2.695453043503225,1.59263221543121,2.976458044199104,0.408286417167444,7.482945647951544,6.988930627742552,,,-0.4996778903351106,26.05891447274128
2.70586063612159,1.594724514375059,2.98686563681747,0.4103186098726596,7.493353240569911,7.022142853252847,,,-0.4892702977167447,26.0180498130012
2.716268228739956,1.595232881762091,2.997273229435836,0.4124411969683697,7.503760833188276,7.055478485138233,,,-0.4788627050983787,25.95394695126222
2.726675821358322,1.594298029144892,3.007680822054202,0.4146354962779268,7.514168425806642,7.088421296782439,,,-0.4684551124800128,25.87043910449068
2.737083413976688,1.592070488117431,3.018088414672568,0.416878431577238,7.524576018425008,7.121109898625027,,,-0.4580475198616469,25.76662431964087
2.747491006595054,1.588705233981602,3.028496007290934,0.4191426477140168,7.534983611043374,7.156155872348409,,,-0.447639927243281,25.64328821702533
2.75789859921342,1.584376832555846,3.038903599909299,0.4213967060325417,7.545391203661739,7.193778756864353,,,-0.4372323346249151,25.50207622666767
2.768306191831786,1.579251505499077,3.049311192527666,0.4236053611037524,7.555798796280106,7.231802648238867,,,-0.4268247420065492,25.34306196400287
2.778713784450152,1.573504273629431,3.059718785146031,0.4257299178793392,7.566206388898472,7.270483516262425,,,-0.4164171493881832,25.16793423351464
2.789121377068518,1.567312331796157,3.070126377764397,0.4277286664376212,7.576613981516838,7.310605851020399,,,-0.4060095567698174,24.97897331992986
2.799528969686884,1.560853406988465,3.080533970382763,0.4295573895249046,7.587021574135203,7.352460075371023,,,-0.3956019641514514,24.77781300609538
2.809936562305249,1.554304089446819,3.090941563001129,0.4311699361770595,7.597429166753569,7.39583736764943,,,-0.3851943715330856,24.56541611633509
2.820344154923616,1.547838141204553,3.101349155619495,0.4325188528905639,7.607836759371935,7.441042000648946,,,-0.3747867789147196,24.34326398815825
2.830751747541981,1.54162478703032,3.111756748237861,0.4335560621565824,7.618244351990302,7.488378964167111,,,-0.3643791862963537,24.11273227038795
2.841159340160347,1.535826993782832,3.122164340856227,0.4342335767280927,7.628651944608667,7.538178703591247,,,-0.3539715936779878,23.87507277091813
2.851566932778713,1.530599745707801,3.132571933474593,0.4345042368053061,7.639059537227033,7.590678230587361,,,-0.3435640010596219,23.63380815567977
2.861974525397079,1.527106189201593,3.142979526092959,0.4343224564378648,7.649467129845399,7.646175558447337,,,-0.333156408441256,23.39310045923322
2.872382118015445,1.525471946705141,3.153387118711325,0.4336449648841209,7.659874722463765,7.705151190721575,,,-0.3227488158228901,23.15123440162747
2.882789710633811,1.524783557660127,3.16379471132969,0.4324315284589718,7.67028231508213,7.769311663988702,,,-0.3123412232045241,22.9055937096549
2.893197303252177,1.52513106145077,3.174202303948057,0.4306456385525699,7.680689907700497,7.838611360991969,,,-0.3019336305861582,22.65656187196659
2.903604895870543,1.526588794298444,3.184609896566422,0.428255152012197,7.691097500318863,7.911698156168949,,,-0.2915260379677923,22.40425585057413
2.914012488488909,1.529214130490514,3.195017489184788,0.4252328709373746,7.701505092937229,7.988687531396786,,,-0.2811184453494264,22.14885668865823
2.924420081107275,1.533046324667263,3.205425081803154,0.4215570501220997,7.711912685555594,8.069630994960109,,,-0.2707108527310605,21.8901660833871
2.93482767372564,1.538105478090059,3.21583267442152,0.4172118218565057,7.72232027817396,8.154564889275763,,,-0.2603032601126946,21.62798377830098
2.945235266344007,1.544391653463263,3.226240267039886,0.4126849252631552,7.732727870792326,8.243439749158844,,,-0.2498956674943287,21.36191200398064
2.955642858962372,1.551884163891603,3.236647859658252,0.4079691162413965,7.743135463410693,8.336205124770366,,,-0.2394880748759627,21.09146624495555
2.966050451580738,1.560541061805183,3.247055452276618,0.4025623554229195,7.753543056029058,8.43275609601927,,,-0.2290804822575968,20.81601581930985
2.976458044199104,1.570298853081713,3.257463044894984,0.3964667707803424,7.763950648647424,8.532946795250041,,,-0.2186728896392309,20.53502288175743
2.98686563681747,1.581072460074779,3.26787063751335,0.3896912908323996,7.77435824126579,8.636591723198366,,,-0.208265297020865,20.24931622693
2.997273229435836,1.592755454785871,3.278278230131716,0.3822515659071496,7.784765833884156,8.74346754181494,,,-0.1978577044024991,19.9580664861023
3.007680822054202,1.605220580000031,3.288685822750081,0.3741697841331817,7.795173426502521,8.853315281001498,,,-0.1874501117841332,19.65906141881983
3.018088414672568,1.618320571880254,3.299093415368448,0.3654743867193174,7.805581019120887,8.965846437627787,,,-0.1770425191657673,19.35146248398967
3.028496007290934,1.631889292361066,3.309501007986813,0.3561996890997536,7.815988611739254,9.080775821499822,,,-0.1666349265474014,19.0345304318249
3.038903599909299,1.645743173808252,3.319908600605179,0.3463854163450177,7.82639620435762,9.197681756452399,,,-0.1562273339290355,18.71000307021032
3.049311192527666,1.659682971962919,3.330316193223545,0.3360761628272068,7.836803796975985,9.316225248400542,,,-0.1458197413106695,18.37966942670405
3.059718785146031,1.673495816334433,3.340723785841911,0.3253207874462348,7.847211389594351,9.438609894897573,,,-0.1354121486923036,18.04055651201056
3.070126377764397,1.686957540141018,3.351131378460277,0.3141717567462172,7.857618982212717,9.565193423446571,,,-0.1250045560739377,17.6921904577378
3.080533970382763,1.699835264827018,3.361538971078643,0.3026844489607162,7.868026574831083,9.692958872220288,,,-0.1145969634555718,17.33420265945412
3.090941563001129,1.711890207328563,3.371946563697009,0.2909164324147109,7.878434167449449,9.820563893692359,,,-0.1041893708372059,16.96393629364696
3.101349155619495,1.722880671832203,3.382354156315375,0.2789267317812655,7.888841760067815,9.947530056584839,,,-0.09378177821883998,16.58128665461338
3.111756748237861,1.732565181984712,3.39276174893374,0.2667750954522072,7.899249352686181,10.07334462112682,,,-0.08337418560047406,16.19191957757058
3.122164340856227,1.740705704563087,3.403169341552107,0.2545212767529877,7.909656945304547,10.19750542929572,,,-0.07296659298210816,15.79599690442155
3.132571933474593,1.747070911677056,3.413576934170472,0.2422243409378149,7.920064537922912,10.31952879020383,,,-0.06255900036374225,15.38978159903498
3.142979526092959,1.751439425799254,3.423984526788838,0.229942008873742,7.930472130541278,10.43889082942355,,,-0.05215140774537633,14.97365674378183
3.153387118711325,1.753602990415086,3.434392119407204,0.2177300470982163,7.940879723159645,10.55722363246428,,,-0.04174381512701042,14.54667499737661
3.16379471132969,1.753369508931604,3.44479971202557,0.2056417125537117,7.951287315778011,10.67402997441663,,,-0.03133622250864451,14.1095039966309
3.174202303948057,1.750565895718929,3.455207304643936,0.1937272588077863,7.961694908396376,10.78793186618534,,,-0.02092862989027859,13.6630053932136
3.184609896566422,1.745040685773036,3.465614897262302,0.1820335090003362,7.972102501014742,10.89941173456254,,,-0.01052103727191268,13.20817346180525
3.195017489184788,1.736666353437233,3.476022489880668,0.1706034991645909,7.982510093633108,11.00660123308667,,,-0.0001134446535467678,12.74752687987995
3.205425081803154,1.725341295813048,3.486430082499034,0.159476193985418,7.992917686251474,11.10815038830781,,,0.01029414796481914,12.28267557924019
3.21583267442152,1.710991442802873,3.4968376751174,0.1486862755258832,8.003325278869839,11.20359040490159,,,0.02070174058318506,11.81349975841547
3.226240267039886,1.695662087123812,3.507245267735766,0.1382640040050805,8.013732871488205,11.29244439667565,,,0.03110933320155097,11.34095324972769
3.236647859658252,1.679320457918497,3.517652860354131,0.1282303781304104,8.024140464106571,11.37427223238502,,,0.04151692581991688,10.86644728933147
3.247055452276618,1.659856287708121,3.528060452972498,0.118617239706853,8.034548056724939,11.44865699909128,,,0.05192451843828279,10.39143162814981
3.257463044894984,1.637280363139162,3.538468045590863,0.1094354178771999,8.044955649343304,11.51520533106963,,,0.06233211105664871,9.917376551175561
3.26787063751335,1.611633790883114,3.548875638209229,0.1006974739497987,8.05536324196167,11.57354937954828,,,0.07273970367501462,9.445755061264665
3.278278230131716,1.582987436769166,3.559283230827595,0.09241180688409761,8.065770834580036,11.62334853714016,,,0.08314729629338054,8.978025529865565
3.288685822750081,1.551440927505191,3.569690823445961,0.0845828645498108,8.076178427198402,11.66429124069244,,,0.09355488891174644,8.515615094445449
3.299093415368448,1.517121237097402,3.580098416064327,0.07721139188181544,8.086586019816767,11.69609686090026,,,0.1039624815301124,8.059904054949175
3.309501007986813,1.48018088809086,3.590506008682693,0.07029470897269256,8.096993612435133,11.71851767825619,,,0.1143700741484783,7.612211490315174
3.319908600605179,1.440795804954613,3.600913601301059,0.06382701215633131,8.107401205053499,11.7333207168717,,,0.1247776667668442,7.173782281782389
3.330316193223545,1.399162863159081,3.611321193919425,0.05779969129594647,8.117808797671865,11.74305683205312,,,0.1351852593852101,6.745736136212252
3.340723785841911,1.355497182602876,3.621728786537791,0.05220165678120055,8.12821639029023,11.74555562874995,,,0.145592852003576,6.329224579254421
3.351131378460277,1.310029217939672,3.632136379156157,0.04701967014292938,8.138623982908596,11.7379039473322,,,0.1560004446219419,5.925158300519181
3.361538971078643,1.263001700967504,3.642543971774522,0.04223867269011093,8.149031575526962,11.71996144210517,,,0.1664080372403078,5.534388588157194
3.371946563697009,1.214666491545169,3.652951564392889,0.03784210714154174,8.159439168145328,11.69168492893684,,,0.1768156298586737,5.157652640163664
3.382354156315375,1.165281393502139,3.663359157011254,0.03381222784368466,8.169846760763695,11.65302958786489,,,0.1872232224770397,4.795570899318989
3.39276174893374,1.115106990754182,3.67376674962962,0.030130395816519,8.180254353382061,11.60402343845868,,,0.1976308150954056,4.448646081541724
3.403169341552107,1.064403556404128,3.684174342247986,0.026777355532359,8.190661946000427,11.5447501650164,,,0.2080384077137715,4.117263809777299
3.413576934170472,1.013428084102294,3.694581934866352,0.02373349099151069,8.201069538618793,11.47535079645193,,,0.2184460003321374,3.801667842480822
3.423984526788838,0.9624314864954535,3.704989527484718,0.0209790592982402,8.211477131237158,11.39602488199356,,,0.2288535929505033,3.502056530430677
3.434392119407204,0.9116560003579547,3.715397120103084,0.01849440054789513,8.221884723855524,11.30994494315239,,,0.2392611855688692,3.218493639328698
3.44479971202557,0.8613328321391505,3.72580471272145,0.01626012340049921,8.23229231647389,11.2173514020846,,,0.2496687781872351,2.950905095952369
3.455207304643936,0.8116800713520348,3.736212305339816,0.01425726622938954,8.242699909092256,11.11571534741636,,,0.260076370805601,2.699096039778433
3.465614897262302,0.7629008926463153,3.746619897958182,0.01246743418943858,8.253107501710621,11.00543084153716,,,0.270483963423967,2.462952773379034
3.476022489880668,0.7151820607304018,3.757027490576548,0.01087291294424108,8.263515094328987,10.88915841909271,,,0.2808915560423328,2.242100737166884
3.486430082499034,0.6686927456989896,3.767435083194913,0.009456760123532533,8.273922686947353,10.76794119125411,,,0.2912991486606988,2.036161010252576
3.4968376751174,0.6235836499423412,3.777842675813279,0.008202875851065368,8.284330279565719,10.64006890521141,,,0.3017067412790647,1.844613548520504
3.507245267735766,0.5799864418007347,3.788250268431645,0.007091009918054386,8.294737872184086,10.50553373301294,,,0.3121143338974306,1.667138354220272
3.517652860354131,0.5379886686387646,3.798657861050011,0.006118056738133669,8.305145464802452,10.36490761409639,,,0.3225219265157965,1.503096368047947
3.528060452972498,0.4977383771393311,3.809065453668377,0.005264327023934129,8.315553057420818,10.21889001138478,,,0.3329295191341624,1.351912104929564
3.538468045590863,0.4592783520357578,3.819473046286743,0.004517479312885854,8.325960650039184,10.06811713182363,,,0.3433371117525283,1.212981596632525
3.548875638209229,0.422664355980235,3.829880638905109,0.003898198344333453,8.336368242657549,9.913751937051282,,,0.3537447043708943,1.085660654443305
3.559283230827595,0.3879343244976067,3.840288231523475,0.003340378055868098,8.346775835275915,9.756513504456677,,,0.3641522969892602,0.9693545442922515
3.569690823445961,0.3551092817957886,3.850695824141841,0.002883845013030535,8.357183427894281,9.596670085368091,,,0.3745598896076261,0.8632638728452623
3.580098416064327,0.3241944108637608,3.861103416760207,0.002479164462953636,8.367591020512647,9.43495940420781,,,0.384967482225992,0.767032439243609
3.590506008682693,0.2951802483400705,3.871511009378573,0.00213801265987427,8.377998613131012,9.273717639962411,,,0.3953750748443579,0.6798567642348488
3.600913601301059,0.2680439747464216,3.881918601996939,0.001854327726710673,8.388406205749378,9.114806754796026,,,0.4057826674627238,0.601108895492757
3.611321193919425,0.242750771409979,3.892326194615304,0.001623002948493784,8.398813798367744,8.957274532414518,,,0.4161902600810897,0.5301360907635664
3.621728786537791,0.2192552166727663,3.90273378723367,0.001439881328440835,8.40922139098611,8.800844882181815,,,0.4265978526994557,0.4664202769851386
3.632136379156157,0.1975026957273912,3.913141379852036,0.001301756099855204,8.419628983604477,8.646123802569017,,,0.4370054453178215,0.4093597855164521
3.642543971774522,0.1774308005408312,3.923548972470402,0.001206378854259936,8.430036576222843,8.49352900513902,,,0.4474130379361875,0.3583535899818141
3.652951564392889,0.1589706987456899,3.933956565088768,0.001152476849943382,8.440444168841209,8.343583960539918,,,0.4578206305545534,0.3129260892621165
3.663359157011254,0.1420484530053514,3.944364157707134,0.001139780966499925,8.450851761459575,8.19677884648714,,,0.4682282231729193,0.2726183804095865
3.67376674962962,0.1265862751130818,3.9547717503255,0.001169065668300809,8.46125935407794,8.053511914032441,,,0.4786358157912852,0.2368879909738617
3.684174342247986,0.1125037018876415,3.965179342943866,0.001242202230532731,8.471666946696306,7.914249949302694,,,0.4890434084096511,0.2053546406565609
3.694581934866352,0.09971868270850349,3.975586935562232,0.00136222636205968,8.482074539314672,7.779282526531802,,,0.499451001028017,0.1775767387210665
3.704989527484718,0.0881485712294989,3.985994528180598,0.001533421225721048,8.492482131933038,7.648832065499684,,,0.509858593646383,0.1531746548135968
3.715397120103084,0.07771101636680562,3.996402120798964,0.001761416703983358,8.502889724551403,7.523096509759577,,,0.5202661862647489,0.1317874084233039
3.72580471272145,0.06832475003137911,4.006809713417329,0.002053305580852175,8.513297317169769,7.402218514351429,,,0.5306737788831147,0.113113324703136
3.736212305339816,0.05991027123261355,4.017217306035695,0.002417777104069007,8.523704909788135,7.286245626593131,,,0.5410813715014807,0.09684347939527933
3.746619897958182,0.05239042809423641,4.027624898654062,0.002865268149216287,8.534112502406501,7.175170282943857,,,0.5514889641198466,0.08270715010297584
3.757027490576548,0.0456909009793538,4.038032491272427,0.00340813192391766,8.544520095024867,7.068921199819983,,,0.5618965567382125,0.07045812515550699
3.767435083194913,0.03974059131188614,4.048440083890793,0.004060823820724304,8.554927687643234,6.968835982269022,,,0.5723041493565785,0.05987337956003141
3.777842675813279,0.03447192180677163,4.058847676509159,0.004840103647059132,8.5653352802616,6.87471316937769,,,0.5827117419749444,0.05071250928794306
3.788250268431645,0.02980451083125167,4.069255269127525,0.005765253026249505,8.575742872879966,6.784816853929879,,,0.5931193345933102,0.04282907312182495
3.798657861050011,0.02571505193550043,4.079662861745891,0.006858306272991515,8.586150465498331,6.698830108305033,,,0.6035269272116761,0.03612772836359671
3.809065453668377,0.02212670601469778,4.090070454364257,0.008144292498929643,8.596558058116697,6.616382827921358,,,0.6139345198300421,0.03039838860208562
3.819473046286743,0.01898760016793269,4.100478046982623,0.009651486100703613,8.606965650735063,6.537135268917851,,,0.624342112448408,0.02551338033841835
3.829880638905109,0.01626649997406946,4.110885639600989,0.0114116621273498,8.617373243353429,6.460641456809434,,,0.6347497050667739,0.02135957310442063
3.840288231523475,0.01389030615760562,4.121293232219355,0.01346035232242562,8.627780835971794,6.386466521792845,,,0.6451572976851399,0.01783708315428862
3.850695824141841,0.01184551787785516,4.13170082483772,0.01583709689753153,8.63818842859016,6.314163583115226,,,0.6555648903035057,0.014858034905365
3.861103416760207,0.01007217328511547,4.142108417456086,0.01858568632993143,8.648596021208526,6.244065280305556,,,0.6659724829218716,0.01234538771748531
3.871511009378573,0.008548013337143437,4.152516010074453,0.02174630227939504,8.659003613826892,6.175717673740054,,,0.6763800755402376,0.01023183331803709
3.881918601996939,0.007243485078242484,4.162923602692818,0.02538979690766532,8.669411206445258,6.107887830132508,,,0.6867876681586035,0.008458767176026529
3.892326194615304,0.006132200931639006,4.173331195311184,0.02956377528251198,8.679818799063625,6.040144965698176,,,0.6971952607769694,0.006975335398004771
3.90273378723367,0.005190758350521292,4.18373878792955,0.03433107651457971,8.690226391681991,5.972083632045372,,,0.7076028533953352,0.005737557251240909
3.913141379852036,0.004398559750787165,4.194146380547916,0.0397595828604519,8.700633984300357,5.903330061099046,,,0.7180104460137012,0.004681497914847615
3.923548972470402,0.003737636766778151,4.204553973166282,0.04592224273236378,8.711041576918722,5.83354784650188,,,0.7284180386320671,0.00383223621348494
3.933956565088768,0.00319248231608814,4.214961565784648,0.05289702382096465,8.721449169537088,5.762444053315567,,,0.738825631250433,0.003129092275149166
3.944364157707134,0.002749893431369527,4.225369158403014,0.06076678611309418,8.731856762155454,5.689940654854224,,,0.749233223868799,0.002548488700392202
3.9547717503255,0.002398827321040649,4.23577675102138,0.0696190646141668,8.74226435477382,5.617933735618856,,,0.7596408164871649,0.002070355199104033
3.965179342943866,0.002130272659729625,4.246184343639746,0.07954575185256881,8.752671947392185,5.546085492705449,,,0.7700484091055307,0.001638495101643749
3.975586935562232,0.001937137683881488,4.256591936258111,0.09064267078126907,8.763079540010551,5.472171645596687,,,0.7804560017238966,0.001286161269902948
3.985994528180598,0.001814156277078791,4.266999528876477,0.1030090295261446,8.773487132628917,5.397542771717061,,,0.7908635943422626,0.001038490264540495
3.996402120798964,0.001757812870589001,4.277407121494844,0.1167467505832443,8.783894725247283,5.32224446171855,,,0.8012711869606285,0.000797257475041795
4.006809713417329,0.001766286653491463,4.287814714113209,0.1319596685542754,8.794302317865649,5.244794937504357,,,0.8116787795789944,0.0006411457282318061
4.017217306035695,0.001839415278517066,4.298222306731575,0.1487525923395841,8.804709910484016,5.165236851369826,,,0.8220863721973604,0.0005142634342744691
4.027624898654062,0.001978677958848274,4.308629899349941,0.1672302298807377,8.815117503102382,5.08367900810139,,,0.8324939648157262,0.0004114197124195712
4.038032491272427,0.002187197571598741,4.319037491968307,0.187495976050584,8.825525095720748,5.000275585915806,,,0.8429015574340921,0.0002369981019985733
4.048440083890793,0.002469761109467433,4.329445084586673,0.2096505671066073,8.835932688339113,4.915222027040383,,,0.8533091500524581,0.0001896314816566836
4.058847676509159,0.002832857547301359,4.339852677205039,0.2337906082211185,8.846340280957479,4.829542512082313,,,0.863716742670824,0.0001252705937355989
4.069255269127525,0.003284731909652866,4.350260269823405,0.2600069839348323,8.856747873575845,4.743495243972914,,,0.8741243352891899,9.999054364915756e-05
4.079662861745891,0.003835454034286958,4.360667862441771,0.288383164891968,8.867155466194211,4.656527184718907,,,1.040645817183044,0.0001097361643569324
4.090070454364257,0.004497000221392955,4.371075455060137,0.3189934278365285,8.877563058812576,4.569011087840631,,,1.05105340980141,0.0001339026809764136
4.100478046982623,0.005283345636634959,4.381483047678502,0.351901009500979,8.887970651430942,4.481192362210608,,,1.061461002419776,0.0001629493833398354
4.110885639600989,0.006210564997241994,4.391890640296868,0.3871562186102733,8.898378244049308,4.393420506055277,,,1.071868595038142,0.0001977607600428488
4.121293232219355,0.007296938714835337,4.402298232915234,0.4247945336578093,8.908785836667674,4.306019490843128,,,1.082276187656508,0.0002393599448821332
4.13170082483772,0.008563061299157343,4.4127058255336,0.4648347172809502,8.91919342928604,4.21968047761997,,,1.092683780274874,0.0002889261045749733
4.142108417456086,0.01003194844775724,4.423113418151966,0.5072893945218068,8.929601021904405,4.134705104240261,,,1.10309137289324,0.0003478131845733335
4.152516010074453,0.01169515889727022,4.433521010770332,0.5521169680426166,8.940008614522773,4.051001195655204,,,1.113498965511606,0.0004175699636593248
4.162923602692818,0.01365611993071235,4.443928603388698,0.5992853510175704,8.950416207141139,3.968831850391008,,,1.123906558129972,0.0004999613305148385
4.173331195311184,0.01590286775296103,4.454336196007064,0.6487293345035252,8.960823799759504,3.888416995968755,,,1.134314150748338,0.000596990652276014
4.18373878792955,0.01846930301279156,4.464743788625429,0.7003591013962518,8.97123139237787,3.809967776011022,,,1.144721743366704,0.0007109230561991806
4.194146380547916,0.02139205485616534,4.475151381243796,0.7540592132582944,8.981638984996236,3.733664708484679,,,1.15512933598507,0.0008443093911309499
4.204553973166282,0.02471049485115213,4.485558973862162,0.8096878754275793,8.992046577614602,3.659655420917741,,,1.165536928603435,0.001000010575837722
4.214961565784648,0.02846671331717516,4.495966566480528,0.8670765150765365,9.002454170232967,3.588053075814713,,,1.175944521221801,0.001181221976977367
4.225369158403014,0.03270545253004048,4.506374159098893,0.9260297034984275,9.012861762851333,3.51893548939132,,,1.186352113840167,0.001391497391403251
4.23577675102138,0.03747399128405476,4.516781751717259,0.9863254495479366,9.023269355469699,3.452344932295593,,,1.196759706458533,0.00163477213666071
4.246184343639746,0.04282197543166241,4.527189344335625,1.047715885893926,9.033676948088065,3.388256408965099,,,1.207167299076899,0.001915384681334412
4.256591936258111,0.04880118930563227,4.537596936953991,1.109928363618979,9.044084540706431,3.326669797265402,,,1.217574891695265,0.00223809617498892
4.266999528876477,0.0554652633733391,4.548004529572357,1.172666963816559,9.054492133324796,3.267584113729698,,,1.227982484313631,0.002608107167762803
4.277407121494844,0.06286931408909695,4.558412122190723,1.235614427313255,9.064899725943164,3.210854090747248,,,1.238390076931997,0.003031070744457914
4.287814714113209,0.07106951270757975,4.568819714809089,1.298434495627075,9.07530731856153,3.156363370087841,,,1.248797669550363,0.003513101239697258
4.298222306731575,0.08012258080393636,4.579227307427455,1.360774647932095,9.085714911179895,3.103974524627874,,,1.259205262168729,0.004060777652117599
4.308629899349941,0.09008521141444618,4.58963490004582,1.422269210322782,9.096122503798261,3.053518689696451,,,1.269612854787095,0.004681140839500829
4.319037491968307,0.1010134160603372,4.600042492664187,1.482542805259915,9.106530096416627,3.004818366065657,,,1.28002044740546,0.0053816835562256
4.329445084586673,0.112961799435725,4.610450085282553,1.541214100945135,9.116937689034993,2.95767893202169,,,1.290428040023826,0.006170332392465018
4.339852677205039,0.1259827652112676,4.620857677900919,1.597899812726378,9.127345281653358,2.911895249738762,,,1.300835632642192,0.007055420694135698
4.350260269823405,0.1401256582042752,4.631265270519284,1.652219031208203,9.137752874271724,2.86725538032343,,,1.311243225260558,0.008045651586523388
4.360667862441771,0.1554358500632428,4.64167286313765,1.703797073713528,9.14816046689009,2.825005959152824,,,1.321650817878924,0.009150050295299248
4.371075455060137,0.1719537775732133,4.652080455756016,1.752270571545558,9.158568059508456,2.785023635562628,,,1.33205841049729,0.01037790505842691
4.381483047678502,0.1897139446650294,4.662488048374382,1.797291446705196,9.168975652126822,2.745887146656164,,,1.342466003115656,0.01173869605284654
4.391890640296868,0.2087439011579788,4.672895640992748,1.838531349146841,9.179383244745187,2.707365568907877,,,1.352873595734022,0.01324201192175759
4.402298232915234,0.2290632131285449,4.683303233611114,1.875685848396863,9.189790837363555,2.668817392784965,,,1.363281188352388,0.01489745368197994
4.4127058255336,0.2506824415215445,4.69371082622948,1.908478409396956,9.200198429981921,2.630102788629318,,,1.373688780970754,0.01671452601554041
4.423113418151966,0.2736143137063978,4.704118418847846,1.936664082771858,9.210606022600286,2.591001493400154,,,1.38409637358912,0.01870251620360538
4.433521010770332,0.2978273610222772,4.714526011466211,1.960032843520489,9.221013615218652,2.551325060347346,,,1.394503966207485,0.0208703612413985
4.443928603388698,0.3233090930066402,4.724933604084577,1.978412517414075,9.231421207837018,2.511218093920925,,,1.404911558825851,0.02322650397592654
4.454336196007064,0.3500248510813931,4.735341196702944,1.991671241051862,9.241828800455384,2.470541503546951,,,1.415319151444217,0.02577873942917871
4.464743788625429,0.3779267013737405,4.74574878932131,1.999719409434054,9.252236393073749,2.428873511135059,,,1.425726744062583,0.02853405280184136
4.475151381243796,0.4069528838400652,4.756156381939675,2.004064937119039,9.262643985692115,2.38610931219592,,,1.436134336680949,0.03149845098930346
4.485558973862162,0.4370274117563365,4.766563974558041,2.004693749270383,9.273051578310481,2.342190998535933,,,1.446541929299315,0.03467678977468641
4.495966566480528,0.468059840480432,4.776971567176407,2.001220880911124,9.283459170928847,2.297057295818951,,,1.456949521917681,0.03807259918387249
4.506374159098893,0.4999452225825195,4.787379159794773,1.993700034049013,9.293866763547213,2.250680082776742,,,1.467357114536047,0.04168790978547181
4.516781751717259,0.5325642641114984,4.797786752413139,1.981069200484101,9.304274356165578,2.20302339869882,,,1.477764707154413,0.04552308298440876
4.527189344335625,0.5657836939375545,4.808194345031505,1.963460413943876,9.314681948783944,2.154343369851454,,,1.488172299772779,0.04957664858126095
4.537596936953991,0.5994568548175762,4.818601937649871,1.941047481624433,9.325089541402312,2.104678571365354,,,1.498579892391145,0.05384515304076496
4.548004529572357,0.6334245211211402,4.829009530268237,1.914043862513073,9.335497134020677,2.053849591705702,,,1.508987485009511,0.05832302202263645
4.558412122190723,0.6675159440944607,4.839417122886602,1.882700026705389,9.345904726639043,2.001928961327075,,,1.519395077627876,0.06300244076751597
4.568819714809089,0.7015501212063489,4.849824715504968,1.847300340878578,9.356312319257409,1.948994204168627,,,1.529802670246242,0.06787325589310476
4.579227307427455,0.735337281604357,4.860232308123335,1.808159533053304,9.366719911875775,1.895141649041489,,,1.540210262864608,0.07292290203459632
4.58963490004582,0.7686805751116637,4.870639900741701,1.765618796532828,9.37712750449414,1.840477431530369,,,1.550617855482974,0.07813635655536022
4.600042492664187,0.8013779476244344,4.881047493360066,1.720041598319364,9.387535097112506,1.785120735373023,,,1.56102544810134,0.08349612525665044
4.610450085282553,0.8332241813388324,4.891455085978432,1.671809261280864,9.397942689730872,1.729201455906931,,,1.571433040719706,0.08898226162937641
4.620857677900919,0.8640130740617514,4.901862678596798,1.6213163918242,9.408350282349238,1.67379289133842,,,1.581840633338072,0.09457242171970516
4.631265270519284,0.8935465752407848,4.912270271215164,1.568966225810585,9.418757874967604,1.619029216371634,,,1.592248225956438,0.100241956129075
4.64167286313765,0.9216115934545854,4.92267786383353,1.515165964953333,9.429165467585969,1.564097504391519,,,1.602655818574804,0.1059640400463486
4.652080455756016,0.9480184535566838,4.933085456451896,1.460322174030801,9.439573060204335,1.509129848753762,,,1.61306341119317,0.1117098415261316
4.662488048374382,0.9725805978060462,4.943493049070262,1.404836306026818,9.449980652822703,1.454259841523919,,,1.623471003811536,0.1174487274959444
4.672895640992748,0.9951223517175102,4.953900641688628,1.349100417904448,9.460388245441068,1.399621346158701,,,1.633878596429901,0.1231485062113309
4.683303233611114,1.015481227098505,4.964308234306993,1.293501698089989,9.470795838059434,1.345347341023042,,,1.644286189048267,0.1287757040992986
4.69371082622948,1.033510111059924,4.974715826925359,1.238386763484109,9.4812034306778,1.291544946606693,,,1.654693781666633,0.1342958741552898
4.704118418847846,1.04907930285494,4.985123419543726,1.184103353535974,9.491611023296166,1.238395120200816,,,1.665101374284999,0.1397121570585125
4.714526011466211,1.062078362353567,4.995531012162091,1.130968913091534,9.502018615914531,1.185991893221559,,,1.675508966903365,0.1449229624326111
4.724933604084577,1.072417736716711,5.005938604780457,1.079274728727466,9.512426208532897,1.134457550875008,,,1.685916559521731,0.1499236019827439
4.735341196702944,1.080030135338065,5.016346197398823,1.02928375591182,9.522833801151263,1.083901423497015,,,1.696324152140097,0.1546799091793011
4.74574878932131,1.084871627301551,5.026753790017189,0.9812288889705878,9.533241393769629,1.034436661995345,,,1.706731744758463,0.1591587385041451
4.756156381939675,1.087732183428816,5.037161382635555,0.9353116793719661,9.543648986387995,0.9861641529444446,,,1.717139337376829,0.1633283900752081
4.766563974558041,1.088610107046507,5.047568975253921,0.8917015006031102,9.55405657900636,0.9391741100644446,,,1.727546929995195,0.1671590326427805
4.776971567176407,1.087366622392591,5.057976567872287,0.8505351511624608,9.564464171624726,0.8935521314115175,,,1.737954522613561,0.1706231188242724
4.787379159794773,1.084037949836006,5.068384160490653,0.8119168810234315,9.574871764243094,0.8493628389468882,,,1.748362115231927,0.1736957865318975
4.797786752413139,1.078025309568825,5.078791753109019,0.7759188214181177,9.585279356861459,0.8067032716260906,,,1.758769707850292,0.1763552407763758
4.808194345031505,1.069408396692588,5.089199345727384,0.7425817929952834,9.595686949479825,0.7656174387187048,,,1.769177300468658,0.1785831103961529
4.818601937649871,1.058290208771505,5.09960693834575,0.7119164633550155,9.606094542098191,0.7261566008965936,,,1.779584893087024,0.1803647747582734
4.829009530268237,1.044795903646257,5.110014530964116,0.6839048216621914,9.616502134716557,0.6883695682701158,,,1.78999248570539,0.181689656092262
4.839417122886602,1.029071366536565,5.120422123582482,0.6585019354824373,9.626909727334922,0.6522782480742791,,,1.800400078323756,0.1825514738365089
4.849824715504968,1.011281509753232,5.130829716200848,0.6356379531415904,9.637317319953288,0.6179122238628008,,,1.810807670942122,0.1829484581784645
4.860232308123335,0.9916083327397054,5.141237308819214,0.615220313743525,9.647724912571654,0.5853444585331602,,,1.821215263560488,0.1831299457535598
4.870639900741701,0.9702487739342232,5.15164490143758,0.5971361264419851,9.65813250519002,0.5545788388731782,,,1.831622856178854,0.1831016580043689
4.881047493360066,0.9474123890153262,5.162052494055946,0.5812546805930235,9.668540097808386,0.5255303940653748,,,1.84203044879722,0.1826258111713671
4.891455085978432,0.9233188924152665,5.172460086674311,0.5674300489546802,9.678947690426751,0.4982572793458495,,,1.852438041415586,0.1817160581486672
4.901862678596798,0.8981956005277824,5.182867679292678,0.5555080758661399,9.689355283045117,0.4727009893801467,,,1.862845634033952,0.1803911136661526
4.912270271215164,0.8722748157901127,5.193275271911044,0.5453128996498788,9.699762875663483,0.4488136004477916,,,1.873253226652317,0.1786747626275399
4.92267786383353,0.845791190795898,5.20368286452941,0.5366724108215779,9.71017046828185,0.4266173085023774,,,1.883660819270683,0.1765958288019566
4.933085456451896,0.8189791108268543,5.214090457147775,0.5294065179005987,9.720578060900216,0.4060453849313291,,,1.894068411889049,0.1741881066163575
4.943493049070262,0.7920701317255816,5.224498049766141,0.5233331037956324,9.730985653518582,0.3870565382913159,,,1.904476004507415,0.1714902593010096
4.953900641688628,0.7652905079335316,5.234905642384507,0.518270474502273,9.741393246136948,0.3696028875561525,,,1.914883597125781,0.1685456870016373
4.964308234306993,0.7388592437951383,5.245313235002873,0.5140396817127381,9.751800838755313,0.3536338578755863,,,1.925291189744147,0.1654023686745666
4.974715826925359,0.7129843987807252,5.255720827621239,0.5104666972256325,9.762208431373679,0.3390947483564125,,,1.935698782362513,0.1621401540114187
4.985123419543726,0.6878631770754082,5.266128420239605,0.507390680646146,9.772616023992045,0.3259149762949107,,,1.946106374980879,0.1587680200797943
4.995531012162091,0.6636787752421729,5.276536012857971,0.5046424321561297,9.783023616610411,0.3141327671728023,,,1.956513967599245,0.1553684998637685
5.005938604780457,0.6405990917546462,5.286943605476337,0.50207898063662,9.793431209228777,0.3036726820785088,,,1.966921560217611,0.1520063434034138
5.016346197398823,0.6187753512691172,5.297351198094702,0.499564234150475,9.803838801847142,0.294398570040054,,,1.977329152835977,0.1487499141149501
5.026753790017189,0.598340968797602,5.307758790713069,0.4969751071481175,9.814246394465508,0.2862428424451138,,,1.987736745454342,0.1456709610821068
5.037161382635555,0.5794106594652587,5.318166383331435,0.4942024981804589,9.824653987083874,0.2791434888203378,,,1.998144338072708,0.1428443863448876
5.047568975253921,0.5620797957010862,5.328573975949801,0.4911520420550306,9.835061579702241,0.2730365282611706,,,2.008551930691074,0.1403480072411145
5.057976567872287,0.5464240100895269,5.338981568568166,0.48774463633981,9.845469172320607,0.267852625315991,,,2.01895952330944,0.1382623128776661
5.068384160490653,0.5324990387534899,5.349389161186532,0.4845177420916755,9.855876764938973,0.2635445722274384,,,2.029367115927806,0.136670212817928
5.078791753109019,0.5203407970862344,5.359796753804898,0.4814185997530981,9.866284357557339,0.2600445361417098,,,2.039774708546172,0.1356567751086987
5.089199345727384,0.5099656769291495,5.370204346423264,0.4778041697096151,9.876691950175704,0.2572961401837089,,,2.050182301164538,0.1353089498741495
5.09960693834575,0.5013710519226366,5.38061193904163,0.4736478060333242,9.88709954279407,0.2552446065722082,,,2.060589893782904,0.1357152739171942
5.110014530964116,0.494535975746158,5.391019531659996,0.4689378708438085,9.897507135412436,0.2538385102654862,,,2.07099748640127,0.1369655511295523
5.120422123582482,0.4894220563104286,5.401427124278362,0.4636771648861545,9.907914728030802,0.2530296371441335,,,2.081405079019636,0.1391505030583345
5.130829716200848,0.4859744876616697,5.411834716896728,0.4578821903545356,9.918322320649168,0.2527731848708908,,,2.091812671638002,0.1423613837429657
5.141237308819214,0.4841232203907415,5.422242309515093,0.4515822610626192,9.928729913267533,0.253027916011381,,,2.102220264256367,0.1466895529505967
5.15164490143758,0.4837842506902517,5.43264990213346,0.4448184765844954,9.939137505885899,0.2537562638685613,,,2.112627856874734,0.1522260022235763
5.162052494055946,0.4848610078485081,5.443057494751826,0.4376425782894786,9.949545098504265,0.2549243918514134,,,2.123035449493099,0.1590608287245208
5.172460086674311,0.4872458198867931,5.453465087370192,0.4301157062495838,9.959952691122632,0.2565022075474709,,,2.133443042111465,0.1672826527302018
5.182867679292678,0.4908596704482439,5.463872679988557,0.4223070767917185,9.970360283740998,0.2584633330005355,,,2.143850634729831,0.1769779757829475
5.193275271911044,0.4955110502788486,5.474280272606923,0.4142926009838712,9.980767876359364,0.2607850330102759,,,2.154258227348197,0.1882304779458924
5.20368286452941,0.5010988373240164,5.484687865225289,0.4062013253960819,9.99117546897773,0.2634481035696313,,,2.164665819966563,0.2011202543045513
5.214090457147775,0.507487078068995,5.495095457843655,0.3980353473349364,10.0015830615961,0.266436722838647,,,2.175073412584929,0.2157229927800342
5.224498049766141,0.5145366592833877,5.505503050462021,0.3899217124678015,10.01199065421446,0.2699155874659471,,,2.185481005203295,0.2321090974271149
5.234905642384507,0.5221068644046671,5.515910643080387,0.3819472488998891,10.02239824683283,0.2738736183269316,,,2.195888597821661,0.2503427636323335
5.245313235002873,0.5300568855524757,5.526318235698753,0.3742019631098376,10.03280583945119,0.2781237354722216,,,2.206296190440027,0.2704810139439861
5.255720827621239,0.538247277732644,5.536725828317119,0.3667732924806433,10.04321343206956,0.2826587052483931,,,2.216703783058393,0.2925727055907075
5.266128420239605,0.5465592104038224,5.547133420935484,0.3597818236458613,10.05362102468792,0.2874735657014753,,,2.227111375676758,0.3166575230062521
5.276536012857971,0.5548290797718022,5.55754101355385,0.3532525736402553,10.06402861730629,0.2925653520375864,,,2.237518968295125,0.3427649707992003
5.286943605476337,0.5629437946338773,5.567948606172217,0.3472902312465633,10.07443620992466,0.2979121667299595,,,2.24792656091349,0.3709133845102724
5.297351198094702,0.5707826373641181,5.578356198790583,0.3419593287774173,10.08484380254302,0.3035684336287132,,,2.258334153531856,0.4011089781101052
5.307758790713069,0.5782323481160739,5.588763791408948,0.3373242876362767,10.09525139516139,0.3094943415923754,,,2.268741746150222,0.4333449484335021
5.318166383331435,0.5851880437724623,5.599171384027314,0.3334425968870066,10.10565898777975,0.3157057753171186,,,2.279149338768588,0.4676006575549847
5.328573975949801,0.5915540287869934,5.60957897664568,0.330364332061155,10.11606658039812,0.3221974580939934,,,2.289556931386954,0.5038409144262039
5.338981568568166,0.5972444968678597,5.619986569264046,0.3281318590407515,10.12647417301649,0.3289720893019402,,,2.29996452400532,0.542070517185043
5.349389161186532,0.602773158268699,5.630394161882412,0.326779681633208,10.13688176563485,0.3360349045692485,,,2.310372116623686,0.5821279775315519
5.359796753804898,0.6080708793210096,5.640801754500778,0.3263344392943911,10.14728935825322,0.3433828131730683,,,2.320779709242052,0.6239755382124664
5.370204346423264,0.6124861289196286,5.651209347119144,0.3268508640055393,10.15769695087158,0.3510141921737456,,,2.331187301860417,0.6675161789788937
5.38061193904163,0.6159682348695267,5.66161693973751,0.3282783979014616,10.16810454348995,0.358939797309838,,,2.341594894478784,0.7126371062375703
5.391019531659996,0.6184786610728039,5.672024532355875,0.3306501673139693,10.17851213610832,0.3671519021679847,,,2.352002487097149,0.7592100599262548
5.401427124278362,0.6199912242357785,5.682432124974241,0.3339395127578288,10.18891972872668,0.3756473280645156,,,2.362410079715515,0.8070918358789367
5.411834716896728,0.6204922200208344,5.692839717592608,0.3381953209443013,10.19932732134505,0.3844209694794326,,,2.372817672333881,0.8561250280540614
5.422242309515093,0.6199804635205238,5.703247310210974,0.343355157233683,10.20973491396341,0.3934655799497812,,,2.383225264952247,0.9061389907177257
5.43264990213346,0.6184672493577061,5.713654902829339,0.3494448171174716,10.22014250658178,0.402832021432169,,,2.393632857570613,0.9569510161696132
5.443057494751826,0.6159762369689645,5.724062495447705,0.3564221015052061,10.23055009920015,0.4125077318347432,,,2.404040450188979,1.008367718988006
5.453465087370192,0.6125432667032902,5.734470088066071,0.3642666114054429,10.24095769181851,0.4224145928777399,,,2.414448042807345,1.060186613176007
5.463872679988557,0.6082161122627611,5.744877680684437,0.3729571128059327,10.25136528443688,0.4325392658880071,,,2.424855635425711,1.112197864143635
5.474280272606923,0.6030541747302581,5.755285273302803,0.3824727087342921,10.26177287705524,0.4428574634195341,,,2.435263228044077,1.164186193290075
5.484687865225289,0.5971294808761586,5.765692865921169,0.39279403475731,10.27218046967361,0.453345246323335,,,2.445670820662443,1.215932909183847
5.495095457843655,0.5905212056232723,5.776100458539535,0.4039044616043102,10.28258806229197,0.4639758589587261,,,2.456078413280808,1.267218036094697
5.505503050462021,0.5833251045094228,5.786508051157901,0.4157912883112166,10.29299565491034,0.4747649866805372,,,2.466486005899175,1.317822508015677
5.515910643080387,0.5756382916333523,5.796915643776266,0.4284469091287286,10.30340324752871,0.4856800012033183,,,2.47689359851754,1.367530394416646
5.526318235698753,0.5675741849901131,5.807323236394632,0.4418699374131838,10.31381084014707,0.4966400605971255,,,2.487301191135906,1.416131122860096
5.536725828317119,0.5592528454763958,5.817730829012999,0.4560662698152823,10.32421843276544,0.5077257958601934,,,2.497708783754272,1.463421663332166
5.547133420935484,0.5508152495176447,5.828138421631365,0.4710500742933361,10.3346260253838,0.5188958496299294,,,2.508116376372638,1.509208639715094
5.55754101355385,0.5427065827824394,5.83854601424973,0.4868704065311766,10.34503361800217,0.5300208452150365,,,2.518523968991004,1.553310335244097
5.567948606172217,0.5350769078548899,5.848953606868096,0.5035159916475309,10.35544121062054,0.5410195808340921,,,2.52893156160937,1.595558561015366
5.578356198790583,0.5277382422408086,5.859361199486462,0.5210513089467124,10.3658488032389,0.551844060002309,,,2.539339154227736,1.635800359579013
5.588763791408948,0.5208393986055495,5.869768792104828,0.539531815743475,10.37625639585727,0.562444992838507,,,2.549746746846102,1.67389951927191
5.599171384027314,0.514533913120498,5.880176384723193,0.5590245760547288,10.38666398847563,0.5727721299061098,,,2.560154339464468,1.709737879107877
5.60957897664568,0.5089790710778981,5.89058397734156,0.5800230975334515,10.397071581094,0.5827746157703251,,,2.570561932082834,1.743216408614787
5.619986569264046,0.5043350299201415,5.900991569959926,0.6026148012501703,10.40747917371237,0.5924013598509775,,,2.580969524701199,1.774256051842974
5.630394161882412,0.50076383934229,5.911399162578292,0.6264809356157277,10.41788676633073,0.601601421928197,,,2.591377117319566,1.804648950632697
5.640801754500778,0.4984283855908193,5.921806755196657,0.6517289243323456,10.4282943589491,0.6103244094348322,,,2.601784709937931,1.834342552062115
5.651209347119144,0.4974924267958848,5.932214347815023,0.6784773170361093,10.43870195156746,0.6186516589066556,,,2.612192302556297,1.8614399320369
5.66161693973751,0.4981150095392442,5.942621940433389,0.7068551381870817,10.44910954418583,0.6265340357105754,,,2.622599895174663,1.885916339236539
5.672024532355875,0.5004553324776397,5.953029533051756,0.7370010181873072,10.45951713680419,0.6337923088849606,,,2.633007487793029,1.907768635483621
5.682432124974241,0.50465432780608,5.963437125670121,0.7690621029888054,10.46992472942256,0.6403804247541742,,,2.643415080411395,1.927015134451526
5.692839717592608,0.5108896076521673,5.973844718288487,0.8031927408764576,10.48033232204093,0.6462548119106162,,,2.653822673029761,1.943695228531893
5.703247310210974,0.51927525534869,5.984252310906853,0.8395529477949197,10.49073991465929,0.6513750532767922,,,2.664230265648127,1.957868816965018
5.713654902829339,0.5299675098941063,5.994659903525219,0.8783066555327373,10.50114750727766,0.6557042252174273,,,2.674637858266493,1.9696155500477
5.724062495447705,0.5430752626431382,6.005067496143584,0.9196197502715384,10.51155509989603,0.6592125733172604,,,2.685045450884858,1.979033905277192
5.734470088066071,0.5587088516718088,6.015475088761951,0.9636579124352956,10.52196269251439,0.6618655910415884,,,2.695453043503225,1.986240111677816
5.744877680684437,0.5769648754912452,6.025882681380317,1.010587439577702,10.53237028513276,0.6636416733031807,,,2.70586063612159,1.991366938328873
5.755285273302803,0.5979245256928136,6.036290273998683,1.060560914452233,10.54277787775112,0.6648387468297134,,,2.716268228739956,1.994562362337397
5.765692865921169,0.621651946242323,6.046697866617048,1.113731226702799,10.55318547036949,0.6654400500828543,,,2.726675821358322,1.995988130270392
5.776100458539535,0.648192644902624,6.057105459235414,1.170238298119108,10.56359306298785,0.6651143835756373,,,2.737083413976688,1.995818225493222
5.786508051157901,0.6775719842404708,6.06751305185378,1.230208718688282,10.57400065560622,0.6638524842362512,,,2.747491006595054,1.994233246815638
5.796915643776266,0.7097937812204465,6.077920644472147,1.293752837571247,10.58440824822459,0.6616538893327296,,,2.75789859921342,1.991435600924844
5.807323236394632,0.7448390454237588,6.088328237090512,1.360961838893698,10.59481584084295,0.6586277557396122,,,2.768306191831786,1.987620947550078
5.817730829012999,0.7826648863772186,6.098735829708878,1.431904843298933,10.60522343346132,0.6547827726343017,,,2.778713784450152,1.982995379713905
5.828138421631365,0.8232036202716482,6.109143422327244,1.506840390986552,10.61563102607968,0.6500255207465008,,,2.789121377068518,1.97776845722714
5.83854601424973,0.8663881799603596,6.11955101494561,1.58577519667688,10.62603861869805,0.6443758202163602,,,2.799528969686884,1.972151275697924
5.848953606868096,0.9120543803971157,6.129958607563975,1.668522071411835,10.63644621131642,0.6378592899902101,,,2.809936562305249,1.966354484526933
5.859361199486462,0.9600780754061232,6.140366200182342,1.754970963877819,10.64685380393478,0.6305072856113707,,,2.820344154923616,1.960586257717973
5.869768792104828,1.0102888590813,6.150773792800708,1.845065319825101,10.65726139655315,0.6223867716118269,,,2.830751747541981,1.955050222413008
5.880176384723193,1.062491097581841,6.161181385419074,1.938686418797152,10.66766898917151,0.6135395813236433,,,2.841159340160347,1.949943351792642
5.89058397734156,1.116484191497775,6.171588978037439,2.035677565077928,10.67807658178988,0.6039820649540896,,,2.851566932778713,1.945453831330965
5.900991569959926,1.172024794741718,6.181996570655805,2.135843709193039,10.68848417440825,0.5937651293836396,,,2.861974525397079,1.943088964477848
5.911399162578292,1.228828363554032,6.192404163274171,2.239254056206472,10.69889176702661,0.58294367573644,,,2.872382118015445,1.94300212810818
5.921806755196657,1.286610031928376,6.202811755892538,2.345633336251753,10.70929935964498,0.5715749553723178,,,2.882789710633811,1.943990789477184
5.932214347815023,1.3450674321559,6.213219348510903,2.454362303508859,10.71970695226334,0.5598776300684102,,,2.893197303252177,1.946165604570812
5.942621940433389,1.403883243904035,6.223626941129269,2.565087484563494,10.73011454488171,0.5480675074962347,,,2.903604895870543,1.949618625925074
5.953029533051756,1.462728037034177,6.234034533747635,2.677419650945311,10.74052213750008,0.5360514091033237,,,2.914012488488909,1.95442164947846
5.963437125670121,1.521263377451605,6.244442126366001,2.790935948353328,10.75092973011844,0.5237360635206104,,,2.924420081107275,1.960624674392499
5.973844718288487,1.579145158897345,6.254849718984366,2.905182560056259,10.76133732273681,0.5111836126109061,,,2.93482767372564,1.968254506910568
5.984252310906853,1.636027117695662,6.265257311602732,3.019677889938338,10.77174491535517,0.4984562001972709,,,2.945235266344007,1.977313541581826
5.994659903525219,1.691564482231987,6.275664904221099,3.133906472653425,10.78215250797354,0.485615394599812,,,2.955642858962372,1.98777875457059
6.005067496143584,1.745417704513978,6.286072496839465,3.247364289258658,10.7925601005919,0.4727216234920042,,,2.966050451580738,1.999600944150638
6.015475088761951,1.797256217707784,6.29648008945783,3.359505267817241,10.80296769321027,0.4598336290643965,,,2.976458044199104,2.012704252729563
6.025882681380317,1.846789943008098,6.306887682076196,3.469765314330934,10.81337528582864,0.4470079512270377,,,2.98686563681747,2.026986002779688
6.036290273998683,1.893669223212483,6.317295274694562,3.577593544263928,10.823782878447,0.4342984461744706,,,2.997273229435836,2.042316875831331
6.046697866617048,1.937634575948721,6.327702867312928,3.682433554725132,10.83419047106537,0.4217558470825966,,,3.007680822054202,2.058541459219414
6.057105459235414,1.978427826300444,6.338110459931294,3.783734800455379,10.84459806368373,0.4094273765628176,,,3.018088414672568,2.075479179621356
6.06751305185378,2.015816988996933,6.34851805254966,3.880958312174107,10.8550056563021,0.3973563957739267,,,3.028496007290934,2.092925635685277
6.077920644472147,2.049598974358493,6.358925645168026,3.97358241561017,10.86541324892047,0.3855840082239165,,,3.038903599909299,2.110654334370401
6.088328237090512,2.079601933351444,6.369333237786392,4.061108366473514,10.87582084153883,0.3741418679537417,,,3.049311192527666,2.128418827193949
6.098735829708878,2.105687201811431,6.379740830404757,4.143065816307452,10.8862284341572,0.3630618458876488,,,3.059718785146031,2.14595523362408
6.109143422327244,2.129602301660322,6.390148423023123,4.219018655956513,10.89663602677556,0.3523697533502215,,,3.070126377764397,2.162985129627361
6.11955101494561,2.151263203368274,6.40055601564149,4.288567542087415,10.90704361939393,0.3420867834018946,,,3.080533970382763,2.179218770142447
6.129958607563975,2.168758190005591,6.410963608259856,4.353674830132061,10.9174512120123,0.3322297034889639,,,3.090941563001129,2.194358605290182
6.140366200182342,2.182061457132864,6.421371200878221,4.414013393529165,10.92785880463066,0.3228103703680362,,,3.101349155619495,2.208103041725733
6.150773792800708,2.191185822000552,6.431778793496587,4.46703595043176,10.93826639724903,0.313833823081349,,,3.111756748237861,2.220150392963534
6.161181385419074,2.19618023040869,6.442186386114953,4.512500724586119,10.94867398986739,0.3053101203612698,,,3.122164340856227,2.230202956014254
6.171588978037439,2.197129202219437,6.452593978733319,4.550158985392636,10.95908158248576,0.2972354340981937,,,3.132571933474593,2.237971146491017
6.181996570655805,2.194151455899824,6.463001571351685,4.579880512962177,10.96948917510412,0.2896060146719935,,,3.142979526092959,2.243177620659384
6.192404163274171,2.188266982504065,6.473409163970051,4.603336590974406,10.97989676772249,0.2824156533936713,,,3.153387118711325,2.245561310869408
6.202811755892538,2.179643303131057,6.483816756588417,4.620506960092912,10.99030436034086,0.2756530589371794,,,3.16379471132969,2.244881300516865
6.213219348510903,2.16761341166573,6.494224349206783,4.62968181004652,11.00071195295922,0.2693063644064538,,,3.174202303948057,2.240920466181107
6.223626941129269,2.152397342303403,6.504631941825148,4.630947972995005,11.01111954557759,0.2633611296261722,,,3.184609896566422,2.23348881787116
6.234034533747635,2.134237299342013,6.515039534443514,4.624450837661374,11.02152713819595,0.2578009309207226,,,3.195017489184788,2.222426473317939
6.244442126366001,2.113394577172524,6.525447127061881,4.610397383154808,11.03193473081432,0.2526080393318648,,,3.205425081803154,2.207606208864592
6.254849718984366,2.090146347301216,6.535854719680247,4.589035250605935,11.04234232343269,0.2477637600616579,,,3.21583267442152,2.188935537566159
6.265257311602732,2.064782367540982,6.546262312298612,4.560676072180483,11.05274991605105,0.2432500128421846,,,3.226240267039886,2.169027848813654
6.275664904221099,2.037592093625814,6.556669904916978,4.525674634281226,11.06315750866942,0.2391859456238273,,,3.236647859658252,2.147842629061397
6.286072496839465,2.008901748935429,6.567077497535344,4.484439303980107,11.07356510128778,0.2355506021834935,,,3.247055452276618,2.122686215359372
6.29648008945783,1.979010232041214,6.57748509015371,4.439121064015481,11.08397269390615,0.232180731391421,,,3.257463044894984,2.093573068837883
6.306887682076196,1.948219614370001,6.587892682772076,4.390183167043997,11.09438028652452,0.2290560906018831,,,3.26787063751335,2.060556091001962
6.317295274694562,1.916836736401752,6.598300275390442,4.336360387220303,11.10478787914288,0.2261559986683891,,,3.278278230131716,2.023725938605648
6.327702867312928,1.885159962937774,6.608707868008808,4.278145401892663,11.11519547176125,0.2234606446274645,,,3.288685822750081,1.98320977943969
6.338110459931294,1.85347916585881,6.619115460627174,4.216043857229712,11.12560306437961,0.2209512216685961,,,3.299093415368448,1.939169516856098
6.34851805254966,1.822073453057484,6.629523053245539,4.150577088973814,11.13601065699798,0.2186100211034368,,,3.309501007986813,1.891799521150205
6.358925645168026,1.791209151613171,6.639930645863905,4.082271553823389,11.14641824961635,0.2164195058382779,,,3.319908600605179,1.841323915182274
6.369333237786392,1.761138052656646,6.650338238482271,4.011655219838796,11.15682584223471,0.2143664716564508,,,3.330316193223545,1.787993469630809
6.379740830404757,1.732095919238772,6.660745831100638,3.939250344088535,11.16723343485308,0.2124974881519832,,,3.340723785841911,1.732082169853422
6.390148423023123,1.704317352045133,6.671153423719003,3.86557124064974,11.17764102747144,0.2107989679694921,,,3.351131378460277,1.673883521357384
6.40055601564149,1.677974713006892,6.681561016337369,3.791117712054648,11.18804862008981,0.2091958755728818,,,3.361538971078643,1.61370666426663
6.410963608259856,1.65332788088079,6.691968608955735,3.716370960705666,11.19845621270817,0.2076761710050442,,,3.371946563697009,1.551872368878969
6.421371200878221,1.630538312254753,6.702376201574101,3.641789412822543,11.20886380532654,0.2062287681234561,,,3.382354156315375,1.488708984447865
6.431778793496587,1.609813957059309,6.712783794192466,3.567804911326982,11.21927139794491,0.2048426758709596,,,3.39276174893374,1.424548411754212
6.442186386114953,1.59127494597035,6.723191386810833,3.494819308512513,11.22967899056327,0.2035100179291301,,,3.403169341552107,1.359722166953846
6.452593978733319,1.574898717309852,6.733598979429199,3.423210785833736,11.24008658318164,0.2022210290980444,,,3.413576934170472,1.294557599732394
6.463001571351685,1.560745994861943,6.744006572047565,3.353312399134784,11.25049417580001,0.2009655333488011,,,3.423984526788838,1.229374323138392
6.473409163970051,1.54950222091126,6.75441416466593,3.285399986207659,11.26090176841837,0.1997398261166578,,,3.434392119407204,1.164480905791786
6.483816756588417,1.54119827073879,6.764821757284296,3.22098816406807,11.27130936103674,0.198534771648972,,,3.44479971202557,1.100171869689745
6.494224349206783,1.535242223005552,6.775229349902662,3.160283506891931,11.2817169536551,0.1973432013168541,,,3.455207304643936,1.036725028778181
6.504631941825148,1.531624292305883,6.785636942521029,3.102196471384432,11.29212454627347,0.1961586894592933,,,3.465614897262302,0.974399195052629
6.515039534443514,1.53032251930507,6.796044535139394,3.046842089702529,11.30253213889183,0.194975189165157,,,3.476022489880668,0.9134322704205623
6.525447127061881,1.53130189003713,6.80645212775776,2.994295272023415,11.3129397315102,0.1937870551031023,,,3.486430082499034,0.8540397341138195
6.535854719680247,1.53449944318344,6.816859720376126,2.944585058277134,11.32334732412857,0.1925890727554614,,,3.4968376751174,0.796413527284716
6.546262312298612,1.539850650143037,6.827267312994492,2.897724433265685,11.33375491674693,0.1913765024736699,,,3.507245267735766,0.7407213287327007
6.556669904916978,1.547272839858015,6.837674905612857,2.853667045298947,11.3441625093653,0.1901451359954865,,,3.517652860354131,0.6870761295720529
6.567077497535344,1.556691789496828,6.848082498231224,2.812341346030768,11.35457010198366,0.1888913624862807,,,3.528060452972498,0.635663035707611
6.57748509015371,1.568018241515815,6.85849009084959,2.773644537757316,11.36497769460203,0.1876101151440373,,,3.538468045590863,0.5865383746449616
6.587892682772076,1.581149128097188,6.868897683467956,2.73744538821212,11.3753852872204,0.186303905468039,,,3.548875638209229,0.5397730374057489
6.598300275390442,1.595896507939974,6.879305276086321,2.703587313148622,11.38579287983876,0.1849686755494805,,,3.559283230827595,0.4954151862218047
6.608707868008808,1.612119287706522,6.889712868704687,2.671891688185179,11.39620047245713,0.1836039489460885,,,3.569690823445961,0.4534914210103744
6.619115460627174,1.629667509031371,6.900120461323053,2.642161348950915,11.40660806507549,0.1822101883003455,,,3.580098416064327,0.414008142946946
6.629523053245539,1.648383332343427,6.91052805394142,2.614184236369517,11.41701565769386,0.1807888409023748,,,3.590506008682693,0.3769530774732476
6.639930645863905,1.668102073648145,6.920935646559785,2.587745457649772,11.42742325031223,0.1793423677121863,,,3.600913601301059,0.3422969192138384
6.650338238482271,1.688653299788942,6.931343239178151,2.562634342490038,11.43783084293059,0.1780335500854098,,,3.611321193919425,0.3099950621996525
6.660745831100638,1.709861986203704,6.941750831796517,2.538564013110745,11.44823843554896,0.1768655915345387,,,3.621728786537791,0.279989380419306
6.671153423719003,1.731549739342881,6.952158424414883,2.515481475944241,11.45864602816732,0.1756820998927301,,,3.632136379156157,0.2522100259373051
6.681561016337369,1.753536083773103,6.962566017033248,2.493156179781029,11.46905362078569,0.1744817922522945,,,3.642543971774522,0.2265772145246465
6.691968608955735,1.775639811655155,6.972973609651615,2.471210576237035,11.47946121340405,0.1732808829168558,,,3.652951564392889,0.2030029718312054
6.702376201574101,1.797680389816543,6.983381202269981,2.449431442949739,11.48986880602242,0.1720788563408634,,,3.663359157011254,0.1813928164811518
6.712783794192466,1.819479417130323,6.993788794888347,2.427619728040157,11.50027639864079,0.1708815344844547,,,3.67376674962962,0.1616473599866795
6.723191386810833,1.84086212243487,7.004196387506712,2.405593462001051,11.51068399125915,0.1696962268908069,,,3.684174342247986,0.1436638069523312
6.733598979429199,1.86167573150662,7.014603980125078,2.383196740160078,11.52109158387752,0.1685287005588006,,,3.694581934866352,0.1273373425915633
6.744006572047565,1.881730958505289,7.025011572743444,2.360278180788689,11.53149917649588,0.1673968259639185,,,3.704989527484718,0.1125623980186589
6.75441416466593,1.900881718459449,7.03541916536181,2.336958147282466,11.54190676911425,0.1663063054464052,,,3.715397120103084,0.09923378704387505
6.764821757284296,1.920247970186689,7.045826757980176,2.313141537720585,11.55231436173262,0.1652587306972486,,,3.72580471272145,0.08724771123119494
6.775229349902662,1.939686139437381,7.056234350598542,2.290249487007714,11.56272195435098,0.1642616515643571,,,3.736212305339816,0.07650263273205422
6.785636942521029,1.957792899802597,7.066641943216908,2.268262359793596,11.57312954696935,0.1633221725839139,,,3.746619897958182,0.0669000168529653
6.796044535139394,1.974441792338131,7.077049535835274,2.245419756390895,11.58353713958771,0.1624466670108667,,,3.757027490576548,0.05834494842983091
6.80645212775776,1.989522366262745,7.087457128453639,2.221672852547237,11.59394473220608,0.1616411793793588,,,3.767435083194913,0.05074662785757039
6.816859720376126,2.002941248081449,7.097864721072005,2.197035631887199,11.60435232482445,0.1609100589557383,,,3.777842675813279,0.04401875406096475
6.827267312994492,2.014624697788194,7.108272313690372,2.171549257646435,11.61475991744281,0.1602568122836612,,,3.788250268431645,0.0380581847596049
6.837674905612857,2.024517542702362,7.118679906308738,2.145276156372492,11.62516751006118,0.159683654135274,,,3.798657861050011,0.03283624425863497
6.848082498231224,2.03258551544559,7.129087498927103,2.118319418426822,11.63557510267954,0.1591913920856174,,,3.809065453668377,0.0282541884480734
6.85849009084959,2.038815471958401,7.139495091545469,2.090788122012629,11.64598269529791,0.1587768201876497,,,3.819473046286743,0.02424577941990466
6.868897683467956,2.043215771514166,7.149902684163835,2.062818677702316,11.65639028791628,0.1584407483940305,,,3.829880638905109,0.02079878906817009
6.879305276086321,2.04581640449292,7.160310276782201,2.034566269310986,11.66679788053464,0.1581817413502704,,,3.840288231523475,0.01777195745050934
6.889712868704687,2.046668858053691,7.170717869400567,2.006202326767094,11.67720547315301,0.1579912182772441,,,3.850695824141841,0.0151903243201634
6.900120461323053,2.045845713548822,7.181125462018933,1.977917917391238,11.68761306577137,0.1578622226742344,,,3.861103416760207,0.01294282497433135
6.91052805394142,2.043439973428961,7.191533054637299,1.949909619655371,11.69802065838974,0.1577862849821755,,,3.871511009378573,0.01101768650176566
6.920935646559785,2.039564193037559,7.201940647255665,1.922365850518571,11.7084282510081,0.1577535121809557,,,3.881918601996939,0.009378124496090472
6.931343239178151,2.034353235333635,7.21234823987403,1.895504144798759,11.71883584362647,0.1577527046530354,,,3.892326194615304,0.007991595081617939
6.941750831796517,2.027947396711463,7.222755832492396,1.869888155666253,11.72924343624484,0.157771553945563,,,3.90273378723367,0.006829601436826906
6.952158424414883,2.021857795131185,7.233163425110763,1.8457245198868,11.7396510288632,0.1577965986144819,,,3.913141379852036,0.005867506464228933
6.962566017033248,2.016249487797285,7.243571017729129,1.822860144108434,11.75005862148157,0.157813701736525,,,3.923548972470402,0.005084357453782412
6.972973609651615,2.00994283687993,7.253978610347494,1.801488988762816,11.76046621409994,0.1578080649970706,,,3.933956565088768,0.004462727913302727
6.983381202269981,2.003112495664989,7.26438620296586,1.781796504809927,11.7708738067183,0.1577646558898607,,,3.944364157707134,0.003988581091466263
6.993788794888347,1.995940224567998,7.274793795584226,1.763957505580314,11.78128139933667,0.1576680821324612,,,3.9547717503255,0.003651159100704108
7.004196387506712,1.988612615339862,7.285201388202592,1.748134275056967,11.79168899195503,0.1575931065623924,,,3.965179342943866,0.003442900958901002
7.014603980125078,1.981318824575308,7.295608980820958,1.734479347364189,11.8020965845734,0.157523901984777,,,3.975586935562232,0.00335939230772172
7.025011572743444,1.974247725591311,7.306016573439324,1.723117646409236,11.81250417719176,0.1573541097967757,,,3.985994528180598,0.003399349026299759
7.03541916536181,1.967581712374634,7.31642416605769,1.714199162602905,11.82291176981013,0.1570683874307985,,,3.996402120798964,0.003564636434424934
7.045826757980176,1.961569332151609,7.326831758676056,1.707822182206322,11.8333193624285,0.1566523390107701,,,4.006809713417329,0.003860325259952537
7.056234350598542,1.956348037000502,7.337239351294421,1.70400027272394,11.84372695504686,0.1561002732153631,,,4.017217306035695,0.004294785020319773
7.066641943216908,1.952089165753288,7.347646943912787,1.702909988400598,11.85413454766523,0.1554002291074641,,,4.027624898654062,0.004879814926396654
7.077049535835274,1.948912324962336,7.358054536531154,1.704487859778851,11.86454214028359,0.1545341451673823,,,4.038032491272427,0.005630811846765659
7.087457128453639,1.946953397045732,7.36846212914952,1.708789203037227,11.87494973290196,0.1534931691725218,,,4.048440083890793,0.006566974260566961
7.097864721072005,1.946333971533683,7.378869721767885,1.715915989386383,11.88535732552033,0.152270228996522,,,4.058847676509159,0.007711540466788313
7.108272313690372,1.947157743014765,7.389277314386251,1.725858195942442,11.89576491813869,0.1508608113726098,,,4.069255269127525,0.009092058598301308
7.118679906308738,1.94968249169411,7.399684907004617,1.73846494520677,11.90617251075706,0.1492990893179974,,,4.079662861745891,0.01074068520307182
7.129087498927103,1.954001388893965,7.410092499622983,1.753757944396074,11.91658010337542,0.1475840260670985,,,4.090070454364257,0.01269450829844636
7.139495091545469,1.959947932437825,7.420500092241348,1.77163965874072,11.92698769599379,0.1456771246543972,,,4.100478046982623,0.01499588987606661
7.149902684163835,1.967538618801642,7.430907684859715,1.792040394514567,11.93739528861216,0.1435804937231777,,,4.110885639600989,0.01769282183733934
7.160310276782201,1.976767102843245,7.441315277478081,1.814875806195233,11.94780288123052,0.1412982034154216,,,4.121293232219355,0.02083928827923806
7.170717869400567,1.987604099188838,7.451722870096447,1.840311204490485,11.95821047384889,0.1388362262634947,,,4.13170082483772,0.02449562593891442
7.181125462018933,1.999997645593422,7.462130462714812,1.868229040597201,11.96861806646725,0.1362049098209774,,,4.142108417456086,0.02872887345948704
7.191533054637299,2.013877932290292,7.472538055333178,1.898246347798179,11.97902565908562,0.1334137148188632,,,4.152516010074453,0.03356970904224658
7.201940647255665,2.029141408893154,7.482945647951544,1.930264019442935,11.98943325170398,0.1304689297133799,,,4.162923602692818,0.0391956431791838
7.21234823987403,2.045675636870294,7.493353240569911,1.964631636271295,11.99984084432235,0.1274577811372693,,,4.173331195311184,0.04564097342165509
7.222755832492396,2.063499013140709,7.503760833188276,2.001188518296771,12.01024843694072,0.1243906363690695,,,4.18373878792955,0.05300280948993336
7.233163425110763,2.082457775108363,7.514168425806642,2.039321180846321,12.02065602955908,0.121211970835338,,,4.194146380547916,0.06138606239210055
7.243571017729129,2.102227806990254,7.524576018425008,2.078832091706604,12.03106362217745,0.1179357285790343,,,4.204553973166282,0.07090348148514804
7.253978610347494,2.122624804412092,7.534983611043374,2.11963050203805,12.04147121479581,0.1145777964725553,,,4.214961565784648,0.08167558364135617
7.26438620296586,2.143452990055027,7.545391203661739,2.161546855637024,12.05187880741418,0.1111542325625726,,,4.225369158403014,0.09383045871331708
7.274793795584226,2.164507408601076,7.555798796280106,2.204333552058832,12.06228640003255,0.1076815604049832,,,4.23577675102138,0.1075034355286299
7.285201388202592,2.185576312816361,7.566206388898472,2.247816262439716,12.07269399265091,0.1041765081627192,,,4.246184343639746,0.1228365930538424
7.295608980820958,2.206443605939609,7.576613981516838,2.291845472065114,12.08310158526928,0.1006558441244521,,,4.256591936258111,0.1399781021928099
7.306016573439324,2.226891305434717,7.587021574135203,2.336245287156614,12.09350917788764,0.09713519020970904,,,4.266999528876477,0.1590813849683996
7.31642416605769,2.247481422512294,7.597429166753569,2.380814118457401,12.10391677050601,0.09363310544404875,,,4.277407121494844,0.1803040796124251
7.326831758676056,2.267993186820487,7.607836759371935,2.425377256457002,12.11432436312437,0.09016471363108838,,,4.287814714113209,0.2038068023816183
7.337239351294421,2.287424389630498,7.618244351990302,2.469761765366945,12.12473195574274,0.08674524373407556,,,4.298222306731575,0.2297516997408082
7.347646943912787,2.305564350573532,7.628651944608667,2.513814574752021,12.13513954836111,0.08338858860894946,,,4.308629899349941,0.2583007879083652
7.358054536531154,2.322204092395171,7.639059537227033,2.557338635962905,12.14554714097947,0.08010830346653337,,,4.319037491968307,0.2896140806282867
7.36846212914952,2.337157288105141,7.649467129845399,2.600185014027343,12.15595473359784,0.07691693614546341,,,4.329445084586673,0.3238475103861786
7.378869721767885,2.350767574512507,7.659874722463765,2.642646734855911,12.16636232621621,0.07382593132789063,,,4.339852677205039,0.3611506530729882
7.389277314386251,2.362868584030741,7.67028231508213,2.685334220597746,12.17676991883457,0.07084555155322625,,,4.350260269823405,0.4016642712521099
7.399684907004617,2.372772699055288,7.680689907700497,2.727639965301039,12.18717751145294,0.06798481559607722,,,4.360667862441771,0.445517696614971
7.410092499622983,2.380367214442381,7.691097500318863,2.768624001044578,12.1975851040713,0.06525207604643124,,,4.371075455060137,0.4928260778114371
7.420500092241348,2.385524199920114,7.701505092937229,2.808186816137462,12.20799269668967,0.06265381361072397,,,4.381483047678502,0.5436875254910709
7.430907684859715,2.3881488484403,7.711912685555594,2.846170329246914,12.21840028930803,0.06019437239426263,,,4.391890640296868,0.5981801919505314
7.441315277478081,2.388167447090536,7.72232027817396,2.882472309623072,12.2288078819264,0.05787757778730813,,,4.402298232915234,0.6563593280993983
7.451722870096447,2.385781623900375,7.732727870792326,2.916959190426685,12.23921547454477,0.05570591234042008,,,4.4127058255336,0.7182543653699246
7.462130462714812,2.380965472501567,7.743135463410693,2.949556399737815,12.24962306716313,0.05368061025329837,,,4.423113418151966,0.7838907306137379
7.472538055333178,2.373437358932191,7.753543056029058,2.980193799549412,12.2600306597815,0.05180171227324132,,,4.433521010770332,0.8531951054524735
7.482945647951544,2.363212708892464,7.763950648647424,3.008820273820961,12.27043825239986,0.05006813369623388,,,4.443928603388698,0.9261227232529493
7.493353240569911,2.35136601506249,7.77435824126579,3.035404897585931,12.28084584501823,0.04847774400680879,,,4.454336196007064,1.002573330034446
7.503760833188276,2.337936047528076,7.784765833884156,3.059937932493401,12.2912534376366,0.04702745655131878,,,4.464743788625429,1.082408643597727
7.514168425806642,2.321923750482288,7.795173426502521,3.082431615497058,12.30166103025496,0.04571332652421403,,,4.475151381243796,1.165450783559978
7.524576018425008,2.303394504000582,7.805581019120887,3.102938867445597,12.31206862287333,0.04453065546009825,,,4.485558973862162,1.251481131677678
7.534983611043374,2.282431654364649,7.815988611739254,3.121505325244582,12.32247621549169,0.04347410036706947,,,4.495966566480528,1.340239676235924
7.545391203661739,2.259134158441467,7.82639620435762,3.138192043415381,12.33288380811006,0.04253778561002507,,,4.506374159098893,1.431424889060385
7.555798796280106,2.233615277183611,7.836803796975985,3.15311776323997,12.34329140072843,0.04171541565662885,,,4.516781751717259,1.524694177004557
7.566206388898472,2.206001165723055,7.847211389594351,3.166813174665593,12.35369899334679,0.04100038683340081,,,4.527189344335625,1.619664941636806
7.576613981516838,2.176429377959757,7.857618982212717,3.181076876555352,12.36410658596516,0.04038330716855193,,,4.537596936953991,1.71591627139904
7.587021574135203,2.145047303749426,7.868026574831083,3.195654440114235,12.37451417858352,0.03986301469567512,,,4.548004529572357,1.812991279875402
7.597429166753569,2.11201055686631,7.878434167449449,3.209033725910631,12.38492177120189,0.03942935371879049,,,4.558412122190723,1.910400092181473
7.607836759371935,2.077481331776321,7.888841760067815,3.221387801543129,12.39532936382025,0.03907554835985725,,,4.568819714809089,2.007623469087399
7.618244351990302,2.041626746988668,7.899249352686181,3.232895952940257,12.40573695643862,0.03879499545717063,,,4.579227307427455,2.104117045582829
7.628651944608667,2.004617272259621,7.909656945304547,3.243753324347311,12.41614454905699,0.0385981155144024,,,4.58963490004582,2.199316147467034
7.639059537227033,1.966624799497246,7.920064537922912,3.254196247335994,12.42655214167535,0.03847872368883602,,,4.600042492664187,2.292641136516044
7.649467129845399,1.927821468906245,7.930472130541278,3.264383924861217,12.43695973429372,0.03841408268838676,,,4.610450085282553,2.383503222165353
7.659874722463765,1.889193190863752,7.940879723159645,3.274867291815308,12.44736732691208,0.03839863714192918,,,4.620857677900919,2.471310665782016
7.67028231508213,1.851037059666875,7.951287315778011,3.285863142718978,12.45777491953045,0.03842716578450845,,,4.631265270519284,2.555482269512499
7.680689907700497,1.812686772719249,7.961694908396376,3.297552115022372,12.46818251214882,0.0384952255858223,,,4.64167286313765,2.63542806073526
7.691097500318863,1.774128278303251,7.972102501014742,3.310162226445258,12.47859010476718,0.03859848337936025,,,4.652080455756016,2.710592862372483
7.701505092937229,1.735543236282704,7.982510093633108,3.323575079865324,12.48899769738555,0.03873319004489063,,,4.662488048374382,2.780439996640072
7.711912685555594,1.697034784245926,7.992917686251474,3.338020962308745,12.49940529000391,0.03889603693204926,,,4.672895640992748,2.844463513629286
7.72232027817396,1.658724694760992,8.003325278869839,3.353634891925255,12.50981288262228,0.03910325979497522,,,4.683303233611114,2.902194710583057
7.732727870792326,1.62072451595104,8.013732871488205,3.370596811929967,12.52022047524065,0.03935219113136838,,,4.69371082622948,2.953208320093611
7.743135463410693,1.583138110459887,8.024140464106571,3.388988740604974,12.53062806785901,0.03962122042990089,,,4.704118418847846,2.997128258864736
7.753543056029058,1.54605936024516,8.034548056724939,3.408943081939369,12.54103566047738,0.03990816360172304,,,4.714526011466211,3.033632834458078
7.763950648647424,1.509572370051196,8.044955649343304,3.430545132306901,12.55144325309574,0.0402110846161096,,,4.724933604084577,3.062459315514466
7.77435824126579,1.473751342246695,8.05536324196167,3.453853998613181,12.56185084571411,0.04052824263515843,,,4.735341196702944,3.083407781152375
7.784765833884156,1.438660575744322,8.065770834580036,3.478901286874424,12.57225843833248,0.04085803692115196,,,4.74574878932131,3.096344177380439
7.795173426502521,1.404354585335446,8.076178427198402,3.505690229305028,12.58266603095084,0.04119895098453129,,,4.756156381939675,3.103575446697253
7.805581019120887,1.370879506451446,8.086586019816767,3.534195275221432,12.59307362356921,0.04154949742300116,,,4.766563974558041,3.10508574257703
7.815988611739254,1.338269228324275,8.096993612435133,3.564362162539941,12.60348121618757,0.04190816485332911,,,4.776971567176407,3.100348694227262
7.82639620435762,1.306551406540143,8.107401205053499,3.596403808747577,12.61388880880594,0.04227342316592902,,,4.787379159794773,3.089454547794229
7.836803796975985,1.275744949281361,8.117808797671865,3.630764303305487,12.6242964014243,0.04264347357049431,,,4.797786752413139,3.070736471528762
7.847211389594351,1.245879702808215,8.12821639029023,3.667003945134459,12.63470399404267,0.04301649838733941,,,4.808194345031505,3.044406980099331
7.857618982212717,1.217138673060019,8.138623982908596,3.704394402439698,12.64511158666104,0.04339044633342302,,,4.818601937649871,3.010743909571207
7.868026574831083,1.189526691723714,8.149031575526962,3.742736742735337,12.6555191792794,0.04376593902392031,,,4.829009530268237,2.970087140984413
7.878434167449449,1.162806377810405,8.159439168145328,3.781832594971128,12.66592677189777,0.04414013451174612,,,4.839417122886602,2.922834511164997
7.888841760067815,1.137011110096804,8.169846760763695,3.821449035946217,12.67633436451614,0.04450769274967517,,,4.849824715504968,2.869436979518179
7.899249352686181,1.112094631385299,8.180254353382061,3.861349395470938,12.6867419571345,0.04486559147827465,,,4.860232308123335,2.81039313196859
7.909656945304547,1.08803560535182,8.190661946000427,3.901289743673014,12.69714954975287,0.04521057464086723,,,4.870639900741701,2.746243113779848
7.920064537922912,1.06481228794401,8.201069538618793,3.941022817253297,12.70755714237123,0.04553918165666858,,,4.881047493360066,2.677562091500338
7.930472130541278,1.042397271881116,8.211477131237158,3.980302017854419,12.7179647349896,0.04584628663425604,,,4.891455085978432,2.604953350600342
7.940879723159645,1.020772007568057,8.221884723855524,4.01912607501052,12.72837232760796,0.04613133047993475,,,4.901862678596798,2.52904113940484
7.951287315778011,0.9999115607723247,8.23229231647389,4.057213455826052,12.73877992022633,0.0463885383961383,,,4.912270271215164,2.450463371665327
7.961694908396376,0.9799596389068723,8.242699909092256,4.094188914199245,12.7491875128447,0.04661392690050828,,,4.92267786383353,2.369864299591995
7.972102501014742,0.9612142944845815,8.253107501710621,4.129772561951893,12.75959510546306,0.04680350621107814,,,4.933085456451896,2.287887266480458
7.982510093633108,0.9434744364932097,8.263515094328987,4.16389264332957,12.77000269808143,0.04695314811667815,,,4.943493049070262,2.20516764336218
7.992917686251474,0.9263925572408267,8.273922686947353,4.198049761223135,12.78041029069979,0.04705924889939486,,,4.953900641688628,2.122326047577131
8.003325278869839,0.9099434336930722,8.284330279565719,4.232004686658958,12.79081788331816,0.04711790942012256,,,4.964308234306993,2.039973648848749
8.013732871488205,0.8941051010320666,8.294737872184086,4.263949062836108,12.80122547593653,0.04712558808214334,,,4.974715826925359,1.958662480796201
8.024140464106571,0.8788583559260054,8.305145464802452,4.293793811686762,12.81163306855489,0.04707900106472134,,,4.985123419543726,1.87894168903392
8.034548056724939,0.8641868624062681,8.315553057420818,4.32141900763687,12.82204066117326,0.04700826609704817,,,4.995531012162091,1.801313820016236
8.044955649343304,0.8500739454691515,8.325960650039184,4.346793200324773,12.83244825379162,0.04690987681966116,,,5.005938604780457,1.726239817865334
8.05536324196167,0.8365152957307206,8.336368242657549,4.370012328750799,12.84285584640999,0.04674939750257955,,,5.016346197398823,1.654135464732233
8.065770834580036,0.8234983292632662,8.346775835275915,4.391091294032936,12.85326343902836,0.04652376383098213,,,5.026753790017189,1.585368506758033
8.076178427198402,0.8110163418010868,8.357183427894281,4.409963194266298,12.86367103164672,0.04623119843356129,,,5.037161382635555,1.520256476900087
8.086586019816767,0.7990642743541698,8.367591020512647,4.426703511480972,12.87407862426509,0.04587046574137214,,,5.047568975253921,1.45906521477651
8.096993612435133,0.7876383151333669,8.377998613131012,4.44204646658556,12.88448621688345,0.04544105106345778,,,5.057976567872287,1.402008073271864
8.107401205053499,0.7767384217873583,8.388406205749378,4.456865446154497,12.89489380950182,0.04494252868797501,,,5.068384160490653,1.349245792087935
8.117808797671865,0.7665825368241386,8.398813798367744,4.47055779616039,12.90530140212018,0.04437560957431341,,,5.078791753109019,1.300887009831993
8.12821639029023,0.7571632721426463,8.40922139098611,4.48354796871126,12.91570899473855,0.04374164562800179,,,5.089199345727384,1.256989378692137
8.138623982908596,0.748253447363865,8.419628983604477,4.495989869318291,12.92611658735692,0.04304060568985092,,,5.09960693834575,1.217561239302965
8.149031575526962,0.7398432376784635,8.430036576222843,4.507162298928515,12.93652417997528,0.0422774932462225,,,5.110014530964116,1.182563808071945
8.159439168145328,0.731929871154301,8.440444168841209,4.517233877836283,12.94693177259365,0.04147562712782023,,,5.120422123582482,1.151913825006672
8.169846760763695,0.7245007374778034,8.450851761459575,4.526390795385537,12.95733936521201,0.04063848290352712,,,5.130829716200848,1.125486606921301
8.180254353382061,0.7175450815664188,8.46125935407794,4.534821284073167,12.96774695783038,0.03974805337942698,,,5.141237308819214,1.103119448753086
8.190661946000427,0.7110507680080704,8.471666946696306,4.54271719108335,12.97815455044875,0.03880848422136547,,,5.15164490143758,1.084615314518297
8.201069538618793,0.7050042896133282,8.482074539314672,4.550288961076885,12.98856214306711,0.03782293051484067,,,5.162052494055946,1.069746759101793
8.211477131237158,0.69939085097639,8.492482131933038,4.557668823622251,12.99896973568548,0.03679602050479952,,,5.172460086674311,1.058260022520742
8.221884723855524,0.6942020342183352,8.502889724551403,4.565045834175408,13.00937732830384,0.03573269107520645,,,5.182867679292678,1.049924427723694
8.23229231647389,0.6894079941405759,8.513297317169769,4.572576657707734,13.01978492092221,0.03463813598526753,,,5.193275271911044,1.044367978853346
8.242699909092256,0.6849846119025405,8.523704909788135,4.580401306072989,13.03019251354057,0.03351804121548262,,,5.20368286452941,1.041319554672423
8.253107501710621,0.6809423277596228,8.534112502406501,4.588643147186051,13.04060010615894,0.03237794187061192,,,5.214090457147775,1.040463273704086
8.263515094328987,0.6772476771518345,8.544520095024867,4.597406832974012,13.05100769877731,0.03122335866905172,,,5.224498049766141,1.041478218328464
8.273922686947353,0.6739271375049587,8.554927687643234,4.607615955666787,13.06141529139567,0.03005982241325273,,,5.234905642384507,1.044042469072526
8.284330279565719,0.6709644102141241,8.5653352802616,4.619328231246492,13.07182288401404,0.02889290426855197,,,5.245313235002873,1.047836967988143
8.294737872184086,0.6683008519593772,8.575742872879966,4.631735521859052,13.08223047663241,0.02772831894929369,,,5.255720827621239,1.05254917524051
8.305145464802452,0.6659228256593716,8.586150465498331,4.644841373666569,13.09263806925077,0.02657157661402744,,,5.266128420239605,1.057907054671573
8.315553057420818,0.6638232232767154,8.596558058116697,4.658641809163719,13.10304566186914,0.02542803993031055,,,5.276536012857971,1.063568128173813
8.325960650039184,0.6619891104252023,8.606965650735063,4.67318250831339,13.1134532544875,0.02430288490019348,,,5.286943605476337,1.069283277006705
8.336368242657549,0.6604144858918866,8.617373243353429,4.688317523445844,13.12386084710587,0.02320105570070362,,,5.297351198094702,1.074797918073486
8.346775835275915,0.6590962682989574,8.627780835971794,4.704036056271336,13.13426843972423,0.02213103915139763,,,5.307758790713069,1.079878304577519
8.357183427894281,0.6580343970539239,8.63818842859016,4.720276257666438,13.1446760323426,0.02109646891092616,,,5.318166383331435,1.084313442191615
8.367591020512647,0.6572318361413485,8.648596021208526,4.737786253745528,13.15508362496097,0.02009842132489807,,,5.328573975949801,1.087916668656104
8.377998613131012,0.6567305642099379,8.659003613826892,4.756486629559999,13.16549121757933,0.01914066765567024,,,5.338981568568166,1.090526895291953
8.388406205749378,0.6569685423823226,8.669411206445258,4.775473779090518,13.1758988101977,0.01822664170554309,,,5.349389161186532,1.093203217246735
8.398813798367744,0.657906341791606,8.679818799063625,4.794664044529187,13.18630640281607,0.01735951819081895,,,5.359796753804898,1.095828399766825
8.40922139098611,0.6592052086707642,8.690226391681991,4.813980145848155,13.19671399543443,0.01654193044114129,,,5.370204346423264,1.097109267033935
8.419628983604477,0.6608547778748822,8.700633984300357,4.833354507300936,13.2071215880528,0.01577636491803094,,,5.38061193904163,1.096974004692178
8.430036576222843,0.6628249871944452,8.711041576918722,4.852732386839221,13.21752918067116,0.01506491752316244,,,5.391019531659996,1.09537837153649
8.440444168841209,0.665102192996848,8.721449169537088,4.872083627961265,13.22793677328953,0.01441007951649871,,,5.401427124278362,1.092305334347826
8.450851761459575,0.6676943876358219,8.731856762155454,4.892251096107738,13.23834436590789,0.01381206289227233,,,5.411834716896728,1.08776443911926
8.46125935407794,0.6706088564982315,8.74226435477382,4.91417968452053,13.24875195852626,0.01327260123580555,,,5.422242309515093,1.081790938546125
8.471666946696306,0.6738514882262392,8.752671947392185,4.936989979227218,13.25915955114463,0.01279257929195352,,,5.43264990213346,1.074444697677359
8.482074539314672,0.6774261224757427,8.763079540010551,4.959752066912483,13.26956714376299,0.01237261677145877,,,5.443057494751826,1.065808901261346
8.492482131933038,0.6813336812218864,8.773487132628917,4.982634524067429,13.27997473638136,0.01201308764115194,,,5.453465087370192,1.055988587538959
8.502889724551403,0.6855717636112929,8.783894725247283,5.005688608559771,13.29038232899972,0.01171414064585902,,,5.463872679988557,1.045109034018075
8.513297317169769,0.6901338825224392,8.794302317865649,5.028918021672821,13.30078992161809,0.01147577715237014,,,5.474280272606923,1.033314021095211
8.523704909788135,0.6950089718541567,8.804709910484016,5.052399894124639,13.31119751423646,0.01129766251336941,,,5.484687865225289,1.02082296452007
8.534112502406501,0.7001809491921895,8.815117503102382,5.07626793292721,13.32160510685482,0.01117944540201998,,,5.495095457843655,1.007708916033351
8.544520095024867,0.7056283888751764,8.825525095720748,5.100676081743704,13.33201269947319,0.01112059287017021,,,5.505503050462021,0.9942111492451553
8.554927687643234,0.711328181406623,8.835932688339113,5.125795900261974,13.34242029209155,0.01112018395626966,,,5.515910643080387,0.9805223848553741
8.5653352802616,0.7172477150688159,8.846340280957479,5.153312636652313,13.35282788470992,0.01117808046824404,,,5.526318235698753,0.9668547426818663
8.575742872879966,0.7233449569865341,8.856747873575845,5.183423318608937,13.36323547732828,0.01129312300437183,,,5.536725828317119,0.9534242743867049
8.586150465498331,0.729563186387664,8.867155466194211,5.214781758679838,13.37364306994665,0.01146444394846806,,,5.547133420935484,0.9405157438975044
8.596558058116697,0.7358811636431096,8.877563058812576,5.247591260091252,13.38405066256502,0.01169113905345514,,,5.55754101355385,0.9285817266993763
8.606965650735063,0.7422343316304131,8.887970651430942,5.28202196388622,13.39445825518338,0.01197228401589343,,,5.567948606172217,0.9178966372740386
8.617373243353429,0.748563523086066,8.898378244049308,5.318258840251994,13.40486584780175,0.01230694930200388,,,5.578356198790583,0.9083526954867089
8.627780835971794,0.75480945664443,8.908785836667674,5.356461177823006,13.41527344042011,0.01269421304828556,,,5.588763791408948,0.9001565710227664
8.63818842859016,0.7609108156248411,8.91919342928604,5.396778034563009,13.42568103303848,0.01313317187939574,,,5.599171384027314,0.8935326183957601
8.648596021208526,0.7668332456201605,8.929601021904405,5.439339030814883,13.43608862565685,0.0136226385916243,,,5.60957897664568,0.8886948428243566
8.659003613826892,0.7725142436944606,8.940008614522773,5.48564233216523,13.44649621827521,0.01416249783309649,,,5.619986569264046,0.8858520179203334
8.669411206445258,0.7778642899637574,8.950416207141139,5.535754055443161,13.45690381089358,0.01475148490003559,,,5.630394161882412,0.885206552658966
8.679818799063625,0.7828241953633344,8.960823799759504,5.588304721372892,13.46731140351194,0.01538886650259186,,,5.640801754500778,0.8869534425218771
8.690226391681991,0.7873382692338143,8.97123139237787,5.643282831412347,13.47771899613031,0.01607391589797167,,,5.651209347119144,0.8913472523657964
8.700633984300357,0.7913554350736623,8.981638984996236,5.700639801185947,13.48812658874868,0.01680593999230843,,,5.66161693973751,0.8984475749415746
8.711041576918722,0.7948302841622804,8.992046577614602,5.760288075498443,13.49853418136704,0.01758447438021719,,,5.672024532355875,0.9084759734340625
8.721449169537088,0.797724040029546,9.002454170232967,5.82209985302435,13.50894177398541,0.0184085251723214,,,5.682432124974241,0.9215512734202834
8.731856762155454,0.8000620659380021,9.012861762851333,5.885906454955689,13.51934936660377,0.01927761642410301,,,5.692839717592608,0.9379049258402981
8.74226435477382,0.8018284770060889,9.023269355469699,5.951498359179766,13.52975695922214,0.02019111135178521,,,5.703247310210974,0.9575928962732673
8.752671947392185,0.802951289587062,9.033676948088065,6.018621108162779,13.5401645518405,0.02115101448710251,,,5.713654902829339,0.9808021659177771
8.763079540010551,0.8034165891435624,9.044084540706431,6.086987882546667,13.55057214445887,0.02215661804364817,,,5.724062495447705,1.007604201967707
8.773487132628917,0.8039591823817974,9.054492133324796,6.156287506549964,13.56097973707724,0.0232044852643335,,,5.734470088066071,1.038094168237481
8.783894725247283,0.8045824108475703,9.064899725943164,6.226149404696046,13.5713873296956,0.02429377105839646,,,5.744877680684437,1.0723530904862
8.794302317865649,0.8045716984416801,9.07530731856153,6.296183595035549,13.58179492231397,0.02543245726746165,,,5.755285273302803,1.110447490511174
8.804709910484016,0.8039417400896499,9.085714911179895,6.36601443172844,13.59220251493234,0.02661953636219447,,,5.765692865921169,1.152429076137668
8.815117503102382,0.8027200561667663,9.096122503798261,6.435129972456009,13.6026101075507,0.02784470030347881,,,5.776100458539535,1.198334495203932
8.825525095720748,0.8009421409329203,9.106530096416627,6.503104957980077,13.61301770016907,0.02910651654143069,,,5.786508051157901,1.248185163324688
8.835932688339113,0.7986506662171367,9.116937689034993,6.569468122514121,13.62342529278743,0.03040340182531463,,,5.796915643776266,1.301987176616449
8.846340280957479,0.7959729766436666,9.127345281653358,6.633739954780624,13.6338328854058,0.031733608228314,,,5.807323236394632,1.359731321587051
8.856747873575845,0.792962444730212,9.137752874271724,6.695437948114976,13.64424047802416,0.03309521050032292,,,5.817730829012999,1.421393194938192
8.867155466194211,0.7895971754420024,9.14816046689009,6.75545400563246,13.65464807064253,0.03448609501536925,,,5.828138421631365,1.486933446020851
8.877563058812576,0.785936617180526,9.158568059508456,6.81317794026345,13.6650556632609,0.03590395055095923,,,5.83854601424973,1.556359134825224
8.887970651430942,0.7820383613327436,9.168975652126822,6.86892730430636,13.67546325587926,0.0373462611024783,,,5.848953606868096,1.629496636208536
8.898378244049308,0.7779638206656208,9.179383244745187,6.922223856097467,13.68587084849763,0.03881112214794114,,,5.859361199486462,1.706313382459585
8.908785836667674,0.7737798950609587,9.189790837363555,6.970556250183617,13.69627844111599,0.0402955888259995,,,5.869768792104828,1.786716458155252
8.91919342928604,0.7695360244729476,9.200198429981921,7.013457317683613,13.70668603373436,0.04179567577280786,,,5.880176384723193,1.870601619763727
8.929601021904405,0.7652841023647725,9.210606022600286,7.050575184807945,13.71709362635273,0.04330800865675163,,,5.89058397734156,1.958421708039419
8.940008614522773,0.7610717923109219,9.221013615218652,7.081502558752975,13.72750121897109,0.04482900774479666,,,5.900991569959926,2.0500489866817
8.950416207141139,0.7569391027872159,9.231421207837018,7.107090860300475,13.73790881158946,0.04635489512153768,,,5.911399162578292,2.144776717852971
8.960823799759504,0.7529174395969849,9.241828800455384,7.127041575905884,13.74831640420782,0.04788183615337156,,,5.921806755196657,2.24245995728183
8.97123139237787,0.7490311569566546,9.252236393073749,7.139908767701449,13.75872399682619,0.04940571839996799,,,5.932214347815023,2.342950223626393
8.981638984996236,0.745295787426294,9.262643985692115,7.145476475952131,13.76913158944456,0.05092209346702347,,,5.942621940433389,2.446097459174567
8.992046577614602,0.7417176275982177,9.273051578310481,7.143584039619916,13.77953918206292,0.05242711866209644,,,5.953029533051756,2.551752035128082
9.002454170232967,0.7382935245411658,9.283459170928847,7.134114713114303,13.78994677468129,0.05391548105946694,,,5.963437125670121,2.659766761246795
9.012861762851333,0.7350108670021557,9.293866763547213,7.117061685303736,13.80035436729965,0.05538268097817887,,,5.973844718288487,2.769998855244507
9.023269355469699,0.731847780722741,9.304274356165578,7.092302006027499,13.81076195991802,0.05683189165350381,,,5.984252310906853,2.882311823780282
9.033676948088065,0.7287734748160405,9.314681948783944,7.062724761836003,13.82116955253639,0.05825822756287355,,,5.994659903525219,2.996577204379649
9.044084540706431,0.7257454421348457,9.325089541402312,7.028403695206276,13.83157714515475,0.05964876945840815,,,6.005067496143584,3.112676116330152
9.054492133324796,0.7227250089093251,9.335497134020677,6.986600824431187,13.84198473777312,0.06101420459367252,,,6.015475088761951,3.230500568683537
9.064899725943164,0.7196544955328705,9.345904726639043,6.937481374253383,13.85239233039148,0.06234942393662291,,,6.025882681380317,3.34999663790653
9.07530731856153,0.716475216077783,9.356312319257409,6.881203363726434,13.86279992300985,0.06363355267857776,,,6.036290273998683,3.47100776432985
9.085714911179895,0.7131240933278313,9.366719911875775,6.818006270125971,13.87320751562821,0.06486112547181999,,,6.046697866617048,3.593497032561111
9.096122503798261,0.7095349138640588,9.37712750449414,6.74811395610054,13.88361510824658,0.06604512639102633,,,6.057105459235414,3.717407212174918
9.106530096416627,0.7056396511310374,9.387535097112506,6.671840107918662,13.89402270086495,0.06717910202271046,,,6.06751305185378,3.842693386026571
9.116937689034993,0.7013698149986313,9.397942689730872,6.589543320824879,13.90443029348331,0.06824201752771143,,,6.077920644472147,3.969321939739364
9.127345281653358,0.6966578094087482,9.408350282349238,6.502875285181128,13.91483788610168,0.06922914955291234,,,6.088328237090512,4.097269083022728
9.137752874271724,0.691438266599855,9.418757874967604,6.412174222479987,13.92524547872004,0.07013605748552984,,,6.098735829708878,4.226518907275048
9.14816046689009,0.6860138022118802,9.429165467585969,6.316603139811228,13.93565307133841,0.07095859782465828,,,6.109143422327244,4.359318955358383
9.158568059508456,0.6803227523118741,9.439573060204335,6.2165758003077,13.94606066395678,0.07169296096524631,,,6.11955101494561,4.495522114717659
9.168975652126822,0.673945137736528,9.449980652822703,6.112561644920044,13.95646825657514,0.0723357024312091,,,6.129958607563975,4.633005951698754
9.179383244745187,0.6668307684829,9.460388245441068,6.005044091847868,13.96687584919351,0.07288379747866389,,,6.140366200182342,4.771657974666326
9.189790837363555,0.6589373432266712,9.470795838059434,5.894528129375054,13.97728344181187,0.07334201866068719,,,6.150773792800708,4.911426068553548
9.200198429981921,0.650230529068522,9.4812034306778,5.781524867283392,13.98769103443024,0.07371433333733082,,,6.161181385419074,5.052268802042634
9.210606022600286,0.6406875504672056,9.491611023296166,5.666607204217805,13.99809862704861,0.07399158958974414,,,6.171588978037439,5.194112488593368
9.221013615218652,0.6302929226288527,9.502018615914531,5.550316832267474,14.00850621966697,0.07416628304331097,,,6.181996570655805,5.336866850509657
9.231421207837018,0.6194495816903498,9.512426208532897,5.433269897027872,14.01891381228534,0.07423767186042921,,,6.192404163274171,5.481905362843813
9.241828800455384,0.6081597396275006,9.522833801151263,5.315978073630602,14.0293214049037,0.07420558151766145,,,6.202811755892538,5.629075726812155
9.252236393073749,0.5960248467516104,9.533241393769629,5.201598351600771,14.03972899752207,0.0740704415772616,,,6.213219348510903,5.776717464328932
9.262643985692115,0.5830637722279544,9.543648986387995,5.090715888714494,14.05013659014043,0.0738333029664386,,,6.223626941129269,5.924618622729646
9.273051578310481,0.5693049634919409,9.55405657900636,4.981375873832131,14.0605441827588,0.07351713691824993,,,6.234034533747635,6.072537135013981
9.283459170928847,0.554785974436913,9.564464171624726,4.874155048501947,14.07095177537717,0.07312488612444101,,,6.244442126366001,6.220199594081272
9.293866763547213,0.5395529227361582,9.574871764243094,4.769620228449899,14.08135936799553,0.07263776685521021,,,6.254849718984366,6.367300659848441
9.304274356165578,0.5236588651938631,9.585279356861459,4.668382241590131,14.0917669606139,0.0720584635150793,,,6.265257311602732,6.51350316270506
9.314681948783944,0.5071872297382072,9.595686949479825,4.571004834893628,14.10217455323227,0.07139074965238265,,,6.275664904221099,6.658419551104376
9.325089541402312,0.4902188764584038,9.606094542098191,4.478065194363404,14.11258214585063,0.07064370128490041,,,6.286072496839465,6.801695304341045
9.335497134020677,0.4727873830923539,9.616502134716557,4.390174763917356,14.122989738469,0.06982102332861033,,,6.29648008945783,6.942911308291237
9.345904726639043,0.4549709353910346,9.626909727334922,4.307825515409458,14.13339733108736,0.06892548274736754,,,6.306887682076196,7.081568053403786
9.356312319257409,0.4368464543519064,9.637317319953288,4.231599484330951,14.14380492370573,0.06796338690378248,,,6.317295274694562,7.21722164054623
9.366719911875775,0.4184988526170446,9.647724912571654,4.162462071285467,14.15421251632409,0.06697654837567309,,,6.327702867312928,7.349389835018985
9.37712750449414,0.4000016162986154,9.65813250519002,4.100911200640631,14.16462010894246,0.06597180249061287,,,6.338110459931294,7.47758090687061
9.387535097112506,0.3814395496699596,9.668540097808386,4.047021773889847,14.17502770156083,0.06492167263067465,,,6.34851805254966,7.601299657595484
9.397942689730872,0.3628949813487105,9.678947690426751,4.001263882861681,14.18543529417919,0.06383382044683726,,,6.358925645168026,7.720053954069198
9.408350282349238,0.3444448274273746,9.689355283045117,3.964050361068356,14.19584288679756,0.06271627253074059,,,6.369333237786392,7.833361661644575
9.418757874967604,0.3261662705984811,9.699762875663483,3.93577481528283,14.20625047941592,0.06157736506509724,,,6.379740830404757,7.940757855624279
9.429165467585969,0.3081290419947983,9.71017046828185,3.916800137998988,14.21665807203429,0.06042568364234935,,,6.390148423023123,8.041830089191251
9.439573060204335,0.2904009088244883,9.720578060900216,3.907440142672138,14.22706566465266,0.0592727306463746,,,6.40055601564149,8.136121587544988
9.449980652822703,0.2730450786081575,9.730985653518582,3.907980878358937,14.23747325727102,0.05812737108852063,,,6.410963608259856,8.226140180140387
9.460388245441068,0.2561195727648649,9.741393246136948,3.918620693450051,14.24788084988939,0.05699576162211178,,,6.421371200878221,8.311540031835687
9.470795838059434,0.2396769174795414,9.751800838755313,3.939543116484713,14.25828844250775,0.05588676342947643,,,6.431778793496587,8.389348159958731
9.4812034306778,0.2237638307372304,9.762208431373679,3.970866308145564,14.26869603512612,0.05480913568017205,,,6.442186386114953,8.459306742644261
9.491611023296166,0.2084213346522127,9.772616023992045,4.012627713484842,14.27910362774448,0.05377146006194518,,,6.452593978733319,8.52107856329695
9.502018615914531,0.1936842773422528,9.783023616610411,4.065482639626931,14.28951122036285,0.05278206530754093,,,6.463001571351685,8.57444661899628
9.512426208532897,0.17958166083551,9.793431209228777,4.129352344646191,14.29991881298122,0.05184895254512894,,,6.473409163970051,8.622478247595668
9.522833801151263,0.1661366732559475,9.803838801847142,4.203503615865569,14.31032640559958,0.05097972230481734,,,6.483816756588417,8.665174019503608
9.533241393769629,0.1533672524143447,9.814246394465508,4.287737705438828,14.32073399821795,0.05018150400841432,,,6.494224349206783,8.699535980303649
9.543648986387995,0.1412855789141011,9.824653987083874,4.381818049841103,14.33114159083632,0.04946088875475545,,,6.504631941825148,8.726091352019136
9.55405657900636,0.1298983841651568,9.835061579702241,4.4854386543609,14.34154918345468,0.04882386618905152,,,6.515039534443514,8.745063741305312
9.564464171624726,0.1192080639864091,9.845469172320607,4.598235784659625,14.35195677607305,0.04827576621231901,,,6.525447127061881,8.756390374033373
9.574871764243094,0.109212239180433,9.855876764938973,4.719790097520302,14.36236436869141,0.04782120624649769,,,6.535854719680247,8.76040956165807
9.585279356861459,0.0999060941710235,9.866284357557339,4.849606691440966,14.37277196130978,0.04746608395907529,,,6.546262312298612,8.75759942329308
9.595686949479825,0.0912797750971573,9.876691950175704,4.987213728309498,14.38317955392814,0.04721316756931326,,,6.556669904916978,8.748490127184898
9.606094542098191,0.08332099914453057,9.88709954279407,5.13201469363577,14.39358714654651,0.04706290336273163,,,6.567077497535344,8.733724820983406
9.616502134716557,0.07601493124969297,9.897507135412436,5.283399906343022,14.40399473916488,0.04701663758300005,,,6.57748509015371,8.717167783700654
9.626909727334922,0.06934463410795584,9.907914728030802,5.440722275109226,14.41440233178324,0.04707484647254453,,,6.587892682772076,8.699537040807302
9.637317319953288,0.06329150683188328,9.918322320649168,5.603302135509723,14.42480992440161,0.04724685650743199,,,6.598300275390442,8.678240659186667
9.647724912571654,0.0578357063671394,9.928729913267533,5.770432335061625,14.43521751701997,0.04753131256489854,,,6.608707868008808,8.654062767954995
9.65813250519002,0.05295562568492604,9.939137505885899,5.941383494034322,14.44562510963834,0.04791618964750041,,,6.619115460627174,8.627673209011622
9.668540097808386,0.04864998780872137,9.949545098504265,6.115409367611885,14.45603270225671,0.04839834817362049,,,6.629523053245539,8.599887656180078
9.678947690426751,0.04486549802801713,9.959952691122632,6.291752234399468,14.46644029487507,0.04897379401627596,,,6.639930645863905,8.571487677974259
9.689355283045117,0.04159527141747698,9.970360283740998,6.469648237377291,14.47684788749344,0.04963789979511359,,,6.650338238482271,8.543261908498069
9.699762875663483,0.03880705668837545,9.980767876359364,6.648332606194389,14.4872554801118,0.05038516325570003,,,6.660745831100638,8.515954800825776
9.71017046828185,0.03650759686477012,9.99117546897773,6.827044694082021,14.49766307273017,0.05120946746985574,,,6.671153423719003,8.490314494723648
9.720578060900216,0.03466327175987721,10.0015830615961,7.005032768528117,14.50807066534854,0.05210394286614631,,,6.681561016337369,8.46704654547707
9.730985653518582,0.03325669837627444,10.01199065421446,7.183566768797099,14.5184782579669,0.05306180027831234,,,6.691968608955735,8.446813224308613
9.741393246136948,0.03227176550081737,10.02239824683283,7.361909628632641,14.52888585058527,0.05407487031226238,,,6.702376201574101,8.430224724248854
9.751800838755313,0.03169374864047831,10.03280583945119,7.537321259936233,14.53929344320363,0.05513516566603635,,,6.712783794192466,8.417831062695248
9.762208431373679,0.03150939241317195,10.04321343206956,7.709095166620523,14.549701035822,0.05623428072057571,,,6.723191386810833,8.410114805228355
9.772616023992045,0.03170568699843037,10.05362102468792,7.876553531633827,14.56010862844036,0.05736359635751647,,,6.733598979429199,8.407515562390344
9.783023616610411,0.03227526597621783,10.06402861730629,8.039050118771234,14.57051622105873,0.05851436802364885,,,6.744006572047565,8.410358780126666
9.793431209228777,0.0332078712159711,10.07443620992466,8.199715207840887,14.5809238136771,0.05967781423966027,,,6.75441416466593,8.418830261702761
9.803838801847142,0.03449637369532243,10.08484380254302,8.357988812215543,14.59133140629546,0.06084520431923416,,,6.764821757284296,8.436082296970596
9.814246394465508,0.03613510301685365,10.09525139516139,8.509448384767754,14.60173899891383,0.06200794405084701,,,6.775229349902662,8.462164402559351
9.824653987083874,0.0381197775680645,10.10565898777975,8.65360820898578,14.61214659153219,0.06315766566499188,,,6.785636942521029,8.494061952589998
9.835061579702241,0.0404474172431185,10.11606658039812,8.789908892895651,14.62255418415056,0.06428628397899067,,,6.796044535139394,8.531626335753398
9.845469172320607,0.04311624112893686,10.12647417301649,8.917877384831019,14.63296177676893,0.06538608948046226,,,6.80645212775776,8.574625449023943
9.855876764938973,0.0461255525297259,10.13688176563485,9.037099440963395,14.64336936938729,0.0664499440241338,,,6.816859720376126,8.622738565212936
9.866284357557339,0.04947559477377664,10.14728935825322,9.147154351819262,14.65377696200566,0.06747083026414151,,,6.827267312994492,8.675600485451534
9.876691950175704,0.05316749767628092,10.15769695087158,9.247695474461564,14.66418455462402,0.06844267418670477,,,6.837674905612857,8.732746284288353
9.88709954279407,0.05720301206499,10.16810454348995,9.338466350373457,14.67459214724239,0.06939214897106721,,,6.848082498231224,8.793662511099063
9.897507135412436,0.06158445713236545,10.17851213610832,9.419187376685466,14.68499973986076,0.07031399611787498,,,6.85849009084959,8.85778387780109
9.907914728030802,0.06631455283250386,10.18891972872668,9.489646572495836,14.69540733247912,0.0711708628998507,,,6.868897683467956,8.924502469756282
9.918322320649168,0.07139627727246033,10.19932732134505,9.549674456118899,14.70581492509749,0.07197929103479614,,,6.879305276086321,8.993177623204932
9.928729913267533,0.07683272717378938,10.20973491396341,9.59914323308745,14.71622251771585,0.07273551101123069,,,6.889712868704687,9.063146314849275
9.939137505885899,0.08262698343988828,10.22014250658178,9.640730615398923,14.72663011033422,0.07341542418258826,,,6.900120461323053,9.133733897827463
9.949545098504265,0.08878198376921648,10.23055009920015,9.674366881970206,14.73703770295259,0.0740162788688092,,,6.91052805394142,9.204265009413536
9.959952691122632,0.0953004041324118,10.24095769181851,9.697196362238028,14.74744529557095,0.07453637860976473,,,6.920935646559785,9.274135882739705
9.970360283740998,0.1021845507770912,10.25136528443688,9.709291520846255,14.75785288818932,0.07497419481690051,,,6.931343239178151,9.342651752596641
9.980767876359364,0.1094362642325046,10.26177287705524,9.710624203126509,14.76826048080768,0.07532869087715501,,,6.941750831796517,9.409151750784334
9.99117546897773,0.1170568365528643,10.27218046967361,9.701254887217067,14.77866807342605,0.07560019395446721,,,6.952158424414883,9.47515076648919
10.0015830615961,0.1250469427600356,10.28258806229197,9.681280229295009,14.78907566604441,0.07578864472314364,,,6.962566017033248,9.540112231283894
10.01199065421446,0.13340662437981,10.29299565491034,9.651821614745399,14.79948325866278,0.07589475804580967,,,6.972973609651615,9.601500572922292
10.02239824683283,0.1421351760048679,10.30340324752871,9.613037270968574,14.80989085128115,0.07594744418300828,,,6.983381202269981,9.658887959132194
10.03280583945119,0.1512311216364492,10.31381084014707,9.564121257862594,14.82029844389951,0.07594892817553861,,,6.993788794888347,9.711919471378648
10.04321343206956,0.1606922802100187,10.32421843276544,9.506505688838118,14.83070603651788,0.07587139485430298,,,7.004196387506712,9.760318263751834
10.05362102468792,0.1705157323350097,10.3346260253838,9.442353802298298,14.84111362913625,0.0757167622938771,,,7.014603980125078,9.803939356024877
10.06402861730629,0.1806978360149331,10.34503361800217,9.370736757233134,14.85152122175461,0.07548674153542237,,,7.025011572743444,9.842585219757764
10.07443620992466,0.1912725902541765,10.35544121062054,9.290516166942226,14.86192881437298,0.0751835348278421,,,7.03541916536181,9.879669209871944
10.08484380254302,0.2022477221147164,10.3658488032389,9.201969524039937,14.87233640699134,0.07480874761122881,,,7.045826757980176,9.915264352091814
10.09525139516139,0.2135651944779531,10.37625639585727,9.104815264824573,14.88274399960971,0.07436472936666434,,,7.056234350598542,9.948547905252569
10.10565898777975,0.225218138303206,10.38666398847563,8.999378286074851,14.89315159222807,0.07385369524197008,,,7.066641943216908,9.980866460504252
10.11606658039812,0.2371991416762942,10.397071581094,8.8860074832603,14.90355918484644,0.0732777866612709,,,7.077049535835274,10.00986338242972
10.12647417301649,0.2495002875997318,10.40747917371237,8.765074121256477,14.91396677746481,0.07264000491647024,,,7.087457128453639,10.03461196066274
10.13688176563485,0.2621131843841396,10.41788676633073,8.636970024973113,14.92437437008317,0.07194274843901464,,,7.097864721072005,10.05543059954547
10.14728935825322,0.2750289574957461,10.4282943589491,8.502105606183374,14.93478196270154,0.07118864853666487,,,7.108272313690372,10.07269550678062
10.15769695087158,0.2882316396178972,10.43870195156746,8.362979861544053,14.9451895553199,0.07037908880773713,,,7.118679906308738,10.08699619284409
10.16810454348995,0.3017260398243393,10.44910954418583,8.220017105515332,14.95559714793827,0.06951643597342713,,,7.129087498927103,10.09885138575032
10.17851213610832,0.3154933703881164,10.45951713680419,8.071523814562884,14.96600474055664,0.06860309262390717,,,7.139495091545469,10.10853871508826
10.18891972872668,0.329522575469321,10.46992472942256,7.918020820059845,14.976412333175,0.06764151119523808,,,7.149902684163835,10.11657570875436
10.19932732134505,0.3438017912623347,10.48033232204093,7.759894510854388,14.98681992579337,0.06663386362711672,,,7.160310276782201,10.12349165965123
10.20973491396341,0.35831819020265,10.49073991465929,7.597589650966502,14.99722751841173,0.06558351067589752,,,7.170717869400567,10.12981761645729
10.22014250658178,0.3730609454041518,10.50114750727766,7.431555248898624,15.0076351110301,0.06449274597481108,,,7.181125462018933,10.13612360782104
10.23055009920015,0.3880146782756632,10.51155509989603,7.262252717256,15.01804270364847,0.06336853787760383,,,7.191533054637299,10.1429062410992
10.24095769181851,0.4031587602220119,10.52196269251439,7.090116411820778,15.02845029626683,0.06221358535130798,,,7.201940647255665,10.1505562193728
10.25136528443688,0.4184752690371312,10.53237028513276,6.915604879734909,15.0388578888852,0.061067350498403,,,7.21234823987403,10.15957681728014
10.26177287705524,0.4339425280286037,10.54277787775112,6.741121625203836,15.04926548150356,0.05993286637954729,,,7.222755832492396,10.17181311007213
10.27218046967361,0.4495369412830416,10.55318547036949,6.567093861672533,15.05967307412193,0.05877245357797897,,,7.233163425110763,10.18761015350614
10.28258806229197,0.4652321103264969,10.56359306298785,6.391971253642598,15.07008066674029,0.05758906969245683,,,7.243571017729129,10.20580803400217
10.29299565491034,0.4812168881635279,10.57400065560622,6.216145563793409,15.08048825935866,0.05639182208719851,,,7.253978610347494,10.22663106727888
10.30340324752871,0.4974565991575003,10.58440824822459,6.04002346944918,15.09089585197703,0.05518529202030697,,,7.26438620296586,10.25024490806055
10.31381084014707,0.5136927971239933,10.59481584084295,5.864135424608071,15.10130344459539,0.05396574710877635,,,7.274793795584226,10.27675548628379
10.32421843276544,0.5299842263358987,10.60522343346132,5.688854525990639,15.11171103721376,0.05273689218415306,,,7.285201388202592,10.30620921259312
10.3346260253838,0.5462821472039299,10.61563102607968,5.514385362835488,15.12211862983212,0.05150263274976679,,,7.295608980820958,10.33865838052293
10.34503361800217,0.5624304259190755,10.62603861869805,5.341079990139204,15.13252622245049,0.05026706075859135,,,7.306016573439324,10.37392505202608
10.35544121062054,0.5783739818006386,10.63644621131642,5.169279512117985,15.14293381506886,0.04903445219862031,,,7.31642416605769,10.41329271802492
10.3658488032389,0.5940512686587937,10.64685380393478,4.99931394106472,15.15334140768722,0.04780913697531378,,,7.326831758676056,10.4565855452717
10.37625639585727,0.6093943889888123,10.65726139655315,4.832199881244392,15.16374900030559,0.04659574651843096,,,7.337239351294421,10.50222566945519
10.38666398847563,0.6243344676676988,10.66766898917151,4.668237933264165,15.17415659292395,0.04539883088417988,,,7.347646943912787,10.55001804333832
10.397071581094,0.6387994401746682,10.67807658178988,4.507012179483952,15.18456418554232,0.0442231955628805,,,7.358054536531154,10.59956825254883
10.40747917371237,0.6527144856751194,10.68848417440825,4.348791737882943,15.19497177816069,0.04307326496146412,,,7.36846212914952,10.65061303913115
10.41788676633073,0.666002553016932,10.69889176702661,4.193831999264225,15.20537937077905,0.04195381571064869,,,7.378869721767885,10.70545625952452
10.4282943589491,0.678584977245455,10.70929935964498,4.042364267388364,15.21578696339742,0.04086945600243409,,,7.389277314386251,10.76375436446967
10.43870195156746,0.6903821818643426,10.71970695226334,3.895259604243888,15.22619455601578,0.03982470482610665,,,7.399684907004617,10.82247057304712
10.44910954418583,0.7013144594580091,10.73011454488171,3.753334337307546,15.23660214863415,0.03882395725624221,,,7.410092499622983,10.88138009353732
10.45951713680419,0.7113028150857276,10.74052213750008,3.616143128548788,15.24700974125252,0.03787145130612369,,,7.420500092241348,10.9400728648871
10.46992472942256,0.7202698987072353,10.75092973011844,3.483218210660548,15.25741733387088,0.03697123681747946,,,7.430907684859715,10.99825368052401
10.48033232204093,0.7281409135579335,10.76133732273681,3.354697333828943,15.26782492648925,0.0361271467611871,,,7.441315277478081,11.05567255633247
10.49073991465929,0.7348446219812544,10.77174491535517,3.23069948821382,15.27823251910761,0.03534277122151704,,,7.451722870096447,11.11335903308926
10.50114750727766,0.7403143243530079,10.78215250797354,3.111324213415432,15.28864011172598,0.03462155502492351,,,7.462130462714812,11.17108741804036
10.51155509989603,0.7444890191157567,10.7925601005919,2.996650932504002,15.29904770434434,0.03397401655847458,,,7.472538055333178,11.22744993886821
10.52196269251439,0.7473136759626304,10.80296769321027,2.886738336753592,15.30945529696271,0.03340303265528637,,,7.482945647951544,11.28240735607795
10.53237028513276,0.7487410967121404,10.81337528582864,2.781623848569206,15.31986288958108,0.03290306965136985,,,7.493353240569911,11.33814050458663
10.54277787775112,0.7487321521836366,10.823782878447,2.68132319052659,15.33027048219944,0.03247612126800784,,,7.503760833188276,11.39460305096308
10.55318547036949,0.7472566808750872,10.83419047106537,2.585830087923191,15.34067807481781,0.03212382163346929,,,7.514168425806642,11.44966622811105
10.56359306298785,0.7442941442608152,10.84459806368373,2.495123176146468,15.35108566743618,0.03184730310233265,,,7.524576018425008,11.50333649433222
10.57400065560622,0.7398341663884748,10.8550056563021,2.409139747821263,15.36149326005454,0.03164786079457326,,,7.534983611043374,11.55821802875111
10.58440824822459,0.7338769446165792,10.86541324892047,2.327844197764927,15.37190085267291,0.03152589171125671,,,7.545391203661739,11.61445977094284
10.59481584084295,0.7273032601458895,10.87582084153883,2.251089029821496,15.38230844529127,0.03148164252394569,,,7.555798796280106,11.66975147748131
10.60522343346132,0.7201391570926113,10.8862284341572,2.178784859579709,15.39271603790964,0.03151500705584773,,,7.566206388898472,11.7243009444252
10.61563102607968,0.7115146197746737,10.89663602677556,2.110798202393497,15.403123630528,0.03162552496816543,,,7.576613981516838,11.77888070104527
10.62603861869805,0.701468492919009,10.90704361939393,2.046977143431716,15.41353122314637,0.03181238051154514,,,7.587021574135203,11.83375266627706
10.63644621131642,0.6900418148089478,10.9174512120123,1.98716067545771,15.42393881576474,0.03207440119478493,,,7.597429166753569,11.88866204297314
10.64685380393478,0.677286239224734,10.92785880463066,1.931150843359399,15.4343464083831,0.03241005629917672,,,7.607836759371935,11.94390058888227
10.65726139655315,0.6632635800686777,10.93826639724903,1.878723595693423,15.44475400100147,0.03282473962637368,,,7.618244351990302,11.99976747652273
10.66766898917151,0.6480452118662045,10.94867398986739,1.829742205346452,15.45516159361983,0.03331621568931874,,,7.628651944608667,12.05661055060289
10.67807658178988,0.6317113368527613,10.95908158248576,1.783947324805513,15.4655691862382,0.03387433644079189,,,7.639059537227033,12.11464166604751
10.68848417440825,0.6143501320236996,10.96948917510412,1.741114177306784,15.47597677885656,0.03449610666218527,,,7.649467129845399,12.17418204138093
10.69889176702661,0.5960567918537347,10.97989676772249,1.701017854159678,15.48638437147493,0.03517800577121202,,,7.659874722463765,12.23699111644124
10.70929935964498,0.576932484459866,10.99030436034086,1.663419662151453,15.4967919640933,0.03591625267542771,,,7.67028231508213,12.30568294425332
10.71970695226334,0.557083240478075,11.00071195295922,1.628031260039923,15.50719955671166,0.0367066816499589,,,7.680689907700497,12.37893809901226
10.73011454488171,0.5366187950447676,11.01111954557759,1.594760647612837,15.51760714933003,0.03754477841808831,,,7.691097500318863,12.45445043551678
10.74052213750008,0.5156514036242729,11.02152713819595,1.563308743309129,15.52801474194839,0.03842568831903555,,,7.701505092937229,12.53241758381695
10.75092973011844,0.4942946529447572,11.03193473081432,1.533461898856802,15.53842233456676,0.03934523968691617,,,7.711912685555594,12.61283610845295
10.76133732273681,0.4726622876595205,11.04234232343269,1.505016397226562,15.54882992718513,0.04029792545807322,,,7.72232027817396,12.69576189365983
10.77174491535517,0.4508670722630726,11.05274991605105,1.477860906221987,15.55923751980349,0.04127692148775534,,,7.732727870792326,12.78112345553657
10.78215250797354,0.4290197069489708,11.06315750866942,1.452783240831624,15.56964511242186,0.04228273153939756,,,7.743135463410693,12.86889963496808
10.7925601005919,0.4072278141960817,11.07356510128778,1.429542619628847,15.58005270504022,0.04330896927874697,,,7.753543056029058,12.95900925581384
10.80296769321027,0.3855950109379194,11.08397269390615,1.406989404870001,15.59046029765859,0.04434512067493785,,,7.763950648647424,13.0513394391222
10.81337528582864,0.3642200789246581,11.09438028652452,1.384988048879001,15.60086789027696,0.04538380491677169,,,7.77435824126579,13.14574796303098
10.823782878447,0.3431962434432868,11.10478787914288,1.363412988294058,15.61127548289532,0.04641644889840963,,,7.784765833884156,13.24206605005266
10.83419047106537,0.3226105679854485,11.11519547176125,1.342158389642724,15.62168307551369,0.04743529088994535,,,7.795173426502521,13.340101481834
10.84459806368373,0.3025479939606887,11.12560306437961,1.321138770901565,15.63209066813205,0.04843286359113972,,,7.805581019120887,13.43966481152483
10.8550056563021,0.2830740925067258,11.13601065699798,1.300289020483776,15.64249826075042,0.04940280565607609,,,7.815988611739254,13.54055037506868
10.86541324892047,0.2642586459712966,11.14641824961635,1.2795193549464,15.65290585336879,0.05033765640166424,,,7.82639620435762,13.64242520640792
10.87582084153883,0.2461605255241734,11.15682584223471,1.258904343280916,15.66331344598715,0.05123052130786261,,,7.836803796975985,13.74508796092186
10.8862284341572,0.2288312508511516,11.16723343485308,1.23875550320919,15.67372103860552,0.05207470429910264,,,7.847211389594351,13.85130277237138
10.89663602677556,0.2123150983610471,11.17764102747144,1.219082845467304,15.68412863122388,0.05286377060425858,,,7.857618982212717,13.96340897306194
10.90704361939393,0.1966493091245667,11.18804862008981,1.199537082808831,15.69453622384225,0.05359160934023951,,,7.868026574831083,14.07814000405824
10.9174512120123,0.1818698577030771,11.19845621270817,1.180158189195827,15.70494381646061,0.05425249482001628,,,7.878434167449449,14.1924039974134
10.92785880463066,0.1679914039814076,11.20886380532654,1.161001856196517,15.71535140907898,0.05484114552162472,,,7.888841760067815,14.30592896822477
10.93826639724903,0.1550365405403621,11.21927139794491,1.142121073811721,15.72575900169735,0.05535277971219355,,,7.899249352686181,14.41833520545238
10.94867398986739,0.1430181410573093,11.22967899056327,1.123632728885066,15.73616659431571,0.05578354971681612,,,7.909656945304547,14.52929435899485
10.95908158248576,0.1319441954153992,11.24008658318164,1.10560853764701,15.74657418693408,0.05615144426845995,,,7.920064537922912,14.63853732548384
10.96948917510412,0.1218183715396839,11.25049417580001,1.088130065371347,15.75698177955245,0.05645187224253872,,,7.930472130541278,14.74567202616588
10.97989676772249,0.1126405856495766,11.26090176841837,1.07131847911074,15.76738937217081,0.05666290168902862,,,7.940879723159645,14.85286293184764
10.99030436034086,0.1044075725201422,11.27130936103674,1.055334207566634,15.77779696478918,0.05678255300707805,,,7.951287315778011,14.95980467790794
11.00071195295922,0.09711272369164939,11.2817169536551,1.040248081669935,15.78820455740754,0.05682062628478485,,,7.961694908396376,15.06544362011459
11.01111954557759,0.09074965223629923,11.29212454627347,1.026204770202644,15.79861215002591,0.05677648670692131,,,7.972102501014742,15.17078825549238
11.02152713819595,0.08530788028033036,11.30253213889183,1.013318031550152,15.80901974264427,0.05663771255942815,,,7.982510093633108,15.2736507494452
11.03193473081432,0.08077670652260364,11.3129397315102,1.001714229212721,15.81942733526264,0.05640504305710257,,,7.992917686251474,15.37256390785739
11.04234232343269,0.07714469758024023,11.32334732412857,0.9915191019287455,15.82983492788101,0.05607994006342341,,,8.003325278869839,15.46716873051992
11.05274991605105,0.07440003617171945,11.33375491674693,0.9828565861373088,15.84024252049937,0.05569090069997956,,,8.013732871488205,15.55714630963768
11.06315750866942,0.07253103466226615,11.3441625093653,0.9758476849285994,15.85065011311774,0.05524052659518437,,,8.024140464106571,15.64211932891601
11.07356510128778,0.07152590115356003,11.35457010198366,0.9706093765529226,15.8610577057361,0.05470555237854065,,,8.034548056724939,15.72178694343692
11.08397269390615,0.0713728887503326,11.36497769460203,0.9672198749499447,15.87146529835447,0.05408958306143859,,,8.044955649343304,15.79582440884568
11.09438028652452,0.07206084562649512,11.3753852872204,0.9658595564115574,15.88187289097284,0.05339678345129557,,,8.05536324196167,15.86391867389218
11.10478787914288,0.07357900394615564,11.38579287983876,0.9665846091378928,15.8922804835912,0.05263190113943388,,,8.065770834580036,15.92574815327785
11.11519547176125,0.07591693754086665,11.39620047245713,0.9694857813511029,15.90268807620957,0.05179983758648451,,,8.076178427198402,15.98099781179856
11.12560306437961,0.07906445838508762,11.40660806507549,0.9746445691507949,15.91309566882793,0.05090610133488916,,,8.086586019816767,16.02935641047586
11.13601065699798,0.08301145779560991,11.41701565769386,0.9821321942443448,15.9235032614463,0.04995641250222763,,,8.096993612435133,16.07051815592951
11.14641824961635,0.08774764708319843,11.42742325031223,0.9920085698276224,15.93391085406467,0.04895670954310941,,,8.107401205053499,16.10646294740663
11.15682584223471,0.0932625231299616,11.43783084293059,1.004809002267876,15.94431844668303,0.0479196830504463,,,8.117808797671865,16.14040367218275
11.16723343485308,0.09954500343109574,11.44823843554896,1.020563813303094,15.9547260393014,0.04685158390485936,,,8.12821639029023,16.16972284602705
11.17764102747144,0.106582829889314,11.45864602816732,1.038797098381715,15.96513363191976,0.04575106170380054,,,8.138623982908596,16.19055179713576
11.18804862008981,0.1143621752891894,11.46905362078569,1.059473457115994,15.97554122453813,0.0446255691004494,,,8.149031575526962,16.20254142251898
11.19845621270817,0.1228678351164168,11.47946121340405,1.082643590239485,15.98594881715649,0.04348015664681769,,,8.159439168145328,16.20544739506228
11.20886380532654,0.1320826298243133,11.48986880602242,1.108236359686169,15.99635640977486,0.04232054132330482,,,8.169846760763695,16.19897936128892
11.21927139794491,0.1419835319862819,11.50027639864079,1.136187430490382,16.00676400239323,0.04115208570536396,,,8.180254353382061,16.18291791549603
11.22967899056327,0.1525563230726562,11.51068399125915,1.166428315115448,16.01717159501159,0.03998019699283784,,,8.190661946000427,16.15709067669748
11.24008658318164,0.1637715743962887,11.52109158387752,1.19886425557749,16.02757918762996,0.03880960744974483,,,8.201069538618793,16.12137790331856
11.25049417580001,0.1755995782006602,11.53149917649588,1.233410733574871,16.03798678024832,0.03764482799828222,,,8.211477131237158,16.07571775082437
11.26090176841837,0.1880126797999593,11.54190676911425,1.269932515480977,16.04839437286669,0.03648998681462284,,,8.221884723855524,16.02327305238124
11.27130936103674,0.2009739763538772,11.55231436173262,1.308255613881953,16.05880196548506,0.03534880933725739,,,8.23229231647389,15.96397285205123
11.2817169536551,0.2144451050879961,11.56272195435098,1.348207826295408,16.06920955810342,0.03422541233351566,,,8.242699909092256,15.89488887351815
11.29212454627347,0.2283842817574912,11.57312954696935,1.389597343959773,16.07961715072179,0.0331226768682526,,,8.253107501710621,15.81614573124867
11.30253213889183,0.2427460642433256,11.58353713958771,1.432202959947675,16.09002474334016,0.03204224862407153,,,8.263515094328987,15.73029873957412
11.3129397315102,0.2574816596397467,11.59394473220608,1.475819199240434,16.10043233595852,0.03098616518083824,,,8.273922686947353,15.6399180899822
11.32334732412857,0.2725390471649079,11.60435232482445,1.520186573287568,16.11083992857689,0.02996313372062093,,,8.284330279565719,15.54303800208449
11.33375491674693,0.2878632182813235,11.61475991744281,1.56504366221711,16.12124752119525,0.02897434547635415,,,8.294737872184086,15.43778364780842
11.3441625093653,0.3033964783686557,11.62516751006118,1.610115148888905,16.13165511381362,0.0280134981306758,,,8.305145464802452,15.32462425144252
11.35457010198366,0.3190788055243975,11.63557510267954,1.655113790372155,16.14206270643198,0.02708102548746064,,,8.315553057420818,15.20413224229836
11.36497769460203,0.3348482606724398,11.64598269529791,1.699732508003535,16.15247029905035,0.02617705476088496,,,8.325960650039184,15.07689944257361
11.3753852872204,0.3506414418875853,11.65639028791628,1.743679436785319,16.16287789166871,0.02530143886472527,,,8.336368242657549,14.94417875169397
11.38579287983876,0.3663939747103324,11.66679788053464,1.786655502843024,16.17328548428708,0.02445379029544248,,,8.346775835275915,14.80670106678857
11.39620047245713,0.3820410293156857,11.67720547315301,1.828337538604745,16.18369307690545,0.02363351590923806,,,8.357183427894281,14.66466767668831
11.40660806507549,0.3975178546623973,11.68761306577137,1.868416465561733,16.19410066952381,0.02283985192694465,,,8.367591020512647,14.51889475183013
11.41701565769386,0.4127603192908418,11.69802065838974,1.906587494453385,16.20450826214218,0.02207189854532852,,,8.377998613131012,14.37249467075792
11.42742325031223,0.427705448221035,11.7084282510081,1.942553254570112,16.21491585476054,0.021334501654281,,,8.388406205749378,14.22864074333284
11.43783084293059,0.4423007385813912,11.71883584362647,1.976026924315528,16.22532344737891,0.02062641596616563,,,8.398813798367744,14.08573867036651
11.44823843554896,0.4564870000217574,11.72924343624484,2.006741436213425,16.23573103999728,0.01994285363757809,,,8.40922139098611,13.94359805956384
11.45864602816732,0.4701988195585322,11.7396510288632,2.034429610370148,16.24613863261564,0.01928257594801346,,,8.419628983604477,13.80296844976219
11.46905362078569,0.4833826421549828,11.75005862148157,2.058859228038155,16.25654622523401,0.0186423620834936,,,8.430036576222843,13.66351629126198
11.47946121340405,0.4959883502208171,11.76046621409994,2.079815374413504,16.26695381785238,0.01802086758974712,,,8.440444168841209,13.52592003137304
11.48986880602242,0.507969587132082,11.7708738067183,2.097448767194737,16.27736141047074,0.01741696212942014,,,8.450851761459575,13.3908640295085
11.50027639864079,0.5192839831443504,11.78128139933667,2.111592935620586,16.28776900308911,0.01682959546557857,,,8.46125935407794,13.25894205460384
11.51068399125915,0.5298933851130534,11.79168899195503,2.123271897660018,16.29817659570747,0.01625781222420003,,,8.471666946696306,13.13081862861228
11.52109158387752,0.5397498182272575,11.8020965845734,2.132362846771968,16.30858418832584,0.01570076340070451,,,8.482074539314672,13.00699761008443
11.53149917649588,0.5493919782560356,11.81250417719176,2.137256418544831,16.31899178094421,0.01515771466145661,,,8.492482131933038,12.88783457034382
11.54190676911425,0.5587726111142692,11.82291176981013,2.137881669403471,16.32939937356257,0.01462805154451651,,,8.502889724551403,12.77371410754628
11.55231436173262,0.5673255651486707,11.8333193624285,2.134201005352591,16.33980696618094,0.01411128170329708,,,8.513297317169769,12.66492905458161
11.56272195435098,0.575025861902187,11.84372695504686,2.12659329563529,16.3502145587993,0.01360703437376573,,,8.523704909788135,12.56165590452028
11.57312954696935,0.5818528001509374,11.85413454766523,2.115085109645641,16.36062215141767,0.01311505727593148,,,8.534112502406501,12.4639943793221
11.58353713958771,0.5877908829241208,11.86454214028359,2.099350263142993,16.37102974403603,0.01263509278798195,,,8.544520095024867,12.37195642166917
11.59394473220608,0.5928258313550705,11.87494973290196,2.079477685252823,16.3814373366544,0.0121710342175781,,,8.554927687643234,12.28778011934244
11.60435232482445,0.5969498273993251,11.88535732552033,2.055587442775518,16.39184492927276,0.01172276522894138,,,8.5653352802616,12.211289115693
11.61475991744281,0.6001578963278861,11.89576491813869,2.027832817364068,16.40225252189113,0.01128857792750382,,,8.575742872879966,12.13989733277547
11.62516751006118,0.6024484962489356,11.90617251075706,1.996594463503319,16.4126601145095,0.01086862138053761,,,8.586150465498331,12.07323466835927
11.63557510267954,0.6038232879945733,11.91658010337542,1.962076503096437,16.42306770712786,0.01046122483738939,,,8.596558058116697,12.01090580072819
11.64598269529791,0.6042869033450304,11.92698769599379,1.924292106022419,16.43347529974623,0.0100666340090755,,,8.606965650735063,11.95255210886165
11.65639028791628,0.6038467189712607,11.93739528861216,1.883484565974784,16.44388289236459,0.009685131081716862,,,8.617373243353429,11.89752250334134
11.66679788053464,0.6025126427384245,11.94780288123052,1.839914976667125,16.45429048498296,0.009317021348603807,,,8.627780835971794,11.84531203470861
11.67720547315301,0.6002969180507293,11.95821047384889,1.793859336399588,16.46469807760133,0.008962603363645934,,,8.63818842859016,11.79535065640651
11.68761306577137,0.5972139508371764,11.96861806646725,1.745607032869275,16.47510567021969,0.008622225098935199,,,8.648596021208526,11.74868477967124
11.69802065838974,0.5932801625117823,11.97902565908562,1.695453564639645,16.48551326283806,0.008296161070048866,,,8.659003613826892,11.70471854699451
11.7084282510081,0.5885138709475285,11.98943325170398,1.643687324492703,16.49592085545643,0.007984571086879472,,,8.669411206445258,11.66122589918678
11.71883584362647,0.5829352001511313,11.99984084432235,1.591210867192604,16.50632844807479,0.007687919395268328,,,8.679818799063625,11.6176332055907
11.72924343624484,0.5765660179978387,12.01024843694072,1.5383053726867,16.51673604069316,0.007406203257866647,,,8.690226391681991,11.57340204712735
11.7396510288632,0.5694299001178031,12.02065602955908,1.484707362272699,16.52714363331152,0.007139638690319992,,,8.700633984300357,11.52804000347365
11.75005862148157,0.5615521168694998,12.03106362217745,1.430695657417673,16.53755122592989,0.006888219321242416,,,8.711041576918722,11.48111051750338
11.76046621409994,0.5529596393146213,12.04147121479581,1.376556293914469,16.54795881854825,0.006651920052957288,,,8.721449169537088,11.43225172130638
11.7708738067183,0.5439001923196305,12.05187880741418,1.32255847903112,16.55836641116662,0.006430635239532569,,,8.731856762155454,11.38225381689996
11.78128139933667,0.5344024404845666,12.06228640003255,1.268961400886715,16.56877400378498,0.006224174717498301,,,8.74226435477382,11.33394189714548
11.79168899195503,0.5242760433082946,12.07269399265091,1.216023122432876,16.57918159640335,0.006032261343615714,,,8.752671947392185,11.28602676151973
11.8020965845734,0.5135515729953822,12.08310158526928,1.163952643984989,16.58958918902172,0.005854530062545381,,,8.763079540010551,11.23534030165273
11.81250417719176,0.5022615455675409,12.09350917788764,1.112968000834676,16.59999678164008,0.005690528504132049,,,8.773487132628917,11.18413647816629
11.82291176981013,0.4904404673688788,12.10391677050601,1.063282325343954,16.61040437425845,0.005539719087681186,,,8.783894725247283,11.13251548112589
11.8333193624285,0.4781248578086338,12.11432436312437,1.01507635836071,16.62081196687681,0.005401482585264081,,,8.794302317865649,11.07828465761886
11.84372695504686,0.4656181429296626,12.12473195574274,0.9685121233333075,16.63121955949518,0.00527512307787872,,,8.804709910484016,11.02157848558411
11.85413454766523,0.4529586670395656,12.13513954836111,0.9237157345685897,16.64162715211355,0.005159874212122516,,,8.815117503102382,10.96266699719536
11.86454214028359,0.4399196449857475,12.14554714097947,0.8808084300457747,16.65203474473191,0.005054906647330322,,,8.825525095720748,10.90189380859243
11.87494973290196,0.4265410523774301,12.15595473359784,0.8398921773848104,16.66244233735028,0.004959322927940532,,,8.835932688339113,10.83966859351949
11.88535732552033,0.412864625853922,12.16636232621621,0.8010499213913794,16.67284992996865,0.004871889244319543,,,8.846340280957479,10.77882812537829
11.89576491813869,0.3989337621883113,12.17676991883457,0.7643460085732341,16.68325752258701,0.004792367057552408,,,8.856747873575845,10.71988100731206
11.90617251075706,0.3847931811623193,12.18717751145294,0.7298267737499209,16.69366511520538,0.004719324310642827,,,8.867155466194211,10.66090611884075
11.91658010337542,0.3704889187429812,12.1975851040713,0.6975213914554064,16.70407270782374,0.004651812043029369,,,8.877563058812576,10.60253896511241
11.92698769599379,0.3560679306957242,12.20799269668967,0.6674469249120626,16.71448030044211,0.004588600505747449,,,8.887970651430942,10.54525268742957
11.93739528861216,0.3415778324473545,12.21840028930803,0.6395927918350531,16.72488789306048,0.004529146519405284,,,8.898378244049308,10.48964316697289
11.94780288123052,0.3270665791243667,12.2288078819264,0.6139453655476287,16.73529548567884,0.004472225606067882,,,8.908785836667674,10.43626056372709
11.95821047384889,0.3125821239356541,12.23921547454477,0.5904743403895972,16.74570307829721,0.004416900953537471,,,8.91919342928604,10.38599453665593
11.96861806646725,0.2981720612747799,12.24962306716313,0.5691374328956117,16.75611067091557,0.004362277213461516,,,8.929601021904405,10.33932823741991
11.97902565908562,0.2838832612837701,12.2600306597815,0.5498816502314349,16.76651826353394,0.004307082180740783,,,8.940008614522773,10.29771532013136
11.98943325170398,0.2697614991020379,12.27043825239986,0.5326445910437194,16.7769258561523,0.004251479910098124,,,8.950416207141139,10.26152500862139
11.99984084432235,0.2558511721287383,12.28084584501823,0.5173557636157484,16.78733344877067,0.004194214843437568,,,8.960823799759504,10.22963915693863
12.01024843694072,0.2421947979610321,12.2912534376366,0.5039379068627787,16.79774104138903,0.004134649090310234,,,8.97123139237787,10.20228176438002
12.02065602955908,0.2288327030443029,12.30166103025496,0.4923083004234601,16.8081486340074,0.004072224146771344,,,8.981638984996236,10.17960029709692
12.03106362217745,0.2158028274633197,12.31206862287333,0.4823800508988954,16.81855622662577,0.00401123522442806,,,8.992046577614602,10.1616611240144
12.04147121479581,0.2031403973605873,12.32247621549169,0.4740633421496031,16.82896381924413,0.003951255691563941,,,9.002454170232967,10.14844645338023
12.05187880741418,0.1908776704145866,12.33288380811006,0.4672666384747625,16.8393714118625,0.003887139283814367,,,9.012861762851333,10.13985281134917
12.06228640003255,0.1790437294474561,12.34329140072843,0.4618978304593934,16.84977900448087,0.003818600084209511,,,9.023269355469699,10.1356910721981
12.07269399265091,0.167664314537008,12.35369899334679,0.4578653142751015,16.86018659709923,0.003745442614427558,,,9.033676948088065,10.13565099194392
12.08310158526928,0.1567616894743929,12.36410658596516,0.4550710686592882,16.8705941897176,0.003667452159046843,,,9.044084540706431,10.13940312194692
12.09350917788764,0.1463545581683829,12.37451417858352,0.4534449922262149,16.88100178233596,0.003584849293534255,,,9.054492133324796,10.14659662918898
12.10391677050601,0.1364580450972096,12.38492177120189,0.4528927083496679,16.89140937495433,0.003497560852636311,,,9.064899725943164,10.15665799097616
12.11432436312437,0.1270836177699894,12.39532936382025,0.4533339012043811,16.9018169675727,0.00340572955520148,,,9.07530731856153,10.16902218120117
12.12473195574274,0.1182392055382975,12.40573695643862,0.4546928984999147,16.91222456019106,0.003309570598895635,,,9.085714911179895,10.18311304968415
12.13513954836111,0.1099292246798439,12.41614454905699,0.4571763749247225,16.92263215280943,0.003209364981470726,,,9.096122503798261,10.19818357601652
12.14554714097947,0.1021546926585655,12.42655214167535,0.4607172323145776,16.93303974542779,0.003105453349313593,,,9.106530096416627,10.21356297517677
12.15595473359784,0.0949133632013289,12.43695973429372,0.4649749722353963,16.94344733804616,0.002998226772996496,,,9.116937689034993,10.22851686953445
12.16636232621621,0.08819988818189979,12.44736732691208,0.4698925604209434,16.95385493066452,0.00288811979232522,,,9.127345281653358,10.24229301392813
12.17676991883457,0.08200600248963968,12.45777491953045,0.4754191103520098,16.96426252328289,0.002775601826533183,,,9.137752874271724,10.25413159503826
12.18717751145294,0.07632072796539757,12.46818251214882,0.4815114648490245,16.97467011590126,0.002661168791366728,,,9.14816046689009,10.26647376699716
12.1975851040713,0.07113063258822837,12.47859010476718,0.488131822465478,16.98507770851962,0.002545334770904852,,,9.158568059508456,10.27852432813795
12.20799269668967,0.06641998730470784,12.48899769738555,0.495249304450561,16.99548530113799,0.002428610760885365,,,9.168975652126822,10.28875958869905
12.21840028930803,0.06217097823769781,12.49940529000391,0.5028393000362729,17.00589289375635,0.00231155214192725,,,9.179383244745187,10.29642019348825
12.2288078819264,0.0583640660900178,12.50981288262228,0.5109294779732257,17.01630048637472,0.002194663516212747,,,9.189790837363555,10.29831098619525
12.23921547454477,0.05497816653590407,12.52022047524065,0.5195064759379029,17.02670807899309,0.002078454067423718,,,9.200198429981921,10.29379063538146
12.24962306716313,0.05199089749967493,12.53062806785901,0.5285151671319541,17.03711567161145,0.001963299673959812,,,9.210606022600286,10.28226422867531
12.2600306597815,0.04937881683905265,12.54103566047738,0.5379514977496851,17.04752326422982,0.001849921887514307,,,9.221013615218652,10.26312054172917
12.27043825239986,0.04711765378324934,12.55144325309574,0.5478153304201917,17.05793085684818,0.001738613974955813,,,9.231421207837018,10.23775853591175
12.28084584501823,0.04518253236862093,12.56185084571411,0.5581098292151531,17.06833844946655,0.001629782147780153,,,9.241828800455384,10.20574281908033
12.2912534376366,0.04354818545114806,12.57225843833248,0.5688407320919058,17.07874604208492,0.001523796181250428,,,9.252236393073749,10.16480712558812
12.30166103025496,0.04218915818842794,12.58266603095084,0.5800155758562414,17.08915363470328,0.001420986887913194,,,9.262643985692115,10.11464956037601
12.31206862287333,0.04108000016724762,12.59307362356921,0.5916428827847027,17.09956122732165,0.001321644346082994,,,9.273051578310481,10.05508000164779
12.32247621549169,0.04019544560116543,12.60348121618757,0.603731318700113,17.10996881994001,0.001226016857505845,,,9.283459170928847,9.98595798337017
12.33288380811006,0.03951058123285515,12.61388880880594,0.6162888398662483,17.12037641255838,0.001134310596557725,,,9.293866763547213,9.907294690816634
12.34329140072843,0.03900100174720036,12.6242964014243,0.6293217999104977,17.13078400517675,0.001046689903168641,,,9.304274356165578,9.818984269920183
12.35369899334679,0.03864295263396721,12.63470399404267,0.6428341236517587,17.14119159779511,0.0009631831117136291,,,9.314681948783944,9.724255361425664
12.36410658596516,0.03841331761663175,12.64511158666104,0.6568264377806442,17.15159919041348,0.000884084620374882,,,9.325089541402312,9.623301143030032
12.37451417858352,0.03829033902113456,12.6555191792794,0.671591732862448,17.16200678303184,0.0008092885022462555,,,9.335497134020677,9.513237799229247
12.38492177120189,0.03825276725314534,12.66592677189777,0.6871191136131181,17.17241437565021,0.0007388754520740223,,,9.345904726639043,9.394381270971493
12.39532936382025,0.03828063231366303,12.67633436451614,0.703093478408801,17.18282196826857,0.0006727887494500387,,,9.356312319257409,9.267044022246969
12.40573695643862,0.03835514377104431,12.6867419571345,0.7194899079269309,17.19322956088694,0.0006109739086529875,,,9.366719911875775,9.131646771784505
12.41614454905699,0.03845912943919073,12.69714954975287,0.7362712587143331,17.2036371535053,0.0005533523455949235,,,9.37712750449414,8.988593003929523
12.42655214167535,0.03857635250747465,12.70755714237123,0.7534111068187559,17.21404474612367,0.0004998213653080215,,,9.387535097112506,8.838400392961644
12.43695973429372,0.03869155794334705,12.7179647349896,0.7708318541337149,17.22445233874204,0.0004502573331955729,,,9.397942689730872,8.681639758080522
12.44736732691208,0.03879124825483105,12.72837232760796,0.7885339746910153,17.2348599313604,0.0004045188343675507,,,9.408350282349238,8.521113003946923
12.45777491953045,0.03885461242508614,12.73877992022633,0.8064251222364089,17.24526752397877,0.0003624497709924493,,,9.418757874967604,8.357369709450099
12.46818251214882,0.03889031814796927,12.7491875128447,0.8244362543732044,17.25567511659714,0.0003238823539989686,,,9.429165467585969,8.18882968619755
12.47859010476718,0.03887813572590851,12.75959510546306,0.8424931657323234,17.2660827092155,0.0002886399518477965,,,9.439573060204335,8.01610655788595
12.48899769738555,0.03881032076258292,12.77000269808143,0.8605012911835959,17.27649030183387,0.0002565397656735868,,,9.449980652822703,7.83986656505212
12.49940529000391,0.03868050762289446,12.78041029069979,0.8783854085575655,17.28689789445223,0.0002273953066053097,,,9.460388245441068,7.660785010771435
12.50981288262228,0.03853352053714608,12.79081788331816,0.8960403335586697,17.2973054870706,0.0002010186573756026,,,9.470795838059434,7.479552387877636
12.52022047524065,0.03836524917262647,12.80122547593653,0.9133630634471294,17.30771307968897,0.000177162941940791,,,9.4812034306778,7.296833644627315
12.53062806785901,0.03812260427072656,12.81163306855489,0.9302456736968953,17.31812067230733,0.0001557752027989934,,,9.491611023296166,7.113423659070834
12.54103566047738,0.0378035538865554,12.82204066117326,0.9467516783152082,17.3285282649257,0.0001365691165193134,,,9.502018615914531,6.929993002831287
12.55144325309574,0.03740722570976608,12.83244825379162,0.9627613452797718,17.33893585754406,0.0001194367961880264,,,9.512426208532897,6.747309108738389
12.56185084571411,0.03693384123714033,12.84285584640999,0.977987194150598,17.34934345016243,0.0001041712182047155,,,9.522833801151263,6.566016170383565
12.57225843833248,0.0363848160369542,12.85326343902836,0.9923058297793514,17.3597510427808,9.061107713643293e-05,,,9.533241393769629,6.389402266010459
12.58266603095084,0.03576203120276709,12.86367103164672,1.005595944002703,18.81681400935202,0,,,9.543648986387995,6.21816562057304
12.59307362356921,0.03506866192860546,12.87407862426509,1.017741005995521,,,,,9.55405657900636,6.050448368061733
12.60348121618757,0.03430851072726646,12.88448621688345,1.028628085787723,,,,,9.564464171624726,5.886915243899872
12.61388880880594,0.03348604989844447,12.89489380950182,1.038146251147276,,,,,9.574871764243094,5.728195306577218
12.6242964014243,0.03260632489224145,12.90530140212018,1.046193674927997,,,,,9.585279356861459,5.574991607387246
12.63470399404267,0.03167485646600989,12.91570899473855,1.052675567223705,,,,,9.595686949479825,5.427902048709488
12.64511158666104,0.03069754285718435,12.92611658735692,1.057494222768287,,,,,9.606094542098191,5.287542794404529
12.6555191792794,0.02968056319307905,12.93652417997528,1.060594119990894,,,,,9.616502134716557,5.154559263437165
12.66592677189777,0.02863028327293933,12.94693177259365,1.06221711902991,,,,,9.626909727334922,5.029448397591692
12.67633436451614,0.02755316489002046,12.95733936521201,1.06230706132731,,,,,9.637317319953288,4.912803215025637
12.6867419571345,0.02645567972884095,12.96774695783038,1.060498616560452,,,,,9.647724912571654,4.805642236185768
12.69714954975287,0.02534066867455805,12.97815455044875,1.05675935844907,,,,,9.65813250519002,4.708445665198735
12.70755714237123,0.02422227394406016,12.98856214306711,1.051070840905991,,,,,9.668540097808386,4.621202155763947
12.7179647349896,0.02310205381571065,12.99896973568548,1.044031205922286,,,,,9.678947690426751,4.544386660235546
12.72837232760796,0.02198581137677333,13.00937732830384,1.035646442995317,,,,,9.689355283045117,4.47834662186598
12.73877992022633,0.02087901989552522,13.01978492092221,1.025330483489566,,,,,9.699762875663483,4.423395472418996
12.7491875128447,0.01978678037065192,13.03019251354057,1.013246992964456,,,,,9.71017046828185,4.379925043366135
12.75959510546306,0.01871477230505929,13.04060010615894,0.9994399827027932,,,,,9.720578060900216,4.348148799363344
12.77000269808143,0.01766124519080881,13.05100769877731,0.9838344219933221,,,,,9.730985653518582,4.328294115026526
12.78041029069979,0.01664033562832016,13.06141529139567,0.9665055726167797,,,,,9.741393246136948,4.32049534650702
12.79081788331816,0.01564998441748057,13.07182288401404,0.9475295334909787,,,,,9.751800838755313,4.324870723000777
12.80122547593653,0.01469313423931856,13.08223047663241,0.9270059779148193,,,,,9.762208431373679,4.341470448915149
12.81163306855489,0.01377238111263861,13.09263806925077,0.9050420775698986,,,,,9.772616023992045,4.370248376778185
12.82204066117326,0.01289154076658849,13.10304566186914,0.8817549489965882,,,,,9.783023616610411,4.411890672775954
12.83244825379162,0.01205228412458986,13.1134532544875,0.8572704203788559,,,,,9.793431209228777,4.466232897940673
12.84285584640999,0.01125377194362726,13.12386084710587,0.8317217132046988,,,,,9.803838801847142,4.532398559600945
12.85326343902836,0.01049751224061267,13.13426843972423,0.8054628929280936,,,,,9.814246394465508,4.610115650900797
12.86367103164672,0.009782637331275096,13.1446760323426,0.7786349161528617,,,,,9.824653987083874,4.699081316229506
12.87407862426509,0.009109833725664403,13.15508362496097,0.7511676942878134,,,,,9.835061579702241,4.798922599865188
12.88448621688345,0.008478964050770255,13.16549121757933,0.7232065904430622,,,,,9.845469172320607,4.909204651104552
12.89489380950182,0.007889532627197238,13.1758988101977,0.6948973976293048,,,,,9.855876764938973,5.029460222277466
12.90530140212018,0.007340940076490637,13.18630640281607,0.6663850739722605,,,,,9.866284357557339,5.159126822356452
12.91570899473855,0.006834017844463785,13.19671399543443,0.6378122749953392,,,,,9.876691950175704,5.297677366169489
12.92611658735692,0.006365000401390187,13.2071215880528,0.6093184450318299,,,,,9.88709954279407,5.444462312272969
12.93652417997528,0.005934165679817865,13.21752918067116,0.5810385313350965,,,,,9.897507135412436,5.598822873740877
12.94693177259365,0.005540580470868383,13.22793677328953,0.553102518331318,,,,,9.907914728030802,5.760066465085864
12.95733936521201,0.005183493391341329,13.23834436590789,0.5256326544871118,,,,,9.918322320649168,5.927471597653074
12.96774695783038,0.004861106745033295,13.24875195852626,0.4987453000500205,,,,,9.928729913267533,6.1002929782468
12.97815455044875,0.004572652910258143,13.25915955114463,0.4725485923756395,,,,,9.939137505885899,6.277766741342771
12.98856214306711,0.004317169768486222,13.26956714376299,0.4471422865941047,,,,,9.949545098504265,6.459115743232513
12.99896973568548,0.00409386022367599,13.27997473638136,0.4226173211598961,,,,,9.959952691122632,6.643554846079348
13.00937732830384,0.003901980801956854,13.29038232899972,0.3990596616031318,,,,,9.970360283740998,6.830296121154919
13.01978492092221,0.003740863591246578,13.30078992161809,0.3765357167027141,,,,,9.980767876359364,7.01855390343717
13.03019251354057,0.00361066170189817,13.31119751423646,0.3551098741259726,,,,,9.99117546897773,7.207549634204516
13.04060010615894,0.003511114205640365,13.32160510685482,0.3348366804985826,,,,,10.0015830615961,7.396516434126799
13.05100769877731,0.00344156165756873,13.33201269947319,0.3157605224367663,,,,,10.01199065421446,7.586888980642859
13.06141529139567,0.003402144767295458,13.34242029209155,0.2979121333379816,,,,,10.02239824683283,7.777918422964439
13.07182288401404,0.003393225937837393,13.35282788470992,0.2813278621817507,,,,,10.03280583945119,7.966676117044905
13.08223047663241,0.003415399155365604,13.36323547732828,0.266019861682642,,,,,10.04321343206956,8.152446152078934
13.09263806925077,0.003469498145086901,13.37364306994665,0.2519978413035036,,,,,10.05362102468792,8.334542829670312
13.10304566186914,0.003556602880751692,13.38405066256502,0.2392637731887241,,,,,10.06402861730629,8.512313306823751
13.1134532544875,0.003678044491303239,13.39445825518338,0.2278123593657017,,,,,10.07443620992466,8.688899964825023
13.12386084710587,0.003835407940759935,13.40486584780175,0.2176315264702988,,,,,10.08484380254302,8.863804967958973
13.13426843972423,0.004030872327481634,13.41527344042011,0.2087029395503524,,,,,10.09525139516139,9.032507920838084
13.1446760323426,0.004266535751961583,13.42568103303848,0.2010025271728899,,,,,10.10565898777975,9.194532122606098
13.15508362496097,0.004544404260376128,13.43608862565685,0.1945002581123434,,,,,10.11606658039812,9.349305492665939
13.16549121757933,0.004867079994280571,13.44649621827521,0.1891679022255789,,,,,10.12647417301649,9.496349761732686
13.1758988101977,0.005237409045103822,13.45690381089358,0.1849653649101217,,,,,10.13688176563485,9.635247529916784
13.18630640281607,0.005658476987396273,13.46731140351194,0.1818478063011435,,,,,10.14728935825322,9.765566122488075
13.19671399543443,0.006133599512680239,13.47771899613031,0.1797702583121195,,,,,10.15769695087158,9.886941306253206
13.2071215880528,0.00666631062710706,13.48812658874868,0.1786850710094348,,,,,10.16810454348995,9.99913218750763
13.21752918067116,0.007260348185072667,13.49853418136704,0.1785428555490207,,,,,10.17851213610832,10.10183264924157
13.22793677328953,0.007920118137096277,13.50894177398541,0.1792910926180042,,,,,10.18891972872668,10.19481647602967
13.23834436590789,0.008648876303367308,13.51934936660377,0.1808771128699203,,,,,10.19932732134505,10.27789721686066
13.24875195852626,0.00945124018635665,13.52975695922214,0.1832468609837561,,,,,10.20973491396341,10.35092700323988
13.25915955114463,0.0103315641227458,13.5401645518405,0.1863459764519793,,,,,10.22014250658178,10.41662358223524
13.26956714376299,0.01129428711435054,13.55057214445887,0.1901194546899083,,,,,10.23055009920015,10.47488929208061
13.27997473638136,0.01234389766787576,13.56097973707724,0.194511959519024,,,,,10.24095769181851,10.52276971533778
13.29038232899972,0.01348490712160066,13.5713873296956,0.1994687875840489,,,,,10.25136528443688,10.56030605577139
13.30078992161809,0.01472772899506956,13.58179492231397,0.2049343748384591,,,,,10.26177287705524,10.58742419457464
13.31119751423646,0.01606641356150091,13.59220251493234,0.2108660348178804,,,,,10.27218046967361,10.60413707482344
13.32160510685482,0.01750998651897439,13.6026101075507,0.2172019516744839,,,,,10.28258806229197,10.61048819858023
13.33201269947319,0.01906260291721957,13.61301770016907,0.2238910528417662,,,,,10.29299565491034,10.60780348958946
13.34242029209155,0.02072818214319204,13.62342529278743,0.2308836796851765,,,,,10.30340324752871,10.59617387132939
13.35282788470992,0.02251037324613814,13.6338328854058,0.2381317540628045,,,,,10.31381084014707,10.57445411558371
13.36323547732828,0.02441245228719627,13.64424047802416,0.2455889256659293,,,,,10.32421843276544,10.54421571103421
13.37364306994665,0.02643728628076359,13.65464807064253,0.2532107004915067,,,,,10.3346260253838,10.50753179913216
13.38405066256502,0.02858725982244227,13.6650556632609,0.2609545507209974,,,,,10.34503361800217,10.46318802836724
13.39445825518338,0.03086420893568817,13.67546325587926,0.268780006219262,,,,,10.35544121062054,10.40990972957695
13.40486584780175,0.03326935548136863,13.68587084849763,0.2767688318550872,,,,,10.3658488032389,10.34786485270104
13.41527344042011,0.03580324320671494,13.69627844111599,0.2848839005275446,,,,,10.37625639585727,10.27665464665189
13.42568103303848,0.03846567661235808,13.70668603373436,0.2929692436966835,,,,,10.38666398847563,10.19648488364866
13.43608862565685,0.04125485382688811,13.71709362635273,0.3009912793785723,,,,,10.397071581094,10.1075815392053
13.44649621827521,0.04417072965242735,13.72750121897109,0.3089187357574292,,,,,10.40747917371237,10.01018996678257
13.45690381089358,0.0472095510515642,13.73790881158946,0.3167226605922627,,,,,10.41788676633073,9.904573999918245
13.46731140351194,0.05036766348790631,13.74831640420782,0.3243752324547977,,,,,10.4282943589491,9.79101499286366
13.47771899613031,0.05364045484249237,13.75872399682619,0.3318555140515784,,,,,10.43870195156746,9.672013702315049
13.48812658874868,0.05702233975578373,13.76913158944456,0.3391391312461238,,,,,10.44910954418583,9.547865600683915
13.49853418136704,0.06051516589430726,13.77953918206292,0.3462594886865864,,,,,10.45951713680419,9.416618938533572
13.50894177398541,0.06411133668503667,13.78994677468129,0.3531963544151185,,,,,10.46992472942256,9.278671143521255
13.51934936660377,0.06779383701514359,13.80035436729965,0.3598819127575625,,,,,10.48033232204093,9.134290236322938
13.52975695922214,0.07155316277767133,13.81076195991802,0.3663508463287377,,,,,10.49073991465929,8.983809326224545
13.5401645518405,0.07537896949420643,13.82116955253639,0.3725898905374657,,,,,10.50114750727766,8.827573798469057
13.55057214445887,0.07926014707771259,13.83157714515475,0.3785511289273243,,,,,10.51155509989603,8.665954309689015
13.56097973707724,0.08318491123583664,13.84198473777312,0.3842814460024112,,,,,10.52196269251439,8.499295678824989
13.5713873296956,0.08714091130946174,13.85239233039148,0.3897578427711548,,,,,10.53237028513276,8.327987649750229
13.58179492231397,0.09111535400094681,13.86279992300985,0.3949142389115832,,,,,10.54277787775112,8.154692524217188
13.59220251493234,0.09509514206328568,13.87320751562821,0.3997379539930821,,,,,10.55318547036949,7.979790592630475
13.6026101075507,0.09906702669428707,13.88361510824658,0.4042415010933296,,,,,10.56359306298785,7.801379781479049
13.61301770016907,0.103017771973302,13.89402270086495,0.4084123538492682,,,,,10.57400065560622,7.619832214418134
13.62342529278743,0.1069343292599613,13.90443029348331,0.4122389877297452,,,,,10.58440824822459,7.435554303398487
13.6338328854058,0.1108040191662721,13.91483788610168,0.4157174899759717,,,,,10.59481584084295,7.250066440493574
13.64424047802416,0.1146147183318277,13.92524547872004,0.4188347772806618,,,,,10.60522343346132,7.063776455717549
13.65464807064253,0.1183550479202519,13.93565307133841,0.4216097343013052,,,,,10.61563102607968,6.875925503356659
13.6650556632609,0.1220145604772586,13.94606066395678,0.4240276548548048,,,,,10.62603861869805,6.686924303274571
13.67546325587926,0.1255839215632647,13.95646825657514,0.4260844137437674,,,,,10.63644621131642,6.497180616917142
13.68587084849763,0.1291027730619108,13.96687584919351,0.4277830706324382,,,,,10.64685380393478,6.307107465900824
13.69627844111599,0.1325641248656827,13.97728344181187,0.4291196874337062,,,,,10.65726139655315,6.117850232924896
13.70668603373436,0.1359145032075997,13.98769103443024,0.4303129030414649,,,,,10.66766898917151,5.929822726454013
13.71709362635273,0.139149851723286,13.99809862704861,0.4313593417505381,,,,,10.67807658178988,5.7427055812908
13.72750121897109,0.1422679492332473,14.00850621966697,0.4320342694915327,,,,,10.68848417440825,5.556906999290281
13.73790881158946,0.1452741546622598,14.01891381228534,0.4323331843329725,,,,,10.69889176702661,5.372832466854399
13.74831640420782,0.1481710041578228,14.0293214049037,0.4322518542951545,,,,,10.70929935964498,5.190871707220547
13.75872399682619,0.1509547956998387,14.03972899752207,0.4317864150107418,,,,,10.71970695226334,5.012220474790372
13.76913158944456,0.1536317587313139,14.05013659014043,0.4309334776413634,,,,,10.73011454488171,4.838020639848546
13.77953918206292,0.1562451468803076,14.0605441827588,0.4297188784029985,,,,,10.74052213750008,4.667845941276386
13.78994677468129,0.1588038949128115,14.07095177537717,0.4281483140972069,,,,,10.75092973011844,4.501248927125918
13.80035436729965,0.1612824900790577,14.08135936799553,0.4261835708961632,,,,,10.76133732273681,4.338543234099369
13.81076195991802,0.1636947487406999,14.0917669606139,0.4238258497580572,,,,,10.77174491535517,4.180022760674166
13.82116955253639,0.1660537744493453,14.10217455323227,0.4210718729761616,,,,,10.78215250797354,4.025959314964213
13.83157714515475,0.1683717165373358,14.11258214585063,0.417928580443245,,,,,10.7925601005919,3.876600370192086
13.84198473777312,0.1707425780792314,14.122989738469,0.4143979760669448,,,,,10.80296769321027,3.732166976755906
13.85239233039148,0.1731811241643892,14.13339733108736,0.4104829590464843,,,,,10.81337528582864,3.592851878720902
13.86279992300985,0.1756225636822923,14.14380492370573,0.4061902043925768,,,,,10.823782878447,3.458817880144347
13.87320751562821,0.1780810129992469,14.15421251632409,0.4015551292714659,,,,,10.83419047106537,3.330196502991237
13.88361510824658,0.1805872421888808,14.16462010894246,0.3965835173511635,,,,,10.84459806368373,3.207098546669974
13.89402270086495,0.183152449768959,14.17502770156083,0.3912653734484817,,,,,10.8550056563021,3.089570236101915
13.90443029348331,0.1857722369393209,14.18543529417919,0.3856149954719997,,,,,10.86541324892047,2.97768685196014
13.91483788610168,0.1884563564665158,14.19584288679756,0.3796488340120395,,,,,10.87582084153883,2.871391423299411
13.92524547872004,0.1912126954620291,14.20625047941592,0.3733854759637362,,,,,10.8862284341572,2.770677956318509
13.93565307133841,0.1940469775818366,14.21665807203429,0.367047075826738,,,,,10.89663602677556,2.675483054104767
13.94606066395678,0.196962481825485,14.22706566465266,0.3607105280139407,,,,,10.90704361939393,2.585713235958177
13.95646825657514,0.1999597996863413,14.23747325727102,0.3541965524523599,,,,,10.9174512120123,2.501260236649752
13.96687584919351,0.2030366774749673,14.24788084988939,0.3474718056138683,,,,,10.92785880463066,2.421952617708842
13.97728344181187,0.206187802916339,14.25828844250775,0.3405593368358265,,,,,10.93826639724903,2.347593959315132
13.98769103443024,0.2094047538639794,14.26869603512612,0.3334850296785425,,,,,10.94867398986739,2.278070466765031
13.99809862704861,0.2126759534437714,14.27910362774448,0.3262762589760778,,,,,10.95908158248576,2.213126954319105
14.00850621966697,0.2159866595272781,14.28951122036285,0.3189616935425652,,,,,10.96948917510412,2.152538563518462
14.01891381228534,0.2193190865292612,14.29991881298122,0.3115710718244066,,,,,10.97989676772249,2.096074093202925
14.0293214049037,0.2226525209066537,14.31032640559958,0.3041349536810652,,,,,10.99030436034086,2.043480293608776
14.03972899752207,0.2259635300970657,14.32073399821795,0.2966844520726025,,,,,11.00071195295922,1.994450348138027
14.05013659014043,0.2292262241382279,14.33114159083632,0.2892509489562675,,,,,11.01111954557759,1.948871429475308
14.0605441827588,0.2324125673718697,14.34154918345468,0.2818658001325057,,,,,11.02152713819595,1.906417554510182
14.07095177537717,0.2354929338386722,14.35195677607305,0.2745600341199014,,,,,11.03193473081432,1.866846644711271
14.08135936799553,0.2384361540255086,14.36236436869141,0.2673640503681906,,,,,11.04234232343269,1.829924854868461
14.0917669606139,0.2412126030261421,14.37277196130978,0.2603352896736759,,,,,11.05274991605105,1.795510955235891
14.10217455323227,0.2437852602574015,14.38317955392814,0.2535017874443585,,,,,11.06315750866942,1.764500221117717
14.11258214585063,0.2461237947742861,14.39358714654651,0.2468619024149043,,,,,11.07356510128778,1.7366191229659
14.122989738469,0.248196422700371,14.40399473916488,0.2404402356691455,,,,,11.08397269390615,1.710543025011755
14.13339733108736,0.2499724821660498,14.41440233178324,0.2342613061842399,,,,,11.09438028652452,1.68610498510738
14.14380492370573,0.2514229470479998,14.42480992440161,0.2283660540893252,,,,,11.10478787914288,1.663147990908602
14.15421251632409,0.2525444179963172,14.43521751701997,0.2227740010023826,,,,,11.11519547176125,1.641535971811055
14.16462010894246,0.2533121106647341,14.44562510963834,0.217477707039203,,,,,11.12560306437961,1.621154450955248
14.17502770156083,0.2536812241708415,14.45603270225671,0.2124888180967872,,,,,11.13601065699798,1.601910499382823
14.18543529417919,0.2536335759770109,14.46644029487507,0.2078183652550728,,,,,11.14641824961635,1.583686507867877
14.19584288679756,0.253154769623916,14.47684788749344,0.2034742671284434,,,,,11.15682584223471,1.566533338067328
14.20625047941592,0.2522344825736997,14.4872554801118,0.1994619269916584,,,,,11.16723343485308,1.550797994792269
14.21665807203429,0.2508673024221243,14.49766307273017,0.1957843319447636,,,,,11.17764102747144,1.53646464332611
14.22706566465266,0.2493406917906711,14.50807066534854,0.1924420989473966,,,,,11.18804862008981,1.523095133670902
14.23747325727102,0.2476546556535607,14.5184782579669,0.1894340735363732,,,,,11.19845621270817,1.510702195317288
14.24788084988939,0.245523016005328,14.52888585058527,0.1867562851111763,,,,,11.20886380532654,1.499313254144286
14.25828844250775,0.2429532237434317,14.53929344320363,0.1844035917301605,,,,,11.21927139794491,1.488947281668961
14.26869603512612,0.2399572544952171,14.549701035822,0.1823690717907505,,,,,11.22967899056327,1.479699069886852
14.27910362774448,0.236551471296079,14.56010862844036,0.1806444280027726,,,,,11.24008658318164,1.471601141141342
14.28951122036285,0.2327564201131547,14.57051622105873,0.1792202220553911,,,,,11.25049417580001,1.464695176920808
14.29991881298122,0.2285965626584883,14.5809238136771,0.1780861123081374,,,,,11.26090176841837,1.459070985027357
14.31032640559958,0.2240999521081501,14.59133140629546,0.1772310888631881,,,,,11.27130936103674,1.454842955569483
14.32073399821795,0.2192978583711591,14.60173899891383,0.176643700498757,,,,,11.2817169536551,1.452036388074785
14.33114159083632,0.2142243504138221,14.61214659153219,0.1763138940138116,,,,,11.29212454627347,1.450747741419429
14.34154918345468,0.2089158438241844,14.62255418415056,0.1762280830476297,,,,,11.30253213889183,1.451039284958634
14.35195677607305,0.2034106222855747,14.63296177676893,0.1763750983068452,,,,,11.3129397315102,1.45298294395557
14.36236436869141,0.197748341910967,14.64336936938729,0.1767437283278209,,,,,11.32334732412857,1.456647221849115
14.37277196130978,0.1919698384508768,14.65377696200566,0.177323173882178,,,,,11.33375491674693,1.462096306892302
14.38317955392814,0.1861154635484618,14.66418455462402,0.1781041485427223,,,,,11.3441625093653,1.469389299292742
14.39358714654651,0.1802262284954832,14.67459214724239,0.1791560881032213,,,,,11.35457010198366,1.478579544563601
14.40399473916488,0.1743422968260754,14.68499973986076,0.1804699834046906,,,,,11.36497769460203,1.489678250766421
14.41440233178324,0.1685048874444549,14.69540733247912,0.1819550233813652,,,,,11.3753852872204,1.502804903767181
14.42480992440161,0.1627478455084418,14.70581492509749,0.1836574888783347,,,,,11.38579287983876,1.517947259397706
14.43521751701997,0.1571089424196108,14.71622251771585,0.1855699900100045,,,,,11.39620047245713,1.535130759612877
14.44562510963834,0.1516216735747458,14.72663011033422,0.1876257275656026,,,,,11.40660806507549,1.554372612113537
14.45603270225671,0.1463170983079399,14.73703770295259,0.1898149760086303,,,,,11.41701565769386,1.575681354437562
14.46644029487507,0.1412236711257738,14.74744529557095,0.1921342225902314,,,,,11.42742325031223,1.599056385760843
14.47684788749344,0.1363668923704034,14.75785288818932,0.194567828286157,,,,,11.43783084293059,1.625143290934677
14.4872554801118,0.1317692033575559,14.76826048080768,0.1971095166339717,,,,,11.44823843554896,1.653916404859389
14.49766307273017,0.1274498948110712,14.77866807342605,0.1997524702478322,,,,,11.45864602816732,1.684678017832977
14.50807066534854,0.1234250642053177,14.78907566604441,0.202486664984225,,,,,11.46905362078569,1.717337891523271
14.5184782579669,0.119707619637359,14.79948325866278,0.2053028987538922,,,,,11.47946121340405,1.751912823377158
14.52888585058527,0.1163073270426986,14.80989085128115,0.2082060791712735,,,,,11.48986880602242,1.788284803159114
14.53929344320363,0.1132308969736355,14.82029844389951,0.2111878540148633,,,,,11.50027639864079,1.826352948119187
14.549701035822,0.1104821065038874,14.83070603651788,0.2142188122995509,,,,,11.51068399125915,1.866017927119308
14.56010862844036,0.1080619515212851,14.84111362913625,0.217293103480994,,,,,11.52109158387752,1.907142774363549
14.57051622105873,0.1059688243319375,14.85152122175461,0.2203916635566705,,,,,11.53149917649588,1.950199537794825
14.5809238136771,0.1041987113768052,14.86192881437298,0.2235047248552166,,,,,11.54190676911425,1.995011432041651
14.59133140629546,0.1027454058460182,14.87233640699134,0.2266187374445849,,,,,11.55231436173262,2.040839909727872
14.60173899891383,0.1016007300860752,14.88274399960971,0.2297198480694254,,,,,11.56272195435098,2.087495339761952
14.61214659153219,0.1007541465569723,14.89315159222807,0.2327938403779579,,,,,11.57312954696935,2.134772316694624
14.62255418415056,0.1001956602307842,14.90355918484644,0.2358263199264053,,,,,11.58353713958771,2.182440509882663
14.63296177676893,0.09991169249285868,14.91396677746481,0.2388001456812739,,,,,11.59394473220608,2.230286209974862
14.64336936938729,0.09988844813865355,14.92437437008317,0.2417079692745938,,,,,11.60435232482445,2.27804645964263
14.65377696200566,0.1001112614527043,14.93478196270154,0.2445322323714642,,,,,11.61475991744281,2.325458370828658
14.66418455462402,0.1005647627713832,14.9451895553199,0.2472597330731442,,,,,11.62516751006118,2.372247299273114
14.67459214724239,0.1012794672603113,14.95559714793827,0.2498784808082371,,,,,11.63557510267954,2.418128470452347
14.68499973986076,0.1022387551592515,14.96600474055664,0.252377697560298,,,,,11.64598269529791,2.462796231536216
14.69540733247912,0.1033792402111288,14.976412333175,0.2547480739469969,,,,,11.65639028791628,2.50596690415061
14.70581492509749,0.1046832109098674,14.98681992579337,0.2569856015971021,,,,,11.66679788053464,2.547349886931719
14.71622251771585,0.1061348538638636,14.99722751841173,0.2590786672839512,,,,,11.67720547315301,2.586625674932718
14.72663011033422,0.1077164600926226,15.0076351110301,0.2610264186676881,,,,,11.68761306577137,2.623492639073143
14.73703770295259,0.1094113254655265,15.01804270364847,0.2629335674794942,,,,,11.69802065838974,2.657653941947342
14.74744529557095,0.1112031783275838,15.02845029626683,0.2648003323930317,,,,,11.7084282510081,2.688820637698595
14.75785288818932,0.1130760222240212,15.0388578888852,0.2665600966173032,,,,,11.71883584362647,2.716714829119693
14.76826048080768,0.1150130529195724,15.04926548150356,0.2682177325138264,,,,,11.72924343624484,2.741079008156826
14.77866807342605,0.117002074173183,15.05967307412193,0.2697439341540325,,,,,11.7396510288632,2.761656109102434
14.78907566604441,0.1190269307943785,15.07008066674029,0.2711497690024098,,,,,11.75005862148157,2.77822504664418
14.79948325866278,0.1210736323134303,15.08048825935866,0.2725726846711523,,,,,11.76046621409994,2.790583078725196
14.80989085128115,0.1231708143237507,15.09089585197703,0.2740289209169176,,,,,11.7708738067183,2.799113615404229
14.82029844389951,0.1253017326464846,15.10130344459539,0.2754078068000368,,,,,11.78128139933667,2.803663458237614
14.83070603651788,0.1274147640411537,15.11171103721376,0.2767280447498393,,,,,11.79168899195503,2.805141047530704
14.84111362913625,0.1294981039847827,15.12211862983212,0.2780104067220553,,,,,11.8020965845734,2.803438321752127
14.85152122175461,0.1315401810392565,15.13252622245049,0.2792780354224932,,,,,11.81250417719176,2.796872073909147
14.86192881437298,0.1335301497185048,15.14293381506886,0.2805542081425065,,,,,11.82291176981013,2.785390524203148
14.87233640699134,0.1354578912519832,15.15334140768722,0.2818692199513521,,,,,11.8333193624285,2.768978202171994
14.88274399960971,0.1373140555886201,15.16374900030559,0.2832500711655087,,,,,11.84372695504686,2.748311711780315
14.89315159222807,0.1390900956928815,15.17415659292395,0.2847245955903563,,,,,11.85413454766523,2.723444005792671
14.90355918484644,0.1407783009971024,15.18456418554232,0.2863224092618165,,,,,11.86454214028359,2.693804053296122
14.91396677746481,0.1423760635985052,15.19497177816069,0.2880732688008828,,,,,11.87494973290196,2.659511906802775
14.92437437008317,0.1438704824435806,15.20537937077905,0.2900070267441866,,,,,11.88535732552033,2.620722297625961
14.93478196270154,0.1452599148649255,15.21578696339742,0.2921530725438867,,,,,11.89576491813869,2.577627390924989
14.9451895553199,0.146539950065545,15.22619455601578,0.2945400361188056,,,,,11.90617251075706,2.530686733983638
14.95559714793827,0.1477075223233381,15.23660214863415,0.29719545149051,,,,,11.91658010337542,2.480149447906515
14.96600474055664,0.148760533419099,15.24700974125252,0.3001454339843405,,,,,11.92698769599379,2.42603716137254
14.976412333175,0.1496978484368842,15.25741733387088,0.3034143745868944,,,,,11.93739528861216,2.368642892145315
14.98681992579337,0.1505193425569886,15.26782492648925,0.3070246545203619,,,,,11.94780288123052,2.308279759206913
14.99722751841173,0.1512256471320602,15.27823251910761,0.3109963825456495,,,,,11.95821047384889,2.245277686598736
15.0076351110301,0.1518184463921149,15.28864011172598,0.315347243260455,,,,,11.96861806646725,2.179984003965033
15.01804270364847,0.152427164880777,15.29904770434434,0.320094964754669,,,,,11.97902565908562,2.112750540742278
15.02845029626683,0.1530530886292643,15.30945529696271,0.3252541798959381,,,,,11.98943325170398,2.04391775330812
15.0388578888852,0.1535722174549899,15.31986288958108,0.3308269112191038,,,,,11.99984084432235,1.974519820458612
15.04926548150356,0.1539872174126281,15.33027048219944,0.3368201097690887,,,,,12.01024843694072,1.904890807016802
15.05967307412193,0.1543014055797271,15.34067807481781,0.3433264075026246,,,,,12.02065602955908,1.83475203615234
15.07008066674029,0.1545200117216711,15.35108566743618,0.3503451831293135,,,,,12.03106362217745,1.764434213460028
15.08048825935866,0.1546533824819799,15.36149326005454,0.3577786702736083,,,,,12.04147121479581,1.694274487747611
15.09089585197703,0.1547082733191246,15.37190085267291,0.3656550763493638,,,,,12.05187880741418,1.624590382008279
15.10130344459539,0.1546808913493219,15.38230844529127,0.3739615055874083,,,,,12.06228640003255,1.555686690739155
15.11171103721376,0.1545768485596094,15.39271603790964,0.382644673900656,,,,,12.07269399265091,1.487863945132603
15.12211862983212,0.1544020787985681,15.403123630528,0.3916848008784254,,,,,12.08310158526928,1.421370177583834
15.13252622245049,0.1541627949952225,15.41353122314637,0.4010589442480862,,,,,12.09350917788764,1.356457749212768
15.14293381506886,0.1538654550156083,15.42393881576474,0.4107411129444384,,,,,12.10391677050601,1.293373475885212
15.15334140768722,0.1535120411677863,15.4343464083831,0.4207023979525423,,,,,12.11432436312437,1.232324689761788
15.16374900030559,0.1531198370707533,15.44475400100147,0.4309220688351759,,,,,12.12473195574274,1.173496572605681
15.17415659292395,0.1526900062312038,15.45516159361983,0.4413660853866322,,,,,12.13513954836111,1.117033547857383
15.18456418554232,0.152231133935317,15.4655691862382,0.4519860309422034,,,,,12.14554714097947,1.063071426170873
15.19497177816069,0.1517486055264025,15.47597677885656,0.462744732285755,,,,,12.15595473359784,1.011722476731602
15.20537937077905,0.151251229242065,15.48638437147493,0.4735981537155012,,,,,12.16636232621621,0.9630757409011699
15.21578696339742,0.1507471250191255,15.4967919640933,0.4845047163685078,,,,,12.17676991883457,0.9171975626161001
15.22619455601578,0.1502447584866312,15.50719955671166,0.4954199754656207,,,,,12.18717751145294,0.8741323173113954
15.23660214863415,0.1497529952903855,15.51760714933003,0.5062981940210974,,,,,12.1975851040713,0.8339041000900659
15.24700974125252,0.1492811583328988,15.52801474194839,0.51709260967885,,,,,12.20799269668967,0.796520725827494
15.25741733387088,0.1488390850496348,15.53842233456676,0.5279289359415529,,,,,12.21840028930803,0.7619581424670137
15.26782492648925,0.148437181576334,15.54882992718513,0.5387578031813811,,,,,12.2288078819264,0.7301870094249547
15.27823251910761,0.1480864704868719,15.55923751980349,0.5493550782043954,,,,,12.23921547454477,0.701158419265921
15.28864011172598,0.1477986550647941,15.56964511242186,0.559670060641855,,,,,12.24962306716313,0.674808940648585
15.29904770434434,0.1476011015007023,15.58005270504022,0.569652613926997,,,,,12.2600306597815,0.6510621793437289
15.30945529696271,0.1475067642940426,15.59046029765859,0.579302523194185,,,,,12.27043825239986,0.6298303785232026
15.31986288958108,0.1475140440157753,15.60086789027696,0.5885701373190751,,,,,12.28084584501823,0.611016039991178
15.33027048219944,0.1476370760979753,15.61127548289532,0.5973622740251742,,,,,12.2912534376366,0.5945135488652455
15.34067807481781,0.1479927008326291,15.62168307551369,0.6056321791246252,,,,,12.30166103025496,0.5802107851361021
15.35108566743618,0.1485953371923351,15.63209066813205,0.6133361986344522,,,,,12.31206862287333,0.5679907065262411
15.36149326005454,0.1493568380906964,15.64249826075042,0.6204364430729654,,,,,12.32247621549169,0.5577328881178377
15.37190085267291,0.1502937991300386,15.65290585336879,0.626894483427757,,,,,12.33288380811006,0.5493150053176425
15.38230844529127,0.1514206700180077,15.66331344598715,0.632676691682483,,,,,12.34329140072843,0.5426142478632228
15.39271603790964,0.1527495982453114,15.67372103860552,0.6379168078516734,,,,,12.35369899334679,0.5375086537424696
15.403123630528,0.1542948221820053,15.68412863122388,0.6425871865103248,,,,,12.36410658596516,0.5338676934444716
15.41353122314637,0.1560701727747492,15.69453622384225,0.6464990344327948,,,,,12.37451417858352,0.5315983459430246
15.42393881576474,0.1580888382440667,15.70494381646061,0.6496317388927811,,,,,12.38492177120189,0.5305748293216038
15.4343464083831,0.1603631122712187,15.71535140907898,0.6519691644423522,,,,,12.39532936382025,0.5306900818779012
15.44475400100147,0.1629041301856788,15.72575900169735,0.6534997987210538,,,,,12.40573695643862,0.5318430377281297
15.45516159361983,0.1657242946992074,15.73616659431571,0.6542371344925889,,,,,12.41614454905699,0.5342336198783156
15.4655691862382,0.1688269345412627,15.74657418693408,0.6542987567247661,,,,,12.42655214167535,0.5377723085108881
15.47597677885656,0.1722202577035047,15.75698177955245,0.6536653721426368,,,,,12.43695973429372,0.5420806128671299
15.48638437147493,0.1759080677868687,15.76738937217081,0.6524113961499481,,,,,12.44736732691208,0.5470824458177039
15.4967919640933,0.1798917533645805,15.77779696478918,0.6505453886933681,,,,,12.45777491953045,0.5527008885616045
15.50719955671166,0.1841699974345276,15.78820455740754,0.6478939200112673,,,,,12.46818251214882,0.558897008582816
15.51760714933003,0.1887385996975394,15.79861215002591,0.6444735404714546,,,,,12.47859010476718,0.5656084415707467
15.52801474194839,0.1935903149809912,15.80901974264427,0.6403017716127095,,,,,12.48899769738555,0.5727928152580345
15.53842233456676,0.1987224162236475,15.81942733526264,0.6354032894678199,,,,,12.49940529000391,0.5804158445912166
15.54882992718513,0.2041211751813604,15.82983492788101,0.6298070870891745,,,,,12.50981288262228,0.588566258305347
15.55923751980349,0.2097618257996966,15.84024252049937,0.6235844197599226,,,,,12.52022047524065,0.5972239162418974
15.56964511242186,0.2156240129445045,15.85065011311774,0.6167712097981478,,,,,12.53062806785901,0.6062589918325813
15.58005270504022,0.221684166834021,15.8610577057361,0.6093677315224201,,,,,12.54103566047738,0.6156632152379635
15.59046029765859,0.2279187916838731,15.87146529835447,0.6014155124377281,,,,,12.55144325309574,0.6254336407460672
15.60086789027696,0.23429749717169,15.88187289097284,0.5929584793310171,,,,,12.56185084571411,0.6355719130874519
15.61127548289532,0.2407863803097657,15.8922804835912,0.5840437621422688,,,,,12.57225843833248,0.6460835850500121
15.62168307551369,0.2473496326223372,15.90268807620957,0.5747167249161526,,,,,12.58266603095084,0.6569765580435397
15.63209066813205,0.2539502339349583,15.91309566882793,0.5652257991531796,,,,,12.59307362356921,0.6682610421363092
15.64249826075042,0.2605493468471884,15.9235032614463,0.5556186614956417,,,,,12.60348121618757,0.6799479942807085
15.65290585336879,0.2671066796214209,15.93391085406467,0.5457427652916401,,,,,12.61388880880594,0.6920483129306217
15.66331344598715,0.2735809158916645,15.94431844668303,0.5356521897852367,,,,,12.6242964014243,0.7045715983732335
15.67372103860552,0.2799301364901112,15.9547260393014,0.5253962816450569,,,,,12.63470399404267,0.7175254785051082
15.68412863122388,0.2861122726673457,15.96513363191976,0.5150071945419736,,,,,12.64511158666104,0.7309144269712515
15.69453622384225,0.292085567287073,15.97554122453813,0.5045295022426463,,,,,12.6555191792794,0.7450382350794474
15.70494381646061,0.2978090394018073,15.98594881715649,0.494004069291245,,,,,12.66592677189777,0.7598895313978035
15.71535140907898,0.3032429447966966,15.99635640977486,0.4835175329368779,,,,,12.67633436451614,0.7751543360484968
15.72575900169735,0.3083492254926221,16.00676400239323,0.4731048320501481,,,,,12.6867419571345,0.7908111791340463
15.73616659431571,0.3132217815299579,16.01717159501159,0.4627576198726752,,,,,12.69714954975287,0.8068225020297585
15.74657418693408,0.3178526958442304,16.02757918762996,0.4525046247589183,,,,,12.70755714237123,0.8231725624194848
15.75698177955245,0.3220778504799716,16.03798678024832,0.4423742510572562,,,,,12.7179647349896,0.8397801945836817
15.76738937217081,0.3258428594817384,16.04839437286669,0.4323917825176045,,,,,12.72837232760796,0.8566511165477236
15.77779696478918,0.3291216002548822,16.05880196548506,0.422579286624404,,,,,12.73877992022633,0.8736926805280725
15.78820455740754,0.3318913682889681,16.06920955810342,0.4130299486528642,,,,,12.7491875128447,0.8908369616443647
15.79861215002591,0.3341340706901828,16.07961715072179,0.4037586006743237,,,,,12.75959510546306,0.9080114442484606
15.80901974264427,0.335835927713085,16.09002474334016,0.3947017330152559,,,,,12.77000269808143,0.9251156844910826
15.81942733526264,0.3369875963825447,16.10043233595852,0.3858669875918638,,,,,12.78041029069979,0.9420849930852808
15.82983492788101,0.3375842369444518,16.11083992857689,0.3772618781575076,,,,,12.79081788331816,0.9588082273962731
15.84024252049937,0.3378305414402518,16.12124752119525,0.3688878207499482,,,,,12.80122547593653,0.9751817857685916
15.85065011311774,0.3377289783171356,16.13165511381362,0.360740301050854,,,,,12.81163306855489,0.9910970558742552
15.8610577057361,0.3370797388923266,16.14206270643198,0.3528151759984479,,,,,12.82204066117326,1.006651485178845
15.87146529835447,0.3358922875466486,16.15247029905035,0.345105862184259,,,,,12.83244825379162,1.021723506224023
15.88187289097284,0.3341802114067416,16.16287789166871,0.3376035880268768,,,,,12.84285584640999,1.035990363596805
15.8922804835912,0.3319610069043635,16.17328548428708,0.3302976669794337,,,,,12.85326343902836,1.049327105850946
15.90268807620957,0.3292558211795918,16.18369307690545,0.3231757876991581,,,,,12.86367103164672,1.06160977976754
15.91309566882793,0.3260921163904618,16.19410066952381,0.3162243168856519,,,,,12.87407862426509,1.072721305462558
15.9235032614463,0.3224974266733192,16.20450826214218,0.3094286103353817,,,,,12.88448621688345,1.082548100901951
15.93391085406467,0.3184990059595606,16.21491585476054,0.3027775059066302,,,,,12.89489380950182,1.090978312462448
15.94431844668303,0.3141540190137387,16.22532344737891,0.2962551908049806,,,,,12.90530140212018,1.097910224578801
15.9547260393014,0.3095012219136657,16.23573103999728,0.2899200154587719,,,,,12.91570899473855,1.103251230696171
15.96513363191976,0.3045468108272272,16.24613863261564,0.2837557292905018,,,,,12.92611658735692,1.106899828859528
15.97554122453813,0.2993273965657547,16.25654622523401,0.2776676761135782,,,,,12.93652417997528,1.108805778916935
15.98594881715649,0.2938802698870051,16.26695381785238,0.2716387117331558,,,,,12.94693177259365,1.109233326628599
15.99635640977486,0.2883066931892799,16.27736141047074,0.2657285967833789,,,,,12.95733936521201,1.108129037622178
16.00676400239323,0.2826434400999334,16.28776900308911,0.2599216919976493,,,,,12.96774695783038,1.105107776684912
16.01717159501159,0.2768629988633379,16.29817659570747,0.2541335337366955,,,,,12.97815455044875,1.100140495580693
16.02757918762996,0.2710002029134571,16.30858418832584,0.2483543157234988,,,,,12.98856214306711,1.093210941189318
16.03798678024832,0.2650888504278859,16.31899178094421,0.2425740195771219,,,,,12.99896973568548,1.084921086650762
16.04839437286669,0.2591612130505843,16.32939937356257,0.2367853705858562,,,,,13.00937732830384,1.07528111487248
16.05880196548506,0.2532477480461183,16.33980696618094,0.2309831628035456,,,,,13.01978492092221,1.06370948306608
16.06920955810342,0.2473773498862028,16.3502145587993,0.225164305555207,,,,,13.03019251354057,1.050375695881837
16.07961715072179,0.2415760991115218,16.36062215141767,0.2193278321406286,,,,,13.04060010615894,1.035329038779046
16.09002474334016,0.2358670688569131,16.37102974403603,0.2134746934709875,,,,,13.05100769877731,1.018499342319943
16.10043233595852,0.230271190426426,16.3814373366544,0.2076246225544344,,,,,13.06141529139567,0.9999675397973282
16.11083992857689,0.2248672298824975,16.39184492927276,0.2017823573725563,,,,,13.07182288401404,0.9798156636973677
16.12124752119525,0.2196699906772804,16.40225252189113,0.1960195574194099,,,,,13.08223047663241,0.9581496960194787
16.13165511381362,0.2146302702057138,16.4126601145095,0.190343852124517,,,,,13.09263806925077,0.9350831523290128
16.14206270643198,0.2097565699651486,16.42306770712786,0.1846824910584774,,,,,13.10304566186914,0.9107395918076503
16.15247029905035,0.2050545207658014,16.43347529974623,0.1790452187776222,,,,,13.1134532544875,0.8852513497703525
16.16287789166871,0.200526951716735,16.44388289236459,0.1734428720121777,,,,,13.12386084710587,0.8587581768461625
16.17328548428708,0.1961739918662377,16.45429048498296,0.1678871626016735,,,,,13.13426843972423,0.8316248044069728
16.18369307690545,0.1919932026092503,16.46469807760133,0.1623876344751115,,,,,13.1446760323426,0.8039979208157492
16.19410066952381,0.1879797386464609,16.47510567021969,0.1569632975433628,,,,,13.15508362496097,0.7758105198730877
16.20450826214218,0.1841265349689502,16.48551326283806,0.1516235550521802,,,,,13.16549121757933,0.747214338093013
16.21491585476054,0.1804257932026087,16.49592085545643,0.146381325415355,,,,,13.1758988101977,0.7183614483799519
16.22532344737891,0.1768664045653051,16.50632844807479,0.1412492366498957,,,,,13.18630640281607,0.6894030691504756
16.23573103999728,0.1734358173175161,16.51673604069316,0.1362386116584026,,,,,13.19671399543443,0.6604878049491606
16.24613863261564,0.1701200408429704,16.52714363331152,0.1313626200553658,,,,,13.2071215880528,0.6317611205769679
16.25654622523401,0.166903800575555,16.53755122592989,0.1266307605140582,,,,,13.21752918067116,0.6033637970433315
16.26695381785238,0.1637700255747263,16.54795881854825,0.1220524688636995,,,,,13.22793677328953,0.575432715984913
16.27736141047074,0.1607071687564859,16.55836641116662,0.1176359576803662,,,,,13.23834436590789,0.5480935936827512
16.28776900308911,0.157697104629661,16.56877400378498,0.1133944110170067,,,,,13.24875195852626,0.5214691414721828
16.29817659570747,0.1547232363058248,16.57918159640335,0.1093331947488023,,,,,13.25915955114463,0.4956727357903389
16.30858418832584,0.1517700772639441,16.58958918902172,0.1054497840638996,,,,,13.26956714376299,0.4708091904799141
16.31899178094421,0.1488226165441927,16.59999678164008,0.1017437449674498,,,,,13.27997473638136,0.4469743064689238
16.32939937356257,0.1458667256218898,16.61040437425845,0.09822162541729308,,,,,13.29038232899972,0.4242587093705916
16.33980696618094,0.142889322129395,16.62081196687681,0.09487914278175177,,,,,13.30078992161809,0.4027392228501538
16.3502145587993,0.1398785579925505,16.63121955949518,0.0917138552509101,,,,,13.31119751423646,0.3824739502008428
16.36062215141767,0.136823982422872,16.64162715211355,0.08872183714393152,,,,,13.32160510685482,0.363526112419577
16.37102974403603,0.133716677796079,16.65203474473191,0.08589776217817448,,,,,13.33201269947319,0.3459437182241561
16.3814373366544,0.1306799563403256,16.66244233735028,0.08323467420093263,,,,,13.34242029209155,0.3297604994374432
16.39184492927276,0.1277071997678521,16.67284992996865,0.08072357695432911,,,,,13.35282788470992,0.3150163158961328
16.40225252189113,0.124662930799937,16.68325752258701,0.07835951130658,,,,,13.36323547732828,0.3017254369742102
16.4126601145095,0.1215430696517243,16.69366511520538,0.07612726163850482,,,,,13.37364306994665,0.2898995715327353
16.42306770712786,0.1183443603669118,16.70407270782374,0.07402318917400355,,,,,13.38405066256502,0.2795421720646215
16.43347529974623,0.1150663843859727,16.71448030044211,0.07203240960622184,,,,,13.39445825518338,0.2706488523172834
16.44388289236459,0.111710508437323,16.72488789306048,0.0701436985979657,,,,,13.40486584780175,0.2632078312536713
16.45429048498296,0.1082798149752918,16.73529548567884,0.06834545124493838,,,,,13.41527344042011,0.257200395805353
16.46469807760133,0.1047788826141302,16.74570307829721,0.06662606851991217,,,,,13.42568103303848,0.2526013756646437
16.47510567021969,0.1012141955256719,16.75611067091557,0.06497408001319992,,,,,13.43608862565685,0.249377750530856
16.48551326283806,0.09759317037300778,16.76651826353394,0.06337767134871401,,,,,13.44649621827521,0.2475011297111028
16.49592085545643,0.09392459503963477,16.7769258561523,0.06182746926633194,,,,,13.45690381089358,0.2469264008617217
16.50632844807479,0.09021830233056778,16.78733344877067,0.0603124918400283,,,,,13.46731140351194,0.2476043362916417
16.51673604069316,0.0864849406414895,16.79774104138903,0.05882323697661791,,,,,13.47771899613031,0.2494846290525835
16.52714363331152,0.08273600718445717,16.8081486340074,0.05735099243716058,,,,,13.48812658874868,0.2525133507575268
16.53755122592989,0.0789833149077515,16.81855622662577,0.05594685366196728,,,,,13.49853418136704,0.2566424958235451
16.54795881854825,0.0752390499103494,16.82896381924413,0.0546034549767269,,,,,13.50894177398541,0.2618109544753622
16.55836641116662,0.07151552170936569,16.8393714118625,0.05325179475102658,,,,,13.51934936660377,0.267948566309167
16.56877400378498,0.06782514227403449,16.84977900448087,0.05189324330913601,,,,,13.52975695922214,0.2749911351132128
16.57918159640335,0.06417994269001051,16.86018659709923,0.05051901438137666,,,,,13.5401645518405,0.2828759604332882
16.58958918902172,0.06059141623328563,16.8705941897176,0.04912534979147075,,,,,13.55057214445887,0.2915362198112691
16.59999678164008,0.05707068995477627,16.88100178233596,0.04771006295305858,,,,,13.56097973707724,0.3009013560191941
16.61040437425845,0.05362824017618641,16.89140937495433,0.04627146634799056,,,,,13.5713873296956,0.310903469951907
16.62081196687681,0.05027378150539227,16.9018169675727,0.04480907281774268,,,,,13.58179492231397,0.3214821861068677
16.63121955949518,0.04701617356349491,16.91222456019106,0.04332334155651014,,,,,13.59220251493234,0.3325807132433606
16.64162715211355,0.04386334594791565,16.92263215280943,0.04181484684309465,,,,,13.6026101075507,0.3441136786722499
16.65203474473191,0.04082224158655892,16.93303974542779,0.04028741934305934,,,,,13.61301770016907,0.3560153413564989
16.66244233735028,0.03789665743641976,16.94344733804616,0.03874294971791763,,,,,13.62342529278743,0.3682214107704526
16.67284992996865,0.0350957549877104,16.95385493066452,0.03718491849436564,,,,,13.6338328854058,0.3806693814573909
16.68325752258701,0.03242158880534426,16.96426252328289,0.03561732792981019,,,,,13.64424047802416,0.3932988544980802
16.69366511520538,0.0298764386914045,16.97467011590126,0.03404460182621507,,,,,13.65464807064253,0.4060518434271279
16.70407270782374,0.02746211158086977,16.98507770851962,0.03247148464659316,,,,,13.6650556632609,0.4188730617492152
16.71448030044211,0.02517941004231166,16.99548530113799,0.03090173224987964,,,,,13.67546325587926,0.4317101888850048
16.72488789306048,0.02302821974341893,17.00589289375635,0.0293431133307617,,,,,13.68587084849763,0.4446827270649394
16.73529548567884,0.02100755954441358,17.01630048637472,0.02779922479914646,,,,,13.69627844111599,0.4577436142192268
16.74570307829721,0.01911564908483004,17.02670807899309,0.02627514269458762,,,,,13.70668603373436,0.4706794226770912
16.75611067091557,0.01734998224571283,17.03711567161145,0.02477575615376861,,,,,13.71709362635273,0.4834491397586102
16.76651826353394,0.01570407249322817,17.04752326422982,0.02330590375947749,,,,,13.72750121897109,0.4960156927354731
16.7769258561523,0.0141815793732385,17.05793085684818,0.02186997968174137,,,,,13.73790881158946,0.5083517103760604
16.78733344877067,0.01277409554459046,17.06833844946655,0.02047211356984113,,,,,13.74831640420782,0.5204280727659921
16.79774104138903,0.0114770354653093,17.07874604208492,0.01911606265159525,,,,,13.75872399682619,0.5322160281513852
16.8081486340074,0.01028548091384423,17.08915363470328,0.01780517597631752,,,,,13.76913158944456,0.5436929834444615
16.81855622662577,0.009194356267183158,17.09956122732165,0.01654236794169872,,,,,13.77953918206292,0.5549317542289907
16.82896381924413,0.008198304828045825,17.10996881994001,0.01533010084100351,,,,,13.78994677468129,0.5659157303873971
16.8393714118625,0.007291709550627802,17.12037641255838,0.01417037601261979,,,,,13.80035436729965,0.5765470838147992
16.84977900448087,0.006469154951654766,17.13078400517675,0.01306473304101968,,,,,13.81076195991802,0.5868774867229413
16.86018659709923,0.00572506645139206,17.14119159779511,0.01201418843691311,,,,,13.82116955253639,0.5969018925496845
16.8705941897176,0.00505355470382222,17.15159919041348,0.0110195351311177,,,,,13.83157714515475,0.6065716149230684
16.88100178233596,0.004450230177479888,17.16200678303184,0.01007963505784375,,,,,13.84198473777312,0.6160382286753151
16.89140937495433,0.003909337640780072,17.17241437565021,0.009197126178049242,,,,,13.85239233039148,0.6252883908721669
16.9018169675727,0.003425848746053771,17.18282196826857,0.008369859724831697,,,,,13.86279992300985,0.6341703552724535
16.91222456019106,0.002994937550843539,17.19322956088694,0.007596956347299321,,,,,13.87320751562821,0.6426800924641491
16.92263215280943,0.002610966731199575,17.2036371535053,0.006876076420536342,,,,,13.88361510824658,0.6508738696732367
16.93303974542779,0.002271868175239391,17.21404474612367,0.006208320279161972,,,,,13.89402270086495,0.6587439056409378
16.94344733804616,0.001972227360464185,17.22445233874204,0.005590540858554242,,,,,13.90443029348331,0.6662532421967774
16.95385493066452,0.001708201917576101,17.2348599313604,0.005020856980128942,,,,,13.91483788610168,0.6734029959954
16.96426252328289,0.001476209122614184,17.24526752397877,0.004497222643534034,,,,,13.92524547872004,0.6801835302282208
16.97467011590126,0.001272925553622559,17.25567511659714,0.004017462263950195,,,,,13.93565307133841,0.6866153097078004
16.98507770851962,0.001095283636823458,17.2660827092155,0.003579304271104297,,,,,13.94606066395678,0.6926830976455361
16.99548530113799,0.000940457264599114,17.27649030183387,0.003180412689628076,,,,,13.95646825657514,0.6983799158613183
17.00589289375635,0.0008058884642659897,17.28689789445223,0.002818416399145542,,,,,13.96687584919351,0.7037035455860693
17.01630048637472,0.0006892219022651193,17.2973054870706,0.002490935849004302,,,,,13.97728344181187,0.7086495090107326
17.02670807899309,0.0005883328225224999,17.30771307968897,0.002195344116734626,,,,,13.98769103443024,0.713431990242775
17.03711567161145,0.0005003190142478696,17.31812067230733,0.001929896573002514,,,,,13.99809862704861,0.7180268847840539
17.04752326422982,0.0004256402644792689,17.3285282649257,0.001690670240204466,,,,,14.00850621966697,0.7221872120621216
17.05793085684818,0.0003615141659412626,17.33893585754406,0.001478390100788089,,,,,14.01891381228534,0.7258899427226632
17.06833844946655,0.0003065758619695361,17.34934345016243,0.001289278149535873,,,,,14.0293214049037,0.7291099567194698
17.07874604208492,0.0002596130607501595,17.3597510427808,0.00112132477835237,,,,,14.03972899752207,0.7318203866850691
17.08915363470328,0.0002195531667906031,17.37015863539916,0.0009726200787961826,,,,,14.05013659014043,0.73399300474603
17.09956122732165,0.0001854507891509388,17.38056622801753,0.0008413600096569018,,,,,14.0605441827588,0.7356485826931182
17.10996881994001,0.0001564757505225672,17.39097382063589,0.0007258504390873983,,,,,14.07095177537717,0.7367661340603203
17.12037641255838,0.0001319016920046241,17.40138141325426,0.0006245092797190397,,,,,14.08135936799553,0.7372574917768823
17.13078400517675,0.0001110953421762677,17.41178900587262,0.0005358669397067376,,,,,14.0917669606139,0.7370969162992786
17.14119159779511,9.34857539590713e-05,17.42219659849099,0.0004585653120895219,,,,,14.10217455323227,0.7362478828859459
18.81681400935202,0,17.43260419110936,0.0003913555199092978,,,,,14.11258214585063,0.7346960765024316
,,17.44301178372772,0.0003330946259190707,,,,,14.122989738469,0.7324154220959262
,,17.45341937634609,0.0002827415041387509,,,,,14.13339733108736,0.7293809239599017
,,17.46382696896445,0.0002393520566627878,,,,,14.14380492370573,0.7255765383443594
,,17.47423456158282,0.000202073943629845,,,,,14.15421251632409,0.7210760956434562
,,17.48464215420119,0.0001701409777186899,,,,,14.16462010894246,0.7158674305065106
,,17.49504974681955,0.0001427646044503848,,,,,14.17502770156083,0.7098682702499978
,,17.50545733943792,0.0001195609702083552,,,,,14.18543529417919,0.7030823918958479
,,17.51586493205629,9.985786287424634e-05,,,,,14.19584288679756,0.6955198761666963
,,18.81681400935202,0,,,,,14.20625047941592,0.6871973236025335
,,,,,,,,14.21665807203429,0.6783400618912118
,,,,,,,,14.22706566465266,0.6693239504509864
,,,,,,,,14.23747325727102,0.6599785791944415
,,,,,,,,14.24788084988939,0.6499905832413081
,,,,,,,,14.25828844250775,0.6393993240087349
,,,,,,,,14.26869603512612,0.628251419853932
,,,,,,,,14.27910362774448,0.6165991903341022
,,,,,,,,14.28951122036285,0.6045001789632608
,,,,,,,,14.29991881298122,0.5920165870280237
,,,,,,,,14.31032640559958,0.5792146280940328
,,,,,,,,14.32073399821795,0.566163814452176
,,,,,,,,14.33114159083632,0.5529361881248449
,,,,,,,,14.34154918345468,0.5396055101457417
,,,,,,,,14.35195677607305,0.5262464226177952
,,,,,,,,14.36236436869141,0.5129335985256551
,,,,,,,,14.37277196130978,0.499771212083628
,,,,,,,,14.38317955392814,0.4868304185621336
,,,,,,,,14.39358714654651,0.4741510342731191
,,,,,,,,14.40399473916488,0.4617991700782211
,,,,,,,,14.41440233178324,0.4498410401012394
,,,,,,,,14.42480992440161,0.4383607561051989
,,,,,,,,14.43521751701997,0.4274142559868921
,,,,,,,,14.44562510963834,0.417015570261449
,,,,,,,,14.45603270225671,0.4072042645783475
,,,,,,,,14.46644029487507,0.3980158303971227
,,,,,,,,14.47684788749344,0.3894790592939603
,,,,,,,,14.4872554801118,0.3816162936049143
,,,,,,,,14.49766307273017,0.3744436942256906
,,,,,,,,14.50807066534854,0.3679711060188607
,,,,,,,,14.5184782579669,0.3622034934520446
,,,,,,,,14.52888585058527,0.3571384824661373
,,,,,,,,14.53929344320363,0.3527696543698324
,,,,,,,,14.549701035822,0.3490854590152135
,,,,,,,,14.56010862844036,0.3460699758815742
,,,,,,,,14.57051622105873,0.3437034144109775
,,,,,,,,14.5809238136771,0.3419626379246028
,,,,,,,,14.59133140629546,0.3408216990284405
,,,,,,,,14.60173899891383,0.3402523746356792
,,,,,,,,14.61214659153219,0.3402257062357757
,,,,,,,,14.62255418415056,0.3407100272574047
,,,,,,,,14.63296177676893,0.3416728802801663
,,,,,,,,14.64336936938729,0.3430821204906082
,,,,,,,,14.65377696200566,0.3449052655990241
,,,,,,,,14.66418455462402,0.3471115855008103
,,,,,,,,14.67459214724239,0.3498277043345997
,,,,,,,,14.68499973986076,0.3530227346818172
,,,,,,,,14.69540733247912,0.3565051264923447
,,,,,,,,14.70581492509749,0.3603199908229983
,,,,,,,,14.71622251771585,0.3644403548850988
,,,,,,,,14.72663011033422,0.3687576118408135
,,,,,,,,14.73703770295259,0.3732425803429658
,,,,,,,,14.74744529557095,0.3778737795275799
,,,,,,,,14.75785288818932,0.3826180453270789
,,,,,,,,14.76826048080768,0.3874512604306991
,,,,,,,,14.77866807342605,0.3923547383754828
,,,,,,,,14.78907566604441,0.3973022405017473
,,,,,,,,14.79948325866278,0.402271289113132
,,,,,,,,14.80989085128115,0.4073243376780322
,,,,,,,,14.82029844389951,0.4124385148368866
,,,,,,,,14.83070603651788,0.4175049711950077
,,,,,,,,14.84111362913625,0.4225079697596539
,,,,,,,,14.85152122175461,0.4274185861313492
,,,,,,,,14.86192881437298,0.4322184094015638
,,,,,,,,14.87233640699134,0.436885376307797
,,,,,,,,14.88274399960971,0.4413986330247098
,,,,,,,,14.89315159222807,0.4457376313128094
,,,,,,,,14.90355918484644,0.4498824075847785
,,,,,,,,14.91396677746481,0.453816214196249
,,,,,,,,14.92437437008317,0.4575212001571891
,,,,,,,,14.93478196270154,0.4609807957730545
,,,,,,,,14.9451895553199,0.4641787719464267
,,,,,,,,14.95559714793827,0.4671024391050028
,,,,,,,,14.96600474055664,0.4697413236033043
,,,,,,,,14.976412333175,0.4720874335791194
,,,,,,,,14.98681992579337,0.4741388077812076
,,,,,,,,14.99722751841173,0.4758878250919091
,,,,,,,,15.0076351110301,0.4773376110346143
,,,,,,,,15.01804270364847,0.4787292702378751
,,,,,,,,15.02845029626683,0.4800670063736042
,,,,,,,,15.0388578888852,0.4811996645706963
,,,,,,,,15.04926548150356,0.4821378163060019
,,,,,,,,15.05967307412193,0.4828177933117383
,,,,,,,,15.07008066674029,0.4832588504165378
,,,,,,,,15.08048825935866,0.4836178892403309
,,,,,,,,15.09089585197703,0.4839224862563495
,,,,,,,,15.10130344459539,0.4840544452581352
,,,,,,,,15.11171103721376,0.4840417854936018
,,,,,,,,15.12211862983212,0.4839151182703904
,,,,,,,,15.13252622245049,0.4837078911763073
,,,,,,,,15.14293381506886,0.4834541153567352
,,,,,,,,15.15334140768722,0.4831903980944519
,,,,,,,,15.16374900030559,0.4829656547546928
,,,,,,,,15.17415659292395,0.4828134327057402
,,,,,,,,15.18456418554232,0.4827767387600141
,,,,,,,,15.19497177816069,0.4828951392887496
,,,,,,,,15.20537937077905,0.4832120716969005
,,,,,,,,15.21578696339742,0.4837696535654464
,,,,,,,,15.22619455601578,0.4846094994315437
,,,,,,,,15.23660214863415,0.4857724040371377
,,,,,,,,15.24700974125252,0.487298043623363
,,,,,,,,15.25741733387088,0.4892246964540089
,,,,,,,,15.26782492648925,0.4915889828578828
,,,,,,,,15.27823251910761,0.4944256242540386
,,,,,,,,15.28864011172598,0.4977674533501728
,,,,,,,,15.29904770434434,0.5016700828138462
,,,,,,,,15.30945529696271,0.506163976845267
,,,,,,,,15.31986288958108,0.5112440248862491
,,,,,,,,15.33027048219944,0.5169333071350719
,,,,,,,,15.34067807481781,0.5234429299687231
,,,,,,,,15.35108566743618,0.5307878234239816
,,,,,,,,15.36149326005454,0.5387833691588779
,,,,,,,,15.37190085267291,0.547474767190659
,,,,,,,,15.38230844529127,0.5568638181293617
,,,,,,,,15.39271603790964,0.566909279201815
,,,,,,,,15.403123630528,0.5776051480285964
,,,,,,,,15.41353122314637,0.5889414975343806
,,,,,,,,15.42393881576474,0.60090435238329
,,,,,,,,15.4343464083831,0.6134755665229378
,,,,,,,,15.44475400100147,0.6266509386472282
,,,,,,,,15.45516159361983,0.6404065957751583
,,,,,,,,15.4655691862382,0.6546873019242578
,,,,,,,,15.47597677885656,0.669461096651445
,,,,,,,,15.48638437147493,0.6846842272735817
,,,,,,,,15.4967919640933,0.7003127224085161
,,,,,,,,15.50719955671166,0.7162966545501072
,,,,,,,,15.51760714933003,0.7325815721367253
,,,,,,,,15.52801474194839,0.7491086129788765
,,,,,,,,15.53842233456676,0.7659965918521168
,,,,,,,,15.54882992718513,0.7831769038208147
,,,,,,,,15.55923751980349,0.8003938254918479
,,,,,,,,15.56964511242186,0.817576805125757
,,,,,,,,15.58005270504022,0.8346457500397648
,,,,,,,,15.59046029765859,0.8515664355529956
,,,,,,,,15.60086789027696,0.8682514394075372
,,,,,,,,15.61127548289532,0.8845651032333495
,,,,,,,,15.62168307551369,0.9004171026369074
,,,,,,,,15.63209066813205,0.9157192961605498
,,,,,,,,15.64249826075042,0.9303885955762297
,,,,,,,,15.65290585336879,0.9443388194508421
,,,,,,,,15.66331344598715,0.9574881288820104
,,,,,,,,15.67372103860552,0.9699216486408874
,,,,,,,,15.68412863122388,0.981563229781929
,,,,,,,,15.69453622384225,0.9921762110601077
,,,,,,,,15.70494381646061,1.001693273114604
,,,,,,,,15.71535140907898,1.010053254760673
,,,,,,,,15.72575900169735,1.01720180392587
,,,,,,,,15.73616659431571,1.023242465739363
,,,,,,,,15.74657418693408,1.028302896837457
,,,,,,,,15.75698177955245,1.032195094865147
,,,,,,,,15.76738937217081,1.034917157320715
,,,,,,,,15.77779696478918,1.036449541955328
,,,,,,,,15.78820455740754,1.036605914585021
,,,,,,,,15.79861215002591,1.035384097868559
,,,,,,,,15.80901974264427,1.032775411885223
,,,,,,,,15.81942733526264,1.028795928907467
,,,,,,,,15.82983492788101,1.02347126409705
,,,,,,,,15.84024252049937,1.017105861900154
,,,,,,,,15.85065011311774,1.009740714710468
,,,,,,,,15.8610577057361,1.001153022793287
,,,,,,,,15.87146529835447,0.9913973830458154
,,,,,,,,15.88187289097284,0.9805354741890544
,,,,,,,,15.8922804835912,0.9686366701860666
,,,,,,,,15.90268807620957,0.9557723836822287
,,,,,,,,15.91309566882793,0.9422240168785304
,,,,,,,,15.9235032614463,0.9280725006711888
,,,,,,,,15.93391085406467,0.9131984807943099
,,,,,,,,15.94431844668303,0.8977258918494218
,,,,,,,,15.9547260393014,0.8817490874635823
,,,,,,,,15.96513363191976,0.8653050670730016
,,,,,,,,15.97554122453813,0.8484824679088502
,,,,,,,,15.98594881715649,0.8313644958250678
,,,,,,,,15.99635640977486,0.814144767449463
,,,,,,,,16.00676400239323,0.7969003578554452
,,,,,,,,16.01717159501159,0.7796008157288511
,,,,,,,,16.02757918762996,0.7623144351221205
,,,,,,,,16.03798678024832,0.7451079294834245
,,,,,,,,16.04839437286669,0.7280429823828121
,,,,,,,,16.05880196548506,0.7111758440077801
,,,,,,,,16.06920955810342,0.6946327108725827
,,,,,,,,16.07961715072179,0.6784573766540984
,,,,,,,,16.09002474334016,0.6626110504962405
,,,,,,,,16.10043233595852,0.6471243431991281
,,,,,,,,16.11083992857689,0.6320922417606262
,,,,,,,,16.12124752119525,0.6175321569035832
,,,,,,,,16.13165511381362,0.6033840693872435
,,,,,,,,16.14206270643198,0.5896527714510572
,,,,,,,,16.15247029905035,0.5763374377109454
,,,,,,,,16.16287789166871,0.563431978608337
,,,,,,,,16.17328548428708,0.5509254491411141
,,,,,,,,16.18369307690545,0.5388025062176466
,,,,,,,,16.19410066952381,0.5270439074590576
,,,,,,,,16.20450826214218,0.5156270438496605
,,,,,,,,16.21491585476054,0.5045378007635198
,,,,,,,,16.22532344737891,0.4937480113364515
,,,,,,,,16.23573103999728,0.483298686413866
,,,,,,,,16.24613863261564,0.4731583460814858
,,,,,,,,16.25654622523401,0.463213838772627
,,,,,,,,16.26695381785238,0.4534296048976294
,,,,,,,,16.27736141047074,0.443852727669285
,,,,,,,,16.28776900308911,0.434448392092889
,,,,,,,,16.29817659570747,0.4251145822667203
,,,,,,,,16.30858418832584,0.4158251563881474
,,,,,,,,16.31899178094421,0.4065543507827712
,,,,,,,,16.32939937356257,0.3972801477522627
,,,,,,,,16.33980696618094,0.3879837666362376
,,,,,,,,16.3502145587993,0.3786498979215234
,,,,,,,,16.36062215141767,0.3692668718394321
,,,,,,,,16.37102974403603,0.3598264640550485
,,,,,,,,16.3814373366544,0.3504756131123381
,,,,,,,,16.39184492927276,0.3412123223693498
,,,,,,,,16.40225252189113,0.3319710661468507
,,,,,,,,16.4126601145095,0.3227555431567791
,,,,,,,,16.42306770712786,0.3134880762627786
,,,,,,,,16.43347529974623,0.3041782371726706
,,,,,,,,16.44388289236459,0.2948385115312178
,,,,,,,,16.45429048498296,0.2854839989255691
,,,,,,,,16.46469807760133,0.2761291204528876
,,,,,,,,16.47510567021969,0.26679971816797
,,,,,,,,16.48551326283806,0.2575128864952369
,,,,,,,,16.49592085545643,0.2482904915418693
,,,,,,,,16.50632844807479,0.2391554583757318
,,,,,,,,16.51673604069316,0.2301297555577588
,,,,,,,,16.52714363331152,0.221238265930143
,,,,,,,,16.53755122592989,0.2125022947430522
,,,,,,,,16.54795881854825,0.2039434388270061
,,,,,,,,16.55836641116662,0.1955821146292646
,,,,,,,,16.56877400378498,0.1874437280085395
,,,,,,,,16.57918159640335,0.1795453987824286
,,,,,,,,16.58958918902172,0.1718957303597307
,,,,,,,,16.59999678164008,0.1645049634263581
,,,,,,,,16.61040437425845,0.1573895846811607
,,,,,,,,16.62081196687681,0.1505544068724081
,,,,,,,,16.63121955949518,0.1440051518922837
,,,,,,,,16.64162715211355,0.1377450573039697
,,,,,,,,16.65203474473191,0.1317749104120638
,,,,,,,,16.66244233735028,0.126090654565293
,,,,,,,,16.67284992996865,0.1206912211863591
,,,,,,,,16.68325752258701,0.1155734671694767
,,,,,,,,16.69366511520538,0.1107230246405522
,,,,,,,,16.70407270782374,0.1061371127979027
,,,,,,,,16.71448030044211,0.101800420154281
,,,,,,,,16.72488789306048,0.09770106486078992
,,,,,,,,16.73529548567884,0.09382523639541986
,,,,,,,,16.74570307829721,0.09015861855827968
,,,,,,,,16.75611067091557,0.08668633947237425
,,,,,,,,16.76651826353394,0.08338882602268298
,,,,,,,,16.7769258561523,0.08026052854966857
,,,,,,,,16.78733344877067,0.07728080222805633
,,,,,,,,16.79774104138903,0.07443492153223745
,,,,,,,,16.8081486340074,0.07170869749777616
,,,,,,,,16.81855622662577,0.0691524451535785
,,,,,,,,16.82896381924413,0.06675301549633665
,,,,,,,,16.8393714118625,0.06443064358546875
,,,,,,,,16.84977900448087,0.06218099834500029
,,,,,,,,16.86018659709923,0.05998952344719628
,,,,,,,,16.8705941897176,0.05784635665433981
,,,,,,,,16.88100178233596,0.05574514242407273
,,,,,,,,16.89140937495433,0.05367836484140694
,,,,,,,,16.9018169675727,0.05164065111899793
,,,,,,,,16.91222456019106,0.0496278497062493
,,,,,,,,16.92263215280943,0.04763517855576493
,,,,,,,,16.93303974542779,0.04566474086761231
,,,,,,,,16.94344733804616,0.04371340385137831
,,,,,,,,16.95385493066452,0.04178124020426695
,,,,,,,,16.96426252328289,0.03986913887895754
,,,,,,,,16.97467011590126,0.03797869617120436
,,,,,,,,16.98507770851962,0.03611210305432146
,,,,,,,,16.99548530113799,0.03427080027536411
,,,,,,,,17.00589289375635,0.03246055393695493
,,,,,,,,17.01630048637472,0.03068311021762432
,,,,,,,,17.02670807899309,0.02894192958453383
,,,,,,,,17.03711567161145,0.02723937484197628
,,,,,,,,17.04752326422982,0.02558146591147107
,,,,,,,,17.05793085684818,0.02397010782263843
,,,,,,,,17.06833844946655,0.02240847157959082
,,,,,,,,17.07874604208492,0.02089947189359583
,,,,,,,,17.08915363470328,0.01944571603102131
,,,,,,,,17.09956122732165,0.01804946307693265
,,,,,,,,17.10996881994001,0.01671259344903192
,,,,,,,,17.12037641255838,0.01543658830118214
,,,,,,,,17.13078400517675,0.01422251828636458
,,,,,,,,17.14119159779511,0.01307085730258581
,,,,,,,,17.15159919041348,0.0119822622018114
,,,,,,,,17.16200678303184,0.01095504210277775
,,,,,,,,17.17241437565021,0.009991583282597052
,,,,,,,,17.18282196826857,0.009089364938080435
,,,,,,,,17.19322956088694,0.008247193973644727
,,,,,,,,17.2036371535053,0.007462420788638273
,,,,,,,,17.21404474612367,0.006735877837235585
,,,,,,,,17.22445233874204,0.006064121943914111
,,,,,,,,17.2348599313604,0.005444995645044972
,,,,,,,,17.24526752397877,0.004876182967647668
,,,,,,,,17.25567511659714,0.004355244589027703
,,,,,,,,17.2660827092155,0.00387965161420449
,,,,,,,,17.27649030183387,0.00344681751870177
,,,,,,,,17.28689789445223,0.003054127891747605
,,,,,,,,17.2973054870706,0.002698967700300862
,,,,,,,,17.30771307968897,0.002376300817485892
,,,,,,,,17.31812067230733,0.00208899828705618
,,,,,,,,17.3285282649257,0.001830132445785362
,,,,,,,,17.33893585754406,0.001600352366537315
,,,,,,,,17.34934345016243,0.001395648218437738
,,,,,,,,17.3597510427808,0.001213845355524894
,,,,,,,,17.37015863539916,0.001052876927013244
,,,,,,,,17.38056622801753,0.0009107905721771962
,,,,,,,,17.39097382063589,0.0007857528123979606
,,,,,,,,17.40138141325426,0.0006760513769498545
,,,,,,,,17.41178900587262,0.0005800957040044434
,,,,,,,,17.42219659849099,0.0004964158577287632
,,,,,,,,17.43260419110936,0.0004236600970045283
,,,,,,,,17.44301178372772,0.000360591321971783
,,,,,,,,17.45341937634609,0.0003060826120683179
,,,,,,,,17.46382696896445,0.0002591120542332477
,,,,,,,,17.47423456158282,0.0002187570431632689
,,,,,,,,17.48464215420119,0.0001841882175904698
,,,,,,,,17.49504974681955,0.0001545579172522125
,,,,,,,,17.50545733943792,0.0001294375073653447
,,,,,,,,17.51586493205629,0.00010810679136133
,,,,,,,,17.52627252467465,9.004710743051891e-05
,,,,,,,,18.81681400935202,0
