-28.07738194932685,0,-28.07738194932685,0,-28.07738194932685,0,-28.07738194932685,0,-28.07738194932685,0
-28.06650940857402,0,-28.06650940857402,0,-28.06650940857402,0,-28.06650940857402,0,-28.06650940857402,0
-27.00100041479674,0.0001671429520406937,-26.45737337715526,0.0001028667036909623,-26.32690288812131,0.0001002516763776771,22.01241329895818,0,-27.00100041479674,0.000167153766716726
-26.99012787404391,0.0002780698977716744,-26.44650083640244,0.0001136927085110524,-26.31603034736848,0.0001071428306740828,,,-26.99012787404391,0.0002780968927923836
-26.97925533329107,0.0003550886857509507,-26.43562829564961,0.0001252875175318525,-26.30515780661565,0.00011416977263496,,,-26.97925533329107,0.000355123183913317
-26.96838279253825,0.0004521024848649989,-26.42475575489678,0.0001376576647832681,-26.29428526586283,0.000121298576348525,,,-26.96838279253825,0.0004521464416311576
-26.95751025178542,0.0005739236968601538,-26.41388321414395,0.0001508031436479355,-26.28341272510999,0.0001284922158453448,,,-26.95751025178542,0.0005739795404055247
-26.94663771103259,0.0007264213901414189,-26.40301067339112,0.0001647167618316996,-26.27254018435717,0.000135710821925985,,,-26.94663771103259,0.000726492125686896
-26.93576517027976,0.0009167275778725472,-26.39213813263829,0.0001793835446467093,-26.26166764360434,0.0001429119977623341,,,-26.93576517027976,0.0009168169125157001
-26.92489262952693,0.001153477627219585,-26.38126559188546,0.0001947802022481425,-26.25079510285151,0.0001500511910110891,,,-26.92489262952693,0.001153590118687221
-26.9140200887741,0.001447089065500362,-26.37039305113263,0.0002108746765532125,-26.23992256209868,0.0001570821188495415,,,-26.9140200887741,0.001447230298679397
-26.90314754802127,0.001810083281262797,-26.3595205103798,0.0002276257832799603,-26.22905002134585,0.0001639572410278273,,,-26.90314754802127,0.001810260076826334
-26.89227500726844,0.002257454792147244,-26.34864796962697,0.000244982963847221,-26.21817748059302,0.0001706282747646894,,,-26.89227500726844,0.002257675452072494
-26.88140246651561,0.002807092846459134,-26.33777542887414,0.0002628861607599182,-26.20730493984019,0.0001770467441324288,,,-26.88140246651561,0.002807367441725789
-26.87052992576278,0.003480260118718949,-26.32690288812131,0.0002812658285609099,-26.19643239908736,0.0001831645555172722,,,-26.87052992576278,0.003480600824970953
-26.85965738500995,0.004302133125621868,-26.31603034736848,0.0003000430904699934,-26.18555985833453,0.0001889345898380478,,,-26.85965738500995,0.004302554613059772
-26.84878484425712,0.005302408700206367,-26.30515780661565,0.0003191300484738131,-26.1746873175817,0.0001943113014898129,,,-26.84878484425712,0.005302928584436363
-26.83791230350429,0.00651598038925653,-26.29428526586283,0.0003384302519124253,-26.16381477682887,0.0001992513134765793,,,-26.83791230350429,0.006516619750237591
-26.82703976275146,0.007983687951623509,-26.28341272510999,0.0003578393265778281,-26.15294223607604,0.0002037139979297495,,,-26.82703976275146,0.0079844719282044
-26.81616722199864,0.009753142202579843,-26.27254018435717,0.0003772457630584664,-26.14206969532321,0.0002076620311912647,,,-26.81616722199864,0.009754100670378723
-26.8052946812458,0.01187962624165158,-26.26166764360434,0.0003965318596048205,-26.13119715457038,0.0002110619128807136,,,-26.8052946812458,0.01188079458217449
-26.79442214049298,0.01442707259080512,-26.25079510285151,0.0004155748112380283,-26.12032461381756,0.000213884438864252,,,-26.79442214049298,0.01442849255969564
-26.78354959974015,0.01746911393213306,-26.23992256209868,0.0004342479332672556,-26.10945207306472,0.0002161051187929404,,,-26.78354959974015,0.01747083463426017
-26.77267705898732,0.02109020295022614,-26.22905002134585,0.0004524220039187327,-26.09857953231189,0.0002177045298641981,,,-26.77267705898732,0.02109228192891575
-26.76180451823449,0.02538679424222496,-26.21817748059302,0.0004699667075089088,-26.08770699155907,0.000218668599660381,,,-26.76180451823449,0.02538929868928567
-26.75093197748166,0.03046857835512422,-26.20730493984019,0.0004867521566142226,-26.07683445080624,0.0002189903822663463,,,-26.75093197748166,0.03047158644737219
-26.74005943672883,0.03645975475333828,-26.19643239908736,0.0005026504690946366,-26.06596191005341,0.0002189888123041772,,,-26.74005943672883,0.0364633571200529
-26.729186895976,0.04350032693104398,-26.18555985833453,0.0005175373737041388,-26.05508936930058,0.0002186623337068841,,,-26.729186895976,0.04350462825515004
-26.71831435522317,0.05174739899972724,-26.1746873175817,0.0005312938164451619,-26.04421682854775,0.0002176920533331536,,,-26.71831435522317,0.05175251975346885
-26.70744181447034,0.06137644895492939,-26.16381477682887,0.0005438075388580937,-26.03334428779492,0.000216086541621398,,,-26.70744181447034,0.06138252726834907
-26.69656927371751,0.07258254952911089,-26.15294223607604,0.0005549745991286056,-26.02247174704209,0.0002138599239374349,,,-26.69656927371751,0.07258974318675451
-26.68569673296468,0.08558150316107258,-26.14206969532321,0.000564700807273071,-26.01159920628926,0.0002110316736541093,,,-26.68569673296468,0.08558999171899599
-26.67482419221185,0.1006108532678688,-26.13119715457038,0.0005729030467350223,-26.00072666553643,0.0002076263285962848,,,-26.67482419221185,0.1006208402792249
-26.66395165145902,0.1179307298240127,-26.12032461381756,0.0005795104564820272,-25.9898541247836,0.0002036731366256917,,,-26.66395165145902,0.1179424451572621
-26.65307911070619,0.1378244833855674,-26.10945207306472,0.0005844654501006326,-25.97898158403077,0.0001992056375241709,,,-26.65307911070619,0.1378381856147087
-26.64220656995337,0.160599058311365,-26.09857953231189,0.0005877245513951744,-25.96810904327794,0.0001942611895322227,,,-26.64220656995337,0.1606150371525695
-26.63133402920053,0.1865850532126274,-26.08770699155907,0.0005892590295336645,-25.95723650252511,0.0001888804498836689,,,-26.63133402920053,0.1866036319763464
-26.62046148844771,0.2161364147989955,-26.07683445080624,0.0005895924596436594,-25.94636396177228,0.0001831068194246298,,,-26.62046148844771,0.2161579528210776
-26.60958894769488,0.2496297104826017,-26.06596191005341,0.0005890553207633392,-25.93549142101945,0.0001769858619011418,,,-26.60958894769488,0.2496546054923084
-26.59871640694205,0.2874629255514508,-26.05508936930058,0.0005871152280383779,-25.92461888026662,0.0001705647087374823,,,-26.59871640694205,0.2874916159286184
-26.58784386618922,0.3300537326210459,-26.04421682854775,0.0005834558944505456,-25.9137463395138,0.0001638914601071932,,,-26.58784386618922,0.3300866994891621
-26.57697132543639,0.3778371845960763,-26.03334428779492,0.0005781095510103682,-25.90287379876096,0.000157014592828908,,,-26.57697132543639,0.3778749536928703
-26.56609878468356,0.4312627876757292,-26.02247174704209,0.0005711230439688466,-25.89200125800814,0.0001499823851144091,,,-26.56609878468356,0.4313059309382059
-26.55522624393073,0.4907909181380485,-26.01159920628926,0.0005625571513749008,-25.88112871725531,0.0001428423674781509,,,-26.55522624393073,0.4908400549349272
-26.5443537031779,0.556888555820351,-26.00072666553643,0.0005524857028135257,-25.87025617650248,0.0001356408082124855,,,-26.5443537031779,0.5569443537617809
-26.53348116242507,0.6300243184029688,-25.9898541247836,0.0005409945201539495,-25.85938363574965,0.0001284222407720242,,,-26.53348116242507,0.6300874936554216
-26.52260862167224,0.7106627937725604,-25.97898158403077,0.0005281802005576109,-25.84851109499682,0.0001212290392281975,,,-26.52260862167224,0.7107341108061328
-26.51173608091941,0.7992581827924871,-25.96810904327794,0.0005141487658688817,-25.83763855424399,0.000114101046687302,,,-26.51173608091941,0.7993384534886782
-26.50086354016658,0.8962472815725901,-25.95723650252511,0.000499014204770765,-25.82676601349116,0.0001070752602490575,,,-26.50086354016658,0.8963373636231599
-26.48999099941375,1.00204185056412,-25.94636396177228,0.0004828969356859714,-25.81589347273833,0.000100185574754398,,,-26.48999099941375,1.002142645096008
-26.47911845866092,1.117020437184502,-25.93549142101945,0.0004659222193136589,-25.8050209319855,9.346258626571814e-05,,,-26.47911845866092,1.117132885552143
-26.4682459179081,1.24151973880104,-25.92461888026662,0.0004482185499072308,-14.92160763840328,0.0001103409888208524,,,-26.4682459179081,1.241644818495852
-26.45737337715526,1.375825613299556,-25.9137463395138,0.0004299160539327057,-14.91073509765045,0.0001299097696814746,,,-26.45737337715526,1.375964332936894
-26.44650083640244,1.520163864594545,-25.90287379876096,0.0004111449236334259,-14.89986255689762,0.0001525071073734312,,,-26.44650083640244,1.520317257951071
-26.43562829564961,1.674690949707832,-25.89200125800814,0.0003920339113160192,-14.88899001614479,0.0001785178870486777,,,-26.43562829564961,1.67486006879689
-26.42475575489678,1.839484771817767,-25.88112871725531,0.0003727089079307966,-14.87811747539196,0.0002083611881658177,,,-26.42475575489678,1.839670679006923
-26.41388321414395,2.014535739301196,-25.87025617650248,0.0003532916268261756,-14.86724493463913,0.0002426758661887291,,,-26.41388321414395,2.014739498494312
-26.40301067339112,2.199738283591952,-25.85938363574965,0.0003338984105000494,-14.8563723938863,0.0002818984348805518,,,-26.40301067339112,2.199960950517842
-26.39213813263829,2.394883038016076,-25.84851109499682,0.0003146391748466524,-14.84549985313347,0.0003262415861836815,,,-26.39213813263829,2.395125649686475
-26.38126559188546,2.599649885030448,-25.83763855424399,0.0002956165019040099,-14.83462731238064,0.0003764765915196976,,,-26.38126559188546,2.599913448451417
-26.37039305113263,2.813602079949113,-25.82676601349116,0.0002769248885431385,-14.82375477162781,0.0004332010859471337,,,-26.37039305113263,2.813887560191599
-26.3595205103798,3.036181654841912,-25.81589347273833,0.000258650155001266,-14.81288223087498,0.0004970441639710262,,,-26.3595205103798,3.036489962598429
-26.34864796962697,3.266706296499052,-25.8050209319855,0.0002408690137370536,-14.80200969012215,0.0005686635353018299,,,-26.34864796962697,3.267038275273881
-26.33777542887414,3.504367876974456,-25.79414839123267,0.0002236487958572456,-14.79113714936932,0.0006487418585023131,,,-26.33777542887414,3.504724290073718
-26.32690288812131,3.74823279420618,-25.78327585047984,0.0002070473294020199,-14.78026460861649,0.0007384367085810385,,,-26.32690288812131,3.748614311711119
-26.31603034736848,3.997244253688248,-25.77240330972701,0.0001911129611392039,-14.76939206786366,0.0008376843415491171,,,-26.31603034736848,3.997651439609392
-26.30515780661565,4.250226590437478,-25.76153076897418,0.0001758847112509866,-14.75851952711083,0.0009475721378926549,,,-26.30515780661565,4.250659890258587
-26.29428526586283,4.50589169404546,-25.75065822822135,0.0001613925484327153,-14.74764698635801,0.001069299098986021,,,-26.29428526586283,4.506351422873721
-26.28341272510999,4.76284755909273,-25.73978568746853,0.0001476577714800414,-14.73677444560518,0.001202929823387312,,,-26.28341272510999,4.763333890635153
-26.27254018435717,5.019608939461888,-25.7289131467157,0.0001346934824230666,-14.72590190485235,0.001349326380547073,,,-26.27254018435717,5.020121896046872
-26.26166764360434,5.274610039104376,-25.71804060596287,0.0001225051356668175,-14.71502936409952,0.001509294377010563,,,-26.26166764360434,5.275149482961743
-26.25079510285151,5.526219124707516,-25.70716806521004,0.0001110911473977199,-14.70415682334669,0.001684231082082851,,,-26.25079510285151,5.526784750709765
-26.23992256209868,5.77275489869099,-25.69629552445721,0.0001004435496874148,-14.69328428259386,0.001873525620398479,,,-26.23992256209868,5.773346228743107
-26.22905002134585,6.012504425318161,-25.68542298370438,9.054867423187233e-05,-14.68241174184103,0.002078600978351346,,,-26.22905002134585,6.013120804563109
-26.21817748059302,6.243742359748321,-15.08469574969572,0.0001102394087408087,-14.6715392010882,0.002299532268011951,,,-26.21817748059302,6.244382954730596
-26.20730493984019,6.464751190877276,-15.07382320894289,0.0001350795758189214,-14.66066666033537,0.002536996524390117,,,-26.20730493984019,6.465414989778025
-26.19643239908736,6.673842175053856,-15.06295066819006,0.0001650386208964497,-14.64979411958254,0.002791386191181138,,,-26.19643239908736,6.674527990078468
-26.18555985833453,6.86937661035536,-15.05207812743723,0.0002010595185367738,-14.63892157882971,0.003063128673020417,,,-26.18555985833453,6.870083082318901
-26.1746873175817,7.049787081048867,-15.0412055866844,0.0002442344468346114,-14.62804903807688,0.003352233029300794,,,-26.1746873175817,7.050512686166804
-26.16381477682887,7.213598289968718,-15.03033304593157,0.0002958233801376028,-14.61717649732405,0.003658912110013701,,,-26.16381477682887,7.214341348821053
-26.15294223607604,7.359447093398885,-15.01946050517874,0.0003572740294451084,-14.60630395657122,0.00398343848856563,,,-26.15294223607604,7.360205781995945
-26.14206969532321,7.486101359016482,-15.00858796442591,0.000430243039067576,-14.59543141581839,0.004325289469993373,,,-26.14206969532321,7.486873721854948
-26.13119715457038,7.592477282621006,-14.99771542367308,0.0005166183008311095,-14.58455887506556,0.004684479325168071,,,-26.13119715457038,7.593261247580622
-26.12032461381756,7.677654823564643,-14.98684288292025,0.0006185421933757742,-14.57368633431274,0.005060725356561995,,,-26.12032461381756,7.678448218459989
-26.10945207306472,7.740890951560172,-14.97597034216742,0.0007384354941099835,-14.56281379355991,0.005453766298092257,,,-26.10945207306472,7.741691522129066
-26.09857953231189,7.781630438160103,-14.96509780141459,0.0008790216455704262,-14.55194125280708,0.005862946884842068,,,-26.09857953231189,7.782435867241364
-26.08770699155907,7.799513973713608,-14.95422526066177,0.001043350986990667,-14.54106871205425,0.006287827416830619,,,-26.08770699155907,7.800321901342803
-26.07683445080624,7.802709295298251,-14.94335271990894,0.001234824486795153,-14.53019617130142,0.006727823919784298,,,-26.07683445080624,7.803517878140162
-26.06596191005341,7.794383443838997,-14.93248017915611,0.001457216433827501,-14.51932363054859,0.007182315931212679,,,-26.06596191005341,7.795191487972065
-26.05508936930058,7.76628425703915,-14.92160763840328,0.001714695466054025,-14.50845108979576,0.007650668587909476,,,-26.05508936930058,7.767090034600895
-26.04421682854775,7.715464675535935,-14.91073509765045,0.002011843237268019,-14.49757854904293,0.008132257753491112,,,-26.04421682854775,7.716265823483718
-26.03334428779492,7.642372163115768,-14.89986255689762,0.002353669947317568,-14.4867060082901,0.008626497932390339,,,-26.03334428779492,7.6431663592084
-26.02247174704209,7.547646825129347,-14.88899001614479,0.002745625892280145,-14.47583346753727,0.009132872621257532,,,-26.02247174704209,7.548431808097254
-26.01159920628926,7.432112075153664,-14.87811747539196,0.003193608130799618,-14.46496092678444,0.00965096665221612,,,-26.01159920628926,7.432885663978693
-26.00072666553643,7.296762718647009,-14.86724493463913,0.003705599059105865,-14.45408838603161,0.01018049998728694,,,-26.00072666553643,7.297522830678419
-25.9898541247836,7.142750694765074,-14.8563723938863,0.004287056455994364,-14.44321584527878,0.010721362332126,,,-25.9898541247836,7.143495362421857
-25.97898158403077,6.971368762075075,-14.84549985313347,0.004943933485659534,-14.43234330452595,0.01127364785270839,,,-25.97898158403077,6.972096147913157
-25.96810904327794,6.784032451120834,-14.83462731238064,0.005685060139865383,-14.42147076377312,0.0118376892034763,,,-25.96810904327794,6.784740861076235
-25.95723650252511,6.582260635801537,-14.82375477162781,0.006518491027348147,-14.41059822302029,0.01241409001246521,,,-25.95723650252511,6.582948530456193
-25.94636396177228,6.367655095731176,-14.81288223087498,0.007452624328750838,-14.39972568226747,0.01300375492057987,,,-25.94636396177228,6.368321099486285
-25.93549142101945,6.141879452814633,-14.80200969012215,0.00849615003209314,-14.38885314151464,0.01360791624105525,,,-25.93549142101945,6.142522360895851
-25.92461888026662,5.906637867152273,-14.79113714936932,0.009657986510295353,-14.37798060076181,0.01422815629316224,,,-25.92461888026662,5.907256650410919
-25.9137463395138,5.66365387027867,-14.78026460861649,0.01094772858195377,-14.36710806000898,0.01486642447330182,,,-25.9137463395138,5.66424767779271
-25.90287379876096,5.414649698117452,-14.76939206786366,0.01237361185715747,-14.35623551925615,0.01552504815826117,,,-25.90287379876096,5.415217857633913
-25.89200125800814,5.161326462588359,-14.75851952711083,0.01394515289737716,-14.34536297850332,0.01620673659031571,,,-25.89200125800814,5.16186847888479
-25.88112871725531,4.905345470431562,-14.74764698635801,0.01567781992630091,-14.33449043775049,0.01691858773767761,,,-25.88112871725531,4.905861021706971
-25.87025617650248,4.648310961579845,-14.73677444560518,0.01756978921885484,-14.32361789699766,0.01766401890279548,,,-25.87025617650248,4.648799894014884
-25.85938363574965,4.391754498498875,-14.72590190485235,0.01963335777401732,-14.31274535624483,0.01844608671448737,,,-25.85938363574965,4.392216819150148
-25.84851109499682,4.137121193598466,-14.71502936409952,0.02187692012710191,-14.301872815492,0.01926880318412935,,,-25.84851109499682,4.137557061812541
-25.83763855424399,3.885757915401966,-14.70415682334669,0.0243126773171905,-14.29100027473917,0.02013308598080037,,,-25.83763855424399,3.886167632950559
-25.82676601349116,3.638903566949612,-14.69328428259386,0.02693841182615871,-14.28012773398634,0.02104342140625589,,,-25.82676601349116,3.639287567098404
-25.81589347273833,3.397681483163011,-14.68241174184103,0.0297644371475121,-14.26925519323351,0.02201500297613054,,,-25.81589347273833,3.398040318892768
-25.8050209319855,3.16309394878742,-14.6715392010882,0.03279351169626636,-14.25838265248068,0.02305249633647617,,,-25.8050209319855,3.163428280387424
-25.79414839123267,2.936018796116739,-14.66066666033537,0.03602949471358697,-14.24751011172785,0.02414996467151704,,,-25.79414839123267,2.936329378367569
-25.78327585047984,2.717208002912928,-14.64979411958254,0.03947412291356143,-14.23663757097502,0.02531195533371915,,,-25.78327585047984,2.717495672068378
-25.77240330972701,2.507288176515154,-14.63892157882971,0.04312858019017301,-14.2257650302222,0.02654287416529311,,,-25.77240330972701,2.507553837282218
-25.76153076897418,2.306762780678307,-14.62804903807688,0.04698979004804865,-14.21489248946937,0.02784689114985798,,,-25.76153076897418,2.307007393380093
-25.75065822822135,2.116015937588777,-14.61717649732405,0.05105538053321139,-14.20401994871654,0.029227841419065,,,-25.75065822822135,2.116240505678454
-25.73978568746853,1.93531761899952,-14.60630395657122,0.05532201892667146,-14.19314740796371,0.0306891231353222,,,-25.73978568746853,1.935523177074639
-25.7289131467157,1.764830027554621,-14.59543141581839,0.05978022725893169,-14.18227486721088,0.03223359393614479,,,-25.7289131467157,1.765017630000815
-25.71804060596287,1.604614962020461,-14.58455887506556,0.06442266148983952,-14.17140232645805,0.0338634677639437,,,-25.71804060596287,1.604785672392331
-25.70716806521004,1.454641958045053,-14.57368633431274,0.06923892020272754,-14.16052978570522,0.0355802140127413,,,-25.70716806521004,1.454796839270492
-25.69629552445721,1.31479699884118,-14.56281379355991,0.07421684891200167,-14.14965724495239,0.03738446099634651,,,-25.69629552445721,1.314937104313929
-25.68542298370438,1.184891597340921,-14.55194125280708,0.07934259035468781,-14.13878470419956,0.03927590577750586,,,-25.68542298370438,1.185017962945373
-25.67455044295155,1.064672062327627,-14.54106871205425,0.08460078595400605,-14.12791216344673,0.04125323239176569,,,-25.67455044295155,1.064785699420135
-25.66367790219872,0.9538287751901042,-14.53019617130142,0.08997471281217244,-14.1170396226939,0.04331404045133842,,,-25.66367790219872,0.9539306645426381
-25.65280536144589,0.8520053206056314,-14.51932363054859,0.09544651215012276,-14.10616708194107,0.04545478602215912,,,-25.65280536144589,0.8520964073009356
-25.64193282069306,0.75880733297912,-14.50845108979576,0.1009974481705292,-14.09529454118824,0.04767073653150843,,,-25.64193282069306,0.7588885222316398
-25.63106027994023,0.6738109401942944,-14.49757854904293,0.106608205018612,-14.08442200043541,0.04995594128502681,,,-25.63106027994023,0.6738830940583288
-25.6201877391874,0.5965707065506856,-14.4867060082901,0.1122592188355781,-14.07354945968258,0.05230321895264628,,,-25.6201877391874,0.5966346414664595
-25.60931519843457,0.526626997096628,-14.47583346753727,0.117931040855001,-14.06267691892975,0.05470416312593577,,,-25.60931519843457,0.52668348221636
-25.59844265768174,0.4635127054129503,-14.46496092678444,0.1236047264604555,-14.05180437817693,0.05714916675861759,,,-25.59844265768174,0.463562461642426
-25.58757011692891,0.4067593058134308,-14.45408838603161,0.1292622441303981,-14.0409318374241,0.05962746598252649,,,-25.58757011692891,0.4068030055000237
-25.57669757617608,0.3559022085404429,-14.44321584527878,0.1348868972715166,-14.03005929667126,0.06212720344888976,,,-25.57669757617608,0.3559404757358227
-25.56582503542326,0.3104854125593349,-14.43234330452595,0.1404637511124535,-14.01918675591844,0.06463551098610067,,,-25.56582503542326,0.3105188237841046
-25.55495249467042,0.2700654647823893,-14.42147076377312,0.1459800561229897,-14.00831421516561,0.06713861099737492,,,-25.55495249467042,0.2700945502204214
-25.5440799539176,0.2342147468468296,-14.41059822302029,0.1514265934884738,-13.99744167441278,0.06962193565253828,,,-25.5440799539176,0.2342399918989328
-25.53320741316477,0.202524120865361,-14.39972568226747,0.156796186391493,-13.98656913365995,0.07207026256571933,,,-25.53320741316477,0.2025459679948861
-25.52233487241194,0.1746049738593952,-14.38885314151464,0.1620840572058259,-13.97569659290712,0.07446786530307585,,,-25.52233487241194,0.1746238246662917
-25.51146233165911,0.1500907069270537,-14.37798060076181,0.1672900209311573,-13.96482405215429,0.07679867673994428,,,-25.51146233165911,0.150106924391494
-25.50058979090628,0.1286377196895415,-14.36710806000898,0.1724178156389466,-13.95395151140146,0.07904646299277633,,,-25.50058979090628,0.1286516305313566
-25.48971725015345,0.1099259433373455,-14.35623551925615,0.1774753077033528,-13.94307897064863,0.08120422050973396,,,-25.48971725015345,0.1099378404429761
-25.47884470940062,0.093658976827144,-14.34536297850332,0.1824746288811531,-13.9322064298958,0.08326909891563261,,,-25.47884470940062,0.09366912170144077
-25.46797216864779,0.07956388064609901,-14.33449043775049,0.1875302910934375,-13.92133388914297,0.08521597993316517,,,-25.46797216864779,0.07957250585196118
-25.45709962789496,0.06739068125843396,-14.32361789699766,0.1926621917270419,-13.91046134839014,0.08701618234688828,,,-25.45709962789496,0.06739799281282099
-25.44622708714213,0.05691163707977464,-14.31274535624483,0.1978266008805702,-13.89958880763731,0.08865504997587792,,,-25.44622708714213,0.05691781677996926
-25.4353545463893,0.047920313784894,-14.301872815492,0.2030505251670514,-13.88871626688448,0.09011888851356915,,,-25.4353545463893,0.04792552144393828
-25.42448200563647,0.04023051313325697,-14.29100027473917,0.2083333933383267,-13.87784372613165,0.091395139711222,,,-25.42448200563647,0.04023488870816798
-25.41360946488364,0.03367509547051769,-14.28012773398634,0.2137091439444685,-13.86697118537882,0.0924725426165162,,,-25.41360946488364,0.03367876107116732
-25.40273692413081,0.02810473179332583,-14.26925519323351,0.2193158627806985,-13.85609864462599,0.09336391913044717,,,-25.40273692413081,0.02810779356370988
-25.39186438337799,0.02338661689160611,-14.25838265248068,0.225192030296219,-13.84522610387317,0.09406082108024502,,,-25.39186438337799,0.02338916675861655
-25.38099184262516,0.0194031707294068,-14.24751011172785,0.2312759177808962,-13.83435356312034,0.09453364032061583,,,-25.38099184262516,0.01940528801715867
-25.37011930187233,0.01605075099482708,-14.23663757097502,0.2376081390909601,-13.82348102236751,0.0948002343429047,,,-25.37011930187233,0.01605250390508477
-25.3592467611195,0.01323839572384584,-14.2257650302222,0.2442297509340055,-13.81260848161468,0.0948634922704196,,,-25.3592467611195,0.01323984268516456
-25.34837422036667,0.01088661114539533,-14.21489248946937,0.2511814564852013,-13.80173594086185,0.09469842050938239,,,-25.34837422036667,0.01088780203526655
-25.33750167961384,0.008926216451252768,-14.20401994871654,0.2585027619642045,-13.79086340010902,0.09429847945250106,,,-25.33750167961384,0.00892719369684955
-25.32662913886101,0.007297254093620775,-14.19314740796371,0.2662310996219469,-13.77999085935619,0.09370151675776629,,,-25.32662913886101,0.007298053657715101
-25.31575659810818,0.005947971470747576,-14.18227486721088,0.2744009318964632,-13.76911831860336,0.09291091349385244,,,-25.31575659810818,0.005948623730053135
-25.30488405735535,0.00483387747949576,-14.17140232645805,0.2830428525586693,-13.75824577785053,0.09190882372325658,,,-25.30488405735535,0.004834408003114553
-25.29401151660252,0.003916875386148825,-14.16052978570522,0.2921827014507857,-13.7473732370977,0.09070179437268729,,,-25.29401151660252,0.003917305622004538
-25.28313897584969,0.003164471777564185,-14.14965724495239,0.3018407098953552,-13.73650069634487,0.08928464971069404,,,-25.28313897584969,0.003164819654725595
-25.27226643509686,0.002549059982448663,-14.13878470419956,0.3120306940005851,-13.72562815559204,0.08766707521859084,,,-25.27226643509686,0.00254934043711559
-25.26139389434403,0.002047275271018502,-14.12791216344673,0.3227593128934705,-13.71475561483921,0.08586618100486401,,,-25.26139389434403,0.002047500703692169
-25.2505213535912,0.001639418321726978,-14.1170396226939,0.334025408368019,-13.70388307408638,0.08389435662506671,,,-25.2505213535912,0.0016395989927438
-25.23964881283837,0.001308942855739665,-14.10616708194107,0.34581944154122,-13.69301053333355,0.08175911540538409,,,-25.23964881283837,0.001309087225937475
-25.22877627208554,0.001042002952741704,-14.09529454118824,0.3581230408708978,-13.68213799258072,0.07948760589167034,,,-25.22877627208554,0.001042117975571925
-25.21790373133272,0.0008270553454450091,-14.08442200043541,0.3709086743214269,-13.6712654518279,0.07709499964573502,,,-25.21790373133272,0.0008271467163617392
-25.20703119057988,0.0006545119161871776,-14.07354945968258,0.384139456587035,-13.66039291107507,0.074584311958783,,,-25.20703119057988,0.000654584284650201
-25.19615864982705,0.0005164376605828198,-14.06267691892975,0.3977691001268872,-13.64952037032224,0.07197168334014385,,,-25.19615864982705,0.0005164948095188735
-25.18528610907423,0.0004062895159358243,-14.05180437817693,0.4117420163669385,-13.63864782956941,0.06927920865053433,,,-25.18528610907423,0.0004063345130211053
-25.1744135683214,0.0003186916542436182,-14.0409318374241,0.4259935708227034,-13.62777528881658,0.06652333993124331,,,-25.1744135683214,0.0003187269789083648
-25.16354102756857,0.000249243091985119,-14.03005929667126,0.4404504931422485,-13.61690274806375,0.0637147147158324,,,-25.16354102756857,0.0002492707416038162
-25.15266848681574,6.414665034446255e-05,-14.01918675591844,0.4550314402124681,-13.60603020731092,0.06086941222324765,,,-25.15266848681574,6.41598038565203e-05
-15.23691132023533,0.0001256161360220287,-14.00831421516561,0.4696477075705083,-13.59515766655809,0.05800311550241451,,,-15.23691132023533,0.0001298091156905028
-15.2260387794825,0.0001589920295957758,-13.99744167441278,0.4842040814753509,-13.58428512580526,0.05513096989847329,,,-15.2260387794825,0.0001643280851049485
-15.21516623872967,0.0002006649134705366,-13.98656913365995,0.4985998211829884,-13.57341258505243,0.05226745489163296,,,-15.21516623872967,0.0002074357712195989
-15.20429369797684,0.0002525418420100345,-13.97569659290712,0.5127297582934938,-13.5625400442996,0.04942627059323178,,,-15.20429369797684,0.0002611081301700187
-15.19342115722401,0.0003692769266337618,-13.96482405215429,0.5264854975597361,-13.55166750354677,0.04662023986360846,,,-15.19342115722401,0.0003823253713502653
-15.18254861647118,0.0004636007546810509,-13.95395151140146,0.5397567013230623,-13.54079496279394,0.0438612266936141,,,-15.18254861647118,0.0004800622385373831
-15.17167607571835,0.0005803913406831832,-13.94307897064863,0.5525140183895634,-13.52992242204111,0.04116007117334924,,,-15.17167607571835,0.0006010985667146698
-15.16080353496552,0.0007245731666196719,-13.9322064298958,0.5647207448430417,-13.51904988128828,0.03852654106480841,,,-15.16080353496552,0.0007505458984553509
-15.14993099421269,0.000902044155909784,-13.92133388914297,0.5761852831262566,-13.50817734053545,0.03596929970571915,,,-15.14993099421269,0.0009345271576762122
-15.13905845345986,0.001119843320215925,-13.91046134839014,0.5867264637852431,-13.49730479978263,0.03349588970534688,,,-15.13905845345986,0.001160351017162
-15.12818591270704,0.001386341828007925,-13.89958880763731,0.5962423482104753,-13.4864322590298,0.03111273165389207,,,-15.12818591270704,0.001436710659830303
-15.11731337195421,0.001711459628468085,-13.88871626688448,0.6046374447470112,-13.47555971827697,0.02882513685887311,,,-15.11731337195421,0.001773909161453381
-15.10644083120138,0.002106909720546883,-13.87784372613165,0.6118240029493107,-13.46468717752414,0.02663733294711118,,,-15.10644083120138,0.002184113678100322
-15.09556829044855,0.002586472049859377,-13.86697118537882,0.6177232106644502,-13.45381463677131,0.02455250103118431,,,-15.09556829044855,0.00268164051118691
-15.08469574969572,0.00316629883341171,-13.85609864462599,0.6222923545334897,-13.44294209601848,0.02257282303507704,,,-15.08469574969572,0.003283272933956603
-15.07382320894289,0.003865252841085182,-13.84522610387317,0.6254733700444961,-13.43206955526565,0.02069953770491676,,,-15.07382320894289,0.004008613382119421
-15.06295066819006,0.004705279790364338,-13.83435356312034,0.6271936359263907,-13.42119701451282,0.01893300379599327,,,-15.06295066819006,0.004880471224647237
-15.05207812743723,0.005711815524113543,-13.82348102236751,0.6277430451679846,-13.41032447375999,0.01727270620088149,,,-15.05207812743723,0.005925286824920552
-15.0412055866844,0.006914228028059051,-13.81260848161468,0.627130910478272,-13.39945193300716,0.01571759388340145,,,-15.0412055866844,0.007173591964756065
-15.03033304593157,0.008346293593998232,-13.80173594086185,0.6250190062631198,-13.38857939225433,0.01426568204127198,,,-15.03033304593157,0.008660505922775896
-15.01946050517874,0.01004670553746427,-13.79086340010902,0.6213727036844036,-13.3777068515015,0.01291464950671109,,,-15.01946050517874,0.01042626556449115
-15.00858796442591,0.01205961282802952,-13.77999085935619,0.6164532172473876,-13.36683431074867,0.01166148458978002,,,-15.00858796442591,0.01251678670742802
-14.99771542367308,0.01443518478340153,-13.76911831860336,0.6102836634464259,-13.35596176999584,0.01050281095059153,,,-14.99771542367308,0.01498425276718665
-14.98684288292025,0.01723019661591265,-13.75824577785053,0.6026954238495635,-13.34508922924301,0.009434730081164574,,,-14.98684288292025,0.01788772527042203
-14.97597034216742,0.02050862910792983,-13.7473732370977,0.5937340834355556,-13.33421668849018,0.008453588693048906,,,-14.97597034216742,0.02129376924455785
-14.96509780141459,0.02434227404299694,-13.73650069634487,0.5834097585043734,-13.32334414773736,0.007554939416493429,,,-14.96509780141459,0.02527708477390607
-14.95422526066177,0.02881133525072222,-13.72562815559204,0.5717901362130811,-13.31247160698453,0.006734391312333083,,,-14.95422526066177,0.02992113416704235
-14.94335271990894,0.03400501326146924,-13.71475561483921,0.5590009806512073,-13.3015990662317,0.005987457126069408,,,-14.94335271990894,0.0353187522377564
-14.93248017915611,0.04002205964567366,-13.70388307408638,0.5451283776914324,-13.29072652547887,0.005309606963290601,,,-14.93248017915611,0.04157272519692124
-14.92160763840328,0.04697128517429543,-13.69301053333355,0.5302175969163313,-13.27985398472604,0.004696316625564305,,,-14.92160763840328,0.04879632162917032
-14.91073509765045,0.05497200403220807,-13.68213799258072,0.5144475126737429,-13.26898144397321,0.004143110498274702,,,-14.91073509765045,0.05711375703915757
-14.89986255689762,0.06415439450425153,-13.6712654518279,0.4979226543523593,-13.25810890322038,0.003645598985349812,,,-14.89986255689762,0.06666057155894255
-14.88899001614479,0.07465975490112842,-13.66039291107507,0.4806719151909932,-13.24723636246755,0.003199510577766712,,,-14.88899001614479,0.07758389868045723
-14.87811747539196,0.08664063207323368,-13.64952037032224,0.4628057995223054,-13.23636382171472,0.002800718722466821,,,-14.87811747539196,0.09004260139219912
-14.86724493463913,0.1003108014807693,-13.63864782956941,0.4444368323532529,-13.22549128096189,0.002445263725562328,,,-14.86724493463913,0.1042590764060639
-14.8563723938863,0.1157917377252089,-13.62777528881658,0.4256770621026476,-13.21461874020906,0.002129369978502066,,,-14.8563723938863,0.1203606926160838
-14.84549985313347,0.1332523313314769,-13.61690274806375,0.4066368497399064,-13.20374619945623,0.001849458838516684,,,-14.84549985313347,0.1385225064033201
-14.83462731238064,0.152914852613578,-13.60603020731092,0.3874249615840131,-13.1928736587034,0.00160215752575271,,,-14.83462731238064,0.1589763893449631
-14.82375477162781,0.1749855523537371,-13.59515766655809,0.3681468853919568,-13.18200111795057,0.001384304419809786,,,-14.82375477162781,0.1819372444670325
-14.81288223087498,0.1996790446294447,-13.58428512580526,0.3489038561922851,-13.17112857719774,0.001192951148849257,,,-14.81288223087498,0.2076287131221666
-14.80200969012215,0.2272169493722224,-13.57341258505243,0.329791985820403,-13.16025603644491,0.001025361866092451,,,-14.80200969012215,0.2362817629396174
-14.79113714936932,0.2578262423188478,-13.5625400442996,0.3109015046278659,-13.14938349569208,0.0008790101024921122,,,-14.79113714936932,0.2681329706876455
-14.78026460861649,0.2917620229931857,-13.55166750354677,0.292316121355754,-13.13851095493925,0.0007515735717922155,,,-14.78026460861649,0.3034481882837205
-14.76939206786366,0.329213290389979,-13.54079496279394,0.2741125046871278,-13.12763841418643,0.0006409272862404168,,,-14.76939206786366,0.3424245865886857
-14.75851952711083,0.3704297608007069,-13.52992242204111,0.2563598875823819,-13.1167658734336,0.0005451353190038125,,,-14.75851952711083,0.3853224858359767
-14.74764698635801,0.4157333534021686,-13.51904988128828,0.2391197932061848,-13.10589333268077,0.0004624415239273056,,,-14.74764698635801,0.4324804724274556
-14.73677444560518,0.4651904402838172,-13.50817734053545,0.2224458791219143,-13.09502079192794,0.0003912594956546964,,,-14.73677444560518,0.4839631593260594
-14.72590190485235,0.5190644530403061,-13.49730479978263,0.206383894498457,-13.08414825117511,0.0003301620242059141,,,-14.72590190485235,0.5400471371948706
-14.71502936409952,0.5775604904582933,-13.4864322590298,0.1909717287603388,-13.07327571042228,0.0002778702686699876,,,-14.71502936409952,0.6009467049624058
-14.70415682334669,0.6409711637704343,-13.47555971827697,0.176239634251101,-13.06240316966945,0.0002332428454269753,,,-14.70415682334669,0.6669680721697079
-14.69328428259386,0.7092558310736592,-13.46468717752414,0.1622103770826142,-13.05153062891662,0.0001952649978398015,,,-14.69328428259386,0.7380677685202166
-14.68241174184103,0.7826609825626044,-13.45381463677131,0.1488996336461667,-13.04065808816379,0.0001630379871387134,,,-14.68241174184103,0.8145040206884681
-14.6715392010882,0.8612481122967519,-13.44294209601848,0.1363163651710748,-13.02978554741096,0.0001357688186340494,,,-14.6715392010882,0.8963411562610306
-14.66066666033537,0.9451077100274061,-13.43206955526565,0.1244632662727509,-13.01891300665813,0.0001126162795232079,,,-14.66066666033537,0.9836742012653834
-14.64979411958254,1.034274985832001,-13.42119701451282,0.113337257271825,-13.0080404659053,9.308304653361643e-05,,,-14.64979411958254,1.076540494936743
-14.63892157882971,1.128796466095656,-13.41032447375999,0.1029284755519979,-11.79031590158841,0.0001027373308527755,,,-14.63892157882971,1.17498817495885
-14.62804903807688,1.22853838843578,-13.39945193300716,0.09322729811180808,-11.77944336083558,0.0001168494519562243,,,-14.62804903807688,1.27888041151313
-14.61717649732405,1.333449800999013,-13.38857939225433,0.08421411155443086,-11.76857082008275,0.0001325079175768598,,,-14.61717649732405,1.388164093642238
-14.60630395657122,1.44351811270476,-13.3777068515015,0.07586924785248413,-11.75769827932992,0.0001498213569268758,,,-14.60630395657122,1.502823570119998
-14.59543141581839,1.558345122877662,-13.36683431074867,0.06816830332143843,-11.74682573857709,0.0001688971697493945,,,-14.59543141581839,1.622450639606586
-14.58455887506556,1.67779705408386,-13.35596176999584,0.06108499801767262,-11.73595319782426,0.0001898400183187339,,,-14.58455887506556,1.746904194898867
-14.57368633431274,1.801596161074671,-13.34508922924301,0.05458948611654295,-11.72508065707143,0.000212750168058021,,,-14.57368633431274,1.875895806633961
-14.56281379355991,1.929456421173605,-13.33421668849018,0.04865552642353568,-11.7142081163186,0.0002377216886813504,,,-14.56281379355991,2.0091270363837
-14.55194125280708,2.060946435345586,-13.32334414773736,0.04325031115182153,-11.70333557556578,0.0002648405323121035,,,-14.55194125280708,2.146151972585116
-14.54106871205425,2.195688984708511,-13.31247160698453,0.0383424431478068,-11.69246303481295,0.0002941825097250069,,,-14.54106871205425,2.286577598079348
-14.53019617130142,2.333242106174944,-13.3015990662317,0.03390028899744002,-11.68159049406012,0.0003258111905937936,,,-14.53019617130142,2.429944642906901
-14.51932363054859,2.473133730260217,-13.29072652547887,0.02989232314562897,-11.67071795330729,0.0003597757582708701,,,-14.51932363054859,2.575762558341553
-14.50845108979576,2.614868124185869,-13.27985398472604,0.02628743147828087,-11.65984541255446,0.0003961088540399105,,,-14.50845108979576,2.723516240944309
-14.49757854904293,2.757933296766176,-13.26898144397321,0.02305517445965872,-11.64897287180163,0.000434824449817731,,,-14.49757854904293,2.872673759538278
-14.4867060082901,2.901809294264298,-13.25810890322038,0.02016601061689603,-11.6381003310488,0.0004759157917843142,,,-14.4867060082901,3.022695011032268
-14.47583346753727,3.04597729126395,-13.24723636246755,0.01759148176477065,-11.62722779029597,0.0005193534602356455,,,-14.47583346753727,3.17304120474021
-14.46496092678444,3.189929355813796,-13.23636382171472,0.01530436186524153,-11.61635524954314,0.0005650835929345128,,,-14.46496092678444,3.323185048926468
-14.45408838603161,3.333178744316104,-13.22549128096189,0.0132787718185758,-11.60548270879031,0.0006130263202418067,,,-14.45408838603161,3.47262148843379
-14.44321584527878,3.475270559511865,-13.21461874020906,0.01149026278929691,-11.59461016803748,0.0006630744602239219,,,-14.44321584527878,3.620878819115506
-14.43234330452595,3.61579258511932,-13.20374619945623,0.009915870885831676,-11.58373762728465,0.0007150925206521099,,,-14.43234330452595,3.767529984084481
-14.42147076377312,3.754386093842895,-13.1928736587034,0.008534146144397547,-11.57286508653182,0.0007689160522610807,,,-14.42147076377312,3.912203839169362
-14.41059822302029,3.89099573025602,-13.18200111795057,0.007325158823342915,-11.56199254577899,0.0008243513937959627,,,-14.41059822302029,4.054836413756959
-14.39972568226747,4.025398852278967,-13.17112857719774,0.006270486002662193,-11.55112000502616,0.0008811758442058403,,,-14.39972568226747,4.195198793591042
-14.38885314151464,4.157214958575821,-13.16025603644491,0.005353181414072722,-11.54024746427333,0.0009391382909356055,,,-14.38885314151464,4.332906932022701
-14.37798060076181,4.286394970775754,-13.14938349569208,0.00455773130934392,-11.52937492352051,0.0009979603156470072,,,-14.37798060076181,4.467913148000075
-14.36710806000898,4.412989286090367,-13.13851095493925,0.003869999017881448,-11.51850238276768,0.001057337790023558,,,-14.36710806000898,4.600273526202615
-14.35623551925615,4.537153774635451,-13.12763841418643,0.003277160657903478,-11.50762984201485,0.001116942964729273,,,-14.35623551925615,4.730154130497065
-14.34536297850332,4.65915420280269,-13.1167658734336,0.002767634257369206,-11.49675730126202,0.001176427044303191,,,-14.34536297850332,4.857835568274163
-14.33449043775049,4.781166475919834,-13.10589333268077,0.00233100431889768,-11.48588476050919,0.001235569619320662,,,-14.33449043775049,4.98561535475095
-14.32361789699766,4.903666343144125,-13.09502079192794,0.001957943634206261,-11.47501221975636,0.001293737562782846,,,-14.32361789699766,5.113992553773963
-14.31274535624483,5.026766839157205,-13.08414825117511,0.001640133924186132,-11.46413967900353,0.001350713320698036,,,-14.31274535624483,5.243039526752264
-14.301872815492,5.151137601329548,-13.07327571042228,0.001370186655791983,-11.4532671382507,0.001406000984632414,,,-14.301872815492,5.373456929680732
-14.29100027473917,5.276202344100731,-13.06240316966945,0.001141565170721512,-11.44239459749787,0.00145924971235432,,,-14.29100027473917,5.504668823419859
-14.28012773398634,5.402820664748285,-13.05153062891662,0.0009485090567821253,-11.43152205674504,0.00151006704173442,,,-14.28012773398634,5.637573230099011
-14.26925519323351,5.534547992484728,-13.04065808816379,0.0007859615034383207,-11.42064951599221,0.001558069309818135,,,-14.26925519323351,5.775878858241559
-14.25838265248068,5.672385854300156,-13.02978554741096,0.0006495002100851017,-11.40977697523938,0.001602886800557403,,,-14.25838265248068,5.920630380932852
-14.24751011172785,5.814768778424751,-13.01891300665813,0.0005339964304182506,-11.39890443448655,0.001644168899662808,,,-14.24751011172785,6.070194660877165
-14.23663757097502,5.962787966759246,-13.0080404659053,0.0004377826050639848,-11.38803189373372,0.001681589171404585,,,-14.23663757097502,6.225708061183926
-14.2257650302222,6.117567197155159,-12.99716792515247,0.0003589225753076687,-11.37715935298089,0.001714850272076291,,,-14.2257650302222,6.388339822254459
-14.21489248946937,6.280244804895992,-12.98629538439964,0.0002934622252245517,-11.36628681222806,0.001743688616780916,,,-14.21489248946937,6.559273152531052
-14.20401994871654,6.451954343918384,-12.97542284364681,0.0002392831875482326,-11.35541427147523,0.001767878720194078,,,-14.20401994871654,6.739684947301655
-14.19314740796371,6.63380420254718,-12.96455030289398,0.0001945718815523075,-11.3445417307224,0.001787237137925663,,,-14.19314740796371,6.930724425304451
-14.18227486721088,6.826856477212706,-12.95367776214116,0.0001577811904580185,-11.33366918996958,0.001801625942897802,,,-14.18227486721088,7.133491003045313
-14.17140232645805,7.032105431369231,-12.94280522138833,0.000127595969011133,-11.32279664921675,0.001810955680579088,,,-14.17140232645805,7.349011751691839
-14.16052978570522,7.250455885115064,-12.9319326806355,0.0001024942947086171,-11.31192410846392,0.001815197246334225,,,-14.16052978570522,7.578218800578591
-14.14965724495239,7.482701893412555,-12.92106013988267,8.244258652954632e-05,-11.30105156771109,0.001816854941278846,,,-14.14965724495239,7.821927064304255
-14.13878470419956,7.729506077021807,-12.22521753170159,0.0005323460161698913,-11.29017902695826,0.001816135686724308,,,-14.13878470419956,8.080812676799896
-14.12791216344673,7.991379970117196,-12.21434499094876,0.0008427315376096629,-11.27930648620543,0.001810625953040375,,,-14.12791216344673,8.355392515402434
-14.1170396226939,8.268665741990681,-12.20347245019593,0.001075944899234608,-11.2684339454526,0.001800285550468602,,,-14.1170396226939,8.646005190810039
-14.10616708194107,8.561519637319448,-12.1925999094431,0.001369645135777119,-11.25756140469977,0.001785300274683287,,,-14.10616708194107,8.952793864882828
-14.09529454118824,8.869897460357874,-12.18172736869027,0.001738374460785701,-11.24668886394694,0.001765910526115259,,,-14.09529454118824,9.275691237760283
-14.08442200043541,9.193542403382093,-12.17085482793744,0.002199864098996103,-11.23581632319411,0.001742410085658597,,,-14.08442200043541,9.614407018988548
-14.07354945968258,9.531975489145122,-12.15998228718461,0.002775655853787432,-11.22494378244128,0.001715144339266451,,,-14.07354945968258,9.968418164684802
-14.06267691892975,9.884488861456065,-12.14910974643178,0.003491826296665655,-11.21407124168845,0.001684507995831885,,,-14.06267691892975,10.33696212470889
-14.05180437817693,10.25014211782354,-12.13823720567895,0.004379826355078968,-11.20319870093562,0.00165094234939471,,,-14.05180437817693,10.71903330094909
-14.0409318374241,10.62776183401575,-12.12736466492612,0.00547744975860327,-11.19232616018279,0.001614932141379469,,,-14.0409318374241,11.11338287082097
-14.03005929667126,11.01594438306369,-12.11649212417329,0.006829944309357823,-11.18145361942996,0.001577002081126317,,,-14.03005929667126,11.51852207965483
-14.01918675591844,11.41306210139488,-12.10561958342046,0.008491280209249561,-11.17058107867713,0.00153771308337555,,,-14.01918675591844,11.93272905259346
-14.00831421516561,11.81727280320016,-12.09474704266763,0.01052558963528305,-11.15970853792431,0.001497658279638612,,,-14.00831421516561,12.35405912176804
-13.99744167441278,12.2265325916035,-12.0838745019148,0.01300879132834872,-11.14883599717148,0.001457458856644897,,,-13.99744167441278,12.78035860873139
-13.98656913365995,12.63861186254475,-12.07300196116197,0.01603041306782589,-11.13796345641865,0.001417759769484963,,,-13.98656913365995,13.20928194629345
-13.97569659290712,13.05111434533025,-12.06212942040914,0.01969562345618994,-11.12709091566582,0.001379225369940654,,,-13.97569659290712,13.63831196892682
-13.96482405215429,13.46149897339376,-12.05125687965632,0.02412748234369077,-11.11621837491299,0.001342534982130871,,,-13.96482405215429,14.06478314769344
-13.95395151140146,13.86710433076771,-12.04038433890349,0.02946941639161842,-11.10534583416016,0.001308378448393161,,,-13.95395151140146,14.48590749508355
-13.94307897064863,14.26766614861848,-12.02951179815066,0.03588792261484541,-11.09447329340733,0.00127745165869375,,,-13.94307897064863,14.90138438751777
-13.9322064298958,14.66197049525691,-12.01863925739783,0.0435754981778054,-11.0836007526545,0.001250452067267993,,,-13.9322064298958,15.30996033901558
-13.92133388914297,15.04461366275765,-12.007766716645,0.05275378917124757,-11.07272821190167,0.001228074191107553,,,-13.92133388914297,15.70601492581707
-13.91046134839014,15.41103798583406,-11.99689417589217,0.0636769445142759,-11.06185567114884,0.001211005076793636,,,-13.91046134839014,16.08478063196618
-13.89958880763731,15.75834486012015,-11.98602163513934,0.07663515347300735,-11.05098313039601,0.001199919715468917,,,-13.89958880763731,16.44324225830651
-13.88871626688448,16.08369997873093,-11.97514909438651,0.09195833655662708,-11.04011058964318,0.001195476380847125,,,-13.88871626688448,16.77845631199151
-13.87784372613165,16.38436643587415,-11.96427655363368,0.1100199497700728,-11.02923804889035,0.001198311862425967,,,-13.87784372613165,17.08758557853468
-13.86697118537882,16.65773709078448,-11.95340401288085,0.1312408514359978,-11.01836550813752,0.001209036565772838,,,-13.86697118537882,17.36793284406545
-13.85609864462599,16.90259712197255,-11.94253147212802,0.1560931691584603,-11.00749296738469,0.001228229454086602,,,-13.85609864462599,17.61825339563649
-13.84522610387317,17.11667978161003,-11.93165893137519,0.1851040921491867,-10.99662042663186,0.001256432810300527,,,-13.84522610387317,17.83621397273478
-13.83435356312034,17.29669390326572,-11.92078639062236,0.218859501291746,-10.98574788587904,0.001294146806776178,,,-13.83435356312034,18.01842117951271
-13.82348102236751,17.44558824161164,-11.90991384986953,0.2580073362555506,-10.97487534512621,0.001341823880032168,,,-13.82348102236751,18.16813152112253
-13.81260848161468,17.56236790178547,-11.8990413091167,0.3032605860263299,-10.96400280437338,0.001399862920731895,,,-13.81260848161468,18.28436230453416
-13.80173594086185,17.6409110755615,-11.88816876836387,0.3553997767883846,-10.95313026362055,0.00146860330398933,,,-13.80173594086185,18.36062850233401
-13.79086340010902,17.67955895020053,-11.87729622761105,0.4152748196291445,-10.94225772286772,0.001548318801508314,,,-13.79086340010902,18.39523013333744
-13.77999085935619,17.68327411564901,-11.86642368685822,0.4838060705424302,-10.93138518211489,0.0016392114346227,,,-13.77999085935619,18.39342884965416
-13.76911831860336,17.65158425019557,-11.85555114610539,0.5619844472303358,-10.92051264136206,0.001741405345346952,,,-13.76911831860336,18.35477882713585
-13.75824577785053,17.57981029699813,-11.84467860535256,0.6508704418232176,-10.90964010060923,0.00185494078041217,,,-13.75824577785053,18.27441454457095
-13.7473732370977,17.46807931255437,-11.83380606459973,0.7515918664478007,-10.8987675598564,0.001979768300240742,,,-13.7473732370977,18.15251519036262
-13.73650069634487,17.31561455550524,-11.8229335238469,0.8653401701682947,-10.88789501910357,0.002115743340174014,,,-13.73650069634487,17.9883089637203
-13.72562815559204,17.12318546060208,-11.81206098309407,0.9933651717756693,-10.87702247835074,0.002262621264285719,,,-13.72562815559204,17.78264267203375
-13.71475561483921,16.89440212478979,-11.80118844234124,1.136968063730826,-10.86614993759791,0.002420053062093866,,,-13.71475561483921,17.53926928644586
-13.70388307408638,16.63062502108284,-11.79031590158841,1.297492558731641,-10.85527739684508,0.002587581844786181,,,-13.70388307408638,17.25964775539934
-13.69301053333355,16.33094778202741,-11.77944336083558,1.476314072226558,-10.84440485609225,0.002764640299641822,,,-13.69301053333355,16.94292449434913
-13.68213799258072,16.00344394149296,-11.76857082008275,1.674826861967474,-10.83353231533942,0.002950549258714435,,,-13.68213799258072,16.59737906005838
-13.6712654518279,15.65018067780308,-11.75769827932992,1.894429079458209,-10.82265977458659,0.003144517530216751,,,-13.6712654518279,16.22519833180117
-13.66039291107507,15.26719372819922,-11.74682573857709,2.136505727810758,-10.81178723383377,0.003345643128240599,,,-13.66039291107507,15.822449955349
-13.64952037032224,14.85689687151014,-11.73595319782426,2.402409565769017,-10.80091469308094,0.003552916018446165,,,-13.64952037032224,15.39167435437258
-13.63864782956941,14.42373034397255,-11.72508065707143,2.693440047981548,-10.79004215232811,0.003765222474321309,,,-13.63864782956941,14.93744638497634
-13.62777528881658,13.97038009408509,-11.7142081163186,3.010820446255675,-10.77916961157528,0.003981351110881983,,,-13.62777528881658,14.46258049611898
-13.61690274806375,13.49774751773095,-11.70333557556578,3.35567335452626,-10.76829707082245,0.004200000630770584,,,-13.61690274806375,13.96809908218669
-13.60603020731092,13.00867013568899,-11.69246303481295,3.728994840416379,-10.75742453006962,0.004419789282289002,,,-13.60603020731092,13.45696450949625
-13.59515766655809,12.50602389431651,-11.68159049406012,4.131627567129315,-10.74655198931679,0.004639265990808604,,,-13.59515766655809,12.93217389521089
-13.58428512580526,11.99269323718507,-11.67071795330729,4.564233269372953,-10.73567944856396,0.004856923085194506,,,-13.58428512580526,12.39672806327583
-13.57341258505243,11.47154207297723,-11.65984541255446,5.027265024297829,-10.72480690781113,0.005071210500435942,,,-13.57341258505243,11.85360151368926
-13.5625400442996,10.94538603217749,-11.64897287180163,5.520939811127215,-10.7139343670583,0.005280551297733446,,,-13.5625400442996,11.30571380739859
-13.55166750354677,10.41696637060085,-11.6381003310488,6.045211899301445,-10.70306182630547,0.005483358305041716,,,-13.55166750354677,10.75590273182022
-13.54079496279394,9.888925837568255,-11.62722779029597,6.599747642569565,-10.69218928555264,0.005678051645690832,,,-13.54079496279394,10.206899568949
-13.52992242204111,9.363786781586139,-11.61635524954314,7.183902283616168,-10.68131674479981,0.005863076891356522,,,-13.52992242204111,9.661306740341868
-13.51904988128828,8.843931717828928,-11.60548270879031,7.796699388715131,-10.67044420404698,0.006036923549392301,,,-13.51904988128828,9.121578052099924
-13.50817734053545,8.331586530726856,-11.59461016803748,8.436813532961532,-10.65957166329415,0.0061981435743533,,,-13.50817734053545,8.590001709554489
-13.49730479978263,7.828806432713593,-11.58373762728465,9.102557328336397,-10.64869912254132,0.006345369580047906,,,-13.49730479978263,8.068686216917397
-13.4864322590298,7.337461005197531,-11.57286508653182,9.791870591939322,-10.6378265817885,0.006477332422798715,,,-13.4864322590298,7.559545465611761
-13.47555971827697,6.859241630924465,-11.56199254577899,10.50231882662243,-10.62695404103567,0.006592877828440129,,,-13.47555971827697,7.06430640203444
-13.46468717752414,6.395630787733944,-11.55112000502616,11.23109298897458,-10.61608150028284,0.006690981745477032,,,-13.46468717752414,6.584478497763669
-13.45381463677131,5.947917093004701,-11.54024746427333,11.97501704751616,-10.60520895953001,0.006770764125088635,,,-13.45381463677131,6.12136922768205
-13.44294209601848,5.517190283892807,-11.52937492352051,12.73056126567404,-10.59433641877718,0.006831500854231334,,,-13.44294209601848,5.676079472098959
-13.43206955526565,5.104343457647842,-11.51850238276768,13.49386176817832,-10.58346387802435,0.006872633600962911,,,-13.43206955526565,5.249506261625511
-13.42119701451282,4.710077578245451,-11.50762984201485,14.26075001357678,-10.57259133727152,0.006893777370322229,,,-13.42119701451282,4.842347839313268
-13.41032447375999,4.33487992127173,-11.49675730126202,15.02677171357607,-10.56171879651869,0.006902017668766053,,,-13.41032447375999,4.45508110302461
-13.39945193300716,3.979151169584871,-11.48588476050919,15.7872462180017,-10.55084625576586,0.006897264409363248,,,-13.39945193300716,4.088096061580081
-13.38857939225433,3.64300555895352,-11.47501221975636,16.5372894626343,-10.53997371501303,0.006875153364033664,,,-13.38857939225433,3.741485352549223
-13.3777068515015,3.326504776552736,-11.46413967900353,17.27188421957936,-10.5291011742602,0.006835867238649814,,,-13.3777068515015,3.415288673911931
-13.36683431074867,3.029493537164373,-11.4532671382507,17.9859061012792,-10.51822863350737,0.006776840587170355,,,-13.36683431074867,3.109323325075593
-13.35596176999584,2.751712613839556,-11.44239459749787,18.67421061441799,-10.50735609275454,0.006698581382575053,,,-13.35596176999584,2.82330042280782
-13.34508922924301,2.49274477640685,-11.43152205674504,19.33167643839813,-10.49648355200171,0.00660176278306226,,,-13.34508922924301,2.556768992604558
-13.33421668849018,2.252200885846039,-11.42064951599221,19.95327209291224,-10.48561101124888,0.00648721314778018,,,-13.33421668849018,2.309310000962623
-13.32334414773736,2.029459849609634,-11.40977697523938,20.53411946165553,-10.47473847049605,0.006355903943035483,,,-13.32334414773736,2.080265100177949
-13.31247160698453,1.823877144838693,-11.39890443448655,21.06955715912775,-10.46386592974322,0.006208935778093273,,,-13.31247160698453,1.868953979298833
-13.3015990662317,1.634745899564905,-11.38803189373372,21.55520259870251,-10.45299338899039,0.006047522844240039,,,-13.3015990662317,1.674633645688414
-13.29072652547887,1.461309809467643,-11.37715935298089,21.98701161243457,-10.44212084823756,0.0058729760583804,,,-13.29072652547887,1.496511739576563
-13.27985398472604,1.302775401130243,-11.36628681222806,22.36133449258332,-10.43124830748474,0.005686685232480895,,,-13.27985398472604,1.333759149234088
-13.26898144397321,1.158323526051764,-11.35541427147523,22.67496737177902,-10.42037576673191,0.005490100602293967,,,-13.26898144397321,1.185521811009698
-13.25810890322038,1.027119994069553,-11.3445417307224,22.92519793256076,-10.40950322597908,0.005284714052866531,,,-13.25810890322038,1.050931603671799
-13.24723636246755,0.9083252786621268,-11.33366918996958,23.10984453627339,-10.39863068522625,0.005072040374470811,,,-13.24723636246755,0.9291162710046642
-13.23636382171472,0.8011032493622201,-11.32279664921675,23.2272879838439,-10.38775814447342,0.004853598722737119,,,-13.23636382171472,0.8192083299499284
-13.22549128096189,0.704628907818723,-11.31192410846392,23.27713424735927,-10.37688560372059,0.004630856564143626,,,-13.22549128096189,0.720352943362861
-13.21461874020906,0.6180951235817614,-11.30105156771109,23.28464589809177,-10.36601306296776,0.004405373688603251,,,-13.21461874020906,0.6317147563495603
-13.20374619945623,0.5407183832019379,-11.29017902695826,23.25716401421314,-10.35514052221493,0.004178536942717654,,,-13.20374619945623,0.5524837129262864
-13.1928736587034,0.4717435815628795,-11.27930648620543,23.16923675090395,-10.3442679814621,0.003951713884830992,,,-13.1928736587034,0.4818798852330297
-13.18200111795057,0.4104478974079412,-11.2684339454526,23.01360386958815,-10.33339544070927,0.003726202915247481,,,-13.18200111795057,0.419157360651094
-13.17112857719774,0.3561438057464175,-11.25756140469977,22.79164161824011,-10.32252289995644,0.003503218926871933,,,-13.17112857719774,0.363607242897929
-13.16025603644491,0.30818128826157,-11.24668886394694,22.50530024529335,-10.31165035920361,0.003283884184171932,,,-13.16025603644491,0.3145598315417352
-13.14938349569208,0.2659493090747064,-11.23581632319411,22.15707571380155,-10.30077781845078,0.003069221056308942,,,-13.14938349569208,0.2713860504865425
-13.13851095493925,0.2288766273733869,-11.22494378244128,21.74997374930461,-10.28990527769795,0.002860146617866711,,,-13.13851095493925,0.2334981999630605
-13.12763841418643,0.1964320206504107,-11.21407124168845,21.28746694890567,-10.27903273694512,0.002657469092572528,,,-13.12763841418643,0.2003501085945546
-13.1167658734336,0.1681239928133748,-11.20319870093562,20.77344581059657,-10.26816019619229,0.002461886080311254,,,-13.1167658734336,0.1714367623897478
-13.10589333268077,0.143500040420784,-11.19232616018279,20.21216465127422,-10.25728765543947,0.002273984476282766,,,-13.10589333268077,0.146293486263609
-13.09502079192794,0.1221455479990187,-11.18145361942996,19.60818346667025,-10.24641511468664,0.002094241963910178,,,-13.09502079192794,0.1244947511288797
-13.08414825117511,0.1036823800173374,-11.17058107867713,18.96630684483867,-10.23554257393381,0.001923029940471305,,,-13.08414825117511,0.1056526759657295
-13.07327571042228,0.08776723286483487,-11.15970853792431,18.2915210759792,-10.22467003318098,0.001760617716643053,,,-13.07327571042228,0.08941528978929686
-13.06240316966945,0.07408980529453653,-11.14883599717148,17.58893060510677,-10.21379749242815,0.001607177818306385,,,-13.06240316966945,0.07546461331068503
-13.05153062891662,0.06237084047308709,-11.13796345641865,16.86369495109125,-10.20292495167532,0.001462792211001007,,,-13.05153062891662,0.06351461452770901
-13.04065808816379,0.05236008718060043,-11.12709091566582,16.12096716732826,-10.19205241092249,0.001327459264153592,,,-13.04065808816379,0.05330908667117746
-13.02978554741096,0.04383422200575104,-11.11621837491299,15.36583484788342,-10.18117987016966,0.001201101273324481,,,-13.02978554741096,0.04461949103447019
-13.01891300665813,0.03655581577192372,-11.10534583416016,14.60326459109887,-10.17030732941683,0.001083572363821427,,,-13.01891300665813,0.03720242848186518
-13.0080404659053,0.03041032799248624,-11.09447329340733,13.83805072356558,-10.159434788664,0.0009746666076344781,,,-13.0080404659053,0.03094119364408385
-12.99716792515247,0.02524995792793013,-11.0836007526545,13.07476896462004,-10.14856224791117,0.0008741261972181541,,,-12.99716792515247,0.0256857941863626
-12.98629538439964,0.02090670303695087,-11.07272821190167,12.3177355789236,-10.13768970715834,0.0007816495336166555,,,-12.98629538439964,0.02126354816898049
-12.97542284364681,0.01726214187345832,-11.06185567114884,11.57097242614352,-10.12681716640551,0.0006968991022131927,,,-12.97542284364681,0.017553517526594
-12.96455030289398,0.01421303974358846,-11.05098313039601,10.83817817616372,-10.11594462565268,0.0006195090264099787,,,-12.96455030289398,0.0144503099231263
-12.95367776214116,0.0116697445873266,-11.04011058964318,10.12270581935816,-10.10507208489985,0.0005490922072586464,,,-12.95367776214116,0.01186242998322179
-12.94280522138833,0.009554693783363131,-11.02923804889035,9.427546467751354,-10.09419954414702,0.0004852469749471739,,,-12.94280522138833,0.009710745835823436
-12.9319326806355,0.007781776737971017,-11.01836550813752,8.755319317509384,-10.0833270033942,0.0004275631956437074,,,-12.9319326806355,0.007907053661712377
-12.92106013988267,0.006336400552068004,-11.00749296738469,8.108267528864024,-10.07245446264137,0.0003756277940933056,,,-12.92106013988267,0.006437329082016774
-12.91018759912984,0.00514496386506632,-10.99662042663186,7.488259678497084,-10.06158192188854,0.0003290296682182457,,,-12.91018759912984,0.005226053770703605
-12.89931505837701,0.004091259235453287,-10.98574788587904,6.896796353302042,-10.05070938113571,0.0002873639865114805,,,-12.89931505837701,0.004150803376104266
-12.88844251762418,0.00329620492661631,-10.97487534512621,6.335021384450462,-10.03983684038288,0.0002502358720295458,,,-12.88844251762418,0.003343279875769302
-12.87756997687135,0.002655891331490716,-10.96400280437338,5.803737167435879,-10.02896429963005,0.0002172634881456196,,,-12.87756997687135,0.002693510297525618
-12.86669743611852,0.002133864916021605,-10.95313026362055,5.303423477338393,-10.01809175887722,0.0001880805508381388,,,-12.86669743611852,0.00216384285344657
-12.85582489536569,0.001620289900898501,-10.94225772286772,4.834259168554536,-10.00721921812439,0.0001623383001453887,,,-12.85582489536569,0.001639653734273285
-12.84495235461286,0.001296378888997765,-10.93138518211489,4.396146143837485,-9.996346677371561,0.0001397069695425604,,,-12.84495235461286,0.001311792918155249
-12.83407981386003,0.001015101396080578,-10.92051264136206,3.988734987486,-9.985474136618731,0.0001198767964691431,,,-12.83407981386003,0.00102639755211467
-12.8232072731072,0.0008078398484154041,-10.90964010060923,3.611451680392221,-9.9746015958659,0.0001025586201608217,,,-12.8232072731072,0.0008167936852656054
-12.81233473235437,0.0006410305696763832,-10.8987675598564,3.263524848661451,-9.963729055113072,8.748411445851143e-05,,,-12.81233473235437,0.0006481070614764
-12.80146219160154,0.0005071889990391043,-10.88789501910357,2.944013040743991,-5.962634058071854,0.000117134399696232,,,-12.80146219160154,0.0005127654413706331
-12.79058965084871,0.0003606078921171503,-10.87702247835074,2.651831578477765,-5.951761517319024,0.0001394793891614319,,,-12.79058965084871,0.0003641431048229942
-12.77971711009589,0.0002840536667600568,-10.86614993759791,2.385778583122339,-5.940888976566195,0.000165616420884385,,,-12.77971711009589,0.0002868289384195346
-12.76884456934306,0.0002230987074839457,-10.85527739684508,2.144559836409408,-5.930016435813366,0.0001960943326333284,,,-12.76884456934306,0.000225271007483733
-12.75797202859023,7.789896456365061e-05,-10.84440485609225,1.926812196985279,-5.919143895060536,0.0002315237660389805,,,-12.75797202859023,7.816184716877969e-05
-12.04038433890349,0.0001159981167357861,-10.83353231533942,1.731125352671721,-5.908271354307707,0.0002725874895783781,,,-12.22521753170159,0.0005339850650590459
-12.02951179815066,0.0001413530891607185,-10.82265977458659,1.556061747205428,-5.897398813554878,0.000320020148664971,,,-12.21434499094876,0.0008460828715008105
-12.01863925739783,0.0001717422318115224,-10.81178723383377,1.400174575231879,-5.886526272802048,0.0003746450983991171,,,-12.20347245019593,0.001080226286775607
-12.007766716645,0.0002080493357818163,-10.80091469308094,1.262023790257838,-5.875653732049219,0.0004373560197746758,,,-12.1925999094431,0.001375098553945694
-11.99689417589217,0.0002512887225373617,-10.79004215232811,1.140190116180073,-5.864781191296389,0.0005091240121678152,,,-12.18172736869027,0.001745300269276508
-11.98602163513934,0.0003026196312203523,-10.77916961157528,1.033287093317587,-5.85390865054356,0.0005909989061323037,,,-12.17085482793744,0.002208633896688427
-11.97514909438651,0.0003633612673371341,-10.76829707082245,0.9399712242224251,-5.843036109790731,0.0006841476845432986,,,-12.15998228718461,0.002786727854130552
-11.96427655363368,0.000435008357554762,-10.75742453006962,0.8589503127868735,-5.832163569037901,0.0007897123135645514,,,-12.14910974643178,0.003505763640884164
-11.95340401288085,0.0005192470119356266,-10.74655198931679,0.7889901123532251,-5.821291028285072,0.0009113186180529452,,,-12.13823720567895,0.00439731883493189
-11.94253147212802,0.0006179706478335711,-10.73567944856396,0.7289194148861462,-5.810418487532242,0.001046348032173457,,,-12.12736466492612,0.005499339476255081
-11.93165893137519,0.0007332956794783014,-10.72480690781113,0.6776337241485901,-5.799545946779413,0.001198061698599195,,,-12.11649212417329,0.006857255860041611
-11.92078639062236,0.0008675766248298061,-10.7139343670583,0.6340976617043641,-5.788673406026584,0.00136798985038406,,,-12.10561958342046,0.008525256031878706
-11.90991384986953,0.001023420227671266,-10.70306182630547,0.5973462560118922,-5.777800865273754,0.00155956564172509,,,-12.09474704266763,0.01056773123577185
-11.8990413091167,0.001203698139454062,-10.69218928555264,0.5664852624878807,-5.766928324520925,0.001771273950037433,,,-12.0838745019148,0.01306090713859481
-11.88816876836387,0.001411557653684949,-10.68131674479981,0.5406906568489479,-5.756055783768096,0.002006269368257102,,,-12.07300196116197,0.01609467375820727
-11.87729622761105,0.001650429937463456,-10.67044420404698,0.5192074359310936,-5.745183243015266,0.002266314124917574,,,-12.06212942040914,0.01977462556879198
-11.86642368685822,0.001924035162164746,-10.65957166329415,0.5013720495528523,-5.734310702262436,0.002553199619204218,,,-12.05125687965632,0.0242243211546805
-11.85555114610539,0.002236383900432366,-10.64869912254132,0.48656156458018,-5.723438161509607,0.002868733760036878,,,-12.04038433890349,0.02958776894121661
-11.84467860535256,0.002591774131950074,-10.6378265817885,0.4741910903875363,-5.712565620756778,0.003214727265773161,,,-12.02951179815066,0.03603214185883049
-11.83380606459973,0.002994783188338469,-10.62695404103567,0.4637595540656227,-5.701693080003949,0.003592979134941269,,,-12.01863925739783,0.04375071921168
-11.8229335238469,0.003450253970417783,-10.61608150028284,0.4548224730323052,-5.690820539251119,0.004005261546729605,,,-12.007766716645,0.05296604845306328
-11.81206098309407,0.003963274791368594,-10.60520895953001,0.446988801118485,-5.67994799849829,0.004453304497190045,,,-11.99689417589217,0.0639333129603485
-11.80118844234124,0.004539152239215903,-10.59433641877718,0.4399177021891993,-5.669075457745461,0.004938780521615872,,,-11.98602163513934,0.07694388421790235
-11.79031590158841,0.005183376513496984,-10.58346387802435,0.4334928308908443,-5.65820291699263,0.005463289893558191,,,-11.97514909438651,0.09232902805033752
-11.77944336083558,0.005901578775508161,-10.57259133727152,0.4274624395199418,-5.647330376239801,0.006028346724575767,,,-11.96427655363368,0.1104637247268081
-11.76857082008275,0.00669948016022509,-10.56171879651869,0.4215603828339646,-5.636457835486972,0.006635366414157202,,,-11.95340401288085,0.1317705519462566
-11.75769827932992,0.007582832231317589,-10.55084625576586,0.4156101476352694,-5.625585294734143,0.007285654914412344,,,-11.94253147212802,0.1567235680252921
-11.74682573857709,0.008557348818387718,-10.53997371501303,0.4096061205814611,-5.614712753981314,0.007980400277283931,,,-11.93165893137519,0.1858521202076161
-11.73595319782426,0.009628629356602055,-10.5291011742602,0.4034341509704788,-5.603840213228484,0.008720666941517189,,,-11.92078639062236,0.2197444901149535
-11.72508065707143,0.01080207405134319,-10.51822863350737,0.3967445303748407,-5.592967672475655,0.009507393191009074,,,-11.90991384986953,0.2590512752413912
-11.7142081163186,0.01208279141151825,-10.50735609275454,0.3894752864461605,-5.582095131722825,0.01034139217430919,,,-11.8990413091167,0.3044883923933062
-11.70333557556578,0.01347549893092543,-10.49648355200171,0.3815877358660698,-5.571222590969995,0.01122335681620799,,,-11.88816876836387,0.3568395764930352
-11.69246303481295,0.0149844179428359,-10.48561101124888,0.3730639669149275,-5.560350050217166,0.01215386887621885,,,-11.87729622761105,0.4169582366505987
-11.68159049406012,0.01661316392303534,-10.47473847049605,0.3639044151523681,-5.549477509464337,0.0131334123155432,,,-11.86642368685822,0.4857685213702989
-11.67071795330729,0.01836463376450077,-10.46386592974322,0.354125533935356,-5.538604968711508,0.01416239102456415,,,-11.85555114610539,0.5642654367470976
-11.65984541255446,0.02024089178547857,-10.45299338899039,0.3437575620717763,-5.527732427958679,0.01524115083840675,,,-11.84467860535256,0.6535138561021728
-11.64897287180163,0.02224305645425679,-10.44212084823756,0.3328423915924221,-5.516859887205849,0.01637000563061347,,,-11.83380606459973,0.7546462573053216
-11.6381003310488,0.02437119001033311,-10.43124830748474,0.3214315393103875,-5.505987346453019,0.01754926712711622,,,-11.8229335238469,0.8688590256298231
-11.62722779029597,0.02662419332481746,-10.42037576673191,0.3095842264315836,-5.49511480570019,0.0187792779276558,,,-11.81206098309407,0.997407165956443
-11.61635524954314,0.02899970846479541,-10.40950322597908,0.2973655709102954,-5.48424226494736,0.02006044706338799,,,-11.80118844234124,1.141597279014634
-11.60548270879031,0.03149403149949225,-10.39863068522625,0.284844897456364,-5.473369724194531,0.02139328726191754,,,-11.79031590158841,1.30277867257599
-11.59461016803748,0.03410203810365836,-10.38775814447342,0.2720841770673569,-5.462497183441702,0.02277845293914046,,,-11.77944336083558,1.482332500454022
-11.58373762728465,0.03682091553993061,-10.37688560372059,0.2587768734444246,-5.451624642688873,0.02421677779610044,,,-11.76857082008275,1.681658850045275
-11.57286508653182,0.03963601805486854,-10.36601306296776,0.2457511332166558,-5.440752101936043,0.02570931077383303,,,-11.75769827932992,1.902161733046453
-11.56199254577899,0.04254068734671256,-10.35514052221493,0.2328474764233995,-5.429879561183213,0.02725734901519591,,,-11.74682573857709,2.145231973798896
-11.55112000502616,0.04552378256656264,-10.3442679814621,0.2199795106726536,-5.419007020430384,0.02886286655045377,,,-11.73595319782426,2.412228035143937
-11.54024746427333,0.04857266024068704,-10.33339544070927,0.2072179714117826,-5.408134479677555,0.03052773310951573,,,-11.72508065707143,2.704454872200948
-11.52937492352051,0.05167322619939754,-10.32252289995644,0.1946287069599691,-5.397261938924725,0.03225372943782289,,,-11.7142081163186,3.023140959355874
-11.51850238276768,0.05481001372641164,-10.31165035920361,0.1822722174951289,-5.386389398171896,0.03404335766011412,,,-11.70333557556578,3.369413693989497
-11.50762984201485,0.05799700260729563,-10.30077781845078,0.1702032965301634,-5.375516857419067,0.03589943744662877,,,-11.69246303481295,3.744273440868941
-11.49675730126202,0.0611634898084312,-10.28990527769795,0.1584707747630811,-5.364644316666237,0.03782509083875096,,,-11.68159049406012,4.148566542242942
-11.48588476050919,0.06433815507321944,-10.27903273694512,0.1471173641776956,-5.353771775913408,0.03982371448800448,,,-11.67071795330729,4.582957678895721
-11.47501221975636,0.06746207298191333,-10.26816019619229,0.1361795984375069,-5.342899235160578,0.0418989384186149,,,-11.65984541255446,5.047902024937345
-11.46413967900353,0.07058065582275468,-10.25728765543947,0.1256878639902084,-5.332026694407749,0.04405457067975693,,,-11.64897287180163,5.543617692031289
-11.4532671382507,0.07359436763447458,-10.24641511468664,0.1156665149110602,-5.32115415365492,0.04629452755149136,,,-11.6381003310488,6.070059005103562
-11.44239459749787,0.07652096466559545,-10.23554257393381,0.1061340633787439,-5.31028161290209,0.04862274930394773,,,-11.62722779029597,6.626891189354616
-11.43152205674504,0.07934250474674016,-10.22467003318098,0.09710343680740008,-5.299409072149261,0.0510755404783434,,,-11.61635524954314,7.213467075673895
-11.42064951599221,0.08204201083251253,-10.21379749242815,0.08858229205539657,-5.288536531396431,0.05365629394012015,,,-11.60548270879031,7.828806446534863
-11.40977697523938,0.08460385068342761,-10.20292495167532,0.08057337678939096,-5.277663990643602,0.05633537131577803,,,-11.59461016803748,8.47157864552541
-11.39890443448655,0.08701413491550225,-10.19205241092249,0.07307492798904586,-5.266791449890773,0.05911514130881407,,,-11.58373762728465,9.140093336396976
-11.38803189373372,0.08926113066872943,-10.18117987016966,0.06608109771501537,-5.255918909137943,0.06199740627223704,,,-11.57286508653182,9.83227552604645
-11.37715935298089,0.09133568812725384,-10.17030732941683,0.05958239660737942,-5.245046368385114,0.06498326077029136,,,-11.56199254577899,10.54568386536293
-11.36628681222806,0.09323167717601148,-10.159434788664,0.05356614610665856,-5.234173827632285,0.0680729461307502,,,-11.55112000502616,11.27749794738534
-11.35541427147523,0.09494643159245117,-10.14856224791117,0.04801693106540456,-5.223301286879455,0.07126570393442599,,,-11.54024746427333,12.02452884604778
-11.3445417307224,0.09648119833508813,-10.13768970715834,0.04291704521419279,-5.212428746126625,0.07455963168434702,,,-11.52937492352051,12.78323245218908
-11.33366918996958,0.09784158968638114,-10.12681716640551,0.03824692283031569,-5.201556205373796,0.07795154413298262,,,-11.51850238276768,13.54972911969476
-11.32279664921675,0.09903803621538321,-10.11594462565268,0.03398555089988617,-5.190683664620967,0.08143684391082753,,,-11.50762984201485,14.3198639591488
-11.31192410846392,0.1000862387222537,-10.10507208489985,0.03011085703517064,-5.179811123868138,0.08500940518368408,,,-11.49675730126202,15.08911163042881
-11.30105156771109,0.1010867605590508,-10.09419954414702,0.02660006938176835,-5.168938583115308,0.08866147406085008,,,-11.48588476050919,15.85281994269424
-11.29017902695826,0.1021287578087249,-10.0833270033942,0.02343004570051864,-5.158066042362479,0.0923835893758797,,,-11.47501221975636,16.60604527317899
-11.27930648620543,0.1031653339100606,-10.07245446264137,0.02057756971576897,-5.14719350160965,0.09616452726174134,,,-11.46413967900353,17.34381558872281
-11.2684339454526,0.1041729863595244,-10.06158192188854,0.01801961366740092,-5.136320960856819,0.09999127264178367,,,-11.4532671382507,18.06090646989831
-11.25756140469977,0.1051980163115405,-10.05070938113571,0.01573356677496501,-5.12544842010399,0.1038490203585369,,,-11.44239459749787,18.75219082879594
-11.24668886394694,0.106294701156412,-10.03983684038288,0.01369743000823501,-5.114575879351161,0.1077212081685986,,,-11.43152205674504,19.4125290101866
-11.23581632319411,0.1075257217433057,-10.02896429963005,0.01188997815280098,-5.103703338598332,0.1115895832513156,,,-11.42064951599221,20.03687217305457
-11.22494378244128,0.108962567955857,-10.01809175887722,0.01029089065862058,-5.092830797845503,0.115461125620893,,,-11.40977697523938,20.62032619913952
-11.21407124168845,0.1106859172381459,-10.00721921812439,0.008880853163382779,-5.081958257092673,0.1193143017235926,,,-11.39890443448655,21.15821546294291
-11.20319870093562,0.1127859795540781,-9.996346677371561,0.007641631893384055,-5.071085716339844,0.1230992380081749,,,-11.38803189373372,21.64614531854264
-11.19232616018279,0.115362800983417,-9.985474136618731,0.006556123366885875,-5.060213175587014,0.1267918131086619,,,-11.37715935298089,22.0800621508339
-11.18145361942996,0.1185265167365742,-9.9746015958659,0.00560838196493098,-5.049340634834184,0.130367076122936,,,-11.36628681222806,22.45630985837611
-11.17058107867713,0.1223975428425988,-9.963729055113072,0.004783628000044087,-5.038468094081355,0.1337995149589226,,,-11.35541427147523,22.77168168209166
-11.15970853792431,0.1271066941767156,-9.952856514360242,0.004068238912794756,-5.027595553328526,0.1370633485854852,,,-11.3445417307224,23.02346636803377
-11.14883599717148,0.1327952149025431,-9.941983973607414,0.00344972616909669,-5.016723012575697,0.1401328387375198,,,-11.33366918996958,23.20948775190265
-11.13796345641865,0.139614705877548,-9.931111432854584,0.002916700326819998,-5.005850471822868,0.1429826160189134,,,-11.32279664921675,23.32813697573985
-11.12709091566582,0.1477269321855824,-9.920238892101754,0.002458826598172631,-4.994977931070038,0.1455880148407596,,,-11.31192410846392,23.37903568332785
-11.11621837491299,0.1573034928024844,-9.909366351348925,0.00206677306338067,-4.984105390317208,0.1479257309643565,,,-11.30105156771109,23.38754951359208
-11.10534583416016,0.1685253335603096,-9.898493810596095,0.001732153499913386,-4.973232849564379,0.1499735137199069,,,-11.29017902695826,23.36110890770858
-11.09447329340733,0.1815820841464353,-9.887621269843265,0.001447466587574025,-4.962360308811549,0.1517104908823846,,,-11.27930648620543,23.27421271076704
-11.0836007526545,0.1966711999490384,-9.876748729090437,0.001206033040079867,-4.95148776805872,0.1531181199048927,,,-11.2684339454526,23.11957714149814
-11.07272821190167,0.2139968902301782,-9.865876188337607,0.001001932004235049,-4.940615227305891,0.1541801550799946,,,-11.25756140469977,22.89862493482633
-11.06185567114884,0.2337688154543649,-9.855003647584777,0.0008299378634585639,-4.929742686553062,0.1548829065596048,,,-11.24668886394694,22.61336085697587
-11.05098313039601,0.2562005386949726,-9.844131106831949,0.0006854583873251401,-4.918870145800232,0.1552173607078585,,,-11.23581632319411,22.26634384563051
-11.04011058964318,0.2815077189384484,-9.833258566079119,0.0005644749860567958,-4.907997605047402,0.1551755622884125,,,-11.22494378244128,21.86065146159972
-11.02923804889035,0.3099060378424833,-9.82238602532629,0.0004634856608641679,-4.897125064294573,0.1548659140576335,,,-11.21407124168845,21.39983737413964
-11.01836550813752,0.3416088560910192,-9.81151348457346,0.0003794510891994004,-4.886252523541744,0.1542857585438752,,,-11.20319870093562,20.88788273250005
-11.00749296738469,0.3768246009109351,-9.80064094382063,0.0003097441491774882,-4.875379982788914,0.1533195529544628,,,-11.19232616018279,20.32914238439901
-10.99662042663186,0.4157538925271422,-9.789768403067802,0.0002521030698868184,-4.864507442036085,0.1519702304320333,,,-11.18145361942996,19.72828698548794
-10.98574788587904,0.4585864242571054,-9.778895862314972,0.0002045882937805989,-4.853634901283256,0.1503364156642145,,,-11.17058107867713,19.09024210076464
-10.97487534512621,0.5054976184714488,-9.768023321562143,0.0001655430531550973,-4.842762360530426,0.1484254897717251,,,-11.15970853792431,18.42012542843555
-10.96400280437338,0.5566450886295941,-9.757150780809313,0.0001335575939033453,-4.831889819777597,0.1461574300727227,,,-11.14883599717148,17.72318327886596
-10.95313026362055,0.6121649458610423,-9.746278240056483,0.000107436925083245,-4.821017279024767,0.1435462709164219,,,-11.13796345641865,17.00472741673829
-10.94225772286772,0.6721679968963071,-9.735405699303655,8.579347946828415e-05,-4.810144738271938,0.1406088823215282,,,-11.12709091566582,16.27007332488378
-10.93138518211489,0.7367358883225287,-6.288810280656736,0.0001058662758316991,-4.799272197519109,0.1373647522377998,,,-11.11621837491299,15.52448087566803
-10.92051264136206,0.8059172598917979,-6.277937739903907,0.0001335088914754763,-4.788399656766279,0.1338357329951403,,,-11.10534583416016,14.77309830310756
-10.90964010060923,0.8797239766745395,-6.267065199151077,0.0001678723894858251,-4.77752711601345,0.1300457569354812,,,-11.09447329340733,14.02091025937071
-10.8987675598564,0.9581275159477862,-6.256192658398247,0.0002104577302951486,-4.76665457526062,0.1260205267722796,,,-11.0836007526545,13.27269061663634
-10.88789501910357,1.041055589562013,-6.245320117645418,0.0002630673927580701,-4.755782034507791,0.1217898086213989,,,-11.07272821190167,12.53296054334488
-10.87702247835074,1.128389085874207,-6.234447576892589,0.0003278579255849382,-4.744909493754962,0.1173773358405786,,,-11.06185567114884,11.80595224667468
-10.86614993759791,1.21995941692369,-6.22357503613976,0.0004558859832804489,-4.734036953002132,0.1128141833146376,,,-11.05098313039601,11.09557863457416
-10.85527739684508,1.315546356146537,-6.21270249538693,0.000566802178586961,-4.723164412249303,0.1081297933131631,,,-11.04011058964318,10.40540901467745
-10.84440485609225,1.414876449400833,-6.201829954634101,0.0007026969353674966,-4.712291871496474,0.1033536762009255,,,-11.02923804889035,9.738650817456259
-10.83353231533942,1.517622077285659,-6.190957413881272,0.0008686944189122373,-4.701419330743644,0.09851508034140068,,,-11.01836550813752,9.098137210166174
-10.82265977458659,1.623401239617593,-6.180084873128441,0.001070852344049797,-4.690546789990814,0.09364267917344728,,,-11.00749296738469,8.486320359229042
-10.81178723383377,1.731778123481626,-6.169212332375612,0.001316306194121251,-4.679674249237985,0.08876428032811448,,,-10.99662042663186,7.905270003834524
-10.80091469308094,1.842264504571833,-6.158339791622783,0.001613430395658155,-4.668801708485156,0.08390656102216602,,,-10.98574788587904,7.356676924365923
-10.79004215232811,1.954322017728166,-6.147467250869954,0.001972017396329253,-4.657929167732327,0.07909483326495328,,,-10.97487534512621,6.841860826801943
-10.77916961157528,2.067365316881624,-6.136594710117125,0.002403475430068927,-4.647056626979497,0.0743528416664364,,,-10.96400280437338,6.3617821189862
-10.76829707082245,2.180766127335552,-6.125722169364295,0.002921045534393308,-4.636184086226668,0.06970259585747203,,,-10.95313026362055,5.917057026503422
-10.75742453006962,2.293858174799164,-6.114849628611466,0.003540038104492167,-4.625311545473838,0.06516423875045886,,,-10.94225772286772,5.50797548425235
-10.74655198931679,2.405942956273922,-6.103977087858636,0.004278088920976348,-4.614439004721008,0.06075595109183266,,,-10.93138518211489,5.134521243594635
-10.73567944856396,2.516296298248063,-6.093104547105806,0.005155434168149143,-4.603566463968179,0.05649389203296538,,,-10.92051264136206,4.796393652723144
-10.72480690781113,2.624175628191179,-6.082232006352977,0.006195203463433083,-4.59269392321535,0.05239217472773604,,,-10.90964010060923,4.493030597847171
-10.7139343670583,2.728827866593775,-6.071359465600148,0.007423729343643696,-4.581821382462521,0.04846287535649527,,,-10.8987675598564,4.223632132909478
-10.70306182630547,2.829497829308178,-6.060486924847319,0.008870870999499077,-4.570948841709692,0.04471607340167998,,,-10.88789501910357,3.987184373646178
-10.69218928555264,2.92543701424776,-6.04961438409449,0.01057034931763229,-4.560076300956862,0.04115992052468041,,,-10.87702247835074,3.782483285616257
-10.68131674479981,3.015912633094127,-6.03874184334166,0.01256008948356321,-4.549203760204032,0.03780073499867815,,,-10.86614993759791,3.608158053108122
-10.67044420404698,3.100216738003033,-6.02786930258883,0.01488256652667153,-4.538331219451203,0.03464311834649236,,,-10.85527739684508,3.46269377440073
-10.65957166329415,3.177864129435891,-6.016996761836001,0.01760911979430578,-4.527458678698373,0.03169009061540123,,,-10.84440485609225,3.344453286685755
-10.64869912254132,3.248221837533781,-6.006124221083171,0.02075110982793414,-4.516586137945544,0.02894324059006111,,,-10.83353231533942,3.251697979216094
-10.6378265817885,3.310517600742885,-5.995251680330342,0.02438569905615422,-4.505713597192715,0.02640288719551362,,,-10.82265977458659,3.182607504353237
-10.62695404103567,3.364227182651111,-5.984379139577513,0.02857729104131772,-4.494841056439886,0.02406824211075232,,,-10.81178723383377,3.135298341841747
-10.61608150028284,3.408892789079404,-5.973506598824684,0.03340935481484805,-4.483968515687057,0.0219376089094882,,,-10.80091469308094,3.107841210848117
-10.60520895953001,3.444129490149158,-5.962634058071854,0.03893675405917282,-4.473095974934227,0.02000851409919416,,,-10.79004215232811,3.098277356382562
-10.59433641877718,3.469630676943364,-5.951761517319024,0.04525331927401602,-4.462223434181397,0.0182779071820757,,,-10.77916961157528,3.104633761310092
-10.58346387802435,3.486702405565336,-5.940888976566195,0.05244960498186742,-4.451350893428568,0.01674231686708609,,,-10.76829707082245,3.124937352188748
-10.57259133727152,3.495193151981907,-5.930016435813366,0.06062296644151498,-4.440478352675738,0.01539800663084931,,,-10.75742453006962,3.157228276868328
-10.56171879651869,3.494649389839685,-5.919143895060536,0.0698775177383814,-4.429605811922909,0.01424335601827878,,,-10.74655198931679,3.199572334617956
-10.55084625576586,3.485073189829886,-5.908271354307707,0.08037519469207294,-4.41873327117008,0.01327067033870006,,,-10.73567944856396,3.250072636219403
-10.53997371501303,3.467713676896493,-5.897398813554878,0.09214501332212803,-4.407860730417251,0.01247800420189858,,,-10.72480690781113,3.306880562840205
-10.5291011742602,3.442719393762884,-5.886526272802048,0.1053506903596393,-4.396988189664421,0.01186190290631571,,,-10.7139343670583,3.368206079595873
-10.51822863350737,3.407982767260128,-5.875653732049219,0.1201216965149792,-4.386115648911591,0.01141922818943435,,,-10.70306182630547,3.432327443625112
-10.50735609275454,3.363800476637703,-5.864781191296389,0.1365925240584159,-4.375243108158762,0.01114671573523058,,,-10.69218928555264,3.497600328381332
-10.49648355200171,3.310547761060761,-5.85390865054356,0.1549019188225983,-4.364370567405933,0.01105166710038827,,,-10.68131674479981,3.562466366834431
-10.48561101124888,3.24867309041386,-5.843036109790731,0.1752430200423652,-4.353498026653103,0.01111693434796762,,,-10.67044420404698,3.62546109748352
-10.47473847049605,3.178691856552387,-5.832163569037901,0.1976723392779187,-4.342625485900274,0.01134872064610229,,,-10.65957166329415,3.6854343225631
-10.46386592974322,3.101179208785398,-5.821291028285072,0.2224424147171121,-4.331752945147445,0.0117447329462371,,,-10.64869912254132,3.741128771694009
-10.45299338899039,3.016762172559345,-5.810418487532242,0.249584545207563,-4.320880404394615,0.01230530424154096,,,-10.6378265817885,3.791186023553219
-10.44212084823756,2.926111202030885,-5.799545946779413,0.2792958881339433,-4.310007863641786,0.01303051251540872,,,-10.62695404103567,3.834579614545175
-10.43124830748474,2.829931325232398,-5.788673406026584,0.3117186133829199,-4.299135322888956,0.01392619623526912,,,-10.61608150028284,3.870406243857187
-10.42037576673191,2.728953044720842,-5.777800865273754,0.347040096835679,-4.288262782136127,0.0149838105839534,,,-10.60520895953001,3.897889055392735
-10.40950322597908,2.623923156946765,-5.766928324520925,0.3853052684700774,-4.277390241383298,0.01620859330313325,,,-10.59433641877718,3.916379879986795
-10.39863068522625,2.515595650183418,-5.756055783768096,0.4266762808138214,-4.266517700630468,0.01760172349445394,,,-10.58346387802435,3.927067870057144
-10.38775814447342,2.404722833918008,-5.745183243015266,0.4712662771605645,-4.255645159877639,0.01916443232570489,,,-10.57259133727152,3.929549368872173
-10.37688560372059,2.292045604714525,-5.734310702262436,0.5191764694066699,-4.244772619124809,0.0209078474875198,,,-10.56171879651869,3.923111790342417
-10.36601306296776,2.178289706976374,-5.723438161509607,0.5704943299728044,-4.23390007837198,0.02281590529610729,,,-10.55084625576586,3.907580601874522
-10.35514052221493,2.064154156484485,-5.712565620756778,0.6252918602369133,-4.223027537619151,0.02489728900009892,,,-10.53997371501303,3.88419495084199
-10.3442679814621,1.95030394962371,-5.701693080003949,0.683623976825272,-4.212154996866321,0.02715262697698173,,,-10.5291011742602,3.852989411972015
-10.33339544070927,1.837367259446293,-5.690820539251119,0.7455270586877233,-4.201282456113492,0.02958215491826002,,,-10.51822863350737,3.81150413822214
-10.32252289995644,1.725929170957482,-5.67994799849829,0.8110176985572956,-4.190409915360663,0.03218830478321213,,,-10.50735609275454,3.75997434446644
-10.31165035920361,1.616527556115838,-5.669075457745461,0.8800917020458944,-4.179537374607833,0.03496706410374734,,,-10.49648355200171,3.698737259709894
-10.30077781845078,1.509649857186532,-5.65820291699263,0.9527233761560816,-4.168664833855003,0.03791653322680623,,,-10.48561101124888,3.62822427047657
-10.28990527769795,1.405730778185037,-5.647330376239801,1.028865146315038,-4.157792293102174,0.04103682886355825,,,-10.47473847049605,3.548952175647793
-10.27903273694512,1.305150866276279,-5.636457835486972,1.108447537107681,-4.146919752349345,0.04433236601301784,,,-10.46386592974322,3.461513678498848
-10.26816019619229,1.208235948650927,-5.625585294734143,1.19137954667896,-4.136047211596516,0.0477875057727955,,,-10.45299338899039,3.366567257475363
-10.25728765543947,1.11525737590109,-5.614712753981314,1.277549438302041,-4.125174670843686,0.05140463645594931,,,-10.44212084823756,3.264826569681688
-10.24641511468664,1.026433010505375,-5.603840213228484,1.366825964917906,-4.114302130090857,0.0551800193576775,,,-10.43124830748474,3.157049549775268
-10.23554257393381,0.9419288888758988,-5.592967672475655,1.459060033630267,-4.103429589338027,0.05910964748749566,,,-10.42037576673191,3.04402737175472
-10.22467003318098,0.8618614776103777,-5.582095131722825,1.554086807315551,-4.092557048585197,0.06318939576023237,,,-10.40950322597908,2.926573441909928
-10.21379749242815,0.7863004391514288,-5.571222590969995,1.651728229848603,-4.081684507832368,0.06741520270909782,,,-10.39863068522625,2.805512588014254
-10.20292495167532,0.7152718189354966,-5.560350050217166,1.751795950157242,-4.070811967079539,0.07178328294848141,,,-10.38775814447342,2.681660609708103
-10.19205241092249,0.6487615652073284,-5.549477509464337,1.854094608645357,-4.05993942632671,0.07629093008316191,,,-10.37688560372059,2.555453334723094
-10.18117987016966,0.586719293821748,-5.538604968711508,1.958425437739313,-4.049066885573881,0.08093469954420919,,,-10.36601306296776,2.428446213881634
-10.17030732941683,0.5290622133482672,-5.527732427958679,2.06459011671735,-4.038194344821051,0.08571755602018606,,,-10.35514052221493,2.301180169850603
-10.159434788664,0.4756791303979453,-5.516859887205849,2.1723948098978,-4.027321804068221,0.09063274233854333,,,-10.3442679814621,2.174235174181196
-10.14856224791117,0.426434461044638,-5.505987346453019,2.281654307023354,-4.016449263315392,0.09568508471381287,,,-10.33339544070927,2.048311433773324
-10.13768970715834,0.3811721812399322,-5.49511480570019,2.392196175623218,-4.005576722562562,0.1008784135929008,,,-10.32252289995644,1.924061096844324
-10.12681716640551,0.3397196569444986,-5.48424226494736,2.503864827595109,-3.994704181809733,0.1062247554731519,,,-10.31165035920361,1.802083657795139
-10.11594462565268,0.3018913030453689,-5.473369724194531,2.616525396541973,-3.983831641056904,0.1117231154060198,,,-10.30077781845078,1.682922374773005
-10.10507208489985,0.2674920287386466,-5.462497183441702,2.730067318815339,-3.972959100304075,0.1173882879852782,,,-10.28990527769795,1.567061699565985
-10.09419954414702,0.236320435689831,-5.451624642688873,2.8444075100143,-3.962086559551245,0.1232397345512983,,,-10.27903273694512,1.454925699546548
-10.0833270033942,0.2081717437233691,-5.440752101936043,2.959493030076664,-3.951214018798415,0.1292942531317315,,,-10.26816019619229,1.346877433168746
-10.07245446264137,0.1828404268520321,-5.429879561183213,3.075303134232539,-3.940341478045586,0.1355748066373683,,,-10.25728765543947,1.243219224367582
-10.06158192188854,0.1601225499790755,-5.419007020430384,3.193432165693883,-3.929468937292757,0.1421444530783395,,,-10.24641511468664,1.144193767380346
-10.05070938113571,0.1398178034681548,-5.408134479677555,3.313912999885625,-3.918596396539928,0.1490371951006162,,,-10.23554257393381,1.049985982195115
-10.03983684038288,0.1217312388862147,-5.397261938924725,3.435216926882044,-3.907723855787098,0.1562484128271768,,,-10.22467003318098,0.9607255321344212
-10.02896429963005,0.1056747145230036,-5.386389398171896,3.55742990985468,-3.896851315034269,0.1638170214636764,,,-10.21379749242815,0.876489909025132
-10.01809175887722,0.09146806374681621,-5.375516857419067,3.680669211066887,-3.88597877428144,0.1717860455486462,,,-10.20292495167532,0.7973079879358888
-10.00721921812439,0.07894000286558495,-5.364644316666237,3.805080561484021,-3.87510623352861,0.180211599259701,,,-10.19205241092249,0.7231639524605281
-9.996346677371561,0.06792879794508079,-5.353771775913408,3.930834316521213,-3.86423369277578,0.189128547309691,,,-10.18117987016966,0.6540014928100881
-9.985474136618731,0.0582827120312347,-5.342899235160578,4.05812061601931,-3.853361152022951,0.1985980722157571,,,-10.17030732941683,0.5897281823194683
-9.9746015958659,0.04986025548709905,-5.332026694407749,4.187143591539711,-3.842488611270122,0.2086770876702053,,,-10.159434788664,0.5302199431122385
-9.963729055113072,0.04253026275475884,-5.32115415365492,4.318114689552386,-3.831616070517292,0.2195554296422245,,,-10.14856224791117,0.4753255183072609
-9.952856514360242,0.03617181886526937,-5.31028161290209,4.451245204435438,-3.820743529764463,0.2312928388837955,,,-10.13768970715834,0.4248708759877419
-9.941983973607414,0.0306740585273456,-5.299409072149261,4.589153367040554,-3.809870989011634,0.2438182449133344,,,-10.12681716640551,0.3786634788770277
-9.931111432854584,0.0259358597120114,-5.288536531396431,4.732003844925017,-3.798998448258804,0.2571913576220549,,,-10.11594462565268,0.3364963629716651
-9.920238892101754,0.02186545239895782,-5.277663990643602,4.877499020861245,-3.788125907505975,0.271471203041133,,,-10.10507208489985,0.2981519779810761
-9.909366351348925,0.018379961641093,-5.266791449890773,5.025722223868452,-3.777253366753145,0.2867152029620006,,,-10.09419954414702,0.2634057520465466
-9.898493810596095,0.01540490241183403,-5.255918909137943,5.176713891454236,-3.766380826000316,0.302978201721286,,,-10.0833270033942,0.2320293526195316
-9.887621269843265,0.01287364189376223,-5.245046368385114,5.330463142747488,-3.755508285247487,0.3203114537122452,,,-10.07245446264137,0.2037936243618945
-9.876748729090437,0.01072684300850895,-5.234173827632285,5.486899736866934,-3.744635744494657,0.3387615867813457,,,-10.06158192188854,0.1784711933146947
-9.865876188337607,0.008911901129187404,-5.223301286879455,5.645886621121274,-3.733763203741828,0.3583695580323588,,,-10.05070938113571,0.1558387342296313
-9.855003647584777,0.007382384102945822,-5.212428746126625,5.807213271862056,-3.722890662988998,0.379169619647974,,,-10.03983684038288,0.1356789047664793
-9.844131106831949,0.006097483978519206,-5.201556205373796,5.970590024104401,-3.712018122236169,0.4011883131122968,,,-10.02896429963005,0.1177819561639502
-9.833258566079119,0.005021487210145163,-5.190683664620967,6.135643574325248,-3.70114558148334,0.4244435106840088,,,-10.01809175887722,0.101947034956275
-9.82238602532629,0.004123268615455499,-5.179811123868138,6.301913824204401,-3.69027304073051,0.4489435228251109,,,-10.00721921812439,0.08798319432911314
-9.81151348457346,0.003375813014619362,-5.168938583115308,6.468852211683738,-3.679400499977681,0.474686290313736,,,-9.996346677371561,0.07571013680800744
-9.80064094382063,0.00275576727861967,-5.158066042362479,6.635821649911557,-3.668527959224852,0.5016586788354367,,,-9.985474136618731,0.06495871219458976
-9.789768403067802,0.002243024468315816,-5.14719350160965,6.802098164869486,-3.657655418472022,0.5298403752113195,,,-9.9746015958659,0.05557119607219088
-9.778895862314972,0.001820340850664396,-5.136320960856819,6.966874289329454,-3.646782877719192,0.5591940240136134,,,-9.963729055113072,0.04740137486926146
-9.768023321562143,0.001472985828328011,-5.12544842010399,7.129264234949931,-3.635910336966363,0.5896635742799008,,,-9.952856514360242,0.04031446348159874
-9.757150780809313,0.001188424205312606,-5.114575879351161,7.288310826584745,-3.625037796213534,0.6211938742319065,,,-9.941983973607414,0.03418688090410434
-9.746278240056483,0.0009560297236241042,-5.103703338598332,7.442994144112268,-3.614165255460704,0.6537088869809977,,,-9.931111432854584,0.02890590830326134
-9.735405699303655,0.0007638751264877527,-5.092830797845503,7.59343586648925,-3.603292714707875,0.687118118864271,,,-9.920238892101754,0.02436925256548511
-9.724533158550825,0.0006109762929654809,-5.081958257092673,7.738512264949517,-3.592420173955046,0.7213268512220912,,,-9.909366351348925,0.02048453667328838
-9.713660617797995,0.0004872498765413395,-5.071085716339844,7.87586741156307,-3.581547633202216,0.7562319224176048,,,-9.898493810596095,0.01716873637455962
-9.702788077045167,0.0003874400072590396,-5.060213175587014,8.004326398784764,-3.570675092449387,0.791711225818682,,,-9.887621269843265,0.01434758059671208
-9.691915536292337,0.0003071726171393499,-5.049340634834184,8.12335801407875,-3.559802551696557,0.8276244726015763,,,-9.876748729090437,0.01195493098519187
-9.681042995539507,0.0002428207513413361,-5.038468094081355,8.231802190890294,-3.548930010943728,0.8638405050984062,,,-9.865876188337607,0.009932153873926189
-9.670170454786678,0.000191387833119242,-5.027595553328526,8.327886379880901,-3.538057470190899,0.9002137731166294,,,-9.855003647584777,0.008227495973454828
-9.659297914033848,0.0001264800869097394,-5.016723012575697,8.410530543394811,-3.527184929438069,0.936592721433251,,,-9.844131106831949,0.006795473131084701
-9.64842537328102,9.927024547689545e-05,-5.005850471822868,8.478721953409632,-3.51631238868524,0.9728212534210384,,,-9.833258566079119,0.005596279707792586
-6.180084873128441,0.0001009447665839326,-4.994977931070038,8.53153082497087,-3.50543984793241,1.008851713689103,,,-9.82238602532629,0.004595224451688423
-6.169212332375612,0.0001241637299650583,-4.984105390317208,8.57067571949317,-3.494567307179581,1.044522681560801,,,-9.81151348457346,0.003762197242851067
-6.158339791622783,0.0001522925006473574,-4.973232849564379,8.59541326125275,-3.483694766426752,1.079560664209542,,,-9.80064094382063,0.003071169747632815
-6.147467250869954,0.0001862672160638947,-4.962360308811549,8.602550628976218,-3.472822225673922,1.113805664908925,,,-9.789768403067802,0.002499731854563981
-6.136594710117125,0.0002271798439546393,-4.95148776805872,8.591580576461931,-3.461949684921093,1.147102466917846,,,-9.778895862314972,0.002028664766291597
-6.125722169364295,0.0002762994246893479,-4.940615227305891,8.56214003395862,-3.451077144168264,1.179298700021884,,,-9.768023321562143,0.001641550786073918
-6.114849628611466,0.000335095296101062,-4.929742686553062,8.514017277720285,-3.440204603415434,1.210675196534528,,,-9.757150780809313,0.001324419153645515
-6.103977087858636,0.0004052623128754095,-4.918870145800232,8.449700286729668,-3.429332062662604,1.24109343556859,,,-9.746278240056483,0.001065426741931534
-6.093104547105806,0.0004887480337036031,-4.907997605047402,8.369270039040615,-3.418459521909775,1.270054104155988,,,-9.735405699303655,0.000851240252473238
-6.082232006352977,0.0005877818030446526,-4.897125064294573,8.273720896367598,-3.407586981156946,1.297413819499278,,,-9.724533158550825,0.000680852468021431
-6.071359465600148,0.0007049056001213569,-4.886252523541744,8.16339950224746,-3.396714440404117,1.323032144117482,,,-9.713660617797995,0.0005429743018691962
-6.060486924847319,0.0008430064655231654,-4.875379982788914,8.035457999677506,-3.385841899651287,1.346815683168641,,,-9.702788077045167,0.0004317485523528844
-6.04961438409449,0.001005350245534855,-4.864507442036085,7.890517788638291,-3.374969358898458,1.368958276508398,,,-9.691915536292337,0.0003423007250370952
-6.03874184334166,0.001195616316319238,-4.853634901283256,7.731853767059371,-3.364096818145629,1.38939040520356,,,-9.681042995539507,0.0002705889279223921
-6.02786930258883,0.001417932864897347,-4.842762360530426,7.560301275859173,-3.353224277392799,1.407797343776191,,,-9.670170454786678,0.0002132737760394653
-6.016996761836001,0.001679082467386013,-4.831889819777597,7.374363134426888,-3.342351736639969,1.424144350970089,,,-9.659297914033848,0.0001409028255824025
-6.006124221083171,0.001980463238213724,-4.821017279024767,7.175123084551783,-3.33147919588714,1.438417964894064,,,-9.64842537328102,0.0001105902036347325
-5.995251680330342,0.002329481102068554,-4.810144738271938,6.963760865003344,-3.320606655134311,1.451116738666434,,,-9.63755283252819,6.644911681545197e-05
-5.984379139577513,0.002732442263120714,-4.799272197519109,6.741537486754882,-3.309734114381481,1.462257355001424,,,-6.288810280656736,0.0001156477110122472
-5.973506598824684,0.003196383758320155,-4.788399656766279,6.509779653365508,-3.298861573628652,1.47137440769673,,,-6.277937739903907,0.000145844345402941
-5.962634058071854,0.003728690131201582,-4.77752711601345,6.269863610772046,-3.287989032875823,1.47851636767754,,,-6.267065199151077,0.0001833828330473776
-5.951761517319024,0.004337690664712335,-4.76665457526062,6.023198714353732,-3.277116492122993,1.483744824034773,,,-6.256192658398247,0.0002299028144917428
-5.940888976566195,0.005032312643916129,-4.755782034507791,5.771257186672029,-3.266243951370164,1.48727342777521,,,-6.245320117645418,0.0002873733072729958
-5.930016435813366,0.005822175240594468,-4.744909493754962,5.515386139353109,-3.255371410617334,1.489263800544736,,,-6.234447576892589,0.0003581501128026713
-5.919143895060536,0.006717589233404476,-4.734036953002132,5.257033703937984,-3.244498869864505,1.489689310624601,,,-6.22357503613976,0.0004995091923530395
-5.908271354307707,0.007730135574669424,-4.723164412249303,4.997582267943308,-3.233626329111676,1.488601442229836,,,-6.21270249538693,0.0006210937793845024
-5.897398813554878,0.00887045487197969,-4.712291871496474,4.738370655958268,-3.222753788358846,1.486500691258739,,,-6.201829954634101,0.0007700751977744774
-5.886526272802048,0.01015129458765706,-4.701419330743644,4.480681522833192,-3.211881247606017,1.483526622895347,,,-6.190957413881272,0.0009520779717062834
-5.875653732049219,0.01158552629735846,-4.690546789990814,4.225730099338889,-3.201008706853187,1.479458254163442,,,-6.180084873128441,0.001173752429105024
-5.864781191296389,0.01318654333283955,-4.679674249237985,3.974654416210727,-3.190136166100358,1.474451768329499,,,-6.169212332375612,0.001442933438804876
-5.85390865054356,0.01496818447664419,-4.668801708485156,3.728507098336596,-3.179263625347529,1.468665901823968,,,-6.158339791622783,0.001768817872553004
-5.843036109790731,0.01694566427183595,-4.657929167732327,3.488248786413585,-3.168391084594699,1.46226930532913,,,-6.147467250869954,0.002162161853422615
-5.832163569037901,0.01913165857965043,-4.647056626979497,3.254743209522527,-3.15751854384187,1.455433596026064,,,-6.136594710117125,0.002635498675155649
-5.821291028285072,0.02154272771491904,-4.636184086226668,3.028753899529708,-3.146646003089041,1.44833318607627,,,-6.125722169364295,0.003203378039249674
-5.810418487532242,0.02419135845881281,-4.625311545473838,2.810945299317113,-3.135773462336211,1.441180490627077,,,-6.114849628611466,0.003882626951291171
-5.799545946779413,0.02709286167645241,-4.614439004721008,2.601872229104308,-3.124900921583381,1.434136111717947,,,-6.103977087858636,0.004692632238667875
-5.788673406026584,0.03026126195226883,-4.603566463968179,2.401995791216447,-3.114028380830552,1.427547344200055,,,-6.093104547105806,0.005655644192736362
-5.777800865273754,0.03371111227336226,-4.59269392321535,2.21167681037396,-3.103155840077723,1.42158253615083,,,-6.082232006352977,0.006797100295323728
-5.766928324520925,0.03745330051867898,-4.581821382462521,2.03118183155577,-3.092283299324893,1.416208004295248,,,-6.071359465600148,0.008145967359213732
-5.756055783768096,0.04150044924164012,-4.570948841709692,1.860687997237456,-3.081410758572064,1.411579374644761,,,-6.060486924847319,0.009735099694094695
-5.745183243015266,0.04586316389757022,-4.560076300956862,1.70028882466229,-3.070538217819235,1.408134814398668,,,-6.04961438409449,0.01160161010481549
-5.734310702262436,0.05055063976378959,-4.549203760204032,1.550000723335427,-3.059665677066405,1.406012815474224,,,-6.03874184334166,0.01378724964202034
-5.723438161509607,0.05557043046884208,-4.538331219451203,1.409770090841548,-3.048793136313576,1.40504261241785,,,-6.02786930258883,0.01633879106385934
-5.712565620756778,0.06092821736712991,-4.527458678698373,1.279480826414739,-3.037920595560746,1.405337496246897,,,-6.016996761836001,0.0193350901968687
-5.701693080003949,0.06662758370551057,-4.516586137945544,1.15896210610944,-3.027048054807917,1.40699610382772,,,-6.006124221083171,0.02278820385301334
-5.690820539251119,0.07266979780536469,-4.505713597192715,1.047996270554548,-3.016175514055088,1.410102994571242,,,-5.995251680330342,0.02678338426463531
-5.67994799849829,0.07905360969159313,-4.494841056439886,0.9463019519873224,-3.005302973302258,1.414726998160708,,,-5.984379139577513,0.03139164294197145
-5.669075457745461,0.08577506572724336,-4.483968515687057,0.8536462371883898,-2.994430432549429,1.420922721034553,,,-5.973506598824684,0.03670382891019474
-5.65820291699263,0.09282734584842371,-4.473095974934227,0.7696859429032875,-2.983557891796599,1.4287257489681,,,-5.962634058071854,0.04278257859007064
-5.647330376239801,0.1002006279298639,-4.462223434181397,0.694092804106491,-2.97268535104377,1.438154718366405,,,-5.951761517319024,0.04973048932788979
-5.636457835486972,0.1078819836399269,-4.451350893428568,0.6265283365185957,-2.961812810290941,1.449209980513999,,,-5.940888976566195,0.05764753404666794
-5.625585294734143,0.1158553098604552,-4.440478352675738,0.56664991406186,-2.950940269538111,1.462329372689076,,,-5.930016435813366,0.0666412360147428
-5.614712753981314,0.1241012993496621,-4.429605811922909,0.5141390240224587,-2.940067728785282,1.477471557840689,,,-5.919143895060536,0.07682663073782485
-5.603840213228484,0.1325974538164453,-4.41873327117008,0.4686214030152371,-2.929195188032453,1.49411603809184,,,-5.908271354307707,0.08837791775632074
-5.592967672475655,0.1413181419563363,-4.407860730417251,0.4297903951737083,-2.918322647279623,1.512179854080124,,,-5.897398813554878,0.1013354883427727
-5.582095131722825,0.1502347042804226,-4.396988189664421,0.3973355400855986,-2.907450106526793,1.531559845750018,,,-5.886526272802048,0.1158766300456955
-5.571222590969995,0.1593156057599708,-4.386115648911591,0.3709631253099496,-2.896577565773964,1.552141993413603,,,-5.875653732049219,0.1321445788321123
-5.560350050217166,0.1685266364253477,-4.375243108158762,0.3503605417473559,-2.885705025021135,1.573788822216664,,,-5.864781191296389,0.1502881914034233
-5.549477509464337,0.1778311591154603,-4.364370567405933,0.335470818409847,-2.874832484268306,1.596349609639353,,,-5.85390865054356,0.1704611022053747
-5.538604968711508,0.1871904025932876,-4.353498026653103,0.3258172197224416,-2.863959943515476,1.619660127172351,,,-5.843036109790731,0.1928728319987446
-5.527732427958679,0.1965637972464723,-4.342625485900274,0.3212901116772163,-2.853087402762647,1.643543592876826,,,-5.832163569037901,0.2175937101711338
-5.516859887205849,0.2059093496034448,-4.331752945147445,0.3216801705465639,-2.842214862009818,1.667812583585085,,,-5.821291028285072,0.2448964610500841
-5.505987346453019,0.2151840509403963,-4.320880404394615,0.3268284212737852,-2.831342321256988,1.692270969101387,,,-5.810418487532242,0.2748222516985493
-5.49511480570019,0.2243443143583169,-4.310007863641786,0.3365856698698806,-2.820469780504158,1.71671599258333,,,-5.799545946779413,0.3075868115089949
-5.48424226494736,0.2333464338976876,-4.299135322888956,0.3508977997555002,-2.809597239751329,1.74094046982626,,,-5.788673406026584,0.3433478651855728
-5.473369724194531,0.2421470585556507,-4.288262782136127,0.3695143617325727,-2.7987246989985,1.764735076745378,,,-5.777800865273754,0.3823107747507665
-5.462497183441702,0.2507036734991293,-4.277390241383298,0.3923931275839683,-2.78785215824567,1.787890691491997,,,-5.766928324520925,0.4245298429387938
-5.451624642688873,0.2589750803473871,-4.266517700630468,0.4194416111427151,-2.776979617492841,1.810200755456516,,,-5.756055783768096,0.4701829994237187
-5.440752101936043,0.2669218681455734,-4.255645159877639,0.4505748271933943,-2.766107076740012,1.831463615993623,,,-5.745183243015266,0.5193957551830525
-5.429879561183213,0.2745068665796265,-4.244772619124809,0.4857364094078966,-2.755234535987182,1.851520930991218,,,-5.734310702262436,0.5722803087896638
-5.419007020430384,0.2818412992325747,-4.23390007837198,0.5248061932893296,-2.744361995234353,1.870125499178542,,,-5.723438161509607,0.6289334942016834
-5.408134479677555,0.2888924345630934,-4.223027537619151,0.5677231256691974,-2.733489454481523,1.887385728793166,,,-5.712565620756778,0.6894348048698165
-5.397261938924725,0.2954839562923652,-4.212154996866321,0.6144033297393163,-2.722616913728694,1.903554463633032,,,-5.701693080003949,0.7538445396657241
-5.386389398171896,0.3015890459714823,-4.201282456113492,0.6647561773422166,-2.711744372975865,1.918211727709823,,,-5.690820539251119,0.8222021180398178
-5.375516857419067,0.3071849417696029,-4.190409915360663,0.7187292104739705,-2.700871832223035,1.93117454749851,,,-5.67994799849829,0.8945246127460789
-5.364644316666237,0.3122531620682908,-4.179537374607833,0.7761584785365236,-2.689999291470206,1.942436078732033,,,-5.669075457745461,0.9708055482947536
-5.353771775913408,0.316779663210779,-4.168664833855003,0.8368895163692782,-2.679126750717376,1.951656620694303,,,-5.65820291699263,1.051014011898063
-5.342899235160578,0.3207549282037876,-4.157792293102174,0.9008487886732235,-2.668254209964547,1.958568140749318,,,-5.647330376239801,1.135094120969478
-5.332026694407749,0.3241739845795019,-4.146919752349345,0.9679217345577319,-2.657381669211718,1.96343660912135,,,-5.636457835486972,1.222964887161766
-5.32115415365492,0.3270363510936964,-4.136047211596516,1.037834994802286,-2.646509128458888,1.966555366049342,,,-5.625585294734143,1.314520511453827
-5.31028161290209,0.3293459144262157,-4.125174670843686,1.110444715727849,-2.635636587706059,1.967645865153698,,,-5.614712753981314,1.409631137928987
-5.299409072149261,0.3313762700791714,-4.114302130090857,1.185577320915536,-2.62476404695323,1.966251312893157,,,-5.603840213228484,1.508144085675869
-5.288536531396431,0.33313705519069,-4.103429589338027,1.263011521576652,-2.6138915062004,1.962388458172101,,,-5.592967672475655,1.609885568777612
-5.277663990643602,0.3343736713156773,-4.092557048585197,1.34252829536689,-2.60301896544757,1.956097383909454,,,-5.582095131722825,1.714662903770283
-5.266791449890773,0.3351004030624452,-4.081684507832368,1.423900689426674,-2.592146424694741,1.947489107984722,,,-5.571222590969995,1.822267192424783
-5.255918909137943,0.3353345461763387,-4.070811967079539,1.506897083432279,-2.581273883941912,1.936564728596539,,,-5.560350050217166,1.93247645545881
-5.245046368385114,0.3350960285934187,-4.05993942632671,1.591269241272944,-2.570401343189082,1.923508778460296,,,-5.549477509464337,2.04505918007636
-5.234173827632285,0.3344070008520348,-4.049066885573881,1.676835331085032,-2.559528802436253,1.908386682491937,,,-5.538604968711508,2.159778231357166
-5.223301286879455,0.3332914043829135,-4.038194344821051,1.763391470181611,-2.548656261683424,1.89137550754538,,,-5.527732427958679,2.27639506480223
-5.212428746126625,0.3317745265770802,-4.027321804068221,1.850647626987618,-2.537783720930594,1.872692706270652,,,-5.516859887205849,2.394674165131858
-5.201556205373796,0.3298825517015517,-4.016449263315392,1.938454380164723,-2.526911180177765,1.852525070445196,,,-5.505987346453019,2.514387625090868
-5.190683664620967,0.327642116692156,-4.005576722562562,2.026649034442952,-2.516038639424935,1.831021310094609,,,-5.49511480570019,2.635319767909192
-5.179811123868138,0.3250798806035771,-3.994704181809733,2.115104649283513,-2.505166098672106,1.80841719131182,,,-5.48424226494736,2.757271708556185
-5.168938583115308,0.322222116046735,-3.983831641056904,2.203734906878636,-2.494293557919277,1.785600250154212,,,-5.473369724194531,2.880065742359542
-5.158066042362479,0.3190943303060513,-3.972959100304075,2.292417796901344,-2.483421017166447,1.762819664937104,,,-5.462497183441702,3.003549445253609
-5.14719350160965,0.3157209230219384,-3.962086559551245,2.381260740746608,-2.472548476413618,1.739673078836667,,,-5.451624642688873,3.127599368157787
-5.136320960856819,0.3121248863690947,-3.951214018798415,2.470240756349831,-2.461675935660788,1.7164341265109,,,-5.440752101936043,3.252124208996071
-5.12544842010399,0.3083275525845424,-3.940341478045586,2.559456479769665,-2.450803394907959,1.693541304453536,,,-5.429879561183213,3.377067349827362
-5.114575879351161,0.3043483925292153,-3.929468937292757,2.65014860386434,-2.43993085415513,1.671309311302819,,,-5.419007020430384,3.504136331476913
-5.103703338598332,0.3002048677336705,-3.918596396539928,2.742611486823097,-2.4290583134023,1.649972009314868,,,-5.408134479677555,3.633333167558235
-5.092830797845503,0.2960204435032252,-3.907723855787098,2.835933304475566,-2.418185772649471,1.629868770284027,,,-5.397261938924725,3.762954612612232
-5.081958257092673,0.2918073806333378,-3.896851315034269,2.930437888771499,-2.407313231896642,1.611287347691528,,,-5.386389398171896,3.893062313486277
-5.071085716339844,0.2874667640931783,-3.88597877428144,3.026511621958888,-2.396440691143812,1.594598877812235,,,-5.375516857419067,4.02375359028312
-5.060213175587014,0.2830057659003771,-3.87510623352861,3.124642560321919,-2.385568150390982,1.580221579566446,,,-5.364644316666237,4.155158814391064
-5.049340634834184,0.2784351602949715,-3.86423369277578,3.225265328057515,-2.374695609638153,1.568569427929295,,,-5.353771775913408,4.287437694219997
-5.038468094081355,0.2737584922713817,-3.853361152022951,3.32897062187404,-2.363823068885324,1.560156993793587,,,-5.342899235160578,4.420774482641713
-5.027595553328526,0.2689722945552253,-3.842488611270122,3.436365021224284,-2.352950528132495,1.555470722324194,,,-5.332026694407749,4.55537214679897
-5.016723012575697,0.2640773464746793,-3.831616070517292,3.550396558536212,-2.342077987379665,1.554916300385149,,,-5.32115415365492,4.691445568197574
-5.005850471822868,0.2590734603248467,-3.820743529764463,3.671724529645437,-2.331205446626836,1.559117497324529,,,-5.31028161290209,4.8292138681656
-4.994977931070038,0.2539597641327886,-3.809870989011634,3.798710335612796,-2.320332905874007,1.568729725987687,,,-5.299409072149261,4.971605177598069
-4.984105390317208,0.2487643094240821,-3.798998448258804,3.932029464195912,-2.309460365121177,1.58424212200153,,,-5.288536531396431,5.118797194055828
-4.973232849564379,0.2434854654672459,-3.788125907505975,4.072359874042417,-2.298587824368347,1.606143363128204,,,-5.277663990643602,5.268208063492701
-4.962360308811549,0.2380922053711845,-3.777253366753145,4.220370371594392,-2.287715283615518,1.635069557965539,,,-5.266791449890773,5.419937768239712
-4.95148776805872,0.2325832773103018,-3.766380826000316,4.376708391054661,-2.276842742862689,1.671658248562099,,,-5.255918909137943,5.574045843902812
-4.940615227305891,0.2269581421986877,-3.755508285247487,4.541987375973545,-2.265970202109859,1.716656116002971,,,-5.245046368385114,5.730542432111198
-4.929742686553062,0.2212172034721522,-3.744635744494657,4.716773977672914,-2.25509766135703,1.770740174571112,,,-5.234173827632285,5.889379683849718
-4.918870145800232,0.2154129570863456,-3.733763203741828,4.901575298219518,-2.244225120604201,1.834512915376427,,,-5.223301286879455,6.050443729438614
-4.907997605047402,0.2095478038203004,-3.722890662988998,5.096826413538988,-2.233352579851371,1.908663996857891,,,-5.212428746126625,6.213547430123484
-4.897125064294573,0.2036337671216495,-3.712018122236169,5.302878415177951,-2.222480039098542,1.99390420835601,,,-5.201556205373796,6.378424119938936
-4.886252523541744,0.1976752522571392,-3.70114558148334,5.52012626413878,-2.211607498345712,2.091317050129749,,,-5.190683664620967,6.544722534928232
-4.875379982788914,0.1916181641559247,-3.69027304073051,5.748719225926359,-2.200734957592883,2.201530917048226,,,-5.179811123868138,6.712003109991661
-4.864507442036085,0.1854696376365443,-3.679400499977681,5.988551868238273,-2.189862416840054,2.324759905875488,,,-5.168938583115308,6.879735801791325
-4.853634901283256,0.1792953551299557,-3.668527959224852,6.239535818846821,-2.178989876087224,2.461592909715477,,,-5.158066042362479,7.047299569593487
-4.842762360530426,0.1730992407420264,-3.657655418472022,6.501518769355384,-2.168117335334395,2.612558246707008,,,-5.14719350160965,7.213983615153166
-4.831889819777597,0.1668415689697404,-3.646782877719192,6.774085769211643,-2.157244794581565,2.778126750408997,,,-5.136320960856819,7.378990448340332
-4.821017279024767,0.1605347731007366,-3.635910336966363,7.056778453051062,-2.146372253828736,2.958691366701842,,,-5.12544842010399,7.541440807893007
-4.810144738271938,0.1541925892708323,-3.625037796213534,7.348974665230436,-2.135499713075907,3.154684337764585,,,-5.114575879351161,7.700380427282559
-4.799272197519109,0.1478298999384477,-3.614165255460704,7.649930712317319,-2.124627172323077,3.366313100534201,,,-5.103703338598332,7.854788595097255
-4.788399656766279,0.14146255515929,-3.603292714707875,7.958723015113721,-2.113754631570248,3.593569923820373,,,-5.092830797845503,8.004917435613367
-4.77752711601345,0.135107176365962,-3.592420173955046,8.274385715201968,-2.102882090817419,3.836435856357669,,,-5.081958257092673,8.149633947306446
-4.76665457526062,0.1287809475629883,-3.581547633202216,8.595846167073891,-2.092009550064589,4.094759589638771,,,-5.071085716339844,8.286433413664422
-4.755782034507791,0.1225066425084693,-3.570675092449387,8.921813151796609,-2.081137009311759,4.368247454505158,,,-5.060213175587014,8.414123977793802
-4.744909493754962,0.1162928989605387,-3.559802551696557,9.250974407642737,-2.07026446855893,4.656454613942313,,,-5.049340634834184,8.532160250496657
-4.734036953002132,0.1101614459468429,-3.548930010943728,9.581935792323977,-2.059391927806101,4.958777713830243,,,-5.038468094081355,8.639360198120595
-4.723164412249303,0.104129645252719,-3.538057470190899,9.913221285516041,-2.048519387053271,5.274449244332835,,,-5.027595553328526,8.733922023021611
-4.712291871496474,0.09821438063821407,-3.527184929438069,10.24329974983369,-2.037646846300442,5.60253384901685,,,-5.016723012575697,8.814740728607012
-4.701419330743644,0.09243187758304355,-3.51631238868524,10.5706007416047,-2.026774305547613,5.941919662268305,,,-5.005850471822868,8.880778029753394
-4.690546789990814,0.08679754177426727,-3.50543984793241,10.89466524954728,-2.015901764794783,6.291349260100385,,,-4.994977931070038,8.931078603944421
-4.679674249237985,0.08132581918200611,-3.494567307179581,11.21388393155452,-2.005029224041954,6.649375052911128,,,-4.984105390317208,8.967365759881606
-4.668801708485156,0.07603007999494817,-3.483694766426752,11.52551424695672,-1.994156683289124,7.014399289658649,,,-4.973232849564379,8.988872240439903
-4.657929167732327,0.07092252809194335,-3.472822225673922,11.82797623166838,-1.983284142536295,7.384673509400487,,,-4.962360308811549,8.992353325229788
-4.647056626979497,0.06601413712314601,-3.461949684921093,12.11975945080929,-1.972411601783466,7.758309840545297,,,-4.95148776805872,8.977281973677124
-4.636184086226668,0.06131461367756501,-3.451077144168264,12.39934832099346,-1.961539061030636,8.133304388044426,,,-4.940615227305891,8.943278331237302
-4.625311545473838,0.0568339362435631,-3.440204603415434,12.67102217641874,-1.950666520277807,8.507534784106822,,,-4.929742686553062,8.89011738775204
-4.614439004721008,0.05257660995068272,-3.429332062662604,12.93342565718631,-1.939793979524977,8.878779104686505,,,-4.918870145800232,8.820330604523873
-4.603566463968179,0.04854981446902393,-3.418459521909775,13.18023156381683,-1.928921438772148,9.244755946218163,,,-4.907997605047402,8.733993405149327
-4.59269392321535,0.04475837453127748,-3.407586981156946,13.4101915312852,-1.918048898019319,9.603138051280251,,,-4.897125064294573,8.63222057754688
-4.581821382462521,0.04120605427225892,-3.396714440404117,13.62167821422335,-1.907176357266489,9.951577004474395,,,-4.886252523541744,8.515360513048474
-4.570948841709692,0.03789566434231274,-3.385841899651287,13.81377178436191,-1.89630381651366,10.28772920698696,,,-4.875379982788914,8.380395716787893
-4.560076300956862,0.03482918568278057,-3.374969358898458,13.98967676235763,-1.88543127576083,10.60928273578295,,,-4.864507442036085,8.227957656706867
-4.549203760204032,0.03200790706880949,-3.364096818145629,14.14858595579675,-1.874558735008001,10.91398466139908,,,-4.853634901283256,8.061485537853541
-4.538331219451203,0.02943257334566403,-3.353224277392799,14.28619451327652,-1.863686194255172,11.19966837467663,,,-4.842762360530426,7.881826006372922
-4.527458678698373,0.02710354116057231,-3.342351736639969,14.40211539237581,-1.852813653502342,11.46428045835848,,,-4.831889819777597,7.687362133469351
-4.516586137945544,0.02502093891977636,-3.33147919588714,14.49619464703108,-1.841941112749513,11.70590663489854,,,-4.821017279024767,7.479204128568944
-4.505713597192715,0.02318482767601039,-3.320606655134311,14.56962658407026,-1.831068571996683,11.92459545946893,,,-4.810144738271938,7.258562336595704
-4.494841056439886,0.02159308067541481,-3.309734114381481,14.62258245129439,-1.820196031243854,12.11876685971203,,,-4.799272197519109,7.02673213893113
-4.483968515687057,0.020251161179356,-3.298861573628652,14.65416101621861,-1.809323490491025,12.28672742549635,,,-4.788399656766279,6.785077941519938
-4.473095974934227,0.01915695664604425,-3.287989032875823,14.6649084572851,-1.798450949738195,12.43249759132173,,,-4.77752711601345,6.535016544073489
-4.462223434181397,0.01831179565173162,-3.277116492122993,14.65538900106068,-1.787578408985366,12.55359070547227,,,-4.76665457526062,6.278000188689
-4.451350893428568,0.01771764148848754,-3.266243951370164,14.62880777996048,-1.776705868232537,12.64401779816392,,,-4.755782034507791,6.015553637801895
-4.440478352675738,0.01737719388237789,-3.255371410617334,14.58757668618371,-1.765833327479707,12.70325864850954,,,-4.744909493754962,5.749056374154226
-4.429605811922909,0.0172945374064724,-3.244498869864505,14.53039912265659,-1.754960786726878,12.73106440520992,,,-4.734036953002132,5.480009333199464
-4.41873327117008,0.01747309399565982,-3.233626329111676,14.45688610116507,-1.744088245974048,12.72958048679128,,,-4.723164412249303,5.20984170650919
-4.407860730417251,0.01791862381158118,-3.222753788358846,14.37147721052752,-1.733215705221219,12.7033115219384,,,-4.712291871496474,4.939938712797407
-4.396988189664421,0.01863737209701199,-3.211881247606017,14.27555697322762,-1.72234316446839,12.650617624362,,,-4.701419330743644,4.671628480757636
-4.386115648911591,0.01963649407670701,-3.201008706853187,14.16752250101411,-1.71147062371556,12.56797875746212,,,-4.690546789990814,4.406170320286604
-4.375243108158762,0.02091985785628975,-3.190136166100358,14.04897960891756,-1.700598082962731,12.45633963648811,,,-4.679674249237985,4.144744515720848
-4.364370567405933,0.02250551704312375,-3.179263625347529,13.92148171700721,-1.689725542209901,12.31688696995244,,,-4.668801708485156,3.888443739353709
-4.353498026653103,0.02439768077520236,-3.168391084594699,13.7867764689166,-1.678853001457072,12.15102260870813,,,-4.657929167732327,3.638266147770481
-4.342625485900274,0.02660645780879261,-3.15751854384187,13.64662973865156,-1.667980460704243,11.96273355985465,,,-4.647056626979497,3.395110188312108
-4.331752945147445,0.02914234058853314,-3.146646003089041,13.50285041735475,-1.657107919951413,11.75376630228547,,,-4.636184086226668,3.159771109064745
-4.320880404394615,0.03201602540703552,-3.135773462336211,13.35853763218935,-1.646235379198584,11.52537125918732,,,-4.625311545473838,2.932943474311135
-4.310007863641786,0.03523819969377609,-3.124900921583381,13.21542937100672,-1.635362838445754,11.27952485604277,,,-4.614439004721008,2.715204790146823
-4.299135322888956,0.03882339484759383,-3.114028380830552,13.07661477222844,-1.624490297692925,11.01651182694388,,,-4.603566463968179,2.507039497718436
-4.288262782136127,0.04277451167057954,-3.103155840077723,12.94388543140791,-1.613617756940096,10.73845141047453,,,-4.59269392321535,2.308827359632973
-4.277390241383298,0.04710394879542733,-3.092283299324893,12.81656478779046,-1.602745216187266,10.44750370291868,,,-4.581821382462521,2.120850761184525
-4.266517700630468,0.05181985519068966,-3.081410758572064,12.69634444163333,-1.591872675434437,10.14583735885278,,,-4.570948841709692,1.943299734981448
-4.255645159877639,0.05692901407627782,-3.070538217819235,12.58711350898558,-1.581000134681607,9.835606842678947,,,-4.560076300956862,1.776277930869751
-4.244772619124809,0.06243656707383111,-3.059665677066405,12.49045365143532,-1.570127593928778,9.518915976660198,,,-4.549203760204032,1.619809365402915
-4.23390007837198,0.06834558188570859,-3.048793136313576,12.40544397757651,-1.559255053175949,9.197837924745844,,,-4.538331219451203,1.473845782533705
-4.223027537619151,0.07465691816950985,-3.037920595560746,12.3334408304608,-1.548382512423119,8.874324345146187,,,-4.527458678698373,1.338274458190712
-4.212154996866321,0.08136882316325468,-3.027048054807917,12.2756457648747,-1.53750997167029,8.550235287736516,,,-4.516586137945544,1.212926285619278
-4.201282456113492,0.08847667676816112,-3.016175514055088,12.23313162655007,-1.52663743091746,8.227306739869913,,,-4.505713597192715,1.097583985426072
-4.190409915360663,0.09597571032011637,-3.005302973302258,12.20684843582308,-1.515764890164631,7.907146571763252,,,-4.494841056439886,0.9919632747734894
-4.179537374607833,0.103854853872904,-2.994430432549429,12.19756112259006,-1.504892349411802,7.591206047622679,,,-4.483968515687057,0.8958350072772334
-4.168664833855003,0.1120912593401249,-2.983557891796599,12.20590235561772,-1.494019808658972,7.280787436306738,,,-4.473095974934227,0.8088514136485261
-4.157792293102174,0.1206744653499759,-2.97268535104377,12.2323378485027,-1.483147267906143,6.977027969583022,,,-4.462223434181397,0.730682506940298
-4.146919752349345,0.1295803205579963,-2.961812810290941,12.27716604755042,-1.472274727153313,6.680902371634121,,,-4.451350893428568,0.6609882948741692
-4.136047211596516,0.1387829324379475,-2.950940269538111,12.34255161616594,-1.461402186400484,6.393221684046325,,,-4.440478352675738,0.5994251145750871
-4.125174670843686,0.1482525367446492,-2.940067728785282,12.428435371531,-1.450529645647655,6.11463494960298,,,-4.429605811922909,0.5456769174472097
-4.114302130090857,0.1579558459143293,-2.929195188032453,12.53253642123543,-1.439657104894825,5.845634391651762,,,-4.41873327117008,0.4993651673495968
-4.103429589338027,0.1678556173965375,-2.918322647279623,12.65444652880165,-1.428784564141996,5.587250274164631,,,-4.407860730417251,0.4601870231871881
-4.092557048585197,0.1779112540333809,-2.907450106526793,12.79356503306481,-1.417912023389166,5.339678792725006,,,-4.396988189664421,0.4278348150889262
-4.081684507832368,0.1880789506870607,-2.896577565773964,12.94925969043356,-1.407039482636337,5.102296441336472,,,-4.386115648911591,0.4020188475760909
-4.070811967079539,0.1983120162755165,-2.885705025021135,13.12066127541573,-1.396166941883508,4.875049028018694,,,-4.375243108158762,0.3824271153388762
-4.05993942632671,0.2085632834311883,-2.874832484268306,13.30676627309546,-1.385294401130678,4.657778692846705,,,-4.364370567405933,0.369028002553359
-4.049066885573881,0.2187782568655386,-2.863959943515476,13.50649053985884,-1.374421860377849,4.450232964603772,,,-4.353498026653103,0.3613318348456117
-4.038194344821051,0.2289056112245406,-2.853087402762647,13.71866835862699,-1.363549319625019,4.252085061900123,,,-4.342625485900274,0.3592452901321112
-4.027321804068221,0.2388914635290155,-2.842214862009818,13.94204688841259,-1.35267677887219,4.062946006699802,,,-4.331752945147445,0.3625672440813341
-4.016449263315392,0.2486817503677893,-2.831342321256988,14.17531368220019,-1.341804238119361,3.882377343382733,,,-4.320880404394615,0.3711497509223616
-4.005576722562562,0.2582225949476213,-2.820469780504158,14.41711462307148,-1.330931697366531,3.7099102122649,,,-4.310007863641786,0.3848543820790654
-3.994704181809733,0.2674602405016606,-2.809597239751329,14.66607189718412,-1.320059156613702,3.545049473332054,,,-4.299135322888956,0.4036473908383632
-3.983831641056904,0.2763450998916113,-2.7987246989985,14.92080163244558,-1.309186615860872,3.387291936036683,,,-4.288262782136127,0.4272726839871055
-3.972959100304075,0.2848261632069036,-2.78785215824567,15.17993083470929,-1.298314075108043,3.237336382467638,,,-4.277390241383298,0.4557056696825289
-3.962086559551245,0.2928594278386266,-2.776979617492841,15.44211109176365,-1.287441534355214,3.095965395675611,,,-4.266517700630468,0.4888631898278584
-3.951214018798415,0.3004012907627747,-2.766107076740012,15.70604224709136,-1.276568993602384,2.961489027167205,,,-4.255645159877639,0.5266682735953772
-3.940341478045586,0.3074136478105424,-2.755234535987182,15.97047283769928,-1.265696452849555,2.832120065569277,,,-4.244772619124809,0.5690808239692476
-3.929468937292757,0.314035528294372,-2.744361995234353,16.23421298050711,-1.254823912096726,2.707404356379569,,,-4.23390007837198,0.6159676804711456
-3.918596396539928,0.3202395464551653,-2.733489454481523,16.49934759392821,-1.243951371343896,2.586926600186303,,,-4.223027537619151,0.667277332838806
-3.907723855787098,0.3258268142394637,-2.722616913728694,16.76701475802509,-1.233078830591067,2.470314065449471,,,-4.212154996866321,0.7229247798795529
-3.896851315034269,0.3307790523532059,-2.711744372975865,17.03545999098234,-1.222206289838237,2.357238987235898,,,-4.201282456113492,0.7828150090286373
-3.88597877428144,0.3350848634193164,-2.700871832223035,17.30383712392968,-1.211333749085408,2.247418000293738,,,-4.190409915360663,0.8468932255772988
-3.87510623352861,0.3387414655928639,-2.689999291470206,17.57106931834342,-1.200461208332579,2.140619424346358,,,-4.179537374607833,0.914980396513175
-3.86423369277578,0.3417496218830597,-2.679126750717376,17.83396083638534,-1.189588667579749,2.036650652483343,,,-4.168664833855003,0.9868973089362092
-3.853361152022951,0.3441211949171789,-2.668254209964547,18.08935887741123,-1.17871612682692,1.935364430619193,,,-4.157792293102174,1.062560082886757
-3.842488611270122,0.3458744818525292,-2.657381669211718,18.33883940987102,-1.16784358607409,1.836653908359125,,,-4.146919752349345,1.141834421128746
-3.831616070517292,0.3472964221272483,-2.646509128458888,18.58244919726181,-1.156971045321261,1.740449253512022,,,-4.136047211596516,1.224405433013028
-3.820743529764463,0.3484176867474886,-2.635636587706059,18.8172419548321,-1.146098504568432,1.646713757374498,,,-4.125174670843686,1.310101888928447
-3.809870989011634,0.3490124002990733,-2.62476404695323,19.04186770670107,-1.135225963815602,1.555439568853227,,,-4.114302130090857,1.398713186187543
-3.798998448258804,0.3491224978940871,-2.6138915062004,19.25578405652764,-1.124353423062773,1.46664319104632,,,-4.103429589338027,1.489976786460685
-3.788125907505975,0.3487960775002191,-2.60301896544757,19.45848981618833,-1.113480882309943,1.380360866750136,,,-4.092557048585197,1.583628945160503
-3.777253366753145,0.3480868525382257,-2.592146424694741,19.64953512239873,-1.102608341557114,1.296643969891635,,,-4.081684507832368,1.679394842822833
-3.766380826000316,0.3470535142781433,-2.581273883941912,19.82842046706957,-1.091735800804285,1.215554508531893,,,-4.070811967079539,1.776992382656277
-3.755508285247487,0.3457590121218275,-2.570401343189082,19.99478144220473,-1.080863260051455,1.137160832282073,,,-4.05993942632671,1.876123454787294
-3.744635744494657,0.3442697612409251,-2.559528802436253,20.14813945309367,-1.069990719298626,1.061533623158892,,,-4.049066885573881,1.97654828749478
-3.733763203741828,0.3426547882654276,-2.548656261683424,20.28807449355459,-1.059118178545796,0.9887422345122693,,,-4.038194344821051,2.078014637426338
-3.722890662988998,0.3409848267694244,-2.537783720930594,20.41536346850954,-1.048245637792967,0.918851428092065,,,-4.027321804068221,2.180171832855176
-3.712018122236169,0.3393313751623379,-2.526911180177765,20.52954304569101,-1.037373097040138,0.8519183973810959,,,-4.016449263315392,2.282821215246325
-3.70114558148334,0.337842880632926,-2.516038639424935,20.62881885927354,-1.026500556287308,0.787991017527141,,,-4.005576722562562,2.385750042983474
-3.69027304073051,0.3365887785223031,-2.505166098672106,20.71288358499292,-1.015628015534479,0.7271049452321263,,,-3.994704181809733,2.488789645258326
-3.679400499977681,0.3355585287026301,-2.494293557919277,20.78287720375781,-1.004755474781649,0.6692828766253217,,,-3.983831641056904,2.591803122176266
-3.668527959224852,0.334815662741565,-2.483421017166447,20.83827757019236,-0.99388293402882,0.6145333590811727,,,-3.972959100304075,2.694632248093526
-3.657655418472022,0.334419816973929,-2.472548476413618,20.87672978577804,-0.9830103932759906,0.5628502179068323,,,-3.962086559551245,2.797359903136533
-3.646782877719192,0.3344257388568872,-2.461675935660788,20.89767227185779,-0.9721378525231612,0.5142123780766291,,,-3.951214018798415,2.899936300244338
-3.635910336966363,0.3348833058466583,-2.450803394907959,20.90551082646081,-0.9612653117703318,0.4685840445387985,,,-3.940341478045586,3.002444934217575
-3.625037796213534,0.3358334326375993,-2.43993085415513,20.90044253678847,-0.9503927710175024,0.4259152000759043,,,-3.929468937292757,3.106328585237052
-3.614165255460704,0.3373126701105194,-2.4290583134023,20.87820169992968,-0.939520230264673,0.3861423766629404,,,-3.918596396539928,3.211888228378879
-3.603292714707875,0.3393489140387441,-2.418185772649471,20.837584512023,-0.9286476895118436,0.3491896546533807,,,-3.907723855787098,3.318008531542206
-3.592420173955046,0.3419621307976192,-2.407313231896642,20.7766476041939,-0.9177751487590142,0.3149698438204407,,,-3.896851315034269,3.425033962588381
-3.581547633202216,0.345164053935538,-2.396440691143812,20.69492168555584,-0.9069026080061848,0.2833609055862977,,,-3.88597877428144,3.53338253092685
-3.570675092449387,0.3489593326178702,-2.385568150390982,20.5927205824488,-0.8960300672533554,0.2543141360507383,,,-3.87510623352861,3.643595625174484
-3.559802551696557,0.3533379492170186,-2.374695609638153,20.46974402386115,-0.885157526500526,0.2276601460374656,,,-3.86423369277578,3.756143497250266
-3.548930010943728,0.3582867918100022,-2.363823068885324,20.32765480371616,-0.8742849857476966,0.2032517580882029,,,-3.853361152022951,3.871689889006976
-3.538057470190899,0.3637820999269732,-2.352950528132495,20.16638332156017,-0.8634124449948672,0.1811176197346348,,,-3.842488611270122,3.990916590747019
-3.527184929438069,0.3697915405235871,-2.342077987379665,19.98342194082244,-0.8525399042420378,0.16102973217691,,,-3.831616070517292,4.117248410305685
-3.51631238868524,0.3762745383066758,-2.331205446626836,19.78147063444034,-0.8416673634892085,0.1428627617485376,,,-3.820743529764463,4.251435055276721
-3.50543984793241,0.3832109374624669,-2.320332905874007,19.56580367625194,-0.8307948227363791,0.1264910605177375,,,-3.809870989011634,4.391540980825202
-3.494567307179581,0.3905448662767609,-2.309460365121177,19.33426317066819,-0.8199222819835497,0.1117565747133426,,,-3.798998448258804,4.538343319712054
-3.483694766426752,0.3981853926465541,-2.298587824368347,19.08224623409279,-0.8090497412307203,0.09854427507343042,,,-3.788125907505975,4.692627154583768
-3.472822225673922,0.4060639619646729,-2.287715283615518,18.8104473487488,-0.7981772004778909,0.08683919987234953,,,-3.777253366753145,4.855172427094619
-3.461949684921093,0.4141072243825279,-2.276842742862689,18.51953448274891,-0.7873046597250615,0.07644128864623682,,,-3.766380826000316,5.026740107054092
-3.451077144168264,0.4222371510092076,-2.265970202109859,18.21283975247495,-0.7764321189722321,0.0672396870460362,,,-3.755508285247487,5.208057841807617
-3.440204603415434,0.4303735156890026,-2.25509766135703,17.89133824776225,-0.7655595782194027,0.05912831922837614,,,-3.744635744494657,5.399805325695183
-3.429332062662604,0.4384333840160214,-2.244225120604201,17.55364016352285,-0.7546870374665733,0.05200635743178579,,,-3.733763203741828,5.602599644517303
-3.418459521909775,0.446337462880926,-2.233352579851371,17.20093486831283,-0.7438144967137439,0.04574118413266513,,,-3.722890662988998,5.816980859956386
-3.407586981156946,0.4539928399480929,-2.222480039098542,16.83452379754285,-0.7329419559609145,0.0403265311277689,,,-3.712018122236169,6.043398103452588
-3.396714440404117,0.4613205586269566,-2.211607498345712,16.45874913579151,-0.7220694152080851,0.03560378200801902,,,-3.70114558148334,6.282412655455712
-3.385841899651287,0.468239739010332,-2.200734957592883,16.07505373804051,-0.7111968744552557,0.03155744689832359,,,-3.69027304073051,6.534251527273772
-3.374969358898458,0.4748767320510095,-2.189862416840054,15.68188728915606,-0.7003243337024263,0.02808127308863714,,,-3.679400499977681,6.798796687254641
-3.364096818145629,0.481155363642727,-2.178989876087224,15.28084958374227,-0.6894517929495969,0.02511032244497755,,,-3.668527959224852,7.076010160423825
-3.353224277392799,0.486805459164404,-2.168117335334395,14.87344127066873,-0.6785792521967675,0.02258533177986944,,,-3.657655418472022,7.365778961540631
-3.342351736639969,0.4917511739197921,-2.157244794581565,14.46122915821169,-0.6677067114439381,0.02045254506624328,,,-3.646782877719192,7.667705532082144
-3.33147919588714,0.4959373072853773,-2.146372253828736,14.04574738309771,-0.6568341706911087,0.01866352871023359,,,-3.635910336966363,7.981325333177621
-3.320606655134311,0.499313488663124,-2.135499713075907,13.63105378433241,-0.6459616299382793,0.01717485946056853,,,-3.625037796213534,8.306001972099946
-3.309734114381481,0.5018358594801273,-2.124627172323077,13.2186129965979,-0.6350890891854499,0.0159479791949256,,,-3.614165255460704,8.640952269408839
-3.298861573628652,0.5034674490865048,-2.113754631570248,12.80745188476123,-0.6242165484326205,0.01494885815718324,,,-3.603292714707875,8.985190048016733
-3.287989032875823,0.5041822436128747,-2.102882090817419,12.39896726368232,-0.6133440076797911,0.01414773614339082,,,-3.592420173955046,9.337674697221678
-3.277116492122993,0.50396300980315,-2.092009550064589,11.99449277557206,-0.6024714669269617,0.01351884528191299,,,-3.581547633202216,9.697242143427037
-3.266243951370164,0.502950761724661,-2.081137009311759,11.59698940612244,-0.5915989261741323,0.01304013476105438,,,-3.570675092449387,10.06248371023316
-3.255371410617334,0.5014030626675262,-2.07026446855893,11.20762008864435,-0.5807263854213029,0.0126930006278305,,,-3.559802551696557,10.43193682946133
-3.244498869864505,0.4991782307174996,-2.059391927806101,10.82574214496426,-0.5698538446684736,0.0124620229234438,,,-3.548930010943728,10.80406308923239
-3.233626329111676,0.4960328661274219,-2.048519387053271,10.45231760545625,-0.5589813039156442,0.01233471164971991,,,-3.538057470190899,11.17721715855965
-3.222753788358846,0.4919909587426892,-2.037646846300442,10.08820774548979,-0.5481087631628148,0.012301262383199,,,-3.527184929438069,11.54968401179052
-3.211881247606017,0.4870839123736156,-2.026774305547613,9.734137735115283,-0.5372362224099854,0.01236653609916818,,,-3.51631238868524,11.91969653333241
-3.201008706853187,0.4813502727161926,-2.015901764794783,9.390828856288072,-0.526363681657156,0.01252529755450362,,,-3.50543984793241,12.28672790069886
-3.190136166100358,0.4748375456028067,-2.005029224041954,9.058783598247322,-0.5154911409043266,0.01276200103185528,,,-3.494567307179581,12.64895147939209
-3.179263625347529,0.4676004328103363,-1.994156683289124,8.73843789239046,-0.5046186001514972,0.01306442358629619,,,-3.483694766426752,13.00326030381282
-3.168391084594699,0.4597001601278434,-1.983284142536295,8.430121564664452,-0.4937460593986678,0.01345646677354879,,,-3.472822225673922,13.34784585854198
-3.15751854384187,0.4512037460806206,-1.972411601783466,8.134060725634081,-0.4828735186458384,0.013925981290873,,,-3.461949684921093,13.68096914210967
-3.146646003089041,0.4421832235920097,-1.961539061030636,7.851648765246017,-0.472000977893009,0.01447582939926871,,,-3.451077144168264,14.00088417202455
-3.135773462336211,0.4328387072938789,-1.950666520277807,7.583542550834031,-0.4611284371401796,0.01510987467983732,,,-3.440204603415434,14.31207088864226
-3.124900921583381,0.4232483137178625,-1.939793979524977,7.328385406752689,-0.4502558963873502,0.01583282574258286,,,-3.429332062662604,14.61295247677092
-3.114028380830552,0.4133726220347858,-1.928921438772148,7.085359840455414,-0.4393833556345208,0.01665005735977008,,,-3.418459521909775,14.89662313085373
-3.103155840077723,0.4032932784383053,-1.918048898019319,6.854209262454022,-0.4285108148816914,0.01756743114416899,,,-3.407586981156946,15.16159819073256
-3.092283299324893,0.3930887219148111,-1.907176357266489,6.634607195619445,-0.417638274128862,0.01859111535849564,,,-3.396714440404117,15.40603091696779
-3.081410758572064,0.382841648754211,-1.89630381651366,6.426165246338103,-0.4067657333760326,0.01972885151724821,,,-3.385841899651287,15.62882720654088
-3.070538217819235,0.3726341657316267,-1.88543127576083,6.228441394654072,-0.3958931926232032,0.02098438642799341,,,-3.374969358898458,15.83351177091704
-3.059665677066405,0.362547723080398,-1.874558735008001,6.040948495155123,-0.3850206518703738,0.02236486739975595,,,-3.364096818145629,16.01913172464303
-3.048793136313576,0.3526600664916199,-1.863686194255172,5.863162880863006,-0.3741481111175444,0.023857119816985,,,-3.353224277392799,16.18079731621711
-3.037920595560746,0.3430479762483861,-1.852813653502342,5.694532963644845,-0.363275570364715,0.02548771537302799,,,-3.342351736639969,16.31801091726568
-3.027048054807917,0.3337845958005864,-1.841941112749513,5.534487726708905,-0.3524030296118856,0.02728189803191899,,,-3.33147919588714,16.43054991921052
-3.016175514055088,0.3249394227362286,-1.831068571996683,5.382556892411381,-0.3415304888590562,0.02921748701133772,,,-3.320606655134311,16.52005681139982
-3.005302973302258,0.3165751498415074,-1.820196031243854,5.238154138286292,-0.3306579481062268,0.0312970247699265,,,-3.309734114381481,16.58667566577595
-2.994430432549429,0.308758698116934,-1.809323490491025,5.100719672127369,-0.3197854073533974,0.03352172637016954,,,-3.298861573628652,16.62900287300184
-2.983557891796599,0.3015426935158989,-1.798450949738195,4.970510251422823,-0.308912866600568,0.03589135082222405,,,-3.287989032875823,16.64760706857551
-2.97268535104377,0.2949781033809275,-1.787578408985366,4.846751624422681,-0.2980403258477387,0.03840408491019631,,,-3.277116492122993,16.6430968348986
-2.961812810290941,0.2891105248721187,-1.776705868232537,4.728152297216747,-0.2871677850949093,0.04105644253353,,,-3.266243951370164,16.61903196946035
-2.950940269538111,0.2840507953955537,-1.765833327479707,4.614191263223885,-0.2762952443420799,0.04384318253697516,,,-3.255371410617334,16.57824354939597
-2.940067728785282,0.2798326173317238,-1.754960786726878,4.504423127507821,-0.2654227035892505,0.0467572478721961,,,-3.244498869864505,16.51926666399868
-2.929195188032453,0.2764124600448138,-1.744088245974048,4.39877981799522,-0.2545501628364211,0.04978972872917197,,,-3.233626329111676,16.44152040952232
-2.918322647279623,0.2738117350793324,-1.733215705221219,4.297692846683444,-0.2436776220835917,0.0529298519946756,,,-3.222753788358846,16.34996886052895
-2.907450106526793,0.2720418887005661,-1.72234316446839,4.200436617943359,-0.2328050813307623,0.05616499903886846,,,-3.211881247606017,16.24616750849659
-2.896577565773964,0.2711216588827616,-1.71147062371556,4.105782471086393,-0.2219325405779329,0.05948075340222165,,,-3.201008706853187,16.12833102789374
-2.885705025021135,0.2710496629835583,-1.700598082962731,4.013424807932527,-0.2110599998251035,0.06286097945871461,,,-3.190136166100358,15.99826892284987
-2.874832484268306,0.2718239563113069,-1.689725542209901,3.923118471155796,-0.2001874590722741,0.06628793257508803,,,-3.179263625347529,15.85774805164152
-2.863959943515476,0.273436857830343,-1.678853001457072,3.834662649509567,-0.1893149183194447,0.06974240067968326,,,-3.168391084594699,15.70874593437358
-2.853087402762647,0.2758750349000424,-1.667980460704243,3.748885738812786,-0.1784423775666153,0.07320387651012943,,,-3.15751854384187,15.55326708075824
-2.842214862009818,0.2791196021576452,-1.657107919951413,3.665661096576123,-0.1675698368137859,0.07665075914084515,,,-3.146646003089041,15.39336682702303
-2.831342321256988,0.2831462339276283,-1.646235379198584,3.58466338370829,-0.1566972960609565,0.08006441026838713,,,-3.135773462336211,15.2325568301103
-2.820469780504158,0.2879252902339894,-1.635362838445754,3.505821723892378,-0.1458247553081271,0.08341516845179446,,,-3.124900921583381,15.07281379644254
-2.809597239751329,0.2934219571579147,-1.624490297692925,3.428329386558752,-0.1349522145552977,0.08668265623718892,,,-3.114028380830552,14.91753473846328
-2.7987246989985,0.2995964028973211,-1.613617756940096,3.352145983937028,-0.1240796738024683,0.0898434810312544,,,-3.103155840077723,14.76876124599705
-2.78785215824567,0.3064039514234959,-1.602745216187266,3.277314225873091,-0.1132071330496389,0.09287452334718764,,,-3.092283299324893,14.62586151400051
-2.776979617492841,0.3137940695256878,-1.591872675434437,3.203827531581037,-0.1023345922968095,0.09575325137471837,,,-3.081410758572064,14.49076546503231
-2.766107076740012,0.3217156785879142,-1.581000134681607,3.131716323823479,-0.09146205154398013,0.09845803832603639,,,-3.070538217819235,14.36788248911588
-2.755234535987182,0.3301093392296866,-1.570127593928778,3.06099119945871,-0.08058951079115073,0.1009711189201451,,,-3.059665677066405,14.25901418998996
-2.744361995234353,0.3389131033580327,-1.559255053175949,2.991756010812667,-0.06971697003832134,0.1032690674365328,,,-3.048793136313576,14.16314665648598
-2.733489454481523,0.3480664263663175,-1.548382512423119,2.924016705411481,-0.05884442928549194,0.1053369170889208,,,-3.037920595560746,14.08182630295609
-2.722616913728694,0.3575100429864612,-1.53750997167029,2.857810326422251,-0.04797188853266254,0.107159742213278,,,-3.027048054807917,14.01642646450301
-2.711744372975865,0.3672225250640795,-1.52663743091746,2.793087331925085,-0.03709934777983315,0.1087249657309429,,,-3.016175514055088,13.96817404385755
-2.700871832223035,0.3771191789112546,-1.515764890164631,2.730029979151185,-0.02622680702700375,0.110022579043016,,,-3.005302973302258,13.93815058382529
-2.689999291470206,0.3870706921728292,-1.504892349411802,2.668542548834088,-0.01535426627417436,0.1110453280681873,,,-2.994430432549429,13.92724254174156
-2.679126750717376,0.3969980313181144,-1.494019808658972,2.608651095900798,-0.004481725521344959,0.1117888616771512,,,-2.983557891796599,13.93617079810172
-2.668254209964547,0.4068180762893177,-1.483147267906143,2.550299625444203,0.006390815231484437,0.1122518394879813,,,-2.97268535104377,13.96547067025003
-2.657381669211718,0.4164639195568295,-1.472274727153313,2.49344278587199,0.01726335598431383,0.1125974333679872,,,-2.961812810290941,14.01548655293653
-2.646509128458888,0.4259743474882117,-1.461402186400484,2.438034428909005,0.02813589673714323,0.1128290460655488,,,-2.950940269538111,14.08893178425057
-2.635636587706059,0.4352547330719325,-1.450529645647655,2.383969090031236,0.03900843748997262,0.1127903081109198,,,-2.940067728785282,14.18573954670341
-2.62476404695323,0.4441056449268239,-1.439657104894825,2.331119532918212,0.04988097824280202,0.1124893529486904,,,-2.929195188032453,14.30306491937208
-2.6138915062004,0.452448937169511,-1.428784564141996,2.279973805699355,0.06075351899563142,0.1119373090918459,,,-2.918322647279623,14.44043811796111
-2.60301896544757,0.4602093702260264,-1.417912023389166,2.230353473546354,0.07162605974846081,0.1111481858132135,,,-2.907450106526793,14.5971667675154
-2.592146424694741,0.4673157780190198,-1.407039482636337,2.181562347072568,0.08249860050129021,0.1101387179843926,,,-2.896577565773964,14.77252334272994
-2.581273883941912,0.4736996077482262,-1.396166941883508,2.133456944529176,0.09337114125411961,0.1089281730743245,,,-2.885705025021135,14.96549976061595
-2.570401343189082,0.4793003005157984,-1.385294401130678,2.086005996648996,0.104243682006949,0.1075381240545534,,,-2.874832484268306,15.17493983904612
-2.559528802436253,0.4840598272096031,-1.374421860377849,2.038953349387963,0.1151162227597784,0.1059921925975744,,,-2.863959943515476,15.39958752486154
-2.548656261683424,0.487928031226219,-1.363549319625019,1.992145051848469,0.1259887635126078,0.1043157674820412,,,-2.853087402762647,15.63808698640386
-2.537783720930594,0.4908717246312472,-1.35267677887219,1.945432339453184,0.1368613042654372,0.1025357035208049,,,-2.842214862009818,15.88897907415532
-2.526911180177765,0.4928542960642927,-1.341804238119361,1.898636320239675,0.1477338450182666,0.1006800065951994,,,-2.831342321256988,16.1507308852292
-2.516038639424935,0.4938361089659231,-1.330931697366531,1.851713898979597,0.158606385771096,0.09877751050595622,,,-2.820469780504158,16.4217559058888
-2.505166098672106,0.4937960615703166,-1.320059156613702,1.804501526462551,0.1694789265239254,0.09685755133595686,,,-2.809597239751329,16.7004343241683
-2.494293557919277,0.4929774952011742,-1.309186615860872,1.756901866247415,0.1803514672767548,0.0949496448650778,,,-2.7987246989985,16.98513311208827
-2.483421017166447,0.4913735561877318,-1.298314075108043,1.709320614682711,0.1912240080295842,0.09308317228897003,,,-2.78785215824567,17.27422547762479
-2.472548476413618,0.4887272665000525,-1.287441534355214,1.662756367611009,0.2020965487824136,0.09128707908179166,,,-2.776979617492841,17.56610591674585
-2.461675935660788,0.4850463471055015,-1.276568993602384,1.616774057000171,0.212969089535243,0.08958959132113123,,,-2.766107076740012,17.85922154167289
-2.450803394907959,0.4803631953232552,-1.265696452849555,1.570166269944824,0.2238416302880724,0.08801795317805249,,,-2.755234535987182,18.15210310792019
-2.43993085415513,0.4747089218346066,-1.254823912096726,1.522916332103026,0.2347141710409018,0.08659818858529424,,,-2.744361995234353,18.44325158304368
-2.4290583134023,0.4683669260865623,-1.243951371343896,1.475031686734677,0.2455867117937311,0.08535488935300536,,,-2.733489454481523,18.7347997490877
-2.418185772649471,0.4613739733599236,-1.233078830591067,1.426543784666841,0.2564592525465605,0.08431103122617019,,,-2.722616913728694,19.02807926464458
-2.407313231896642,0.4534961387028936,-1.222206289838237,1.377507532717307,0.2673317932993899,0.08348886055695072,,,-2.711744372975865,19.32089424375624
-2.396440691143812,0.4447812726778039,-1.211333749085408,1.327962453694726,0.2782043340522193,0.08290767445818543,,,-2.700871832223035,19.61213085033944
-2.385568150390982,0.4352851453039712,-1.200461208332579,1.278091307582902,0.2890768748050487,0.08258372204024608,,,-2.689999291470206,19.90057608924828
-2.374695609638153,0.4250668784380482,-1.189588667579749,1.227963973027679,0.2999494155578781,0.08253222525969071,,,-2.679126750717376,20.18261548839777
-2.363823068885324,0.4141976501749557,-1.17871612682692,1.177716386176465,0.3108219563107075,0.08276628891124618,,,-2.668254209964547,20.45474509444986
-2.352950528132495,0.4027470061086239,-1.16784358607409,1.127499753476497,0.3216944970635369,0.08329687425886742,,,-2.657381669211718,20.7187399385492
-2.342077987379665,0.3907706573710976,-1.156971045321261,1.07745161019252,0.3325670378163663,0.08413279136731466,,,-2.646509128458888,20.97497891079938
-2.331205446626836,0.3783487758226303,-1.146098504568432,1.02780567838732,0.3434395785691957,0.08528070688050059,,,-2.635636587706059,21.22014255305772
-2.320332905874007,0.3655717731715661,-1.135225963815602,0.9787106584126154,0.3543121193220251,0.08674516384089798,,,-2.62476404695323,21.45222466452105
-2.309460365121177,0.3525052406889563,-1.124353423062773,0.9303547024252196,0.3651846600748545,0.08852861012219668,,,-2.6138915062004,21.67062145186924
-2.298587824368347,0.3392143759391091,-1.113480882309943,0.8829287679638802,0.3760572008276839,0.09063143215484759,,,-2.60301896544757,21.87479657032381
-2.287715283615518,0.3257735582137952,-1.102608341557114,0.8366241877825951,0.3869297415805133,0.09305179983833707,,,-2.592146424694741,22.06434000840249
-2.276842742862689,0.3122556194729864,-1.091735800804285,0.7916303531023923,0.3978022823333427,0.09578650866475837,,,-2.581273883941912,22.23868480341434
-2.265970202109859,0.2987312717991307,-1.080863260051455,0.7481325424255277,0.4086748230861721,0.09882972905449396,,,-2.570401343189082,22.39759052118081
-2.25509766135703,0.2852684801294352,-1.069990719298626,0.7063099213550144,0.4195473638390015,0.1021739466770039,,,-2.559528802436253,22.5405859627952
-2.244225120604201,0.2719319207062147,-1.059118178545796,0.6663337319823038,0.4304199045918309,0.1058111965376368,,,-2.548656261683424,22.66737803232619
-2.233352579851371,0.2587825072244114,-1.048245637792967,0.6283656835727185,0.4412924453446603,0.1097301526811515,,,-2.537783720930594,22.77892789941144
-2.222480039098542,0.2458771180229138,-1.037373097040138,0.5925367256942241,0.4521649860974897,0.1139161387838229,,,-2.526911180177765,22.87492241220051
-2.211607498345712,0.2332818427300059,-1.026500556287308,0.5590195904044024,0.4630375268503191,0.1183540605708321,,,-2.516038639424935,22.95367627833407
-2.200734957592883,0.221040422032773,-1.015628015534479,0.5279367781752844,0.4739100676031485,0.1230269514336726,,,-2.505166098672106,23.01509683787506
-2.189862416840054,0.2091851374221029,-1.004755474781649,0.4993873614337122,0.4847826083559779,0.1279159737823919,,,-2.494293557919277,23.0614549491132
-2.178989876087224,0.1977535834542079,-0.99388293402882,0.4734685855150916,0.4956551491088073,0.1330004220751742,,,-2.483421017166447,23.0924707913172
-2.168117335334395,0.1867780737623179,-0.9830103932759906,0.4502625830362087,0.5065276898616367,0.1382577307819258,,,-2.472548476413618,23.10513013111476
-2.157244794581565,0.1762859770321835,-0.9721378525231612,0.4298360363553495,0.5174002306144661,0.1437356093340493,,,-2.461675935660788,23.09915274547421
-2.146372253828736,0.166299723076716,-0.9612653117703318,0.4122399531904403,0.5282727713672954,0.1494071958026809,,,-2.450803394907959,23.0794153262376
-2.135499713075907,0.15686886741798,-0.9503927710175024,0.3975095352618158,0.5391453121201248,0.1551711114309374,,,-2.43993085415513,23.0464607699259
-2.124627172323077,0.1480061501381908,-0.939520230264673,0.3856641208684996,0.5500178528729542,0.1609964196432385,,,-2.4290583134023,22.9965406353311
-2.113754631570248,0.1396877278940943,-0.9286476895118436,0.3767071841922747,0.5608903936257836,0.1668506145002871,,,-2.418185772649471,22.92882725566695
-2.102882090817419,0.1319175722495834,-0.9177751487590142,0.3706263767364099,0.571762934378613,0.1726997535005836,,,-2.407313231896642,22.84143109058832
-2.092009550064589,0.1246958420593657,-0.9069026080061848,0.367432193097335,0.5826354751314424,0.1785086185843187,,,-2.396440691143812,22.73430183604587
-2.081137009311759,0.1180191988266649,-0.8960300672533554,0.3670153738401105,0.5935080158842718,0.1842409069960487,,,-2.385568150390982,22.60822730731921
-2.07026446855893,0.1118811355605434,-0.885157526500526,0.3693435246119217,0.6043805566371012,0.1898594529037143,,,-2.374695609638153,22.46338033022849
-2.059391927806101,0.1062723133705208,-0.8742849857476966,0.3743373355813159,0.6152530973899306,0.195326479820196,,,-2.363823068885324,22.3020094476847
-2.048519387053271,0.1011809005858095,-0.8634124449948672,0.3819429468512494,0.62612563814276,0.2006038829539182,,,-2.352950528132495,22.12460104999298
-2.037646846300442,0.09659290979114614,-0.8525399042420378,0.3920196606229059,0.6369981788955894,0.2056535396544435,,,-2.342077987379665,21.92910889857868
-2.026774305547613,0.09249142155791973,-0.8416673634892085,0.4044591562768796,0.6478707196484188,0.2104376451473861,,,-2.331205446626836,21.71893690758749
-2.015901764794783,0.08886158224505948,-0.8307948227363791,0.4191289685362616,0.6587432604012482,0.2149190698015752,,,-2.320332905874007,21.50010517541117
-2.005029224041954,0.08568347507194944,-0.8199222819835497,0.4358762117103427,0.6696158011540776,0.2190617332719352,,,-2.309460365121177,21.27101053335867
-1.994156683289124,0.08293770347046006,-0.8090497412307203,0.4545422540888802,0.680488341906907,0.2228309900450381,,,-2.298587824368347,21.02760397316011
-1.983284142536295,0.08060424959383325,-0.7981772004778909,0.4749767625828987,0.6913608826597364,0.2261940202100154,,,-2.287715283615518,20.77129046492812
-1.972411601783466,0.07866273707895408,-0.7873046597250615,0.4969782322130909,0.7022334234125658,0.2291202187119783,,,-2.276842742862689,20.50344835078399
-1.961539061030636,0.07709267597062154,-0.7764321189722321,0.5203516342929433,0.7131059641653952,0.2315815759409584,,,-2.265970202109859,20.22822714027705
-1.950666520277807,0.07587368935994368,-0.7655595782194027,0.5448919908289495,0.7239785049182246,0.2335530422846949,,,-2.25509766135703,19.94734690246279
-1.939793979524977,0.07498572151236275,-0.7546870374665733,0.5703856426451318,0.734851045671054,0.2350128692409935,,,-2.244225120604201,19.66008499960548
-1.928921438772148,0.07440922740687222,-0.7438144967137439,0.5965962724389899,0.7457235864238834,0.235942919851607,,,-2.233352579851371,19.36838137239512
-1.918048898019319,0.07412534368273671,-0.7329419559609145,0.6233317023216147,0.7565961271767128,0.2363289415851158,,,-2.222480039098542,19.07430512392178
-1.907176357266489,0.07411604100264287,-0.7220694152080851,0.6503301954838501,0.7674686679295422,0.2363514563629861,,,-2.211607498345712,18.78334802865127
-1.89630381651366,0.07436425780295487,-0.7111968744552557,0.6773862922441837,0.7783412086823716,0.2360029306514314,,,-2.200734957592883,18.49762507712151
-1.88543127576083,0.07485401532540407,-0.7003243337024263,0.7042534078423113,0.789213749435201,0.235087925801661,,,-2.189862416840054,18.21583233245365
-1.874558735008001,0.0755705137242762,-0.6894517929495969,0.7307028629260953,0.8000862901880303,0.2336062244995311,,,-2.178989876087224,17.94019607691195
-1.863686194255172,0.07650020893339357,-0.6785792521967675,0.7565110871900336,0.8109588309408597,0.2315622249895537,,,-2.168117335334395,17.67277759113806
-1.852813653502342,0.0776308698722968,-0.6677067114439381,0.7814621572710567,0.8218313716936891,0.2289649323705603,,,-2.157244794581565,17.41564188565288
-1.841941112749513,0.07895161548466843,-0.6568341706911087,0.8054013313249191,0.8327039124465185,0.2258278850959118,,,-2.146372253828736,17.17073847287626
-1.831068571996683,0.08045534584696258,-0.6459616299382793,0.8280481637346905,0.8435764531993479,0.2223006169293325,,,-2.135499713075907,16.94260698951497
-1.820196031243854,0.08213388619772828,-0.6350890891854499,0.8492657054334125,0.8544489939521773,0.2184040925939632,,,-2.124627172323077,16.73293224727029
-1.809323490491025,0.08400056476731507,-0.6242165484326205,0.8688954677568386,0.8653215347050067,0.2140304656410815,,,-2.113754631570248,16.54070953647569
-1.798450949738195,0.08606546515190171,-0.6133440076797911,0.8867995513823386,0.8761940754578361,0.2092071626667343,,,-2.102882090817419,16.36732069228957
-1.787578408985366,0.08830041329350653,-0.6024714669269617,0.9028629392924301,0.8870666162106655,0.2039649535011239,,,-2.092009550064589,16.21394820727019
-1.776705868232537,0.09068735755271252,-0.5915989261741323,0.9169955909993591,0.8979391569634949,0.1983375769724624,,,-2.081137009311759,16.08325605945426
-1.765833327479707,0.09322227394044771,-0.5807263854213029,0.9291342944370573,0.9088116977163243,0.1923613293253508,,,-2.07026446855893,15.9759558381472
-1.754960786726878,0.09590330049570957,-0.5698538446684736,0.9392442346205699,0.9196842384691537,0.1860746227970616,,,-2.059391927806101,15.89079217216503
-1.744088245974048,0.098737021479316,-0.5589813039156442,0.9473202418561696,0.9305567792219831,0.1795175223595326,,,-2.048519387053271,15.8279477503749
-1.733215705221219,0.1017225855966479,-0.5481087631628148,0.9533876868723714,0.9414293199748125,0.1727287442504508,,,-2.037646846300442,15.78733450429778
-1.72234316446839,0.104850323789902,-0.5372362224099854,0.958858017123856,0.9523018607276419,0.1657558365656957,,,-2.026774305547613,15.7685488189415
-1.71147062371556,0.1081237809153167,-0.526363681657156,0.9638068342513403,0.9631744014804713,0.1586377399183143,,,-2.015901764794783,15.77103969863351
-1.700598082962731,0.1115403237533905,-0.5154911409043266,0.9669737679301939,0.9740469422333007,0.1514163777313418,,,-2.005029224041954,15.7938421262304
-1.689725542209901,0.115099438392474,-0.5046186001514972,0.9684761009949937,0.9849194829861301,0.1441329678345473,,,-1.994156683289124,15.83577488551957
-1.678853001457072,0.11880010376873,-0.4937460593986678,0.9685382340962553,0.9957920237389595,0.1368276004791173,,,-1.983284142536295,15.89539932365878
-1.667980460704243,0.122663487782439,-0.4828735186458384,0.9672453675013816,1.006664564491789,0.129538848097795,,,-1.972411601783466,15.97103330325833
-1.657107919951413,0.1266866354048012,-0.472000977893009,0.9648490539384205,1.017537105244618,0.1223034121259173,,,-1.961539061030636,16.06204582926106
-1.646235379198584,0.1308639631175345,-0.4611284371401796,0.9615858237814173,1.028409645997448,0.1151558112342323,,,-1.950666520277807,16.1669510243008
-1.635362838445754,0.1351894762663351,-0.4502558963873502,0.9577147595245482,1.039282186750277,0.1081281143043993,,,-1.939793979524977,16.28215023295156
-1.624490297692925,0.1396336360886133,-0.4393833556345208,0.9535146955944267,1.050154727503106,0.1012497204315838,,,-1.928921438772148,16.40452501408045
-1.613617756940096,0.1441866604876895,-0.4285108148816914,0.9492810971880689,1.061027268255936,0.09454718719374181,,,-1.918048898019319,16.531472657417
-1.602745216187266,0.1488373480269764,-0.417638274128862,0.9453226599681941,1.071899809008765,0.0880441074106762,,,-1.907176357266489,16.66030024109648
-1.591872675434437,0.1535718491187451,-0.4067657333760326,0.9419794182414355,1.082772349761595,0.08176103365204525,,,-1.89630381651366,16.78825871112801
-1.581000134681607,0.1583743686932072,-0.3958931926232032,0.9395380529992593,1.093644890514424,0.07571544886360233,,,-1.88543127576083,16.91257814576243
-1.570127593928778,0.1632228981620758,-0.3850206518703738,0.9383417393914341,1.104517431267253,0.06992178068301973,,,-1.874558735008001,17.03050367027848
-1.559255053175949,0.1681061338547079,-0.3741481111175444,0.9387070496509201,1.115389972020083,0.06439145632492557,,,-1.863686194255172,17.13933146447303
-1.548382512423119,0.1729965883001905,-0.363275570364715,0.9409515445093578,1.126262512772912,0.05913299433955459,,,-1.852813653502342,17.23644429187562
-1.53750997167029,0.1778698114163119,-0.3524030296118856,0.9454120809261843,1.137135053525742,0.05415212909698983,,,-1.841941112749513,17.31934597709212
-1.52663743091746,0.1826990680210867,-0.3415304888590562,0.9523607964549732,1.148007594278571,0.04945196352178295,,,-1.831068571996683,17.38760769772728
-1.515764890164631,0.1874568003764942,-0.3306579481062268,0.9620744137909321,1.1588801350314,0.04503314539953743,,,-1.820196031243854,17.43905488419604
-1.504892349411802,0.1921084889891041,-0.3197854073533974,0.9748085632843451,1.16975267578423,0.04089406249322932,,,-1.809323490491025,17.47144766239104
-1.494019808658972,0.1966325516321294,-0.308912866600568,0.9907946067460274,1.180625216537059,0.03703105173508736,,,-1.798450949738195,17.48907330789646
-1.483147267906143,0.2009913302766414,-0.2980403258477387,1.010236782433083,1.191497757289889,0.03343860159460371,,,-1.787578408985366,17.48864274318845
-1.472274727153313,0.2051519859868351,-0.2871677850949093,1.033309714973822,1.202370298042718,0.03010964464749468,,,-1.776705868232537,17.46285745293338
-1.461402186400484,0.2090907181536744,-0.2762952443420799,1.060156328438185,1.213242838795547,0.02703567285468617,,,-1.765833327479707,17.41067218567387
-1.450529645647655,0.2127582850648945,-0.2654227035892505,1.09088619452487,1.224115379548377,0.02420703740411241,,,-1.754960786726878,17.33139083321345
-1.439657104894825,0.2161293088433826,-0.2545501628364211,1.125574340990588,1.234987920301206,0.0216131437628861,,,-1.744088245974048,17.22709732626582
-1.428784564141996,0.2192694504910746,-0.2436776220835917,1.16426053807249,1.245860461054036,0.01924265870663731,,,-1.733215705221219,17.10272695421849
-1.417912023389166,0.2221474147705589,-0.2328050813307623,1.206949072844786,1.256733001806865,0.01708370598218494,,,-1.72234316446839,16.95590456609527
-1.407039482636337,0.2246360171377454,-0.2219325405779329,1.253609013309525,1.267605542559694,0.01512404864122069,,,-1.71147062371556,16.78188500946383
-1.396166941883508,0.2267073323109361,-0.2110599998251035,1.304174955666854,1.278478083312524,0.01335125654053064,,,-1.700598082962731,16.58130476817402
-1.385294401130678,0.2283363618402799,-0.2001874590722741,1.358548239771741,1.289350624065353,0.0117528579455366,,,-1.689725542209901,16.35510487950072
-1.374421860377849,0.229500732768988,-0.1893149183194447,1.416598609404336,1.300223164818183,0.01031647458968696,,,-1.678853001457072,16.10448536198642
-1.363549319625019,0.2301817168434841,-0.1784423775666153,1.478166285813485,1.311095705571012,0.009029939925217721,,,-1.667980460704243,15.83428278644988
-1.35267677887219,0.2303643614213693,-0.1675698368137859,1.543064415199999,1.321968246323841,0.007881400645498197,,,-1.657107919951413,15.54611403426639
-1.341804238119361,0.2300377726519084,-0.1566972960609565,1.61114578255934,1.332840787076671,0.006859401861701734,,,-1.646235379198584,15.24089860601315
-1.330931697366531,0.2291953469667922,-0.1458247553081271,1.682068000127021,1.3437133278295,0.005952956574620799,,,-1.635362838445754,14.92053605620148
-1.320059156613702,0.2278349467016388,-0.1349522145552977,1.755631419347804,1.35458586858233,0.005151577511725915,,,-1.624490297692925,14.58447484959124
-1.309186615860872,0.2259590168040111,-0.1240796738024683,1.831572224424495,1.365458409335159,0.004445414139558483,,,-1.613617756940096,14.23478405489925
-1.298314075108043,0.2235810953392624,-0.1132071330496389,1.909615787089211,1.376330950087988,0.003825127713870064,,,-1.602745216187266,13.87365527681876
-1.287441534355214,0.220946323333898,-0.1023345922968095,1.98948023593187,1.387203490840818,0.003282016748327855,,,-1.591872675434437,13.50323673955256
-1.276568993602384,0.2180627415127566,-0.09146205154398013,2.07087998139597,1.398076031593647,0.002807994260331053,,,-1.581000134681607,13.12569753519564
-1.265696452849555,0.2147129765471395,-0.08058951079115073,2.153577380608726,1.408948572346477,0.002395585379769376,,,-1.570127593928778,12.74313007428099
-1.254823912096726,0.2109178962278045,-0.06971697003832134,2.237206472102657,1.419821113099306,0.002037917350879425,,,-1.559255053175949,12.35770006941322
-1.243951371343896,0.2067025521906443,-0.05884442928549194,2.321528516630711,1.430693653852135,0.001728703163718854,,,-1.548382512423119,11.97133763885786
-1.233078830591067,0.2020959579186676,-0.04797188853266254,2.406275982529621,1.441566194604965,0.001461092138600315,,,-1.53750997167029,11.58591542557508
-1.222206289838237,0.1971308217116616,-0.03709934777983315,2.49119253175569,1.452438735357794,0.001232407509048381,,,-1.52663743091746,11.20309313981608
-1.211333749085408,0.1918427408655127,-0.02622680702700375,2.576035041460113,1.463311276110624,0.001036540854483753,,,-1.515764890164631,10.82463335129093
-1.200461208332579,0.1862719700787688,-0.01535426627417436,2.660575219984135,1.474183816863453,0.0008693077299492029,,,-1.504892349411802,10.45185708544587
-1.189588667579749,0.1804597005613734,-0.004481725521344959,2.744600797660109,1.485056357616282,0.0007269681030983859,,,-1.494019808658972,10.08607108383966
-1.17871612682692,0.1744500571554621,0.006390815231484437,2.827916283750706,1.495928898369112,0.0006061938585286213,,,-1.483147267906143,9.728318925303867
-1.16784358607409,0.168289057026293,0.01726335598431383,2.912352905372467,1.506801439121941,0.0005040362027105407,,,-1.472274727153313,9.379497143492946
-1.156971045321261,0.1620242024146206,0.02813589673714323,2.997731503121459,1.51767397987477,0.0004178934943097446,,,-1.461402186400484,9.040346831109007
-1.146098504568432,0.1557040729445995,0.03900843748997262,3.081862309392205,1.5285465206276,0.0003454799308121514,,,-1.450529645647655,8.711362324699106
-1.135225963815602,0.1493779233710217,0.04988097824280202,3.164581639505875,1.539419061380429,0.0002847954350723213,,,-1.439657104894825,8.392883233413356
-1.124353423062773,0.1430952920274117,0.06075351899563142,3.246373724312502,1.550291602133259,0.0002340970054977435,,,-1.428784564141996,8.08649353035506
-1.113480882309943,0.1369056244894476,0.07162605974846081,3.327099991594276,1.561164142886088,0.0001918717222176115,,,-1.417912023389166,7.792179681041919
-1.102608341557114,0.1308579161228264,0.08249860050129021,3.405997981171865,1.572036683638917,0.0001568115377585877,,,-1.407039482636337,7.508494805546785
-1.091735800804285,0.1250003762706038,0.09337114125411961,3.482949949067518,1.582909224391747,0.0001277899263493659,,,-1.396166941883508,7.235213304858807
-1.080863260051455,0.1193801158840507,0.104243682006949,3.557849471700131,1.593781765144576,0.0001038404189766808,,,-1.385294401130678,6.972121051335979
-1.069990719298626,0.114042859446254,0.1151162227597784,3.630600086339778,1.604654305897406,8.413701252113449e-05,,,-1.374421860377849,6.718687046760722
-1.059118178545796,0.109032681112326,0.1259887635126078,3.701113934664867,2.452712484618099,0.0001057150162038622,,,-1.363549319625019,6.474411830592079
-1.048245637792967,0.1043917641266021,0.1368613042654372,3.769310470485429,2.463585025370928,0.0001288140613674172,,,-1.35267677887219,6.238742707574358
-1.037373097040138,0.1001601818061045,0.1477338450182666,3.835115289792374,2.474457566123757,0.0001565021133072143,,,-1.341804238119361,6.011051436274314
-1.026500556287308,0.09637569772846183,0.158606385771096,3.898459136491242,2.485330106876587,0.0001895866896888238,,,-1.330931697366531,5.790819458211291
-1.015628015534479,0.09307358225516939,0.1694789265239254,3.95927713058376,2.496202647629416,0.0002289952973793109,,,-1.320059156613702,5.577385946496245
-1.004755474781649,0.09028644217669407,0.1803514672767548,4.017508257331599,2.507075188382245,0.0002757888841771979,,,-1.309186615860872,5.370152819088108
-0.99388293402882,0.08804406009825919,0.1912240080295842,4.073095146286729,2.517947729135075,0.000331175977917994,,,-1.298314075108043,5.170238092489611
-0.9830103932759906,0.08637324020209222,0.2020965487824136,4.125984158261657,2.528820269887905,0.0003965273854173666,,,-1.287441534355214,4.979668086620516
-0.9721378525231612,0.08529765722513413,0.212969089535243,4.176125786641321,2.539692810640734,0.0004733912863969413,,,-1.276568993602384,4.796325825680132
-0.9612653117703318,0.08483770587590032,0.2238416302880724,4.223475367239413,2.550565351393563,0.000563508516174405,,,-1.265696452849555,4.61699931206124
-0.9503927710175024,0.08501034846910803,0.2347141710409018,4.267994078532629,2.561437892146393,0.0006688277840731758,,,-1.254823912096726,4.441238584710398
-0.939520230264673,0.08582895926437648,0.2455867117937311,4.309650201937491,2.572310432899222,0.0007915205334795928,,,-1.243951371343896,4.268660839111623
-0.9286476895118436,0.08730316483244024,0.2564592525465605,4.3484206002009,2.583182973652051,0.0009339950911209736,,,-1.233078830591067,4.098953808034977
-0.9177751487590142,0.08943868071032743,0.2673317932993899,4.386829783535043,2.59405551440488,0.001098909713534346,,,-1.222206289838237,3.931877341664866
-0.9069026080061848,0.09224692189401104,0.2782043340522193,4.424854354901594,2.60492805515771,0.00128918408510523,,,-1.211333749085408,3.767223194853976
-0.8960300672533554,0.0957084869920658,0.2890768748050487,4.459925122425531,2.61580059591054,0.001509533415489827,,,-1.200461208332579,3.604982702008027
-0.885157526500526,0.09982375248045572,0.2999494155578781,4.492026796623763,2.626673136663369,0.00176080349905187,,,-1.189588667579749,3.445074326072395
-0.8742849857476966,0.1045818646888476,0.3108219563107075,4.521162822170704,2.637545677416198,0.002047954198632042,,,-1.17871612682692,3.287530873951118
-0.8634124449948672,0.1099675574078185,0.3216944970635369,4.547357397435415,2.648418218169028,0.002375044274358922,,,-1.16784358607409,3.132442718861914
-0.8525399042420378,0.1159584916757279,0.3325670378163663,4.570657168166084,2.659290758921857,0.002746415811219596,,,-1.156971045321261,2.979925066119164
-0.8416673634892085,0.1225295136097768,0.3434395785691957,4.591132508765537,2.670163299674686,0.003166686149053209,,,-1.146098504568432,2.830223508706416
-0.8307948227363791,0.1296500068770858,0.3543121193220251,4.608878312264252,2.681035840427516,0.00364076923787939,,,-1.135225963815602,2.683528150636864
-0.8199222819835497,0.1372842939771611,0.3651846600748545,4.624014220441884,2.691908381180345,0.004173726868680028,,,-1.124353423062773,2.540093185498951
-0.8090497412307203,0.1453921895647813,0.3760572008276839,4.636684238373411,2.702780921933175,0.004770924970812752,,,-1.113480882309943,2.400195259203464
-0.7981772004778909,0.1539282685927703,0.3869297415805133,4.647034501667505,2.713653462686004,0.005437886523657239,,,-1.102608341557114,2.264126073797056
-0.7873046597250615,0.1628425968304303,0.3978022823333427,4.655301050393846,2.724526003438833,0.006180278794630302,,,-1.091735800804285,2.132185237904889
-0.7764321189722321,0.1720807984708378,0.4086748230861721,4.661665061979513,2.735398544191663,0.007003865995789285,,,-1.080863260051455,2.004673490591651
-0.7655595782194027,0.1815843451184664,0.4195473638390015,4.666350978878332,2.746271084944492,0.007914454335922628,,,-1.069990719298626,1.88188640396016
-0.7546870374665733,0.1912909214863426,0.4304199045918309,4.672154450308387,2.757143625697322,0.00891782949242105,,,-1.059118178545796,1.764108647606899
-0.7438144967137439,0.2011345088714382,0.4412924453446603,4.679297686218995,2.768016166450151,0.01001968669434659,,,-1.048245637792967,1.651608875791385
-0.7329419559609145,0.2110474184384094,0.4521649860974897,4.68542498290629,2.77888870720298,0.0112255537919438,,,-1.037373097040138,1.544615304881424
-0.7220694152080851,0.2209581346385832,0.4630375268503191,4.69073850390017,2.78976124795581,0.01254070788534245,,,-1.026500556287308,1.443386305660005
-0.7111968744552557,0.2307951261958005,0.4739100676031485,4.695434520104718,2.800633788708639,0.01397008629254489,,,-1.015628015534479,1.34811530566258
-0.7003243337024263,0.2404848310837026,0.4847826083559779,4.699698272472431,2.811506329461468,0.01551819284935088,,,-1.004755474781649,1.258956680235727
-0.6894517929495969,0.2499540634616169,0.4956551491088073,4.703698724709967,2.822378870214298,0.01718900074629786,,,-0.99388293402882,1.176046004694523
-0.6785792521967675,0.2591304090188775,0.5065276898616367,4.707583334832637,2.833251410967128,0.01898585331400907,,,-0.9830103932759906,1.099486041145133
-0.6677067114439381,0.267943091972443,0.5174002306144661,4.7125559476706,2.844123951719957,0.0209113643620681,,,-0.9721378525231612,1.029346071657113
-0.6568341706911087,0.2763261544483342,0.5282727713672954,4.718696491920406,2.854996492472786,0.02296731985086247,,,-0.9612653117703318,0.9656617036051388
-0.6459616299382793,0.284210836539091,0.5391453121201248,4.724956765376403,2.865869033225616,0.02515458282381002,,,-0.9503927710175024,0.9084350838068277
-0.6350890891854499,0.2915384519148338,0.5500178528729542,4.731332436864186,2.876741573978445,0.02747300364212399,,,-0.939520230264673,0.8576354567958161
-0.6242165484326205,0.2982537249092924,0.5608903936257836,4.737777234573788,2.887614114731274,0.02992133763923943,,,-0.9286476895118436,0.8132000036780953
-0.6133440076797911,0.3043074062336009,0.571762934378613,4.744200879504516,2.898486655484104,0.03249717234124212,,,-0.9177751487590142,0.7750349012671779
-0.6024714669269617,0.3096570505670121,0.5826354751314424,4.750467886209143,2.909359196236933,0.03519686637798235,,,-0.9069026080061848,0.7430400205776436
-0.5915989261741323,0.3142677241638138,0.5935080158842718,4.756397301840328,2.920231736989763,0.03801550213298468,,,-0.8960300672533554,0.7170379968829146
-0.5807263854213029,0.3181126276780017,0.6043805566371012,4.761763433547305,2.931104277742592,0.04094685404608085,,,-0.885157526500526,0.6968274231298428
-0.5698538446684736,0.3211736205659767,0.6152530973899306,4.766297591286986,2.941976818495421,0.04398337428974827,,,-0.8742849857476966,0.6821709583583662
-0.5589813039156442,0.3234416349182007,0.62612563814276,4.769690848691955,2.952849359248251,0.04711619728900281,,,-0.8634124449948672,0.6730281239937024
-0.5481087631628148,0.3249169683597172,0.6369981788955894,4.771597799429246,2.96372190000108,0.05033516424780256,,,-0.8525399042420378,0.6690078844755439
-0.5372362224099854,0.3260780425838895,0.6478707196484188,4.771641261180092,2.97459444075391,0.05363187270833464,,,-0.8416673634892085,0.6698514316351937
-0.526363681657156,0.326940094573928,0.6587432604012482,4.769417854682869,2.985466981506739,0.05698856704155277,,,-0.8307948227363791,0.6752700359310847
-0.5154911409043266,0.3270551271054528,0.6696158011540776,4.764504361918815,2.996339522259568,0.06039394982859567,,,-0.8199222819835497,0.6849170804008465
-0.5046186001514972,0.3264516000255431,0.680488341906907,4.756464746166285,3.007212063012398,0.06383340806171206,,,-0.8090497412307203,0.698478718727092
-0.4937460593986678,0.3251731961183684,0.6913608826597364,4.74485769794105,3.018084603765227,0.06729148357941975,,,-0.7981772004778909,0.7157442310480184
-0.4828735186458384,0.3232636469030243,0.7022334234125658,4.729244555345391,3.028957144518056,0.07075202172023656,,,-0.7873046597250615,0.7362621176897581
-0.472000977893009,0.320779861434453,0.7131059641653952,4.709197435547122,3.039829685270886,0.07419833663032667,,,-0.7764321189722321,0.7596721198098173
-0.4611284371401796,0.3177852543823408,0.7239785049182246,4.684307406376503,3.050702226023716,0.07761339087497585,,,-0.7655595782194027,0.7856046551757917
-0.4502558963873502,0.314349904399908,0.734851045671054,4.654192523621179,3.061574766776545,0.08097998659467948,,,-0.7546870374665733,0.8136829215632602
-0.4393833556345208,0.3105496444741074,0.7457235864238834,4.618505560646605,3.072447307529374,0.08428121503481494,,,-0.7438144967137439,0.8434719654430933
-0.4285108148816914,0.306465055830231,0.7565961271767128,4.576941262468704,3.083319848282204,0.08749973132081354,,,-0.7329419559609145,0.8747056518877929
-0.417638274128862,0.3021803804563068,0.7674686679295422,4.532427944279482,3.094192389035033,0.09061926862989236,,,-0.7220694152080851,0.9068921121304522
-0.4067657333760326,0.2977859050175007,0.7783412086823716,4.484735188885818,3.105064929787862,0.09362906332082233,,,-0.7111968744552557,0.9397388653383076
-0.3958931926232032,0.293363606050656,0.789213749435201,4.430479200328837,3.115937470540691,0.09650548415645552,,,-0.7003243337024263,0.9728195120146509
-0.3850206518703738,0.289004429931071,0.8000862901880303,4.369525699159363,3.126810011293521,0.09923861795152054,,,-0.6894517929495969,1.00576724883269
-0.3741481111175444,0.2847953216584836,0.8109588309408597,4.301808575863236,3.137682552046351,0.1018158529460537,,,-0.6785792521967675,1.038226827988781
-0.363275570364715,0.2808175255504827,0.8218313716936891,4.227332330088536,3.14855509279918,0.1042259687491198,,,-0.6677067114439381,1.069857794309743
-0.3524030296118856,0.2771601421252847,0.8327039124465185,4.146173271441235,3.159427633552009,0.1064592779341956,,,-0.6568341706911087,1.100391014483487
-0.3415304888590562,0.2738949115812199,0.8435764531993479,4.060883010643006,3.170300174304839,0.1085077459004573,,,-0.6459616299382793,1.12943385973435
-0.3306579481062268,0.2710924509416527,0.8544489939521773,3.97165879247193,3.181172715057668,0.1103650870008729,,,-0.6350890891854499,1.156752136543171
-0.3197854073533974,0.2688165613400763,0.8653215347050067,3.876341301207361,3.192045255810497,0.1121541344870353,,,-0.6242165484326205,1.182098050823314
-0.308912866600568,0.2671233228330245,0.8761940754578361,3.775239996895765,3.202917796563327,0.1138488765119866,,,-0.6133440076797911,1.20525469375933
-0.2980403258477387,0.2660602999133931,0.8870666162106655,3.66872546639312,3.213790337316156,0.1153426455035473,,,-0.6024714669269617,1.226038835141355
-0.2871677850949093,0.2656658698943665,0.8979391569634949,3.557224346642351,3.224662878068986,0.1166348704887617,,,-0.5915989261741323,1.244303449924227
-0.2762952443420799,0.2659686844318095,0.9088116977163243,3.441213390848562,3.235535418821815,0.1177269501849462,,,-0.5807263854213029,1.259939922742889
-0.2654227035892505,0.2669872724088186,0.9196842384691537,3.321212810485033,3.246407959574644,0.1186222354742982,,,-0.5698538446684736,1.272879878109991
-0.2545501628364211,0.2687297902486895,0.9305567792219831,3.197779038079158,3.257280500327474,0.1193259906187856,,,-0.5589813039156442,1.28309658842409
-0.2436776220835917,0.2711939234804909,0.9414293199748125,3.071465635741407,3.268153041080303,0.1198453355721482,,,-0.5481087631628148,1.290605917615288
-0.2328050813307623,0.2743669410834513,0.9523018607276419,2.942948092821764,3.279025581833133,0.1201891722010063,,,-0.5372362224099854,1.297302595806914
-0.2219325405779329,0.2782259018113729,0.9631744014804713,2.81280465067977,3.289898122585962,0.1203680975907741,,,-0.526363681657156,1.303272226379772
-0.2110599998251035,0.2827380093755694,0.9740469422333007,2.681658400194826,3.300770663338791,0.1204307379515736,,,-0.5154911409043266,1.306790896067502
-0.2001874590722741,0.2878611110741304,0.9849194829861301,2.550119255644764,3.311643204091621,0.1203904513410364,,,-0.5046186001514972,1.307992124606833
-0.1893149183194447,0.2935443322270932,0.9957920237389595,2.418818229599704,3.32251574484445,0.1202252666074919,,,-0.4937460593986678,1.307167896988173
-0.1784423775666153,0.2997288366424447,1.006664564491789,2.288333999273005,3.333388285597279,0.1199509331673807,,,-0.4828735186458384,1.304434995695279
-0.1675698368137859,0.3063487013284864,1.017537105244618,2.15923364959031,3.344260826350109,0.1195844144584259,,,-0.472000977893009,1.300104744772142
-0.1566972960609565,0.3133327815649097,1.028409645997448,2.032054168430182,3.355133367102939,0.1191438053073126,,,-0.4611284371401796,1.294480952843595
-0.1458247553081271,0.3206024615653469,1.039282186750277,1.907297352444528,3.366005907855768,0.1186482585592565,,,-0.4502558963873502,1.287897489667039
-0.1349522145552977,0.3280774404964913,1.050154727503106,1.785425488388756,3.376878448608597,0.1181179227623678,,,-0.4393833556345208,1.280714397428304
-0.1240796738024683,0.3356739855516654,1.061027268255936,1.666857845104389,3.387750989361427,0.1175738920992332,,,-0.4285108148816914,1.273313584162469
-0.1132071330496389,0.3433068373233779,1.071899809008765,1.551967992436263,3.398623530114256,0.11703816910065,,,-0.417638274128862,1.266094155782996
-0.1023345922968095,0.3508904345040113,1.082772349761595,1.441081945319624,3.409496070867085,0.1165336399813564,,,-0.4067657333760326,1.259494174776184
-0.09146205154398013,0.3583401313307963,1.093644890514424,1.334477114450247,3.420368611619915,0.1160840617273189,,,-0.3958931926232032,1.253886045477909
-0.08058951079115073,0.3655738349478999,1.104517431267253,1.232382029701496,3.431241152372744,0.11571405935873,,,-0.3850206518703738,1.249711036722261
-0.06971697003832134,0.3725114875681574,1.115389972020083,1.134976789055744,3.442113693125574,0.1154491311160912,,,-0.3741481111175444,1.247359491126389
-0.05884442928549194,0.3790784848653203,1.126262512772912,1.042394174481289,3.452986233878403,0.1153156586885266,,,-0.363275570364715,1.247256785432868
-0.04797188853266254,0.3852052040012645,1.137135053525742,0.9547213670437832,3.463858774631232,0.1153409190442655,,,-0.3524030296118856,1.249854121083388
-0.03709934777983315,0.3908282519711418,1.148007594278571,0.8720021866557641,3.474731315384062,0.1155530939665548,,,-0.3415304888590562,1.255473195047531
-0.02622680702700375,0.395891253925818,1.1588801350314,0.7942397772331156,3.485603856136891,0.1159812729505143,,,-0.3306579481062268,1.264463889502511
-0.01535426627417436,0.4003455174820134,1.16975267578423,0.7213996555753498,3.496476396889721,0.116655445003206,,,-0.3197854073533974,1.27714685099459
-0.004481725521344959,0.4041505632471658,1.180625216537059,0.6534130418941253,3.50734893764255,0.117606474682451,,,-0.308912866600568,1.293809280401276
0.006390815231484437,0.4072745142865866,1.191497757289889,0.5901407089359739,3.518221478395379,0.1188660576354519,,,-0.2980403258477387,1.314701167256672
0.01726335598431383,0.4101832046129917,1.202370298042718,0.5315442275547292,3.529094019148209,0.1204666511784871,,,-0.2871677850949093,1.340032027401718
0.02813589673714323,0.4128582192431589,1.213242838795547,0.4774230891069666,3.539966559901038,0.1225173220503363,,,-0.2762952443420799,1.369968195406969
0.03900843748997262,0.4147969075290697,1.224115379548377,0.4276079160579245,3.550839100653867,0.1250592257039328,,,-0.2654227035892505,1.404630714805885
0.04988097824280202,0.4159943720955137,1.234987920301206,0.3819131539076061,3.561711641406697,0.1280350326360224,,,-0.2545501628364211,1.444093859968449
0.06075351899563142,0.4164888266697673,1.245860461054036,0.3401405704274753,3.572584182159527,0.1314840976354723,,,-0.2436776220835917,1.488384313547656
0.07162605974846081,0.4162920884262307,1.256733001806865,0.302082578529035,3.583456722912356,0.1354393901514118,,,-0.2328050813307623,1.537481012967106
0.08249860050129021,0.4153891148069945,1.267605542559694,0.2675253462627765,3.594329263665185,0.1399335971111156,,,-0.2219325405779329,1.591315668523119
0.09337114125411961,0.413806595775576,1.278478083312524,0.2362516653868738,3.605201804418015,0.1450005470142,,,-0.2110599998251035,1.649773944501138
0.104243682006949,0.4115778485058326,1.289350624065353,0.2080435576590666,3.616074345170844,0.150671378220356,,,-0.2001874590722741,1.71269728342096
0.1151162227597784,0.4087420553833546,1.300223164818183,0.1826846053264574,3.626946885923673,0.1569741486755883,,,-0.1893149183194447,1.779885342311111
0.1259887635126078,0.4053434309330534,1.311095705571012,0.1599619990799142,3.637819426676502,0.1639368899849176,,,-0.1784423775666153,1.851098998966059
0.1368613042654372,0.4014303347063329,1.321968246323841,0.1396683028961263,3.648691967429332,0.1715854144130306,,,-0.1675698368137859,1.92606387566933
0.1477338450182666,0.3970543478170045,1.332840787076671,0.1216029406345817,3.659564508182162,0.1799428269556548,,,-0.1566972960609565,2.004542974392636
0.158606385771096,0.3922693310827888,1.3437133278295,0.1055734139408879,3.670437048934991,0.1890290158211816,,,-0.1458247553081271,2.086085630144162
0.1694789265239254,0.387130482609695,1.35458586858233,0.09135624729533294,3.68130958968782,0.1988601286066351,,,-0.1349522145552977,2.170391516081483
0.1803514672767548,0.3816934121604766,1.365458409335159,0.07886671770446212,3.69218213044065,0.2094480424067818,,,-0.1240796738024683,2.257089691007414
0.1912240080295842,0.3760132487958831,1.376330950087988,0.06789052376892375,3.703054671193479,0.2207998369486916,,,-0.1132071330496389,2.345797147759776
0.2020965487824136,0.3701437970972427,1.387203490840818,0.05827521192621727,3.713927211946308,0.2329172805742964,,,-0.1023345922968095,2.436123921810599
0.212969089535243,0.3641367558072408,1.398076031593647,0.04987895205343534,3.724799752699138,0.2457963394790269,,,-0.09146205154398013,2.527678151052802
0.2238416302880724,0.3580410110050039,1.408948572346477,0.04257052400954373,3.735672293451967,0.2594267210348568,,,-0.08058951079115073,2.620122334476771
0.2347141710409018,0.3519020140090652,1.419821113099306,0.03622916799867498,3.746544834204797,0.273791462261723,,,-0.06971697003832134,2.712987027107347
0.2455867117937311,0.3457612521280483,1.430693653852135,0.03074432041451197,3.757417374957626,0.2888665745446095,,,-0.05884442928549194,2.805943918584951
0.2564592525465605,0.3396558182064442,1.441566194604965,0.02599831941792769,3.768289915710455,0.3046207555089419,,,-0.04797188853266254,2.898640928744163
0.2673317932993899,0.3337321406406514,1.452438735357794,0.0219374996777668,3.779162456463285,0.3210151785513822,,,-0.03709934777983315,2.990745749457774
0.2782043340522193,0.3280166341105027,1.463311276110624,0.01845792577974767,3.790034997216114,0.3380033698668021,,,-0.02622680702700375,3.081948874428946
0.2890768748050487,0.3224155939656378,1.474183816863453,0.01548574970412916,3.800907537968944,0.3555311819092728,,,-0.01535426627417436,3.171966065534335
0.2999494155578781,0.3169443312631108,1.485056357616282,0.01295492196549149,3.811780078721773,0.3735368710738596,,,-0.004481725521344959,3.260540222584426
0.3108219563107075,0.3116132196604556,1.495928898369112,0.01080662903384085,3.822652619474602,0.3919512859905928,,,0.006390815231484437,3.347442637525273
0.3216944970635369,0.3064278885094612,1.506801439121941,0.008988727394346951,3.833525160227432,0.4106981711916543,,,0.01726335598431383,3.435133543353446
0.3325670378163663,0.301389495792716,1.51767397987477,0.007455183630132123,3.844397700980261,0.4296945890633164,,,0.02813589673714323,3.523418768430166
0.3434395785691957,0.2964950712529257,1.5285465206276,0.006165528266012968,3.85527024173309,0.4488514609478797,,,0.03900843748997262,3.609449525032194
0.3543121193220251,0.2917379190904751,1.539419061380429,0.005084370882704682,3.86614278248592,0.4680742260471192,,,0.04988097824280202,3.693065364550078
0.3651846600748545,0.2871080689031703,1.550291602133259,0.004180745013063259,3.87701532323875,0.4872636144337905,,,0.06075351899563142,3.774799860074114
0.3760572008276839,0.2825927631162335,1.561164142886088,0.003427851187471844,3.887887863991579,0.5063165280445635,,,0.07162605974846081,3.85454026583372
0.3869297415805133,0.2781696406913183,1.572036683638917,0.002802478592216125,3.898760404744408,0.5252766696256074,,,0.08249860050129021,3.931525813963252
0.3978022823333427,0.2738382114316481,1.582909224391747,0.002284626926867143,3.909632945497238,0.5440349898092688,,,0.09337114125411961,4.005684717917418
0.4086748230861721,0.2695711511459737,1.593781765144576,0.001857128794371097,3.920505486250067,0.5623308502268647,,,0.104243682006949,4.076965444260516
0.4195473638390015,0.265349817714647,1.604654305897406,0.001505304699763627,3.931378027002896,0.5800761661268111,,,0.1151162227597784,4.145334334320706
0.4304199045918309,0.2612166177703635,1.615526846650235,0.001216649986172463,3.942250567755726,0.5971241569760589,,,0.1259887635126078,4.210773133079962
0.4412924453446603,0.2571523882928876,1.626399387403064,0.000980552586826534,3.953123108508555,0.6133872561476789,,,0.1368613042654372,4.273276508712567
0.4521649860974897,0.253076838512904,1.637271928155894,0.0007880401285890367,3.963995649261385,0.6287651239462085,,,0.1477338450182666,4.332849644204578
0.4630375268503191,0.2489720452766682,1.648144468908723,0.0006315546740198084,3.974868190014214,0.6431632946600252,,,0.158606385771096,4.389505978079987
0.4739100676031485,0.2448215357435028,1.659017009661553,0.0005047532229354576,3.985740730767043,0.6564944226378916,,,0.1694789265239254,4.443265164529412
0.4847826083559779,0.2406105896474668,1.669889550414382,0.0004023319988763652,3.996613271519873,0.6687559509378781,,,0.1803514672767548,4.494151314357153
0.4956551491088073,0.236326484630528,1.680762091167211,0.0003198725093213924,4.007485812272702,0.6797679527240625,,,0.1912240080295842,4.542191567371582
0.5065276898616367,0.231958683112075,1.691634631920041,0.0002038978473489619,4.018358353025532,0.689509284717334,,,0.2020965487824136,4.58741503444069
0.5174002306144661,0.2276751109248421,1.70250717267287,0.0001621160746179995,4.029230893778361,0.698184032228284,,,0.212969089535243,4.629852133769692
0.5282727713672954,0.2234683681634541,1.7133797134257,0.0001287032800626765,4.04010343453119,0.705754986154887,,,0.2238416302880724,4.669534331422469
0.5391453121201248,0.2191557676606418,1.724252254178529,0.0001021039114176028,4.05097597528402,0.7119442619604494,,,0.2347141710409018,4.706494281126989
0.5500178528729542,0.2147332040206196,1.735124794931358,8.103974339705424e-05,4.061848516036849,0.7167384864205537,,,0.2455867117937311,4.740766343418544
0.5608903936257836,0.2101989635297664,1.996065772999264,0.0001028240004158508,4.072721056789678,0.7201586638389785,,,0.2564592525465605,4.772387449633515
0.571762934378613,0.2055536398657178,2.006938313752094,0.0001162407987287976,4.083593597542508,0.7221911696319439,,,0.2673317932993899,4.804050784732645
0.5826354751314424,0.2008000101406044,2.017810854504923,0.0001310204849731723,4.094466138295338,0.7228658644116023,,,0.2782043340522193,4.835778663470282
0.5935080158842718,0.195942876761446,2.028683395257752,0.0001472435731087576,4.105338679048167,0.722230611946688,,,0.2890768748050487,4.864924438431415
0.6043805566371012,0.1909888809747101,2.039555936010581,0.0001649871121288182,4.116211219800996,0.7209868242945493,,,0.2999494155578781,4.891503353146565
0.6152530973899306,0.1859462941874135,2.050428476763411,0.000184323293561076,4.127083760553825,0.7191998096666138,,,0.3108219563107075,4.915542330742406
0.62612563814276,0.1808247932259947,2.06130101751624,0.0002053179649456334,4.137956301306655,0.7162861562685461,,,0.3216944970635369,4.937082160203744
0.6369981788955894,0.1756352256124908,2.072173558269069,0.0002280290658026124,4.148828842059484,0.7123246921833279,,,0.3325670378163663,4.956179455326113
0.6478707196484188,0.1703893707148867,2.083046099021899,0.000252505006251797,4.159701382812313,0.7074202422110264,,,0.3434395785691957,4.972908286898964
0.6587432604012482,0.1650997022777613,2.093918639774729,0.0002787830120209794,4.170573923565144,0.7016452393779726,,,0.3543121193220251,4.987361395195625
0.6696158011540776,0.1597791573763001,2.104791180527558,0.0003068874629703566,4.181446464317973,0.6951198021188915,,,0.3651846600748545,4.999650899467251
0.680488341906907,0.1544409162795433,2.115663721280387,0.000336828255351939,4.192319005070802,0.6879599180266316,,,0.3760572008276839,5.009908433644491
0.6913608826597364,0.1490981970773472,2.126536262033217,0.000368599220696771,4.203191545823631,0.6802885736451375,,,0.3869297415805133,5.018255942197161
0.7022334234125658,0.1437640682411149,2.137408802786046,0.0004021766363603262,4.21406408657646,0.6722348544655531,,,0.3978022823333427,5.024925770490253
0.7131059641653952,0.138451281572574,2.148281343538875,0.0004375178642434708,4.22493662732929,0.6639328900977413,,,0.4086748230861721,5.030065942179982
0.7239785049182246,0.1331721272692783,2.159153884291705,0.0004745601549372427,4.235809168082119,0.6555227417508771,,,0.4195473638390015,5.033874743269983
0.734851045671054,0.1279383121208545,2.170026425044534,0.0005132196544217167,4.246681708834949,0.6471458876220215,,,0.4304199045918309,5.039182264616386
0.7457235864238834,0.122760861165629,2.180898965797364,0.0005533906494071836,4.257554249587779,0.6389481031777888,,,0.4412924453446603,5.046180227193035
0.7565961271767128,0.1176500425005896,2.191771506550193,0.00059494508538606,4.268426790340608,0.6311017723757227,,,0.4521649860974897,5.052417960203017
0.7674686679295422,0.1126596352061383,2.202644047303022,0.0006377323884379449,4.279299331093437,0.6237167948572102,,,0.4630375268503191,5.058064609747671
0.7783412086823716,0.1077978633673217,2.213516588055852,0.0006815796177980711,4.290171871846266,0.6169652957607522,,,0.4739100676031485,5.063283007281893
0.789213749435201,0.1030273889256725,2.224389128808681,0.0007262919711918024,4.301044412599095,0.6110030803144791,,,0.4847826083559779,5.068224835902289
0.8000862901880303,0.09835436112214067,2.235261669561511,0.0007716536590177841,4.311916953351925,0.6059883147008887,,,0.4956551491088073,5.073025631415669
0.8109588309408597,0.09378412541380053,2.24613421031434,0.0008174291567253474,4.322789494104755,0.6020817317733069,,,0.5065276898616367,5.077799748726636
0.8218313716936891,0.08932126478386906,2.257006751067169,0.0008633648373049812,4.333662034857584,0.5994469313980045,,,0.5174002306144661,5.083966667929491
0.8327039124465185,0.08496964984810018,2.267879291819999,0.0009249585209068379,4.344534575610414,0.5982507501603239,,,0.5282727713672954,5.091572055886541
0.8435764531993479,0.08075475254737725,2.278751832572828,0.0009748047196037965,4.355407116363243,0.5986636700952358,,,0.5391453121201248,5.099283644467982
0.8544489939521773,0.07667899389683273,2.289624373325657,0.00102512236086617,4.366279657116072,0.6008602316815207,,,0.5500178528729542,5.107062060528044
0.8653215347050067,0.07272180776998027,2.300496914078487,0.001075891505431584,4.377152197868901,0.6050194127413048,,,0.5608903936257836,5.114826812603843
0.8761940754578361,0.06888441854553087,2.311369454831317,0.001127150455389472,4.388024738621731,0.6113366604555809,,,0.571762934378613,5.122454272870817
0.8870666162106655,0.06516764633813778,2.322241995584146,0.001179011775380242,4.398897279374561,0.6200239076526416,,,0.5826354751314424,5.129776514934067
0.8979391569634949,0.06157196517516027,2.333114536336975,0.001231680606086586,4.40976982012739,0.6312093049462015,,,0.5935080158842718,5.136581085597823
0.9088116977163243,0.0580975553816325,2.343987077089805,0.001285475488507746,4.420642360880219,0.6451259301615091,,,0.6043805566371012,5.142611767425728
0.9196842384691537,0.05474434928395414,2.354859617842634,0.001340851931000614,4.431514901633049,0.661977555096371,,,0.6152530973899306,5.147570365294595
0.9305567792219831,0.05151206969211955,2.365732158595463,0.001398428962846932,4.442387442385878,0.6819718452332807,,,0.62612563814276,5.151119524871866
0.9414293199748125,0.04839261564810522,2.376604699348293,0.001470375830057506,4.453259983138707,0.7053194017952514,,,0.6369981788955894,5.15288656469618
0.9523018607276419,0.04540237441382572,2.387477240101122,0.001538196264963101,4.464132523891537,0.7322312911908199,,,0.6478707196484188,5.152468277042364
0.9631744014804713,0.04253087765934466,2.398349780853952,0.00161220590253838,4.475005064644366,0.763329704212907,,,0.6587432604012482,5.149436626762205
0.9740469422333007,0.03977732519465681,2.409222321606781,0.001694215542109459,4.485877605397196,0.7988198668692259,,,0.6696158011540776,5.14334525256705
0.9849194829861301,0.03714024051557718,2.42009486235961,0.001786431312630356,4.496750146150025,0.8384934478169482,,,0.680488341906907,5.133736652490865
0.9957920237389595,0.03461974760711559,2.43096740311244,0.001891513401260948,4.507622686902854,0.8825567204940794,,,0.6913608826597364,5.120149915228413
1.006664564491789,0.03221395221018112,2.441839943865269,0.002012640901769647,4.518495227655684,0.9311679998007578,,,0.7022334234125658,5.102128842298483
1.017537105244618,0.0299215088750781,2.452712484618099,0.002153583080210427,4.529367768408513,0.9845082417458694,,,0.7131059641653952,5.079230293060654
1.028409645997448,0.02774092342045697,2.463585025370928,0.00232083492427971,4.540240309161343,1.042731406969437,,,0.7239785049182246,5.051032575930476
1.039282186750277,0.02567054556866143,2.474457566123757,0.00251956837448178,4.551112849914172,1.105971693057058,,,0.734851045671054,5.017143704983028
1.050154727503106,0.0237085615278909,2.485330106876587,0.002753724129529096,4.561985390667001,1.174375494750988,,,0.7457235864238834,4.977209341663841
1.061027268255936,0.02185298738087831,2.496202647629416,0.003030243911465755,4.572857931419831,1.247965475548015,,,0.7565961271767128,4.930920246554409
1.071899809008765,0.02010166401336121,2.507075188382245,0.003357118039136995,4.58373047217266,1.32686751107623,,,0.7674686679295422,4.881439035848608
1.082772349761595,0.0184522541759691,2.517947729135075,0.003743496563678151,4.594603012925489,1.411090535596535,,,0.7783412086823716,4.82853598290457
1.093644890514424,0.01690224212645821,2.528820269887905,0.004199805604465459,4.605475553678319,1.500536603722414,,,0.789213749435201,4.76859451505617
1.104517431267253,0.01544893615132368,2.539692810640734,0.004737867890991668,4.616348094431149,1.595200090641016,,,0.8000862901880303,4.701486284781034
1.115389972020083,0.01408947412199035,2.550565351393563,0.005371812038003645,4.627220635183978,1.694980198780454,,,0.8109588309408597,4.62715492626659
1.126262512772912,0.01282083210562327,2.561437892146393,0.006115273950792213,4.638093175936807,1.799730803142514,,,0.8218313716936891,4.545618527242964
1.137135053525742,0.01163983592792032,2.572310432899222,0.00698563376184976,4.648965716689636,1.909258842953226,,,0.8327039124465185,4.456970806385247
1.148007594278571,0.01054317547802128,2.583182973652051,0.008001551972539515,4.659838257442466,2.023323358098029,,,0.8435764531993479,4.363938380119714
1.1588801350314,0.009527421456000157,2.59405551440488,0.009183697438867247,4.670710798195295,2.141635239188051,,,0.8544489939521773,4.266741878962725
1.16975267578423,0.008589044192560551,2.60492805515771,0.01055485440310434,4.681583338948125,2.263857748518962,,,0.8653215347050067,4.163093574618423
1.180625216537059,0.007724434118990848,2.61580059591054,0.01215154674795025,4.692455879700955,2.389607855563287,,,0.8761940754578361,4.05333157810803
1.191497757289889,0.006928139692810776,2.626673136663369,0.01398122546137278,4.703328420453784,2.518475277490676,,,0.8870666162106655,3.937858066232383
1.202370298042718,0.006200423028438385,2.637545677416198,0.01608267063522228,4.714200961206613,2.649962781941167,,,0.8979391569634949,3.817133888789974
1.213242838795547,0.005535299523242789,2.648418218169028,0.01848809929117505,4.725073501959442,2.783578321472829,,,0.9088116977163243,3.691672275555545
1.224115379548377,0.00492907932746428,2.659290758921857,0.02123215863850558,4.735946042712271,2.918840190268837,,,0.9196842384691537,3.562031782566049
1.234987920301206,0.004378100239434178,2.670163299674686,0.02435190454090212,4.746818583465101,3.055087614458714,,,0.9305567792219831,3.42880863013081
1.245860461054036,0.003878749215056097,2.681035840427516,0.02790222472963318,4.757691124217931,3.191779647766722,,,0.9414293199748125,3.292586995639963
1.256733001806865,0.003427482445715396,2.691908381180345,0.03189813961018057,4.76856366497076,3.328323873859593,,,0.9523018607276419,3.154106303801286
1.267605542559694,0.003020843743368332,2.702780921933175,0.03639568697586705,4.77943620572359,3.464122733446455,,,0.9631744014804713,3.01397326825743
1.278478083312524,0.002655481025940125,2.713653462686004,0.04144079254946512,4.790308746476419,3.598548688506545,,,0.9740469422333007,2.872852103120825
1.289350624065353,0.002328160751792663,2.724526003438833,0.0470810862838319,4.801181287229248,3.731022038027198,,,0.9849194829861301,2.731392463994889
1.300223164818183,0.002035780206987532,2.735398544191663,0.05336560119428071,4.812053827982077,3.860967978625351,,,0.9957920237389595,2.590265577685937
1.311095705571012,0.001775377601706542,2.746271084944492,0.06034441391311773,4.822926368734906,3.987835842617922,,,1.006664564491789,2.450086799580981
1.321968246323841,0.001544139981122476,2.757143625697322,0.0680682259175997,4.833798909487736,4.111167823451227,,,1.017537105244618,2.311458570591306
1.332840787076671,0.001339409000155683,2.768016166450151,0.07658788552104583,4.844671450240566,4.2304029884791,,,1.028409645997448,2.174950903084871
1.3437133278295,0.001158684650120764,2.77888870720298,0.08595385200187591,4.855543990993395,4.346270635492761,,,1.039282186750277,2.041096012317589
1.35458586858233,0.0009986688070350864,2.78976124795581,0.09621560466002053,4.866416531746225,4.458398390752118,,,1.050154727503106,1.91038377034823
1.365458409335159,0.0008593122131236153,2.800633788708639,0.1074210011112958,4.877289072499054,4.565358078144464,,,1.061027268255936,1.783258019679008
1.376330950087988,0.0007373754268648027,2.811506329461468,0.1196155907285242,4.888161613251883,4.666900921078427,,,1.071899809008765,1.660113763860301
1.387203490840818,0.0006310023248206386,2.822378870214298,0.1328418907779198,4.899034154004712,4.762852557632766,,,1.082772349761595,1.541295233147638
1.398076031593647,0.0005384861635954356,2.833251410967128,0.1471386344394224,4.909906694757542,4.85311681400962,,,1.093644890514424,1.427094805440308
1.408948572346477,0.0004582645943497571,2.844123951719957,0.1625400014942038,4.920779235510372,4.940868153278195,,,1.104517431267253,1.317752746535839
1.419821113099306,0.0003889137515677948,2.854996492472786,0.179074843961491,4.931651776263201,5.026145715712532,,,1.115389972020083,1.21345771950266
1.430693653852135,0.0003291416081178679,2.865869033225616,0.1967659203173868,4.94252431701603,5.105852646324495,,,1.126262512772912,1.114348000926467
1.441566194604965,0.0002750259806168155,2.876741573978445,0.2156291530765036,4.95339685776886,5.18018513243972,,,1.137135053525742,1.020513332068693
1.452438735357794,0.0002316412359993632,2.887614114731274,0.2356729254093232,4.964269398521689,5.249367951484992,,,1.148007594278571,0.9319973256555683
1.463311276110624,0.0001945439655775249,2.898486655484104,0.2568974330528387,4.975141939274518,5.31375100373887,,,1.1588801350314,0.8488003440886535
1.474183816863453,0.0001629217827893257,2.909359196236933,0.2792941080020342,4.986014480027348,5.373745137883437,,,1.16975267578423,0.7708827622611397
1.485056357616282,0.0001360503911625785,2.920231736989763,0.3028451303040847,4.996887020780177,5.430866821831374,,,1.180625216537059,0.6981685277482035
1.495928898369112,0.0001132868322477967,2.931104277742592,0.3275230436830378,5.007759561533007,5.486093497765231,,,1.191497757289889,0.6305074502233884
1.506801439121941,9.406277952820575e-05,2.941976818495421,0.3532904896774709,5.018632102285836,5.538911861037732,,,1.202370298042718,0.5678542952306622
1.659017009661553,0.0001067556001235889,2.952849359248251,0.3801000734663499,5.029504643038665,5.589559061020582,,,1.213242838795547,0.5099940614848955
1.669889550414382,0.0001299775653507185,2.96372190000108,0.4078943725915151,5.040377183791495,5.63868820967462,,,1.224115379548377,0.4567440327895012
1.680762091167211,0.0001587465810262071,2.97459444075391,0.4366096955400289,5.051249724544324,5.687016094949041,,,1.234987920301206,0.4079043979099264
1.691634631920041,0.0001933923724599682,2.985466981506739,0.4661630142410833,5.062122265297154,5.735245424501652,,,1.245860461054036,0.3632619783491688
1.70250717267287,0.0002366700163886176,2.996339522259568,0.4964712748957896,5.072994806049983,5.784103309025412,,,1.256733001806865,0.3225937669569353
1.7133797134257,0.0002891288407058834,3.007212063012398,0.5274402003989944,5.083867346802812,5.835088703152518,,,1.267605542559694,0.2856702386473655
1.724252254178529,0.0003524507937073925,3.018084603765227,0.5589678895325947,5.094739887555642,5.888914072434281,,,1.278478083312524,0.2522584029533445
1.735124794931358,0.0004285917917972298,3.028957144518056,0.5909457607058413,5.105612428308471,5.945495334257548,,,1.289350624065353,0.2221245763563959
1.745997335684188,0.0005198154741627323,3.039829685270886,0.6232596312180377,5.1164849690613,6.005490211921045,,,1.300223164818183,0.1950368601231319
1.756869876437017,0.0006287295102958281,3.050702226023716,0.6557909161945528,5.12735750981413,6.069518208314915,,,1.311095705571012,0.1707673166068385
1.767742417189847,0.0007579761949786841,3.061574766776545,0.6884179277404668,5.13823005056696,6.138176792879246,,,1.321968246323841,0.149093843522747
1.778614957942676,0.0009117432740025327,3.072447307529374,0.7210245986438613,5.149102591319789,6.211965368534376,,,1.332840787076671,0.1298017514964392
1.789487498695505,0.001093468050035939,3.083319848282204,0.7534745787681145,5.159975132072618,6.291313462852801,,,1.3437133278295,0.1126850551656295
1.800360039448335,0.001307543528824601,3.094192389035033,0.7856511409014993,5.170847672825447,6.376625724542885,,,1.35458586858233,0.09750649361409394
1.811232580201164,0.001558916096603164,3.105064929787862,0.8174589478935325,5.181720213578277,6.468211005447689,,,1.365458409335159,0.08417144405714422
1.822105120953994,0.001853129864436396,3.115937470540691,0.8487400904973235,5.192592754331106,6.567485998014719,,,1.376330950087988,0.07245302690965862
1.832977661706823,0.002196369967730798,3.126810011293521,0.879403604766088,5.203465295083936,6.674583319858673,,,1.387203490840818,0.06218823099936577
1.843850202459652,0.002595503783745454,3.137682552046351,0.9093461693615935,5.214337835836766,6.788348638561798,,,1.398076031593647,0.05322543247736183
1.854722743212482,0.003058118879606498,3.14855509279918,0.9384723239472469,5.225210376589595,6.908726861402887,,,1.408948572346477,0.04542437398366286
1.865595283965311,0.003592556355210458,3.159427633552009,0.9666954609807253,5.236082917342424,7.035572854599198,,,1.419821113099306,0.0386559991011222
1.876467824718141,0.004207938104175643,3.170300174304839,0.9939386448137646,5.246955458095253,7.16865188771519,,,1.430693653852135,0.03280216518634869
1.88734036547097,0.004914186387000751,3.181172715057668,1.020135238909965,5.257827998848082,7.307641118469632,,,1.441566194604965,0.02773443753714482
1.898212906223799,0.005722033999724602,3.192045255810497,1.04601740806682,5.268700539600912,7.452132091646494,,,1.452438735357794,0.02340154842281455
1.909085446976629,0.006643023235029395,3.202917796563327,1.071528638750647,5.279573080353742,7.601634215218254,,,1.463311276110624,0.01968901059980895
1.919957987729458,0.007689491777602082,3.213790337316156,1.095837731102339,5.290445621106571,7.755579166777828,,,1.474183816863453,0.01651797921686769
1.930830528482288,0.008874543658525616,3.224662878068986,1.118907830572829,5.301318161859401,7.91332617395642,,,1.485056357616282,0.01381794045975246
1.941703069235117,0.0102120034213126,3.235535418821815,1.14071282764563,5.31219070261223,8.074787331410791,,,1.495928898369112,0.01152610972461727
1.952575609987946,0.01171635173140724,3.246407959574644,1.161236906427712,5.323063243365059,8.241295447708984,,,1.506801439121941,0.009586826376585698
1.963448150740776,0.01340264079746894,3.257280500327474,1.180473902649284,5.333935784117888,8.411484941945734,,,1.51767397987477,0.007950955099650308
1.974320691493605,0.01528638817152739,3.268153041080303,1.198426492402259,5.344808324870717,8.582213675124311,,,1.5285465206276,0.006575302084960921
1.985193232246435,0.01738344775998426,3.279025581833133,1.215105238020136,5.355680865623548,8.752568274169651,,,1.539419061380429,0.00543001198982586
1.996065772999264,0.01970985721073413,3.289898122585962,1.230527521878902,5.366553406376377,8.921580582781056,,,1.550291602133259,0.004468422490049687
2.006938313752094,0.0222816612438773,3.300770663338791,1.245282896379166,5.377425947129206,9.088296245746085,,,1.561164142886088,0.003668216710721654
2.017810854504923,0.0251147109629891,3.311643204091621,1.259392570522707,5.388298487882036,9.251679265302393,,,1.572036683638917,0.003004768884754637
2.028683395257752,0.02822443971674657,3.32251574484445,1.272312353859798,5.399171028634865,9.410763955537522,,,1.582909224391747,0.002456911873239469
2.039555936010581,0.03162561667041597,3.333388285597279,1.28406554474234,5.410043569387694,9.564598493062968,,,1.593781765144576,0.002006540165770788
2.050428476763411,0.03533207988415316,3.344260826350109,1.294676879206257,5.420916110140523,9.712233873215505,,,1.604654305897406,0.00163824881411057
2.06130101751624,0.03935645136846008,3.355133367102939,1.30417169592848,5.431788650893353,9.853465769075862,,,1.615526846650235,0.001339007711953056
2.072173558269069,0.04370983728205301,3.366005907855768,1.312575231873239,5.442661191646183,9.987424798678509,,,1.626399387403064,0.001097870163409786
2.083046099021899,0.04840151713695869,3.376878448608597,1.319912073740127,5.453533732399012,10.11258495488411,,,1.637271928155894,0.0009057143250847931
2.093918639774729,0.05343862656081642,3.387750989361427,1.326205753027961,5.464406273151841,10.2281819286135,,,1.648144468908723,0.0007550158477293309
2.104791180527558,0.05882583881630181,3.398623530114256,1.331478699068717,5.475278813904671,10.3335181530118,,,1.659017009661553,0.0006396498696724045
2.115663721280387,0.06456505087020525,3.409496070867085,1.335752037460442,5.4861513546575,10.42973862605001,,,1.669889550414382,0.0005547204118844522
2.126536262033217,0.07065508031723394,3.420368611619915,1.339045956507459,5.497023895410329,10.51628181352889,,,1.680762091167211,0.0004964151804814518
2.137408802786046,0.07709137987334537,3.431241152372744,1.341380070377365,5.507896436163159,10.59311346370331,,,1.691634631920041,0.0004083993953128
2.148281343538875,0.08386577643846303,3.442113693125574,1.342774001715556,5.518768976915988,10.6631338851641,,,1.70250717267287,0.0004075951452102674
2.159153884291705,0.09096624186851843,3.452986233878403,1.343248122031199,5.529641517668818,10.72372974899421,,,1.7133797134257,0.0004247966741174218
2.170026425044534,0.09837670257414928,3.463858774631232,1.342824423121928,5.540514058421647,10.77130998297419,,,1.724252254178529,0.0004600447234234721
2.180898965797364,0.1060768948636395,3.474731315384062,1.341566631011166,5.551386599174476,10.80555652210799,,,1.735124794931358,0.0005139464363738624
2.191771506550193,0.114042272560518,3.485603856136891,1.339502603352986,5.562259139927306,10.82638759219081,,,1.745997335684188,0.0005876619978359876
2.202644047303022,0.1222439728461943,3.496476396889721,1.336625386781166,5.573131680680135,10.83377693020997,,,1.756869876437017,0.0006829007023306179
2.213516588055852,0.130648845505099,3.50734893764255,1.332972890783161,5.584004221432965,10.82779601020551,,,1.767742417189847,0.0007619304689921461
2.224389128808681,0.1392195497899177,3.518221478395379,1.328589716106042,5.594876762185794,10.808612342998,,,1.778614957942676,0.0009164997330565512
2.235261669561511,0.1479147219897164,3.529094019148209,1.323528015150263,5.605749302938623,10.77651349625532,,,1.789487498695505,0.001099172546197497
2.24613421031434,0.156689215492376,3.539966559901038,1.318422514282203,5.616621843691453,10.73180409336327,,,1.800360039448335,0.001314364831962817
2.257006751067169,0.1654944137091429,3.550839100653867,1.313337309298445,5.627494384444282,10.67579138023134,,,1.811232580201164,0.001567048781311209
2.267879291819999,0.1743241611662372,3.561711641406697,1.307766220588055,5.638366925197111,10.60898951173825,,,1.822105120953994,0.001862797428292695
2.278751832572828,0.1830457788684658,3.572584182159527,1.301786681650746,5.649239465949941,10.53110223798511,,,1.832977661706823,0.002207828175448773
2.289624373325657,0.1916389660065442,3.583456722912356,1.295485304652964,5.660112006702771,10.44557682435963,,,1.843850202459652,0.002609044226350245
2.300496914078487,0.2000465546475285,3.594329263665185,1.288957458623214,5.6709845474556,10.35309304795404,,,1.854722743212482,0.003074072731582082
2.311369454831317,0.2082106498173086,3.605201804418015,1.283077764462781,5.681857088208429,10.25157425514401,,,1.865595283965311,0.003611298305592826
2.322241995584146,0.2160733356565002,3.616074345170844,1.277949751095758,5.692729628961258,10.14206577458192,,,1.876467824718141,0.004229890429863215
2.333114536336975,0.2235774195791386,3.626946885923673,1.272904595324537,5.703602169714088,10.02620548391316,,,1.88734036547097,0.00493982312817568
2.343987077089805,0.2306672038759542,3.637819426676502,1.268048961219534,5.714474710466917,9.904519153022431,,,1.898212906223799,0.005751885188322805
2.354859617842634,0.2372892733812458,3.648691967429332,1.263492047928354,5.725347251219747,9.777007038813313,,,1.909085446976629,0.006677679117790779
2.365732158595463,0.2433932872513094,3.659564508182162,1.259343632697362,5.736219791972577,9.644498398752578,,,1.919957987729458,0.007729606965538502
2.376604699348293,0.248962526844128,3.670437048934991,1.255711916423474,5.747092332725406,9.507864351380976,,,1.930830528482288,0.008920841124861256
2.387477240101122,0.2539039324827619,3.68130958968782,1.252701218488594,5.757964873478235,9.370490555880775,,,1.941703069235117,0.01026527826031386
2.398349780853952,0.2582046160154762,3.69218213044065,1.250409573603369,5.768837414231064,9.233216813826893,,,1.952575609987946,0.01177747458129488
2.409222321606781,0.2618346404250219,3.703054671193479,1.248926288035169,5.779709954983893,9.094313486065257,,,1.963448150740776,0.01347256082209278
2.42009486235961,0.2647708595607695,3.713927211946308,1.248329515766941,5.790582495736723,8.954612441394223,,,1.974320691493605,0.01536613548800883
2.43096740311244,0.2669975107883286,3.724799752699138,1.248683916719482,5.801455036489553,8.814864704408208,,,1.985193232246435,0.01747413519343803
2.441839943865269,0.2685067397340624,3.735672293451967,1.250038459104207,5.812327577242382,8.675818415918719,,,1.996065772999264,0.01981268125282644
2.452712484618099,0.2692990510007719,3.746544834204797,1.252424426237524,5.823200117995212,8.53821696502564,,,2.006938313752094,0.02239790208972063
2.463585025370928,0.2697780987061465,3.757417374957626,1.255853684769031,5.834072658748041,8.40270195558872,,,2.017810854504923,0.02524573150106728
2.474457566123757,0.2699586499559556,3.768289915710455,1.260317266327436,5.84494519950087,8.269890207861547,,,2.028683395257752,0.02837168334953585
2.485330106876587,0.2694668450008152,3.779162456463285,1.265784308188114,5.855817740253699,8.140508207600268,,,2.039555936010581,0.03179060384941709
2.496202647629416,0.2683327536828008,3.790034997216114,1.272201390872883,5.866690281006528,8.015039126134639,,,2.050428476763411,0.03551640325242385
2.507075188382245,0.2665961035505887,3.800907537968944,1.27949230180062,5.877562821759359,7.895202892136099,,,2.06130101751624,0.03956176941662484
2.517947729135075,0.264306345405172,3.811780078721773,1.287558244442571,5.888435362512188,7.781457123669408,,,2.072173558269069,0.04393786644027999
2.528820269887905,0.261522640881358,3.822652619474602,1.296278502148579,5.899307903265017,7.673002815993469,,,2.083046099021899,0.04865402224555539
2.539692810640734,0.2583137760726634,3.833525160227432,1.305511555168231,5.910180444017847,7.570202378708289,,,2.093918639774729,0.05371740968583327
2.550565351393563,0.2547618156261388,3.844397700980261,1.315096638671782,5.921052984770676,7.473305842220639,,,2.104791180527558,0.05913272640365928
2.561437892146393,0.2509477112380253,3.85527024173309,1.324855719060497,5.931925525523505,7.384193206592277,,,2.115663721280387,0.06490187926207988
2.572310432899222,0.2469709629624535,3.86614278248592,1.334595855819584,5.942798066276334,7.303035535475775,,,2.126536262033217,0.07102367968733075
2.583182973652051,0.2429367572048329,3.87701532323875,1.344111906871623,5.953670607029164,7.228342699816365,,,2.137408802786046,0.07749355667271525
2.59405551440488,0.2389585584019679,3.887887863991579,1.353189527075974,5.964543147781994,7.160177970194842,,,2.148281343538875,0.08430329448004051
2.60492805515771,0.2351576893705706,3.898760404744408,1.361787636891,5.975415688534823,7.098573301258665,,,2.159153884291705,0.0914408022158036
2.61580059591054,0.2316863770108905,3.909632945497238,1.369681773712645,5.986288229287652,7.043469510965656,,,2.170026425044534,0.09888992243658834
2.626673136663369,0.2286398082808524,3.920505486250067,1.376467626964413,5.997160770040482,6.994805196511139,,,2.180898965797364,0.106630285737346
2.637545677416198,0.226178618874932,3.931378027002896,1.381932686686201,6.008033310793311,6.952474168828564,,,2.191771506550193,0.1146372178870462
2.648418218169028,0.2244509936681028,3.942250567755726,1.385850803072171,6.01890585154614,6.916311114445526,,,2.202644047303022,0.1228817054931168
2.659290758921857,0.22361448518216,3.953123108508555,1.388027506017612,6.02977839229897,6.886126894178979,,,2.213516588055852,0.1313304253991538
2.670163299674686,0.2238200609492061,3.963995649261385,1.388276959736458,6.040650933051799,6.861705975439039,,,2.224389128808681,0.1399458420554889
2.681035840427516,0.2252713839566602,3.974868190014214,1.386431230251063,6.051523473804629,6.842779707433832,,,2.235261669561511,0.1486863759614996
2.691908381180345,0.2280674549508953,3.985740730767043,1.382343021784108,6.062396014557458,6.830323727793199,,,2.24613421031434,0.1575066449804204
2.702780921933175,0.2324062683878234,3.996613271519873,1.376254456584292,6.073268555310287,6.825301348272912,,,2.257006751067169,0.1663577788963854
2.713653462686004,0.2384574061756627,4.007485812272702,1.368062326315698,6.084141096063117,6.826102490737227,,,2.267879291819999,0.1752514141846886
2.724526003438833,0.2463910335361785,4.018358353025532,1.35732187573421,6.095013636815946,6.831068672774127,,,2.278751832572828,0.1840235201893369
2.735398544191663,0.2563768467070807,4.029230893778361,1.345201681709588,6.105886177568776,6.839782097015537,,,2.289624373325657,0.192667835690551
2.746271084944492,0.2685829241388639,4.04010343453119,1.331668250896772,6.116758718321605,6.851831832383993,,,2.300496914078487,0.2011272139271946
2.757143625697322,0.2831744756047136,4.05097597528402,1.315486436227165,6.127631259074434,6.866823773751503,,,2.311369454831317,0.2093438485022026
2.768016166450151,0.3003124858164827,4.061848516036849,1.296670017376677,6.138503799827264,6.884323841686108,,,2.322241995584146,0.2172599973821717
2.77888870720298,0.3201522518980422,4.072721056789678,1.275345390384206,6.149376340580093,6.903914115775818,,,2.333114536336975,0.224818747501384
2.78976124795581,0.3428418173713455,4.083593597542508,1.251438766782917,6.160248881332922,6.925180536657034,,,2.343987077089805,0.2319648096709442
2.800633788708639,0.3685203090983477,4.094466138295338,1.225113510281054,6.171121422085752,6.947715719801407,,,2.354859617842634,0.2386453326870723
2.811506329461468,0.3973161878080129,4.105338679048167,1.196493274583017,6.181993962838582,6.971132034628392,,,2.365732158595463,0.2448107249754888
2.822378870214298,0.4293454273141813,4.116211219800996,1.165845001396849,6.192866503591411,6.99502469305276,,,2.376604699348293,0.2504573241565011
2.833251410967128,0.4647096421686787,4.127083760553825,1.133362835570293,6.20373904434424,7.01902884789633,,,2.387477240101122,0.2554725022852717
2.844123951719957,0.503494188148755,4.137956301306655,1.09908315632731,6.214611585097069,7.042786637508764,,,2.398349780853952,0.2598544876915637
2.854996492472786,0.5457662644886186,4.148828842059484,1.063206468946526,6.225484125849899,7.065956798247051,,,2.409222321606781,0.2635754281751503
2.865869033225616,0.5915730509617173,4.159701382812313,1.025969488397869,6.236356666602728,7.089950815837618,,,2.42009486235961,0.266614707208857
2.876741573978445,0.6409399166290191,4.170573923565144,0.9875570374961787,6.247229207355558,7.11443478829963,,,2.43096740311244,0.2689596028019141
2.887614114731274,0.6938687401153736,4.181446464317973,0.9482192300990405,6.258101748108388,7.139354392593615,,,2.441839943865269,0.2706058854098713
2.898486655484104,0.7503363834944359,4.192319005070802,0.908193279321723,6.268974288861217,7.164356861427978,,,2.452712484618099,0.271558349097186
2.909359196236933,0.8102933630992095,4.203191545823631,0.8677187006990111,6.279846829614046,7.187185366238001,,,2.463585025370928,0.2722277476917935
2.920231736989763,0.8736627606959684,4.21406408657646,0.8270348040923599,6.290719370366875,7.207556194708354,,,2.474457566123757,0.2726347204437445
2.931104277742592,0.9403394173556279,4.22493662732929,0.7864081516982784,6.301591911119704,7.226618159356465,,,2.485330106876587,0.272410155820033
2.941976818495421,1.010189449951203,4.235809168082119,0.7460902583861133,6.312464451872534,7.244119133365639,,,2.496202647629416,0.2715919928916458
2.952849359248251,1.083050126461616,4.246681708834949,0.7062563417416636,6.323336992625364,7.258433143773573,,,2.507075188382245,0.2702290104739027
2.96372190000108,1.158730131169956,4.257554249587779,0.6671236336902384,6.334209533378193,7.269303019998517,,,2.517947729135075,0.268381017946768
2.97459444075391,1.237047504337836,4.268426790340608,0.6289009715920513,6.345082074131023,7.276561076090499,,,2.528820269887905,0.2661189738712407
2.985466981506739,1.317692142491861,4.279299331093437,0.5917849825747415,6.355954614883852,7.280036150315283,,,2.539692810640734,0.2635250352500519
2.996339522259568,1.400422362778101,4.290171871846266,0.5559635940478278,6.366827155636681,7.279628454742721,,,2.550565351393563,0.2606971361803167
3.007212063012398,1.484944329455059,4.301044412599095,0.5216131805789226,6.37769969638951,7.275221762358752,,,2.561437892146393,0.2577318129728906
3.018084603765227,1.570943522994998,4.311916953351925,0.488899195847545,6.388572237142339,7.266718438170995,,,2.572310432899222,0.2547481172577828
3.028957144518056,1.658087592794188,4.322789494104755,0.4579764758601136,6.39944477789517,7.254086931189536,,,2.583182973652051,0.2518723042684933
3.039829685270886,1.746029587155696,4.333662034857584,0.4289898000090078,6.410317318647999,7.237277525375304,,,2.59405551440488,0.2492411655543694
3.050702226023716,1.834411517518261,4.344534575610414,0.4020746814741508,6.421189859400828,7.216364539709532,,,2.60492805515771,0.2470017278587801
3.061574766776545,1.922868203767807,4.355407116363243,0.3773583540431353,6.432062400153658,7.19131751325947,,,2.61580059591054,0.2453474571743304
3.072447307529374,2.011061008234025,4.366279657116072,0.3549609187145225,6.442934940906487,7.162230046941703,,,2.626673136663369,0.2443818372412769
3.083319848282204,2.098571671311187,4.377152197868901,0.3349966104701059,6.453807481659316,7.129269221280601,,,2.637545677416198,0.2443092437087862
3.094192389035033,2.185061882728482,4.388024738621731,0.3175754317728141,6.464680022412145,7.095234736870984,,,2.648418218169028,0.2453141372336366
3.105064929787862,2.270233491321187,4.398897279374561,0.3028098306965342,6.475552563164975,7.060251445875868,,,2.659290758921857,0.2475930596318852
3.115937470540691,2.353656647282272,4.40976982012739,0.2907941884779524,6.486425103917805,7.021701657139868,,,2.670163299674686,0.2513386516391613
3.126810011293521,2.43505402028309,4.420642360880219,0.2816376247032424,6.497297644670634,6.979734421445035,,,2.681035840427516,0.2568143779241727
3.137682552046351,2.5141284405,4.431514901633049,0.2754453958100276,6.508170185423463,6.934537706969639,,,2.691908381180345,0.2641393214297558
3.14855509279918,2.590608042953432,4.442387442385878,0.2723246359038088,6.519042726176293,6.886298341211978,,,2.702780921933175,0.2735728803345032
3.159427633552009,2.664249291090982,4.453259983138707,0.2723852646996885,6.529915266929122,6.836534491416296,,,2.713653462686004,0.2853360852487849
3.170300174304839,2.734839520106769,4.464132523891537,0.2757316974563442,6.540787807681951,6.785481648373841,,,2.724526003438833,0.2996523986146405
3.181172715057668,2.802198944608802,4.475005064644366,0.282501235913111,6.551660348434781,6.732531703576233,,,2.735398544191663,0.3167463138971506
3.192045255810497,2.868501978505162,4.485877605397196,0.2928038534201618,6.56253288918761,6.679098334493631,,,2.746271084944492,0.3368417923879041
3.202917796563327,2.933530302089357,4.496750146150025,0.306764942380371,6.57340542994044,6.624876923428331,,,2.757143625697322,0.3601605310147343
3.213790337316156,2.994940785487707,4.507622686902854,0.3245136122028635,6.584277970693269,6.56889323232425,,,2.768016166450151,0.3869200580318751
3.224662878068986,3.052655244284723,4.518495227655684,0.3461808662468149,6.595150511446098,6.511473016048405,,,2.77888870720298,0.4173316576918618
3.235535418821815,3.106631024345314,4.529367768408513,0.3718877526356768,6.606023052198928,6.452792428983162,,,2.78976124795581,0.4515981299167083
3.246407959574644,3.156859982536191,4.540240309161343,0.4017938966656461,6.616895592951757,6.393078808815811,,,2.800633788708639,0.4899113965021881
3.257280500327474,3.203366911524918,4.551112849914172,0.4360147917213124,6.627768133704587,6.332557901983117,,,2.811506329461468,0.5324499713858878
3.268153041080303,3.246207462251848,4.561985390667001,0.4746830356701758,6.638640674457416,6.27147652914319,,,2.822378870214298,0.5793763188383988
3.279025581833133,3.285465631441133,4.572857931419831,0.5179084679954505,6.649513215210245,6.21065051431257,,,2.833251410967128,0.6308341299221101
3.289898122585962,3.321250893430389,4.58373047217266,0.5658149102402086,6.660385755963075,6.150278612638332,,,2.844123951719957,0.6869455540050267
3.300770663338791,3.355206137941424,4.594603012925489,0.6185102448862949,6.671258296715904,6.089949124725264,,,2.854996492472786,0.7478084283009721
3.311643204091621,3.387420186892578,4.605475553678319,0.6760390350807185,6.682130837468733,6.029743739024576,,,2.865869033225616,0.8134935541029138
3.32251574484445,3.416573429817235,4.616348094431149,0.7384836125377583,6.693003378221563,5.96991956534981,,,2.876741573978445,0.8840420733476464
3.333388285597279,3.442819728430488,4.627220635183978,0.8058832502366706,6.703875918974393,5.91055846368559,,,2.887614114731274,0.9594630031639361
3.344260826350109,3.466323100121875,4.638093175936807,0.8782504213430761,6.714748459727222,5.851774606318277,,,2.898486655484104,1.039730988888517
3.355133367102939,3.487255095380987,4.648965716689636,0.9555671571530884,6.725621000480051,5.79366354961986,,,2.909359196236933,1.124784337479225
3.366005907855768,3.505792458671821,4.659838257442466,1.037781502693227,6.73649354123288,5.736302318698555,,,2.920231736989763,1.214523393133037
3.376878448608597,3.52211513988508,4.670710798195295,1.124804150150175,6.74736608198571,5.680993415843663,,,2.931104277742592,1.308809315084746
3.387750989361427,3.536398542075447,4.681583338948125,1.216505333083136,6.758238622738539,5.627769398747278,,,2.941976818495421,1.407463313918422
3.398623530114256,3.548838431149479,4.692455879700955,1.312712065616104,6.769111163491369,5.575387935372203,,,2.952849359248251,1.510266397216968
3.409496070867085,3.559608822729146,4.703328420453784,1.413239009615458,6.779983704244199,5.524300700210188,,,2.96372190000108,1.616959668009273
3.420368611619915,3.568891235881395,4.714200961206613,1.517763147525835,6.790856244997028,5.474483073084008,,,2.97459444075391,1.727289072586198
3.431241152372744,3.576867028225068,4.725073501959442,1.625996307830769,6.801728785749857,5.425416810684505,,,2.985466981506739,1.840843723774496
3.442113693125574,3.583718072531036,4.735946042712271,1.737582515631886,6.812601326502686,5.377099198650427,,,2.996339522259568,1.957287587502486
3.452986233878403,3.589627807564881,4.746818583465101,1.852097482808126,6.823473867255515,5.329458040888681,,,3.007212063012398,2.076217937915764
3.463858774631232,3.594782597916654,4.757691124217931,1.969086889236374,6.834346408008345,5.283273817080339,,,3.018084603765227,2.197202896107012
3.474731315384062,3.599563090424637,4.76856366497076,2.088132673223497,6.845218948761175,5.238471055186887,,,3.028957144518056,2.319785375220266
3.485603856136891,3.604164728480529,4.77943620572359,2.208567631627757,6.856091489514004,5.194160037375013,,,3.039829685270886,2.44348755500406
3.496476396889721,3.608599543023479,4.790308746476419,2.329813735314414,6.866964030266834,5.150358505629907,,,3.050702226023716,2.567815824587789
3.50734893764255,3.613079113885537,4.801181287229248,2.45127384706203,6.877836571019663,5.10697328449516,,,3.061574766776545,2.692266118102952
3.518221478395379,3.617826373444794,4.812053827982077,2.572294315480679,6.888709111772492,5.063985059971094,,,3.072447307529374,2.8163668219127
3.529094019148209,3.623076892270908,4.822926368734906,2.69219451524682,6.899581652525321,5.022203885691122,,,3.083319848282204,2.939545981400115
3.539966559901038,3.630250672393388,4.833798909487736,2.810287018183725,6.91045419327815,4.981620311517401,,,3.094192389035033,3.061332292259872
3.550839100653867,3.639600500427465,4.844671450240566,2.92586033648759,6.921326734030981,4.941406108329399,,,3.105064929787862,3.18132150253554
3.561711641406697,3.650211606607,4.855543990993395,3.038607055662015,6.93219927478381,4.902654704373809,,,3.115937470540691,3.298902221936049
3.572584182159527,3.662353821680003,4.866416531746225,3.147822973992715,6.943071815536639,4.865384123733804,,,3.126810011293521,3.413696243000698
3.583456722912356,3.676514083504787,4.877289072499054,3.252417189600551,6.953944356289469,4.828536498220447,,,3.137682552046351,3.525290462807645
3.594329263665185,3.692983032452685,4.888161613251883,3.351721775321821,6.964816897042298,4.792565201046422,,,3.14855509279918,3.633306335649797
3.605201804418015,3.71376805020782,4.899034154004712,3.445102449200544,6.975689437795127,4.757515064104364,,,3.159427633552009,3.737404030005903
3.616074345170844,3.739153224136068,4.909906694757542,3.531967668401184,6.986561978547956,4.723001224848544,,,3.170300174304839,3.837285910820988
3.626946885923673,3.767490675938931,4.920779235510372,3.611792428338205,6.997434519300786,4.689107698698517,,,3.181172715057668,3.932699270519639
3.637819426676502,3.799044634725417,4.931651776263201,3.684109351886099,7.008307060053616,4.655926101100676,,,3.192045255810497,4.026673521059015
3.648691967429332,3.834070977114528,4.94252431701603,3.748478137172582,7.019179600806445,4.62398113790336,,,3.202917796563327,4.11890781735199
3.659564508182162,3.872811916365638,4.95339685776886,3.804569556681214,7.030052141559274,4.593336802714844,,,3.213790337316156,4.206121162093591
3.670437048934991,3.915490284342378,4.964269398521689,3.852123900168794,7.040924682312104,4.564121681098482,,,3.224662878068986,4.288197945346313
3.68130958968782,3.962303527122454,4.975141939274518,3.890969586852166,7.051797223064933,4.536390746864531,,,3.235535418821815,4.365070802175887
3.69218213044065,4.013417548632049,4.986014480027348,3.921029781928332,7.062669763817762,4.509644177946084,,,3.246407959574644,4.436719124438199
3.703054671193479,4.068960546871179,4.996887020780177,3.946501562268859,7.073542304570592,4.483917585143309,,,3.257280500327474,4.503166804792984
3.713927211946308,4.129016993791922,5.007759561533007,3.967475602300137,7.084414845323421,4.459236084273648,,,3.268153041080303,4.564479290226253
3.724799752699138,4.193621912487875,5.018632102285836,3.979899884094698,7.095287386076251,4.435612437314552,,,3.279025581833133,4.620760041662272
3.735672293451967,4.262755603954087,5.029504643038665,3.984008176730386,7.10615992682908,4.413570074986556,,,3.289898122585962,4.672146512900063
3.746544834204797,4.336338970298065,5.040377183791495,3.980132232527092,7.117032467581909,4.393087985389942,,,3.300770663338791,4.72091977227216
3.757417374957626,4.414229572051227,5.051249724544324,3.968705872254286,7.127905008334739,4.37359987032782,,,3.311643204091621,4.76720320875632
3.768289915710455,4.49621854437777,5.062122265297154,3.950247644622963,7.138777549087568,4.355047589498374,,,3.32251574484445,4.809111050284523
3.779162456463285,4.582028480833316,5.072994806049983,3.925366012834764,7.149650089840398,4.337356530979926,,,3.333388285597279,4.846836206340207
3.790034997216114,4.671312374303364,5.083867346802812,3.895892905804281,7.160522630593227,4.320408685895083,,,3.344260826350109,4.880584393786557
3.800907537968944,4.763653683339157,5.094739887555642,3.862582408538974,7.171395171346056,4.304158563390053,,,3.355133367102939,4.910570596616777
3.811780078721773,4.858567568851087,5.105612428308471,3.825102901370221,7.182267712098886,4.288420634741324,,,3.366005907855768,4.937015949104314
3.822652619474602,4.955503321604149,5.1164849690613,3.784322761589343,7.193140252851715,4.273295075477634,,,3.376878448608597,4.960145136387574
3.833525160227432,5.053847975797861,5.12735750981413,3.741158885488403,7.204012793604544,4.25859729862395,,,3.387750989361427,4.980178187202639
3.844397700980261,5.152931078823379,5.13823005056696,3.696587226892864,7.214885334357374,4.244004976811905,,,3.398623530114256,4.997355299318844
3.85527024173309,5.25203056268333,5.149102591319789,3.651588078203055,7.225757875110204,4.229343317106947,,,3.409496070867085,5.011894500170944
3.86614278248592,5.350379639119868,5.159975132072618,3.60712299828303,7.236630415863033,4.214492442557803,,,3.420368611619915,5.024021254116172
3.87701532323875,5.447174618768399,5.170847672825447,3.564224136338981,7.247502956615862,4.200492845265309,,,3.431241152372744,5.033961157961162
3.887887863991579,5.541583535130141,5.181720213578277,3.523893785654357,7.258375497368691,4.187161769626145,,,3.442113693125574,5.04194120536268
3.898760404744408,5.63461145500219,5.192592754331106,3.487157132636562,7.269248038121521,4.173056302586266,,,3.452986233878403,5.048191588284606
3.909632945497238,5.725381827448014,5.203465295083936,3.454972993141201,7.28012057887435,4.157989871807478,,,3.463858774631232,5.052947940082845
3.920505486250067,5.811146895333157,5.214337835836766,3.428223218159044,7.29099311962718,4.142198707289652,,,3.474731315384062,5.056682815402357
3.931378027002896,5.891027315422156,5.225210376589595,3.40778088153455,7.30186566038001,4.126332017844119,,,3.485603856136891,5.05964860478403
3.942250567755726,5.964165797195526,5.236082917342424,3.394461634102211,7.312738201132839,4.109802504686383,,,3.496476396889721,5.061880374807849
3.953123108508555,6.029739437118683,5.246955458095253,3.389014679858187,7.323610741885668,4.091741749613898,,,3.50734893764255,5.063658479351148
3.963995649261385,6.086968981170829,5.257827998848082,3.392114451246274,7.334483282638497,4.07199933593147,,,3.518221478395379,5.065282147186289
3.974868190014214,6.135128861267358,5.268700539600912,3.404353054743793,7.345355823391326,4.050327866269047,,,3.529094019148209,5.067071558599658
3.985740730767043,6.173556301447452,5.279573080353742,3.426233547894658,7.356228364144156,4.026602165909367,,,3.539966559901038,5.071190508725926
3.996613271519873,6.203151867925349,5.290445621106571,3.458164099496591,7.367100904896986,4.000730747705457,,,3.550839100653867,5.077997035429841
4.007485812272702,6.223364539684283,5.301318161859401,3.500453075938228,7.377973445649815,3.972637675050745,,,3.561711641406697,5.086012859831077
4.018358353025532,6.232273119703454,5.31219070261223,3.553334730895753,7.388845986402645,3.942224194951726,,,3.572584182159527,5.095624600966222
4.029230893778361,6.232180428164007,5.323063243365059,3.617228405156665,7.399718527155474,3.909549675567749,,,3.583456722912356,5.107438778309162
4.04010343453119,6.222793518767123,5.333935784117888,3.692145119370566,7.410591067908303,3.874542880250659,,,3.594329263665185,5.121874088187012
4.05097597528402,6.201227019855075,5.344808324870717,3.777563479873163,7.421463608661132,3.837207678304546,,,3.605201804418015,5.1418463616848
4.061848516036849,6.167362772835856,5.355680865623548,3.873269469528592,7.432336149413961,3.798370214925256,,,3.616074345170844,5.167774353452182
4.072721056789678,6.121184927757202,5.366553406376377,3.978919812050406,7.443208690166792,3.759149630959423,,,3.626946885923673,5.197369419939056
4.083593597542508,6.062776358695228,5.377425947129206,4.094066166677236,7.454081230919621,3.718741438328941,,,3.637819426676502,5.231030485929868
4.094466138295338,5.992321708884135,5.388298487882036,4.218156394890214,7.46495377167245,3.676131823069517,,,3.648691967429332,5.269148439455912
4.105338679048167,5.910101631687843,5.399171028634865,4.350541855550805,7.47582631242528,3.631327781660199,,,3.659564508182162,5.312098376018654
4.116211219800996,5.818999206369767,5.410043569387694,4.490480939032501,7.486698853178109,3.584381445526581,,,3.670437048934991,5.360231216587034
4.127083760553825,5.719531659287303,5.420916110140523,4.637145850239559,7.497571393930938,3.535384275274521,,,3.68130958968782,5.413864874217681
4.137956301306655,5.60960621247184,5.431788650893353,4.789643101267652,7.508443934683767,3.484382805468529,,,3.69218213044065,5.4732751646422
4.148828842059484,5.489796197450886,5.442661191646183,4.946995183893471,7.519316475436597,3.431453222669059,,,3.703054671193479,5.538686671855041
4.159701382812313,5.360743562479891,5.453533732399012,5.108149604205471,7.530189016189427,3.376676942148087,,,3.713927211946308,5.61026379013316
4.170573923565144,5.223149681915242,5.464406273151841,5.272015213054662,7.541061556942256,3.320139444265366,,,3.724799752699138,5.688102168686385
4.181446464317973,5.07776911866819,5.475278813904671,5.437459519346659,7.551934097695085,3.261929221368303,,,3.735672293451967,5.772220784093152
4.192319005070802,4.92539969446122,5.4861513546575,5.603612053681249,7.562806638447915,3.202136853939229,,,3.746544834204797,5.862554858797314
4.203191545823631,4.766873887358092,5.497023895410329,5.769288923449195,7.573679179200744,3.140852934106944,,,3.757417374957626,5.958949831364866
4.21406408657646,4.603049810214994,5.507896436163159,5.933447724139508,7.584551719953573,3.078177120317121,,,3.768289915710455,6.061156566214149
4.22493662732929,4.436195386205957,5.518768976915988,6.096171229791613,7.595424260706403,3.015479356308865,,,3.779162456463285,6.168827967572814
4.235809168082119,4.267232128810833,5.529641517668818,6.255828570762702,7.606296801459232,2.952841210446306,,,3.790034997216114,6.281517135043048
4.246681708834949,4.095570947504466,5.540514058421647,6.409986201087848,7.617169342212062,2.889050008631443,,,3.800907537968944,6.398677167049049
4.257554249587779,3.922060281658116,5.551386599174476,6.557504725738824,7.628041882964891,2.824176131694426,,,3.811780078721773,6.519662684367516
4.268426790340608,3.747532915444923,5.562259139927306,6.69732240722818,7.63891442371772,2.758290653872992,,,3.822652619474602,6.643733109743321
4.279299331093437,3.572797721055237,5.573131680680135,6.828438530914023,7.64978696447055,2.691465889044765,,,3.833525160227432,6.770057702157748
4.290171871846266,3.398635289288781,5.584004221432965,6.949931125810826,7.660659505223379,2.623781718703719,,,3.844397700980261,6.897722306558477
4.301044412599095,3.22579107638551,5.594876762185794,7.060967064432199,7.671532045976209,2.555285576447341,,,3.85527024173309,7.025737742691708
4.311916953351925,3.054970736734075,5.605749302938623,7.160821460398402,7.682404586729038,2.486190496001752,,,3.86614278248592,7.153049720986574
4.322789494104755,2.88683588664881,5.616621843691453,7.248846928045943,7.693277127481867,2.416554896177366,,,3.87701532323875,7.278550140073812
4.333662034857584,2.722000600082376,5.627494384444282,7.326189453624225,7.704149668234697,2.34637336437319,,,3.887887863991579,7.40108959025068
4.344534575610414,2.561028638354713,5.638366925197111,7.392454697129471,7.715022208987526,2.275791368158131,,,3.898760404744408,7.521675761518798
4.355407116363243,2.404431404249205,5.649239465949941,7.445642332555714,7.725894749740355,2.204889706421574,,,3.909632945497238,7.639098590969927
4.366279657116072,2.252666599956788,5.660112006702771,7.485940431025639,7.736767290493185,2.133742569408334,,,3.920505486250067,7.749945372524436
4.377152197868901,2.106137558490406,5.6709845474556,7.513284530199701,7.747639831246015,2.062459770032532,,,3.931378027002896,7.853036168235168
4.388024738621731,1.965194005533972,5.681857088208429,7.527374318717878,7.758512371998844,1.991753683131309,,,3.942250567755726,7.947140757243757
4.398897279374561,1.830137827734795,5.692729628961258,7.532768154051834,7.769384912751673,1.921771457216992,,,3.953123108508555,8.031154199283971
4.40976982012739,1.701199404736523,5.703602169714088,7.531401112817208,7.780257453504502,1.852003778608593,,,3.963995649261385,8.104011064853495
4.420642360880219,1.578574945120738,5.714474710466917,7.519198178939971,7.791129994257332,1.783183090560501,,,3.974868190014214,8.164723386178444
4.431514901633049,1.462406606016537,5.725347251219747,7.494898481102934,7.802002535010161,1.71543425049346,,,3.985740730767043,8.212393745869452
4.442387442385878,1.352789709738489,5.736219791972577,7.458954095503651,7.812875075762991,1.648275161290172,,,3.996613271519873,8.248162275447521
4.453259983138707,1.249775379079288,5.747092332725406,7.411967903200228,7.823747616515821,1.581822322188736,,,4.007485812272702,8.271194818724043
4.464132523891537,1.153355088084588,5.757964873478235,7.354680964669737,7.83462015726865,1.51623784238567,,,4.018358353025532,8.279104280154998
4.475005064644366,1.063545625225101,5.768837414231064,7.287823933241648,7.845492698021479,1.451641787944705,,,4.029230893778361,8.27556614210188
4.485877605397196,0.980259969338893,5.779709954983893,7.212099632771694,7.856365238774308,1.388155983088191,,,4.04010343453119,8.260216755818782
4.496750146150025,0.9033979293352106,5.790582495736723,7.128355072717161,7.867237779527137,1.325957694645801,,,4.05097597528402,8.228657718042687
4.507622686902854,0.8328319721286445,5.801455036489553,7.037449167338607,7.878110320279967,1.265164900301607,,,4.061848516036849,8.180771276633088
4.518495227655684,0.7684189227766238,5.812327577242382,6.940270330133891,7.888982861032797,1.205909211199422,,,4.072721056789678,8.116688981980387
4.529367768408513,0.7099520721147164,5.823200117995212,6.837737825985215,7.899855401785626,1.14834042198475,,,4.083593597542508,8.036406295110087
4.540240309161343,0.6573056094494826,5.834072658748041,6.730710289450016,7.910727942538456,1.092581366865776,,,4.094466138295338,7.940301083576792
4.551112849914172,0.6102321208259589,5.84494519950087,6.620086268246587,7.921600483291285,1.038757757254001,,,4.105338679048167,7.828825518217548
4.561985390667001,0.5685093225503636,5.855817740253699,6.50674483123037,7.932473024044114,0.9869884533730221,,,4.116211219800996,7.705831032061167
4.572857931419831,0.5319002316667728,5.866690281006528,6.391474773311578,7.943345564796943,0.9373770773474182,,,4.127083760553825,7.572094304524209
4.58373047217266,0.500160880445129,5.877562821759359,6.27641911143867,7.954218105549772,0.8900419827009538,,,4.137956301306655,7.424975525067695
4.594603012925489,0.4730455252190631,5.888435362512188,6.162297596618068,7.965090646302603,0.845056778994753,,,4.148828842059484,7.265327358580739
4.605475553678319,0.4502844049137139,5.899307903265017,6.048416315260088,7.975963187055432,0.8025235769638717,,,4.159701382812313,7.094133293088789
4.616348094431149,0.4316207709018919,5.910180444017847,5.93541113079739,7.986835727808261,0.7624958605974486,,,4.170573923565144,6.912351958789395
4.627220635183978,0.4167900898655206,5.921052984770676,5.823663868119407,7.997708268561091,0.725031993048814,,,4.181446464317973,6.721108150886124
4.638093175936807,0.4055266967871493,5.931925525523505,5.714121039699893,8.008580809313919,0.6901753387903063,,,4.192319005070802,6.521552891809574
4.648965716689636,0.397565011381159,5.942798066276334,5.607089086676399,8.019453350066749,0.6579559712109579,,,4.203191545823631,6.314881161702241
4.659838257442466,0.3926406339221332,5.953670607029164,5.502581752285068,8.030325890819579,0.6283823275759176,,,4.21406408657646,6.102319468772907
4.670710798195295,0.3904913409422673,5.964543147781994,5.400853733760942,8.041198431572408,0.6014787035454207,,,4.22493662732929,5.886536428001977
4.681583338948125,0.3908580013726528,5.975415688534823,5.302109877999432,8.052070972325238,0.5772198013321154,,,4.235809168082119,5.668845128947825
4.692455879700955,0.3934854330220992,5.986288229287652,5.206461179988907,8.062943513078068,0.555585024116636,,,4.246681708834949,5.448973176868152
4.703328420453784,0.398123348133445,5.997160770040482,5.113996617515316,8.073816053830896,0.5365391105926581,,,4.257554249587779,5.228132018526143
4.714200961206613,0.4045266593294271,6.008033310793311,5.02475205022138,8.084688594583726,0.5200349201090592,,,4.268426790340608,5.007535659412698
4.725073501959442,0.4124569408869102,6.01890585154614,4.938713560237515,8.095561135336554,0.5060141219194902,,,4.279299331093437,4.788299498487188
4.735946042712271,0.4216830307577683,6.02977839229897,4.855827651795265,8.106433676089384,0.4944079726062838,,,4.290171871846266,4.57156417909736
4.746818583465101,0.4319809831644379,6.040650933051799,4.776015357274746,8.117306216842215,0.485135664779901,,,4.301044412599095,4.358407337278912
4.757691124217931,0.4431361805107921,6.051523473804629,4.699174530600863,8.128178757595043,0.4781158256301938,,,4.311916953351925,4.149858247282508
4.76856366497076,0.4549453332273929,6.062396014557458,4.626210658663326,8.139051298347873,0.4732505224914893,,,4.322789494104755,3.94689409428223
4.77943620572359,0.4672107904213686,6.073268555310287,4.558624427883094,8.149923839100701,0.4704381075336187,,,4.333662034857584,3.750437331489389
4.790308746476419,0.4797488858378564,6.084141096063117,4.495253861219199,8.160796379853531,0.4695748438691542,,,4.344534575610414,3.561354069989188
4.801181287229248,0.4923883662876906,6.095013636815946,4.43429039651298,8.171668920606361,0.4705231935224536,,,4.355407116363243,3.380453428387578
4.812053827982077,0.5049700536389707,6.105886177568776,4.375502692012867,8.18254146135919,0.4732129052209914,,,4.366279657116072,3.208487750352832
4.822926368734906,0.5173191880868364,6.116758718321605,4.318811958360476,8.19341400211202,0.4774996789716082,,,4.377152197868901,3.046153581701817
4.833798909487736,0.5293686870417051,6.127631259074434,4.264033788804669,8.20428654286485,0.4832619056592471,,,4.388024738621731,2.894106097762368
4.844671450240566,0.5409647454423975,6.138503799827264,4.211088166125029,8.215159083617678,0.4903697909739179,,,4.398897279374561,2.752971566083971
4.855543990993395,0.5520218417542325,6.149376340580093,4.159898454925066,8.226031624370508,0.4987026506018933,,,4.40976982012739,2.623202898160677
4.866416531746225,0.5624539660459514,6.160248881332922,4.110418724334112,8.236904165123338,0.5081525610885207,,,4.420642360880219,2.505338499985491
4.877289072499054,0.5721748785741521,6.171121422085752,4.062635601218981,8.247776705876166,0.5185783960526567,,,4.431514901633049,2.399829556922936
4.888161613251883,0.581130123153598,6.181993962838582,4.016607546332104,8.258649246628996,0.5298604887867915,,,4.442387442385878,2.307086190875578
4.899034154004712,0.5892810868314763,6.192866503591411,3.972322826634149,8.269521787381825,0.5421555273965042,,,4.453259983138707,2.227480045574229
4.909906694757542,0.5966047653828264,6.20373904434424,3.929899132618488,8.280394328134655,0.5553395232094583,,,4.464132523891537,2.161318076731752
4.920779235510372,0.6037836146264508,6.214611585097069,3.889456532006036,8.291266868887485,0.5690057708314286,,,4.475005064644366,2.109376565351119
4.931651776263201,0.6108694810396211,6.225484125849899,3.851145368400344,8.302139409640313,0.5830314735015509,,,4.485877605397196,2.071883689628281
4.94252431701603,0.6171276301428645,6.236356666602728,3.815904475926638,8.313011950393143,0.5972961680882964,,,4.496750146150025,2.048656319532529
4.95339685776886,0.6225377626179195,6.247229207355558,3.7839251053175,8.323884491145972,0.6116837828854226,,,4.507622686902854,2.039902304825588
4.964269398521689,0.6272259964622218,6.258101748108388,3.756032550886417,8.334757031898802,0.6260763678193991,,,4.518495227655684,2.045767788824197
4.975141939274518,0.6311837807510015,6.268974288861217,3.732465449011089,8.345629572651632,0.6404478218108471,,,4.529367768408513,2.066348066496262
4.986014480027348,0.6344656777699735,6.279846829614046,3.712029587737246,8.35650211340446,0.654676527903164,,,4.540240309161343,2.101830913084564
4.996887020780177,0.6371785995227842,6.290719370366875,3.694977248859965,8.36737465415729,0.6685834702517428,,,4.551112849914172,2.15221860560433
5.007759561533007,0.6393916630995695,6.301591911119704,3.681606205829723,8.37824719491012,0.6820886750130538,,,4.561985390667001,2.217567852971527
5.018632102285836,0.6411346100488385,6.312464451872534,3.67209858848737,8.389119735662948,0.6950733432096849,,,4.572857931419831,2.297774175210238
5.029504643038665,0.6424848180933476,6.323336992625364,3.666691560511158,8.399992276415778,0.7074453698437446,,,4.58373047217266,2.392843301761568
5.040377183791495,0.6434817057697347,6.334209533378193,3.665619449306337,8.410864817168608,0.7191178889512014,,,4.594603012925489,2.502646305701893
5.051249724544324,0.6442931773964602,6.345082074131023,3.66910931843135,8.421737357921437,0.730009710971412,,,4.605475553678319,2.626860043716845
5.062122265297154,0.6449465896535493,6.355954614883852,3.677376949202648,8.432609898674267,0.7400457777508259,,,4.616348094431149,2.765304474080666
5.072994806049983,0.6455172902959835,6.366827155636681,3.690654324193011,8.443482439427095,0.7491576106618478,,,4.627220635183978,2.917653538882646
5.083867346802812,0.646095387697433,6.37769969638951,3.709127555702636,8.454354980179925,0.7572837885538952,,,4.638093175936807,3.08350792127274
5.094739887555642,0.6467455981605045,6.388572237142339,3.732898285992239,8.465227520932755,0.764370389441511,,,4.648965716689636,3.262391011487473
5.105612428308471,0.6475060508219364,6.39944477789517,3.762160922897585,8.476100061685583,0.770371426265847,,,4.659838257442466,3.453745494713389
5.1164849690613,0.6484260715567325,6.410317318647999,3.797023787512809,8.486972602438414,0.7752492494223566,,,4.670710798195295,3.656930730280493
5.12735750981413,0.649546012301966,6.421189859400828,3.837604607130749,8.497845143191242,0.7793915534774439,,,4.681583338948125,3.87122108297475
5.13823005056696,0.6508996991331578,6.432062400153658,3.883968662666119,8.508717683944072,0.7827746999937333,,,4.692455879700955,4.095805354201492
5.149102591319789,0.652480284142687,6.442934940906487,3.936165069822379,8.519590224696902,0.7849439473432489,,,4.703328420453784,4.329837635239579
5.159975132072618,0.6543497833811217,6.453807481659316,3.994258437365098,8.53046276544973,0.7859354246001664,,,4.714200961206613,4.572252588796432
5.170847672825447,0.6564800327996256,6.464680022412145,4.058657866819612,8.54133530620256,0.7857248848657223,,,4.725073501959442,4.822031570190509
5.181720213578277,0.6588610511084684,6.475552563164975,4.129340829912288,8.55220784695539,0.7843235881328788,,,4.735946042712271,5.078105736658491
5.192592754331106,0.6614912844970712,6.486425103917805,4.205828395253378,8.563080387708219,0.7817525140911701,,,4.746818583465101,5.339166080431278
5.203465295083936,0.6643413642619077,6.497297644670634,4.288049158546268,8.573952928461049,0.7780422061643238,,,4.757691124217931,5.604002717513888
5.214337835836766,0.6673548140137393,6.508170185423463,4.375921418949859,8.584825469213879,0.7735168264790707,,,4.76856366497076,5.871401880310482
5.225210376589595,0.6704856871896741,6.519042726176293,4.469336593951904,8.595698009966707,0.7682225576611644,,,4.77943620572359,6.139901155495584
5.236082917342424,0.6736812280093141,6.529915266929122,4.568652889924584,8.606570550719537,0.761925770765157,,,4.790308746476419,6.408111309658812
5.246955458095253,0.6768829413230359,6.540787807681951,4.67373611863715,8.617443091472365,0.7546892702616324,,,4.801181287229248,6.674684251376917
5.257827998848082,0.6800277349922992,6.551660348434781,4.78394408406623,8.628315632225195,0.7465782912014864,,,4.812053827982077,6.938232347745001
5.268700539600912,0.6830491096776879,6.56253288918761,4.900284753273246,8.639188172978026,0.7378872808678378,,,4.822926368734906,7.197349545951579
5.279573080353742,0.6858783710565616,6.57340542994044,5.02244661956218,8.650060713730854,0.7286940334617305,,,4.833798909487736,7.450823528676655
5.290445621106571,0.6884458402349333,6.584277970693269,5.149059659694184,8.660933254483684,0.7188552903191627,,,4.844671450240566,7.697228070409085
5.301318161859401,0.6906820394070194,6.595150511446098,5.279897468526519,8.671805795236512,0.7084536039087258,,,4.855543990993395,7.93689953290901
5.31219070261223,0.6925593144960611,6.606023052198928,5.414705673523478,8.682678335989342,0.6975656863419762,,,4.866416531746225,8.168675330790787
5.323063243365059,0.6945652764604849,6.616895592951757,5.553160940698382,8.693550876742172,0.6863670675039085,,,4.877289072499054,8.389950146319165
5.333935784117888,0.6965988248318029,6.627768133704587,5.695127839377505,8.704423417495001,0.674932478454112,,,4.888161613251883,8.599752819553849
5.344808324870717,0.6980264175850127,6.638640674457416,5.840310106362548,8.715295958247831,0.6632664682596088,,,4.899034154004712,8.797236093664788
5.355680865623548,0.6987895903322382,6.649513215210245,5.989634887608651,8.726168499000661,0.6514725878393771,,,4.909906694757542,8.98168924779363
5.366553406376377,0.698831536482446,6.660385755963075,6.142813219150884,8.737041039753489,0.6396182540863055,,,4.920779235510372,9.15644419624285
5.377425947129206,0.6981023437484745,6.671258296715904,6.298318336930508,8.747913580506319,0.6277791195274837,,,4.931651776263201,9.321124548638258
5.388298487882036,0.6965595671730815,6.682130837468733,6.455818060032474,8.758786121259149,0.6160260129029119,,,4.94252431701603,9.471458413639946
5.399171028634865,0.6941685970765512,6.693003378221563,6.615008861889962,8.769658662011977,0.6044241489187924,,,4.95339685776886,9.607292451738854
5.410043569387694,0.6909032705020252,6.703875918974393,6.775568610153751,8.780531202764807,0.593032437749535,,,4.964269398521689,9.728717848116013
5.420916110140523,0.6867455663921848,6.714748459727222,6.937171571632892,8.791403743517636,0.5819029048607879,,,4.975141939274518,9.835904371342037
5.431788650893353,0.6816910604570143,6.725621000480051,7.099486696489143,8.802276284270466,0.5710811570401635,,,4.986014480027348,9.929240597581742
5.442661191646183,0.6757386150884773,6.73649354123288,7.26217745077558,8.813148825023296,0.5606025938166913,,,4.996887020780177,10.01454698362302
5.453533732399012,0.6688902124601854,6.74736608198571,7.425968958061605,8.824021365776124,0.5505037551610709,,,5.007759561533007,10.09296076316494
5.464406273151841,0.6611608488076199,6.758238622738539,7.590509262802579,8.834893906528954,0.5407966776520807,,,5.018632102285836,10.15994635518127
5.475278813904671,0.6525731304515163,6.769111163491369,7.754349157636638,8.845766447281783,0.5314957246329481,,,5.029504643038665,10.21605205584431
5.4861513546575,0.6432080808184792,6.779983704244199,7.918127069941876,8.856638988034613,0.5226083906379562,,,5.040377183791495,10.26230214797145
5.497023895410329,0.6331017477819008,6.790856244997028,8.081461850749626,8.867511528787443,0.5141328364226595,,,5.051249724544324,10.30001514459979
5.507896436163159,0.6222482927679076,6.801728785749857,8.24289702404189,8.878384069540271,0.5060601728690678,,,5.062122265297154,10.33043965877816
5.518768976915988,0.6110337516761848,6.812601326502686,8.402079309067235,8.889256610293101,0.4983749549923861,,,5.072994806049983,10.35498661215616
5.529641517668818,0.5995038879993299,6.823473867255515,8.558571232580725,8.900129151045931,0.4911843798144709,,,5.083867346802812,10.37707699665423
5.540514058421647,0.5873726962483483,6.834346408008345,8.714260657580294,8.911001691798759,0.4844605693308818,,,5.094739887555642,10.39824207913376
5.551386599174476,0.5746919098869152,6.845218948761175,8.868667199025699,8.921874232551589,0.4780413038168867,,,5.105612428308471,10.4181042864497
5.562259139927306,0.5615212219896666,6.856091489514004,9.019086629261713,8.932746773304419,0.4718891914242225,,,5.1164849690613,10.43823904506712
5.573131680680135,0.5479218465316745,6.866964030266834,9.165111658166742,8.943619314057248,0.4659638810351345,,,5.12735750981413,10.46022310610528
5.584004221432965,0.5339574049833242,6.877836571019663,9.306246894407085,8.954491854810078,0.4602230500536786,,,5.13823005056696,10.48566371890527
5.594876762185794,0.5196934216609296,6.888709111772492,9.442082152024547,8.965364395562906,0.4547634941294902,,,5.149102591319789,10.51603373088012
5.605749302938623,0.5052011132629919,6.899581652525321,9.572834771198805,8.976236936315736,0.4495399406379456,,,5.159975132072618,10.55278624451695
5.616621843691453,0.4905409820872329,6.91045419327815,9.698088691203971,8.987109477068566,0.4443654283178678,,,5.170847672825447,10.59732989368149
5.627494384444282,0.4757912521777861,6.921326734030981,9.816796458118747,8.997982017821395,0.4391950013503874,,,5.181720213578277,10.65096584221052
5.638366925197111,0.4610232877031395,6.93219927478381,9.929744827411527,9.008854558574225,0.4339857313309237,,,5.192592754331106,10.71613441514834
5.649239465949941,0.4462933969766249,6.943071815536639,10.03654929864758,9.019727099327053,0.4286974424202661,,,5.203465295083936,10.79389767726178
5.660112006702771,0.4316836006689873,6.953944356289469,10.13565596745691,9.030599640079883,0.4232933737627953,,,5.214337835836766,10.88392667073458
5.6709845474556,0.4172597804427883,6.964816897042298,10.22671100028962,9.041472180832713,0.4177454608401147,,,5.225210376589595,10.98699343012711
5.681857088208429,0.4030736311760358,6.975689437795127,10.30938368043992,9.052344721585541,0.4120254345876749,,,5.236082917342424,11.10371571671072
5.692729628961258,0.3892880767497317,6.986561978547956,10.38335185007219,9.063217262338371,0.4061052606545547,,,5.246955458095253,11.23454950889641
5.703602169714088,0.3760029550829348,6.997434519300786,10.44834518953282,9.074089803091201,0.3999674281046553,,,5.257827998848082,11.37978330470821
5.714474710466917,0.3631729958972837,7.008307060053616,10.50545351042667,9.08496234384403,0.3937576993544744,,,5.268700539600912,11.53953425606798
5.725347251219747,0.3508113712599031,7.019179600806445,10.5569010765319,9.09583488459686,0.3874684378052427,,,5.279573080353742,11.71374613416947
5.736219791972577,0.3389642431328647,7.030052141559274,10.60113956510773,9.10670742534969,0.3809370529883138,,,5.290445621106571,11.90218910650935
5.747092332725406,0.3276787044909457,7.040924682312104,10.63706740656537,9.117579966102518,0.3741660144310002,,,5.301318161859401,12.10446128930167
5.757964873478235,0.3169969978537996,7.051797223064933,10.66446768683501,9.128452506855348,0.3671637745744427,,,5.31219070261223,12.3206813768026
5.768837414231064,0.3069576345680726,7.062669763817762,10.68151587324954,9.139325047608176,0.3599446836250966,,,5.323063243365059,12.55308912932613
5.779709954983893,0.2975949673754235,7.073542304570592,10.68806607058982,9.150197588361006,0.3526308709420804,,,5.333935784117888,12.8002288861481
5.790582495736723,0.2889400809001094,7.084414845323421,10.68395978999817,9.161070129113837,0.3452479689114835,,,5.344808324870717,13.05780357258249
5.801455036489553,0.2810189864809777,7.095287386076251,10.6691211174642,9.171942669866665,0.337721358958498,,,5.355680865623548,13.32462733403049
5.812327577242382,0.2738536953417878,7.10615992682908,10.64540403700163,9.182815210619495,0.3300857153330591,,,5.366553406376377,13.59933193131391
5.823200117995212,0.2674722636922957,7.117032467581909,10.61278093789097,9.193687751372323,0.3223751011475858,,,5.377425947129206,13.88046475617179
5.834072658748041,0.2618698491804602,7.127905008334739,10.5693439886646,9.204560292125153,0.3146418792714973,,,5.388298487882036,14.16639522736569
5.84494519950087,0.2570522247326035,7.138777549087568,10.5151333190965,9.215432832877983,0.3069266144054641,,,5.399171028634865,14.45547440816488
5.855817740253699,0.2530493237182332,7.149650089840398,10.4502334809129,9.226305373630812,0.2992786031772345,,,5.410043569387694,14.7459827025975
5.866690281006528,0.2498454446638603,7.160522630593227,10.37476275683208,9.237177914383642,0.2917496552742432,,,5.420916110140523,15.03612528984725
5.877562821759359,0.2474388709226967,7.171395171346056,10.28892443885822,9.248050455136472,0.2844812620847069,,,5.431788650893353,15.32479993080053
5.888435362512188,0.2458209290325258,7.182267712098886,10.19290636315517,9.2589229958893,0.2775276785027105,,,5.442661191646183,15.61015859766045
5.899307903265017,0.2449767609743106,7.193140252851715,10.0884649032776,9.26979553664213,0.2708539759199561,,,5.453533732399012,15.88962477154977
5.910180444017847,0.2448896516397274,7.204012793604544,9.97588087655754,9.28066807739496,0.264517268903817,,,5.464406273151841,16.16135799047579
5.921052984770676,0.2455381493579946,7.214885334357374,9.854061499502025,9.291540618147788,0.2585694594487137,,,5.475278813904671,16.42355080280998
5.931925525523505,0.2468997516375944,7.225757875110204,9.725056754713396,9.302413158900618,0.2530628758236653,,,5.4861513546575,16.67655876054974
5.942798066276334,0.2489462050621896,7.236630415863033,9.589302254305382,9.313285699653447,0.2480479301385253,,,5.497023895410329,16.91867248475999
5.953670607029164,0.25164718081156,7.247502956615862,9.445588902353006,9.324158240406277,0.2435724721454433,,,5.507896436163159,17.14880948061073
5.964543147781994,0.2549697172652724,7.258375497368691,9.294427595432969,9.335030781159107,0.2396811544610887,,,5.518768976915988,17.37033886663188
5.975415688534823,0.2588828432101803,7.269248038121521,9.136357193671413,9.345903321911935,0.236414815437291,,,5.529641517668818,17.57906220775624
5.986288229287652,0.263342070048966,7.28012057887435,8.971967723637142,9.356775862664765,0.2338100480024848,,,5.540514058421647,17.76866888031039
5.997160770040482,0.2683121325615974,7.29099311962718,8.803354350071571,9.367648403417594,0.2318983121066541,,,5.551386599174476,17.93775315773373
6.008033310793311,0.2737573026691854,7.30186566038001,8.633730897407201,9.378520944170424,0.2307062645005426,,,5.562259139927306,18.08523122140865
6.01890585154614,0.2796305969803653,7.312738201132839,8.462280846396837,9.389393484923254,0.2302524240461957,,,5.573131680680135,18.21013730765567
6.02977839229897,0.2858944276363381,7.323610741885668,8.287452645674101,9.400266025676082,0.2305510535521341,,,5.584004221432965,18.31168454099966
6.040650933051799,0.2925084891218465,7.334483282638497,8.109922005030135,9.411138566428912,0.2316089771105206,,,5.594876762185794,18.38927282909112
6.051523473804629,0.2994331107485352,7.345355823391326,7.930038642632874,9.422011107181742,0.2334194237727694,,,5.605749302938623,18.44253606991671
6.062396014557458,0.3067842849069022,7.356228364144156,7.748486683891628,9.43288364793457,0.2359893108311763,,,5.616621843691453,18.47119200349644
6.073268555310287,0.3145235917535708,7.367100904896986,7.565990636029568,9.4437561886874,0.2392953122235841,,,5.627494384444282,18.47777208603335
6.084141096063117,0.3224583910309456,7.377973445649815,7.383267354809406,9.45462872944023,0.2433149783389566,,,5.638366925197111,18.46246749657086
6.095013636815946,0.330553484927341,7.388845986402645,7.201022749381329,9.465501270193059,0.2480181008972657,,,5.649239465949941,18.42303796751744
6.105886177568776,0.3387745714169034,7.399718527155474,7.019973405543943,9.476373810945889,0.2533686868374929,,,5.660112006702771,18.36320085605426
6.116758718321605,0.3470917248425235,7.410591067908303,6.840794564390736,9.487246351698717,0.2593194338420318,,,5.6709845474556,18.28363735859653
6.127631259074434,0.3554786647881653,7.421463608661132,6.664184550522158,9.498118892451547,0.2658197752754161,,,5.681857088208429,18.18202220503792
6.138503799827264,0.3639115981288173,7.432336149413961,6.491227090035546,9.508991433204377,0.2728069824166995,,,5.692729628961258,18.06412200538349
6.149376340580093,0.372370772506136,7.443208690166792,6.323595739406987,9.519863973957206,0.2802265686824417,,,5.703602169714088,17.9336095518133
6.160248881332922,0.3808402381955081,7.454081230919621,6.161285245423879,9.530736514710036,0.2880029867231755,,,5.714474710466917,17.78689032785969
6.171121422085752,0.3893079182648713,7.46495377167245,6.003723092723296,9.541609055462864,0.2960615214161836,,,5.725347251219747,17.62271689117615
6.181993962838582,0.3977660302702721,7.47582631242528,5.851310618749574,9.552481596215694,0.3043233196005824,,,5.736219791972577,17.4424167373891
6.192866503591411,0.4062094970545941,7.486698853178109,5.704386423225725,9.563354136968524,0.3127027324158239,,,5.747092332725406,17.24751095907216
6.20373904434424,0.4146379917502298,7.497571393930938,5.563280206262053,9.574226677721352,0.3211228323722257,,,5.757964873478235,17.04216851840431
6.214611585097069,0.4230544029438539,7.508443934683767,5.428196195062204,9.585099218474182,0.3294930434021409,,,5.768837414231064,16.82799838163661
6.225484125849899,0.4314649206874665,7.519316475436597,5.299294892436617,9.595971759227012,0.3377266661780586,,,5.779709954983893,16.60400808621237
6.236356666602728,0.4399194115361139,7.530189016189427,5.176669592828297,9.606844299979841,0.3458022931096424,,,5.790582495736723,16.3719075950115
6.247229207355558,0.4484220750182182,7.541061556942256,5.060346665661698,9.617716840732671,0.3536333913296874,,,5.801455036489553,16.13333285822779
6.258101748108388,0.4572533685254732,7.551934097695085,4.950286819731153,9.628589381485501,0.3610739605637325,,,5.812327577242382,15.8899424413944
6.268974288861217,0.4664181387923716,7.562806638447915,4.846387337381264,9.639461922238329,0.368042460904118,,,5.823200117995212,15.64342705470315
6.279846829614046,0.4756328389250505,7.573679179200744,4.74846802507967,9.650334462991159,0.3744631604381227,,,5.834072658748041,15.3952820942192
6.290719370366875,0.4849126985812673,7.584551719953573,4.656349050894865,9.661207003743987,0.3802656376791502,,,5.84494519950087,15.14702870084073
6.301591911119704,0.4942796175843973,7.595424260706403,4.570327914451942,9.672079544496818,0.3853856309116467,,,5.855817740253699,14.90030236254887
6.312464451872534,0.5037325166340354,7.606296801459232,4.490083460922348,9.682952085249648,0.3897658074102419,,,5.866690281006528,14.65635934411008
6.323336992625364,0.5132914558965554,7.617169342212062,4.4146590765856,9.693824626002476,0.3933564394185054,,,5.877562821759359,14.41906087449746
6.334209533378193,0.5229691837507761,7.628041882964891,4.343656564747513,9.704697166755306,0.3961161867657543,,,5.888435362512188,14.18957564932
6.345082074131023,0.5327773369124095,7.63891442371772,4.276652638836884,9.715569707508134,0.3980117668071578,,,5.899307903265017,13.96639589222787
6.355954614883852,0.5427259427688478,7.64978696447055,4.213206530932914,9.726442248260964,0.3990656063971715,,,5.910180444017847,13.7505031611454
6.366827155636681,0.5528242885066844,7.660659505223379,4.152888655124727,9.737314789013794,0.3992625220731282,,,5.921052984770676,13.54250785969804
6.37769969638951,0.5630765481123279,7.671532045976209,4.09519378955836,9.748187329766623,0.3988838321910755,,,5.931925525523505,13.34521399792977
6.388572237142339,0.5734867056736307,7.682404586729038,4.039999801961271,9.759059870519453,0.3980501893647538,,,5.942798066276334,13.15907082721437
6.39944477789517,0.5840550852306675,7.693277127481867,3.986849319366455,9.769932411272283,0.3964327104439513,,,5.953670607029164,12.98257163291299
6.410317318647999,0.5947780205718992,7.704149668234697,3.935036855663271,9.780804952025111,0.3939234656485533,,,5.964543147781994,12.81600142122106
6.421189859400828,0.6056510297617645,7.715022208987526,3.884753169367503,9.791677492777941,0.3905438401674444,,,5.975415688534823,12.65956602246828
6.432062400153658,0.6166632176587342,7.725894749740355,3.835583048282192,9.802550033530771,0.3863233854149321,,,5.986288229287652,12.51327276100353
6.442934940906487,0.6277959381213254,7.736767290493185,3.78667805195768,9.813422574283599,0.3812992939079929,,,5.997160770040482,12.37711394658805
6.453807481659316,0.6390437021360812,7.747639831246015,3.737748047349425,9.824295115036429,0.3755137662590975,,,6.008033310793311,12.25098352171913
6.464680022412145,0.6504684651460749,7.758512371998844,3.689917109102326,9.835167655789258,0.3690218001118786,,,6.01890585154614,12.13465527166341
6.475552563164975,0.6620449242283937,7.769384912751673,3.643055152133881,9.846040196542088,0.3618769008394362,,,6.02977839229897,12.02784897361058
6.486425103917805,0.6736538455798862,7.780257453504502,3.595540816361086,9.856912737294918,0.3541398550396309,,,6.040650933051799,11.93022982183563
6.497297644670634,0.6852622384579239,7.791129994257332,3.548666213097289,9.867785278047746,0.3458752754780164,,,6.051523473804629,11.84138734878323
6.508170185423463,0.6968448939401716,7.802002535010161,3.502350195601899,9.878657818800576,0.3371576652081405,,,6.062396014557458,11.76331867136343
6.519042726176293,0.7083466794989729,7.812875075762991,3.455138005704388,9.889530359553405,0.3280543206363919,,,6.073268555310287,11.69844936790958
6.529915266929122,0.7199437568472709,7.823747616515821,3.407026773101483,9.900402900306235,0.3186337537825478,,,6.084141096063117,11.64381474298737
6.540787807681951,0.7315929062910955,7.83462015726865,3.358093717982727,9.911275441059065,0.308963905300594,,,6.095013636815946,11.59591255421445
6.551660348434781,0.74303204114161,7.845492698021479,3.308426198022591,9.922147981811893,0.2991149929717325,,,6.105886177568776,11.55405936044531
6.56253288918761,0.7543602587717464,7.856365238774308,3.258147603283316,9.933020522564723,0.2891557917546418,,,6.116758718321605,11.51773551558699
6.57340542994044,0.7655256780507742,7.867237779527137,3.207478291517395,9.943893063317553,0.2791529096009712,,,6.127631259074434,11.48633622734434
6.584277970693269,0.7763263245151333,7.878110320279967,3.156607164990619,9.954765604070381,0.2691701067396111,,,6.138503799827264,11.45932360593995
6.595150511446098,0.7867101517126479,7.888982861032797,3.105774668029438,9.965638144823211,0.2592676143616601,,,6.149376340580093,11.43618334320702
6.606023052198928,0.7966256371814201,7.899855401785626,3.055243767885672,9.976510685576041,0.2495019146624199,,,6.160248881332922,11.41643949918666
6.616895592951757,0.8060217620369673,7.910727942538456,3.005294363824369,9.98738322632887,0.239924800826266,,,6.171121422085752,11.39965923928526
6.627768133704587,0.8148543818301566,7.921600483291285,2.956217566782054,9.9982557670817,0.2306088659846102,,,6.181993962838582,11.38550561123077
6.638640674457416,0.8230789417179502,7.932473024044114,2.908289516757997,10.00912830783453,0.221593572538966,,,6.192866503591411,11.3735570167415
6.649513215210245,0.8307385533913734,7.943345564796943,2.861813001584696,10.02000084858736,0.2128949739286993,,,6.20373904434424,11.36356597226505
6.660385755963075,0.8377963131949,7.954218105549772,2.81713937683065,10.03087338934019,0.2045409581014243,,,6.214611585097069,11.35529757245865
6.671258296715904,0.8441389446346562,7.965090646302603,2.774473452483135,10.04174593009302,0.1965570713707891,,,6.225484125849899,11.34856708733487
6.682130837468733,0.8497319511175678,7.975963187055432,2.734142732540464,10.05261847084585,0.1889634907962244,,,6.236356666602728,11.34577470330037
6.693003378221563,0.8545563674507743,7.986835727808261,2.696346924477197,10.06349101159867,0.1817751313708195,,,6.247229207355558,11.34678196863535
6.703875918974393,0.8585962481845778,7.997708268561091,2.662202697757197,10.0743635523515,0.1750002164799844,,,6.258101748108388,11.35264031200551
6.714748459727222,0.8618420722319379,8.008580809313919,2.631893200943984,10.08523609310433,0.1686937599289164,,,6.268974288861217,11.36324044923144
6.725621000480051,0.8642910234713936,8.019453350066749,2.604670418678529,10.09610863385716,0.1628536488467617,,,6.279846829614046,11.3748477929003
6.73649354123288,0.8659472004641611,8.030325890819579,2.580615303819532,10.10698117460999,0.1574285723311756,,,6.290719370366875,11.38744614214959
6.74736608198571,0.8673423871694472,8.041198431572408,2.559872244206158,10.11785371536282,0.1524097777646032,,,6.301591911119704,11.40250398277059
6.758238622738539,0.8684902254513591,8.052070972325238,2.542439055335149,10.12872625611565,0.1477849147298995,,,6.312464451872534,11.41995023848704
6.769111163491369,0.8688862536025881,8.062943513078068,2.528321287958849,10.13959879686848,0.1435384198333046,,,6.323336992625364,11.43841616018128
6.779983704244199,0.8685942825899384,8.073816053830896,2.517486315429175,10.15047133762131,0.1396519120223615,,,6.334209533378193,11.45789165305563
6.790856244997028,0.8676453825698955,8.084688594583726,2.509865902010583,10.16134387837414,0.1361050529841787,,,6.345082074131023,11.47844773143426
6.801728785749857,0.8660339499338927,8.095561135336554,2.505357440120115,10.17221641912697,0.1328728619689981,,,6.355954614883852,11.50013904228678
6.812601326502686,0.8638041582136906,8.106433676089384,2.503825674315697,10.1830889598798,0.1299343160745308,,,6.366827155636681,11.52310706744241
6.823473867255515,0.861005613938698,8.117306216842215,2.505094734644446,10.19396150063263,0.1272620050618692,,,6.37769969638951,11.54742586617371
6.834346408008345,0.8577019235528355,8.128178757595043,2.508999703305765,10.20483404138546,0.1248294053641331,,,6.388572237142339,11.57310342983687
6.845218948761175,0.8539487323119194,8.139051298347873,2.515303135617255,10.21570658213829,0.1226094953011145,,,6.39944477789517,11.60030293931779
6.856091489514004,0.8498088669025344,8.149923839100701,2.523739042060983,10.22657912289112,0.1205750843513051,,,6.410317318647999,11.62907933346001
6.866964030266834,0.8453624682328792,8.160796379853531,2.534591903927223,10.23745166364395,0.1186991817601174,,,6.421189859400828,11.65962017660204
6.877836571019663,0.8406641646734807,8.171668920606361,2.54753611939017,10.24832420439678,0.1169551276377576,,,6.432062400153658,11.69194939358433
6.888709111772492,0.8357975664520308,8.18254146135919,2.561809770225249,10.25919674514961,0.1153171052148423,,,6.442934940906487,11.72619105488541
6.899581652525321,0.8310522766038954,8.19341400211202,2.577112986586267,10.27006928590243,0.1137602441814512,,,6.453807481659316,11.76257136078178
6.91045419327815,0.8265039574045211,8.20428654286485,2.593142636950974,10.28094182665526,0.1122608802048391,,,6.464680022412145,11.80436106883667
6.921326734030981,0.8220134083730557,8.215159083617678,2.609572955463752,10.29181436740809,0.1107967668820453,,,6.475552563164975,11.85163720001655
6.93219927478381,0.8178646934721255,8.226031624370508,2.626117713469242,10.30268690816092,0.1093898106086997,,,6.486425103917805,11.90118389797313
6.943071815536639,0.8141261091910679,8.236904165123338,2.642541888699744,10.31355944891375,0.1080206933491949,,,6.497297644670634,11.95304581844923
6.953944356289469,0.8106493284306238,8.247776705876166,2.658509283580335,10.32443198966658,0.1066290214031494,,,6.508170185423463,12.00730401985967
6.964816897042298,0.8074940527742026,8.258649246628996,2.673764584957465,10.33530453041941,0.1051989379630776,,,6.519042726176293,12.06398161466285
6.975689437795127,0.8047154723588639,8.269521787381825,2.688682749444576,10.34617707117224,0.1037166347868476,,,6.529915266929122,12.12513113818815
6.986561978547956,0.8023611518574607,8.280394328134655,2.703023748140592,10.35704961192507,0.1021704058463561,,,6.540787807681951,12.19081067330208
6.997434519300786,0.8004806122863432,8.291266868887485,2.715927285034827,10.3679221526779,0.1005508347865212,,,6.551660348434781,12.25950782878407
7.008307060053616,0.799108544994914,8.302139409640313,2.727188235306113,10.37879469343073,0.09885400986825421,,,6.56253288918761,12.33374334653863
7.019179600806445,0.7983096097974373,8.313011950393143,2.736623634244832,10.38966723418356,0.09707468818301812,,,6.57340542994044,12.41284922104128
7.030052141559274,0.7981072268891575,8.323884491145972,2.744088729762063,10.40053977493639,0.09527895756817137,,,6.584277970693269,12.49427921653357
7.040924682312104,0.7984833135616728,8.334757031898802,2.749420394380395,10.41141231568922,0.09346482619970557,,,6.595150511446098,12.57808063628758
7.051797223064933,0.7994458780803126,8.345629572651632,2.754473534330675,10.42228485644205,0.09155833476583321,,,6.606023052198928,12.66412373968807
7.062669763817762,0.800995250601869,8.35650211340446,2.759132353096169,10.43315739719488,0.08956059039943333,,,6.616895592951757,12.75226151155116
7.073542304570592,0.803132025843325,8.36737465415729,2.761339985787726,10.4440299379477,0.08747440099815809,,,6.627768133704587,12.84254012319078
7.084414845323421,0.8058279116672379,8.37824719491012,2.761042846389335,10.45490247870053,0.08530418557873731,,,6.638640674457416,12.93486557722369
7.095287386076251,0.8090672459035243,8.389119735662948,2.758161766489348,10.46577501945336,0.08305581577562304,,,6.649513215210245,13.0310239553126
7.10615992682908,0.812842001829827,8.399992276415778,2.752659740069663,10.47664756020619,0.08073647173615862,,,6.660385755963075,13.13088814498411
7.117032467581909,0.8171170778572437,8.410864817168608,2.744519793094261,10.48752010095902,0.07835448353648811,,,6.671258296715904,13.23240640629043
7.127905008334739,0.8218308435697762,8.421737357921437,2.73374398103961,10.49839264171185,0.07591916556150406,,,6.682130837468733,13.33529375017461
7.138777549087568,0.8269370723062286,8.432609898674267,2.720352368197758,10.50926518246468,0.07344064633017434,,,6.693003378221563,13.43948479469054
7.149650089840398,0.8323850623591633,8.443482439427095,2.704381720391365,10.52013772321751,0.07092969625309306,,,6.703875918974393,13.54472332202392
7.160522630593227,0.8381197288137513,8.454354980179925,2.685884710296587,10.53101026397034,0.06839654121697901,,,6.714748459727222,13.65078825018311
7.171395171346056,0.8440851084576583,8.465227520932755,2.664928508694692,10.54188280472317,0.06585497817963039,,,6.725621000480051,13.7574412695804
7.182267712098886,0.8502162964937554,8.476100061685583,2.641593992669581,10.552755345476,0.06331590985599547,,,6.73649354123288,13.8644269699383
7.193140252851715,0.8566197890825942,8.486972602438414,2.615974641888211,10.56362788622883,0.06079011881438073,,,6.74736608198571,13.97430476107471
7.204012793604544,0.8632270538401384,8.497845143191242,2.588278515398599,10.57450042698166,0.05828951238387353,,,6.758238622738539,14.08676888700121
7.214885334357374,0.8698170172272802,8.508717683944072,2.558620834554077,10.58537296773449,0.0558252844867986,,,6.769111163491369,14.19862334661144
7.225757875110204,0.876751187497038,8.519590224696902,2.52701401669855,10.59624550848732,0.05340845708836933,,,6.779983704244199,14.311022052742
7.236630415863033,0.8839776690959098,8.53046276544973,2.49361265623563,10.60711804924015,0.05104881255488794,,,6.790856244997028,14.42359030640353
7.247502956615862,0.8909855668959272,8.54133530620256,2.458548019543707,10.61799058999297,0.04875612972291168,,,6.801728785749857,14.5343477846603
7.258375497368691,0.8977231128184568,8.55220784695539,2.421971628939257,10.6288631307458,0.04654979649646653,,,6.812601326502686,14.64298266593135
7.269248038121521,0.904133266759462,8.563080387708219,2.38404287548405,10.63973567149863,0.04443776924130389,,,6.823473867255515,14.74903488740811
7.28012057887435,0.9101641358450383,8.573952928461049,2.344928485439995,10.65060821225146,0.04241580795395273,,,6.834346408008345,14.85523639821347
7.29099311962718,0.915816066773995,8.584825469213879,2.305844392559332,10.66148075300429,0.04049164089386493,,,6.845218948761175,14.9610869865245
7.30186566038001,0.921048802675159,8.595698009966707,2.266961009838852,10.67235329375712,0.0386643312357381,,,6.856091489514004,15.06305553353926
7.312738201132839,0.9257819147099913,8.606570550719537,2.227398419157644,10.68322583450995,0.03694789625378395,,,6.866964030266834,15.16083263202953
7.323610741885668,0.9299885030000407,8.617443091472365,2.187337842315832,10.69409837526278,0.03534321083005279,,,6.877836571019663,15.25388434357573
7.334483282638497,0.9336489458699967,8.628315632225195,2.146950048593577,10.70497091601561,0.03385053592572018,,,6.888709111772492,15.34186477844768
7.345355823391326,0.9367510166991959,8.639188172978026,2.107281902435572,10.71584345676844,0.03247115424021635,,,6.899581652525321,15.42609093349382
7.356228364144156,0.9392898897345519,8.650060713730854,2.0685264095515,10.72671599752127,0.03120589745163767,,,6.91045419327815,15.5062129601259
7.367100904896986,0.9412680354438152,8.660933254483684,2.029965981729196,10.7375885382741,0.03005461621383788,,,6.921326734030981,15.58021597482121
7.377973445649815,0.94269500760896,8.671805795236512,1.991769521875227,10.74846107902693,0.02901636025864423,,,6.93219927478381,15.65026422525746
7.388845986402645,0.9435857248226057,8.682678335989342,1.954089072995827,10.75933361977976,0.02808942957330159,,,6.943071815536639,15.71605953157246
7.399718527155474,0.9439659717229471,8.693550876742172,1.917135038800208,10.77020616053259,0.02727152604053952,,,6.953944356289469,15.77484179410798
7.410591067908303,0.9438624778204248,8.704423417495001,1.881046306646557,10.78107870128542,0.02655944665528531,,,6.964816897042298,15.82677025411025
7.421463608661132,0.9433108349333214,8.715295958247831,1.845951991727382,10.79195124203824,0.02594984093964089,,,6.975689437795127,15.87161421690314
7.432336149413961,0.9428889000262707,8.726168499000661,1.812051082457544,10.80282378279107,0.02543816790449167,,,6.986561978547956,15.9087142267782
7.443208690166792,0.9427615961721345,8.737041039753489,1.779456494409985,10.8136963235439,0.02502024201966906,,,6.997434519300786,15.93793350051768
7.454081230919621,0.942417638702496,8.747913580506319,1.748298753050152,10.82456886429673,0.02469236697937687,,,7.008307060053616,15.96048815652226
7.46495377167245,0.9417744379110913,8.758786121259149,1.718695896704293,10.83544140504956,0.02444925922932124,,,7.019179600806445,15.9791918242327
7.47582631242528,0.9408656588737723,8.769658662011977,1.690751793412522,10.84631394580239,0.02428397276288963,,,7.030052141559274,15.99258359471174
7.486698853178109,0.9397280798421562,8.780531202764807,1.664554565923159,10.85718648655522,0.02419076500865715,,,7.040924682312104,15.99967240122552
7.497571393930938,0.9384064533391447,8.791403743517636,1.64017516530771,10.86805902730805,0.02416376495088404,,,7.051797223064933,16.00030431177986
7.508443934683767,0.9369372161922606,8.802276284270466,1.617666785034142,10.87893156806088,0.02419703458343124,,,7.062669763817762,15.99215530179749
7.519316475436597,0.9353589507380172,8.813148825023296,1.597061408889007,10.88980410881371,0.02428560195818248,,,7.073542304570592,15.97511568157645
7.530189016189427,0.9337087894025792,8.824021365776124,1.578377373252305,10.90067664956654,0.02442189790972403,,,7.084414845323421,15.94902378593905
7.541061556942256,0.9320218501097854,8.834893906528954,1.5615998661736,10.91154919031937,0.02460090568761401,,,7.095287386076251,15.91380080068228
7.551934097695085,0.9303307277913145,8.845766447281783,1.546701693275058,10.9224217310722,0.02481661305122486,,,7.10615992682908,15.87181611381802
7.562806638447915,0.9286650513677448,8.856638988034613,1.53363459155677,10.93329427182503,0.02507362922564355,,,7.117032467581909,15.82298600113815
7.573679179200744,0.9270675236557492,8.867511528787443,1.522328837552714,10.94416681257786,0.02536418560113205,,,7.127905008334739,15.7647747025622
7.584551719953573,0.9255332487010461,8.878384069540271,1.51269505949506,10.95503935333069,0.025676319128981,,,7.138777549087568,15.69711798090111
7.595424260706403,0.9242890300562213,8.889256610293101,1.504625250126329,10.96591189408351,0.02600542022266351,,,7.149650089840398,15.619975074252
7.606296801459232,0.9233483498831615,8.900129151045931,1.498329609274826,10.97678443483635,0.02634726595850858,,,7.160522630593227,15.53329117154091
7.617169342212062,0.9225234904369578,8.911001691798759,1.493664029185616,10.98765697558918,0.02669805367000563,,,7.171395171346056,15.43716811070594
7.628041882964891,0.9218185282046283,8.921874232551589,1.4901179728625,10.998529516342,0.02705442951179783,,,7.182267712098886,15.33154329439025
7.63891442371772,0.9212339517096574,8.932746773304419,1.487549539033221,11.00940205709483,0.02741278405590568,,,7.193140252851715,15.21837976783783
7.64978696447055,0.9207669261081097,8.943619314057248,1.485758427577143,11.02027459784766,0.02777234258458501,,,7.204012793604544,15.09770522902163
7.660659505223379,0.9204118000111011,8.954491854810078,1.484554986663041,11.03114713860049,0.02813028875530612,,,7.214885334357374,14.96788349354121
7.671532045976209,0.9201516736020191,8.965364395562906,1.483863171897387,11.04201967935332,0.02848524488491659,,,7.225757875110204,14.83115125931738
7.682404586729038,0.9199941438962272,8.976236936315736,1.483485081560606,11.05289222010615,0.02883633740499556,,,7.236630415863033,14.6877723659591
7.693277127481867,0.9199164594570149,8.987109477068566,1.48310332646957,11.06376476085898,0.02918318995248305,,,7.247502956615862,14.53706731451424
7.704149668234697,0.9199043708441561,8.997982017821395,1.482521791308857,11.07463730161181,0.02952591019429065,,,7.258375497368691,14.37931247787757
7.715022208987526,0.9199969870677559,9.008854558574225,1.481549484275917,11.08550984236464,0.02988799969433769,,,7.269248038121521,14.21354676301714
7.725894749740355,0.9201745570149741,9.019727099327053,1.480002863198019,11.09638238311747,0.03027026768279304,,,7.28012057887435,14.04012173128966
7.736767290493185,0.9203729201161697,9.030599640079883,1.477708021824222,11.1072549238703,0.03065080361573722,,,7.29099311962718,13.86136912413522
7.747639831246015,0.9205767592641008,9.041472180832713,1.475116997946149,11.11812746462313,0.03103118302676389,,,7.30186566038001,13.68111171792648
7.758512371998844,0.9209214970409912,9.052344721585541,1.472075581621618,11.12900000537596,0.03141315491817782,,,7.312738201132839,13.49786526579322
7.769384912751673,0.9214039439708622,9.063217262338371,1.467825007464549,11.13987254612879,0.03179860408111455,,,7.323610741885668,13.30918289828804
7.780257453504502,0.9218392884702712,9.074089803091201,1.462237705340235,11.15074508688162,0.03218985988927985,,,7.334483282638497,13.11557028683161
7.791129994257332,0.9227498909871862,9.08496234384403,1.455629798367672,11.16161762763445,0.03259172768042823,,,7.345355823391326,12.91711752560112
7.802002535010161,0.9241195201441895,9.09583488459686,1.447923465004112,11.17249016838727,0.03300692638677601,,,7.356228364144156,12.71437873953555
7.812875075762991,0.9254024441605166,9.10670742534969,1.438597068630342,11.1833627091401,0.03343604302126447,,,7.367100904896986,12.50798941917884
7.823747616515821,0.9265782075777845,9.117579966102518,1.427592682670242,11.19423524989293,0.03388200485682867,,,7.377973445649815,12.29860003746911
7.83462015726865,0.9276391238647894,9.128452506855348,1.414873217618171,11.20510779064576,0.03434778628850379,,,7.388845986402645,12.08683266915565
7.845492698021479,0.9285679675658156,9.139325047608176,1.400422508622576,11.21598033139859,0.03483652594150554,,,7.399718527155474,11.87348905283464
7.856365238774308,0.9293505365962098,9.150197588361006,1.384337215060709,11.22685287215142,0.03535045566772375,,,7.410591067908303,11.65919992246182
7.867237779527137,0.929985322541199,9.161070129113837,1.366641945481841,11.23772541290425,0.03589483800283413,,,7.421463608661132,11.44470306376002
7.878110320279967,0.9304611827083881,9.171942669866665,1.347286688040325,11.24859795365708,0.03647083970076512,,,7.432336149413961,11.23248620498707
7.888982861032797,0.9307730624345515,9.182815210619495,1.326333591740652,11.25947049440991,0.03708027402583417,,,7.443208690166792,11.02550696653854
7.899855401785626,0.930917640726898,9.193687751372323,1.303852199471058,11.27034303516274,0.0377262877604299,,,7.454081230919621,10.82244432245531
7.910727942538456,0.9308932298554542,9.204560292125153,1.279960453899322,11.28121557591557,0.03841119586852414,,,7.46495377167245,10.6216293537039
7.921600483291285,0.930699687073275,9.215432832877983,1.254756620176566,11.2920881166684,0.03914508857456828,,,7.47582631242528,10.42350405928354
7.932473024044114,0.9303383471509664,9.226305373630812,1.228365043234889,11.30296065742123,0.03992975246998048,,,7.486698853178109,10.22849594859446
7.943345564796943,0.9298114554461072,9.237177914383642,1.200921682627743,11.31383319817406,0.04075891626551058,,,7.497571393930938,10.03707093487572
7.954218105549772,0.9291243888956968,9.248050455136472,1.173334869126007,11.32470573892689,0.04163271272826369,,,7.508443934683767,9.849516216722998
7.965090646302603,0.9282821427822885,9.2589229958893,1.145751426137893,11.33557827967972,0.04255483305370406,,,7.519316475436597,9.666107065843697
7.975963187055432,0.9273190251399458,9.26979553664213,1.117524186517189,11.34645082043254,0.04352476061614174,,,7.530189016189427,9.487055324378961
7.986835727808261,0.92619723343223,9.28066807739496,1.088871322774909,11.35732336118537,0.0445435672788002,,,7.541061556942256,9.31250796003685
7.997708268561091,0.9253414465501086,9.291540618147788,1.059906376264086,11.3681959019382,0.04561180597434689,,,7.551934097695085,9.142546768890774
8.008580809313919,0.9247611839752485,9.302413158900618,1.030782534423845,11.37906844269103,0.04672951733677475,,,7.562806638447915,8.977189242688238
8.019453350066749,0.9240721661190688,9.313285699653447,1.001651560781274,11.38994098344386,0.04789687933729026,,,7.573679179200744,8.816388482842363
8.030325890819579,0.9232849180238191,9.324158240406277,0.9726620426394378,11.40081352419669,0.04911482564552527,,,7.584551719953573,8.660059419913035
8.041198431572408,0.9224241250340717,9.335030781159107,0.9439577045931224,11.41168606494952,0.05038156631006505,,,7.595424260706403,8.510096300817031
8.052070972325238,0.9214885062427992,9.345903321911935,0.9156758078621645,11.42255860570235,0.05169748149375301,,,7.606296801459232,8.366273021251818
8.062943513078068,0.9205063850016395,9.356775862664765,0.8879483040121459,11.43343114645518,0.05306203799289951,,,7.617169342212062,8.226232575654
8.073816053830896,0.9195016500105548,9.367648403417594,0.860895139426225,11.44430368720801,0.05447450835602797,,,7.628041882964891,8.089651224646568
8.084688594583726,0.9185018903552776,9.378520944170424,0.8346250710732334,11.45517622796084,0.05593395724604563,,,7.63891442371772,7.956177244419536
8.095561135336554,0.9175384467977004,9.389393484923254,0.8092356423055556,11.46604876871367,0.05743922440146439,,,7.64978696447055,7.825439346085791
8.106433676089384,0.9166463761983384,9.400266025676082,0.7848100829165434,11.4769213094665,0.05901453247367911,,,7.660659505223379,7.697082173839548
8.117306216842215,0.915862256457772,9.411138566428912,0.7614202243883919,11.48779385021933,0.060657977928858,,,7.671532045976209,7.570631039607719
8.128178757595043,0.9152328734717043,9.422011107181742,0.7391224510300184,11.49866639097216,0.06234161532407768,,,7.682404586729038,7.446184441859248
8.139051298347873,0.9148004318790076,9.43288364793457,0.717964136228275,11.50953893172499,0.06406270783869744,,,7.693277127481867,7.323320675000836
8.149923839100701,0.914605935268907,9.4437561886874,0.6979726760250918,11.52041147247781,0.06583076789239947,,,7.704149668234697,7.201314590880616
8.160796379853531,0.9153499244112844,9.45462872944023,0.6791633904416028,11.53128401323064,0.06764226086687272,,,7.715022208987526,7.080541524593391
8.171668920606361,0.9170446525846668,9.465501270193059,0.6615369930648463,11.54215655398347,0.06948048220581207,,,7.725894749740355,6.96064731171874
8.18254146135919,0.9191210151270232,9.476373810945889,0.6451027415946688,11.5530290947363,0.07134099772277862,,,7.736767290493185,6.840793541482183
8.19341400211202,0.9216204809163695,9.487246351698717,0.6297974602427512,11.56390163548913,0.07321940366359558,,,7.747639831246015,6.720784576646055
8.20428654286485,0.9245841371300247,9.498118892451547,0.6156003447750148,11.57477417624196,0.07511022243814867,,,7.758512371998844,6.60259228927463
8.215159083617678,0.9280512925352938,9.508991433204377,0.6024459891882494,11.58564671699479,0.07700794466375133,,,7.769384912751673,6.486230553321739
8.226031624370508,0.9320618626156583,9.519863973957206,0.5903112562365994,11.59651925774762,0.07890669837499449,,,7.780257453504502,6.369383883439952
8.236904165123338,0.9366508068796301,9.530736514710036,0.5791069475192997,11.60739179850045,0.08080118580884577,,,7.791129994257332,6.254599194644977
8.247776705876166,0.9418509457815712,9.541609055462864,0.5687569560838477,11.61826433925328,0.08268493168380402,,,7.802002535010161,6.141903966239551
8.258649246628996,0.9476914190252149,9.552481596215694,0.5591787212412609,11.62913688000611,0.08455895219494086,,,7.812875075762991,6.028815611155077
8.269521787381825,0.9541971420448253,9.563354136968524,0.5502709792646758,11.64000942075894,0.0864162777740783,,,7.823747616515821,5.915427302868005
8.280394328134655,0.9613883458913089,9.574226677721352,0.5419730595960781,11.65088196151177,0.08824113990357506,,,7.83462015726865,5.801970684233188
8.291266868887485,0.9692802168078641,9.585099218474182,0.5341744061100469,11.6617545022646,0.09002636056775751,,,7.845492698021479,5.688635953533114
8.302139409640313,0.9778826491292597,9.595971759227012,0.5267814454136525,11.67262704301743,0.09176482318776902,,,7.856365238774308,5.57565412296772
8.313011950393143,0.9872001219497862,9.606844299979841,0.519995539513015,11.68349958377026,0.09344960267380538,,,7.867237779527137,5.463421308704396
8.323884491145972,0.9972388367624309,9.617716840732671,0.5137235683414363,11.69437212452308,0.0950789088111071,,,7.878110320279967,5.352233248000615
8.334757031898802,1.007980332547072,9.628589381485501,0.5075796908326087,11.70524466527591,0.0966463198770931,,,7.888982861032797,5.242456941663413
8.345629572651632,1.0195095924387,9.639461922238329,0.5014767945892387,11.71611720602874,0.09814991526168007,,,7.899855401785626,5.13450183059732
8.35650211340446,1.03180167245732,9.650334462991159,0.4953340844112311,11.72698974678157,0.09958418329096934,,,7.910727942538456,5.0287689605456
8.36737465415729,1.044761656711169,9.661207003743987,0.4890780646442056,11.7378622875344,0.1009351865329348,,,7.921600483291285,4.925675011109333
8.37824719491012,1.058358453881719,9.672079544496818,0.4826435052064494,11.74873482828723,0.1021986972897043,,,7.932473024044114,4.825616317281987
8.389119735662948,1.072562300602542,9.682952085249648,0.4759742647131762,11.75960736904006,0.1033713717519276,,,7.943345564796943,4.729001534378222
8.399992276415778,1.087344086574738,9.693824626002476,0.469023963716239,11.77047990979289,0.1044506671205045,,,7.954218105549772,4.636305748427301
8.410864817168608,1.102673666601592,9.704697166755306,0.4617568628727498,11.78135245054572,0.1054349959270133,,,7.965090646302603,4.547812374260179
8.421737357921437,1.118520717334927,9.715569707508134,0.4541468907983244,11.79222499129855,0.1063237206328061,,,7.975963187055432,4.463985334644283
8.432609898674267,1.134856085867386,9.726442248260964,0.4462123080268857,11.80309753205138,0.1071171759414958,,,7.986835727808261,4.385040018506877
8.443482439427095,1.151650712746992,9.737314789013794,0.4379491441737578,11.81397007280421,0.10786513756092,,,7.997708268561091,4.31257613735612
8.454354980179925,1.168879010024911,9.748187329766623,0.4295759107738936,11.82484261355704,0.1085693953202015,,,8.008580809313919,4.24682972370954
8.465227520932755,1.186517838812787,9.759059870519453,0.4211776856838343,11.83571515430987,0.1091837113345991,,,8.019453350066749,4.186698556008555
8.476100061685583,1.204547423640598,9.769932411272283,0.4125325533843161,11.8465876950627,0.1097111494565667,,,8.030325890819579,4.132282549419271
8.486972602438414,1.22295173296313,9.780804952025111,0.4036021925591464,11.85746023581553,0.1102147345641981,,,8.041198431572408,4.083775072785651
8.497845143191242,1.242601742749712,9.791677492777941,0.3944279129049967,11.86833277656836,0.1106986806578585,,,8.052070972325238,4.041147362910065
8.508717683944072,1.263481588192977,9.802550033530771,0.3850598217448257,11.87920531732119,0.1111074537977604,,,8.062943513078068,4.004412697077125
8.519590224696902,1.284685488784429,9.813422574283599,0.3755562004598273,11.89007785807402,0.111445442129721,,,8.073816053830896,3.973527076032387
8.53046276544973,1.306204474489953,9.824295115036429,0.3659775132757441,11.90095039882684,0.1117174754243801,,,8.084688594583726,3.948402712474919
8.54133530620256,1.328022515939947,9.835167655789258,0.3564077630126659,11.91182293957967,0.1119281908114373,,,8.095561135336554,3.928910008837306
8.55220784695539,1.35013066087568,9.846040196542088,0.3469183797333513,11.9226954803325,0.112082600811156,,,8.106433676089384,3.91488002312032
8.563080387708219,1.372522455829102,9.856912737294918,0.337592383139887,11.93356802108533,0.1121855097182429,,,8.117306216842215,3.90609265588212
8.573952928461049,1.395193124538195,9.867785278047746,0.3285167168956232,11.94444056183816,0.1122414804223349,,,8.128178757595043,3.902348402407664
8.584825469213879,1.418147545813708,9.878657818800576,0.3197836542812593,11.95531310259099,0.112255099567438,,,8.139051298347873,3.903354089987751
8.595698009966707,1.441381173383899,9.889530359553405,0.3114832363311492,11.96618564334382,0.1122293716511257,,,8.149923839100701,3.908783084863511
8.606570550719537,1.464878837229679,9.900402900306235,0.3037102799572079,11.97705818409665,0.1121676909224785,,,8.160796379853531,3.919516672207662
8.617443091472365,1.488631457898002,9.911275441059065,0.2965551054915732,11.98793072484948,0.1120724339778824,,,8.171668920606361,3.935103965497291
8.628315632225195,1.512625796461708,9.922147981811893,0.2901098600622071,11.99880326560231,0.1119451904904859,,,8.18254146135919,3.954143690573265
8.639188172978026,1.536947102306805,9.933020522564723,0.2844646589209469,12.00967580635514,0.1117863450164786,,,8.19341400211202,3.976233146474245
8.650060713730854,1.561570780331736,9.943893063317553,0.279706741556402,12.02054834710797,0.1115965533916532,,,8.20428654286485,4.000988679740247
8.660933254483684,1.586355964223048,9.954765604070381,0.2759195201422728,12.0314208878608,0.1113743184967063,,,8.215159083617678,4.027994038972965
8.671805795236512,1.61125860068581,9.965638144823211,0.2731720360326831,12.04229342861363,0.1111177081191129,,,8.226031624370508,4.056882226686795
8.682678335989342,1.636223584394935,9.976510685576041,0.2715586131064462,12.05316596936646,0.1108239375395297,,,8.236904165123338,4.087345256667897
8.693550876742172,1.661761931573518,9.98738322632887,0.2711334218269218,12.06403851011929,0.1104894052110051,,,8.247776705876166,4.118938625414564
8.704423417495001,1.68779105810842,9.9982557670817,0.2719650560667117,12.07491105087211,0.1101097810821226,,,8.258649246628996,4.151316492769473
8.715295958247831,1.713633913077381,10.00912830783453,0.2740986058377863,12.08578359162494,0.1096800628713048,,,8.269521787381825,4.185035418885905
8.726168499000661,1.739200966311424,10.02000084858736,0.2775788442885948,12.09665613237777,0.1091948369131035,,,8.280394328134655,4.219751617241359
8.737041039753489,1.764363164238708,10.03087338934019,0.282429666364878,12.1075286731306,0.1086481689663453,,,8.291266868887485,4.254213272674121
8.747913580506319,1.788991893221127,10.04174593009302,0.2886720818435095,12.11840121388343,0.1080340345589437,,,8.302139409640313,4.288102357936924
8.758786121259149,1.812949290987616,10.05261847084585,0.2963158262256025,12.12927375463626,0.1073459615621395,,,8.313011950393143,4.321119924282915
8.769658662011977,1.836089372417587,10.06349101159867,0.3053587696931314,12.14014629538909,0.1065857937825044,,,8.323884491145972,4.353011349409917
8.780531202764807,1.858259381452816,10.0743635523515,0.3157849630853846,12.15101883614192,0.1057474583359414,,,8.334757031898802,4.383477094746866
8.791403743517636,1.879301347757433,10.08523609310433,0.3275959090425103,12.16189137689475,0.1048564168104722,,,8.345629572651632,4.414430948580223
8.802276284270466,1.899082273478558,10.09610863385716,0.3407491080394697,12.17276391764758,0.1039488024693794,,,8.35650211340446,4.445610553456654
8.813148825023296,1.917390170868078,10.10698117460999,0.3551647293943239,12.18363645840041,0.1029796095648446,,,8.36737465415729,4.474685112750637
8.824021365776124,1.934088413492672,10.11785371536282,0.3707751449219718,12.19450899915324,0.1019017396912542,,,8.37824719491012,4.50148997528411
8.834893906528954,1.949019689456511,10.12872625611565,0.3874993782279021,12.20538153990607,0.1007108029008611,,,8.389119735662948,4.525797410301575
8.845766447281783,1.962017487521957,10.13959879686848,0.405243319672295,12.2162540806589,0.09940332956652256,,,8.399992276415778,4.547449196488145
8.856638988034613,1.972940258705774,10.15047133762131,0.4239001017754055,12.22712662141173,0.09797739659411528,,,8.410864817168608,4.566311348647055
8.867511528787443,1.981648922364771,10.16134387837414,0.4433506649721124,12.23799916216456,0.09643186903611072,,,8.421737357921437,4.582274409345949
8.878384069540271,1.988015325939313,10.17221641912697,0.4634524675585864,12.24887170291738,0.09476705183945469,,,8.432609898674267,4.595254231815971
8.889256610293101,1.99192413199761,10.1830889598798,0.484090862890301,12.25974424367021,0.09298456344220171,,,8.443482439427095,4.605190043800207
8.900129151045931,1.994624922471403,10.19396150063263,0.5051000828439045,12.27061678442304,0.09108734609171035,,,8.454354980179925,4.612047508875396
8.911001691798759,1.996021062371064,10.20483404138546,0.5263210688525132,12.28148932517587,0.08907964816542895,,,8.465227520932755,4.615816736948991
8.921874232551589,1.994665081338258,10.21570658213829,0.5475881210426913,12.2923618659287,0.08696701044153135,,,8.476100061685583,4.616512842576026
8.932746773304419,1.990498755688606,10.22657912289112,0.5687305646474924,12.30323440668153,0.08475617642911192,,,8.486972602438414,4.6141756242737
8.943619314057248,1.98346270307059,10.23745166364395,0.5895747529325046,12.31410694743436,0.0824550408100857,,,8.497845143191242,4.610271811625757
8.954491854810078,1.973529504497957,10.24832420439678,0.6099412369129187,12.32497948818719,0.08011914923276643,,,8.508717683944072,4.604877122740788
8.965364395562906,1.9611978335696,10.25919674514961,0.6296550288729251,12.33585202894002,0.0777579784532413,,,8.519590224696902,4.59664345282623
8.976236936315736,1.946479249560678,10.27006928590243,0.6485441814142465,12.34672456969285,0.07533482060943038,,,8.53046276544973,4.585752555325753
8.987109477068566,1.928888911621919,10.28094182665526,0.6664342177068822,12.35759711044568,0.07286027400194482,,,8.54133530620256,4.572295420349377
8.997982017821395,1.90847631005472,10.29181436740809,0.6831630059580219,12.36846965119851,0.07034551484943603,,,8.55220784695539,4.556425877947817
9.008854558574225,1.885312903482993,10.30268690816092,0.6985789577186802,12.37934219195134,0.06780216235871551,,,8.563080387708219,4.538317845404321
9.019727099327053,1.859491518903488,10.31355944891375,0.7125360587315293,12.39021473270417,0.06524222533411189,,,8.573952928461049,4.518163816142515
9.030599640079883,1.831125515061855,10.32443198966658,0.7248958762875467,12.401087273457,0.0626772811709964,,,8.584825469213879,4.49750876485211
9.041472180832713,1.800367430147398,10.33530453041941,0.7355379853277062,12.41195981420983,0.06012036225585457,,,8.595698009966707,4.476564740883916
9.052344721585541,1.767368176326505,10.34617707117224,0.7443572086275727,12.42283235496265,0.05758295933229988,,,8.606570550719537,4.454203027152479
9.063217262338371,1.732275648203747,10.35704961192507,0.7512647951951603,12.43370489571548,0.05507683914727047,,,8.617443091472365,4.430658570475467
9.074089803091201,1.695286611700009,10.3679221526779,0.7561898898242883,12.44457743646831,0.05261319494839239,,,8.628315632225195,4.406154136256771
9.08496234384403,1.657286257442656,10.37879469343073,0.7590893708024191,12.45544997722114,0.05020337554398651,,,8.639188172978026,4.382116285610215
9.09583488459686,1.618509481573807,10.38966723418356,0.7599301697794162,12.46632251797397,0.04785761480274473,,,8.650060713730854,4.358791223344966
9.10670742534969,1.578428436883112,10.40053977493639,0.759773527632394,12.4771950587268,0.04558526533323775,,,8.660933254483684,4.335177236271408
9.117579966102518,1.537258712429249,10.41141231568922,0.7586161185926615,12.48806759947963,0.04339526211429094,,,8.671805795236512,4.311481726469764
9.128452506855348,1.495223266788684,10.42228485644205,0.7553807442321938,12.49894014023246,0.04129561878152895,,,8.682678335989342,4.287878343732738
9.139325047608176,1.452550923886419,10.43315739719488,0.7500938213765037,12.50981268098529,0.03929365828475638,,,8.693550876742172,4.265264037877635
9.150197588361006,1.40947490617682,10.4440299379477,0.7428008960202602,12.52068522173812,0.03739549012987057,,,8.704423417495001,4.24376984320909
9.161070129113837,1.366237922962489,10.45490247870053,0.7335659372534479,12.53155776249095,0.03560595919566013,,,8.715295958247831,4.222852373064374
9.171942669866665,1.323066597728735,10.46577501945336,0.7224703589965678,12.54243030324378,0.03392917232452108,,,8.726168499000661,4.202724636608345
9.182815210619495,1.280204220162119,10.47664756020619,0.7096118143139445,12.55330284399661,0.03236801269541154,,,8.737041039753489,4.183437912734999
9.193687751372323,1.237888091738349,10.48752010095902,0.6951027761708186,12.56417538474944,0.0309247793885193,,,8.747913580506319,4.165069765798763
9.204560292125153,1.196353405284025,10.49839264171185,0.6790689338934097,12.57504792550227,0.02960025567362508,,,8.758786121259149,4.147671200594822
9.215432832877983,1.155832104845254,10.50926518246468,0.6616474362546659,12.5859204662551,0.02839440125226469,,,8.769658662011977,4.131265314748902
9.226305373630812,1.11655178740125,10.52013772321751,0.6429850145764099,12.59679300700792,0.0273061929707228,,,8.780531202764807,4.115846385125509
9.237177914383642,1.078734637029327,10.53101026397034,0.623231422004673,12.60766554776075,0.02633427747553122,,,8.791403743517636,4.101379417925929
9.248050455136472,1.042951563207133,10.54188280472317,0.602556844844726,12.61853808851358,0.02547526908418976,,,8.802276284270466,4.087830215552864
9.2589229958893,1.009407660824241,10.552755345476,0.5811190415803766,12.62941062926641,0.02472552996898307,,,8.813148825023296,4.075054173573776
9.26979553664213,0.9779398097464973,10.56362788622883,0.5590830869207042,12.64028317001924,0.02408037878706268,,,8.824021365776124,4.062969541906048
9.28066807739496,0.948735212995991,10.57450042698166,0.5366142654144246,12.65115571077207,0.02353504496897416,,,8.834893906528954,4.051416233282191
9.291540618147788,0.921965738662087,10.58537296773449,0.5138743874095507,12.6620282515249,0.02308350623479094,,,8.845766447281783,4.040214905429965
9.302413158900618,0.8977936878303102,10.59624550848732,0.4910225017429521,12.67290079227773,0.02271951381190208,,,8.856638988034613,4.029183240900503
9.313285699653447,0.876368954893194,10.60711804924015,0.4682113905340272,12.68377333303056,0.02243632333158205,,,8.867511528787443,4.018110596340147
9.324158240406277,0.8578279730320565,10.61799058999297,0.4455870920187007,12.69464587378339,0.02222720024183377,,,8.878384069540271,4.006770558303441
9.335030781159107,0.8422926302028605,10.6288631307458,0.423305105663113,12.70551841453622,0.02208420159268343,,,8.889256610293101,3.994924337116327
9.345903321911935,0.829869161919469,10.63973567149863,0.4014934628448183,12.71639095528905,0.02200003648276504,,,8.900129151045931,3.984138911560699
9.356775862664765,0.8206721959021407,10.65060821225146,0.3802513180594248,12.72726349604188,0.02196690599188198,,,8.911001691798759,3.974145660887562
9.367648403417594,0.8147730808300436,10.66148075300429,0.359686324253088,12.73813603679471,0.02197633723267257,,,8.921874232551589,3.962824358017644
9.378520944170424,0.8122186911289219,10.67235329375712,0.3398889928100579,12.74900857754754,0.02202236420591292,,,8.932746773304419,3.949937486146048
9.389393484923254,0.8130068917457678,10.68322583450995,0.3209520146479914,12.75988111830037,0.02209673094003094,,,8.943619314057248,3.935185011682869
9.400266025676082,0.8171645454738072,10.69409837526278,0.3029433252851811,12.7707536590532,0.02219201991394583,,,8.954491854810078,3.918307541214677
9.411138566428912,0.8246811524980091,10.70497091601561,0.2859224199584895,12.78162619980603,0.02230023662005395,,,8.965364395562906,3.899824499596479
9.422011107181742,0.8355097802802208,10.71584345676844,0.2699337521459245,12.79249874055885,0.02241681197069863,,,8.976236936315736,3.879504271759232
9.43288364793457,0.8496247735338573,10.72671599752127,0.2550132588992517,12.80337128131168,0.02253435432403303,,,8.987109477068566,3.856357666409357
9.4437561886874,0.8669285489542257,10.7375885382741,0.2411858487954889,12.81424382206451,0.02264713599119209,,,8.997982017821395,3.830193102713964
9.45462872944023,0.8873192918129581,10.74846107902693,0.2284659518371825,12.82511636281734,0.02275666949401422,,,9.008854558574225,3.800848119089835
9.465501270193059,0.9106659364412794,10.75933361977976,0.2168583546776318,12.83598890357017,0.02285825124409486,,,9.019727099327053,3.768191824521773
9.476373810945889,0.9368187290093521,10.77020616053259,0.2063586000078888,12.846861444323,0.02294099574305988,,,9.030599640079883,3.732126910648873
9.487246351698717,0.9656033188258623,10.78107870128542,0.1969530206422652,12.85773398507583,0.02300136008471611,,,9.041472180832713,3.693229888933661
9.498118892451547,0.9968231405960668,10.79195124203824,0.1886213583388318,12.86860652582866,0.0230364441180804,,,9.052344721585541,3.651469192535799
9.508991433204377,1.030260430257556,10.80282378279107,0.1813360078762786,12.87947906658149,0.02306383881764937,,,9.063217262338371,3.606205916322852
9.519863973957206,1.065678280403138,10.8136963235439,0.175063428342768,12.89035160733432,0.02308177892871865,,,9.074089803091201,3.5574917451449
9.530736514710036,1.102821470004808,10.82456886429673,0.1697722427516015,12.90122414808715,0.02306926611554823,,,9.08496234384403,3.506673755164802
9.541609055462864,1.141419199131873,10.83544140504956,0.165418790440167,12.91209668883998,0.02302544502328631,,,9.09583488459686,3.453901384383165
9.552481596215694,1.181187254904104,10.84631394580239,0.1619477829827866,12.92296922959281,0.02295040781578782,,,9.10670742534969,3.397962558501768
9.563354136968524,1.221828974771519,10.85718648655522,0.1593083439606182,12.93384177034564,0.0228447594347594,,,9.117579966102518,3.339017409530491
9.574226677721352,1.26304498939231,10.86805902730805,0.1574469762291521,12.94471431109847,0.02270968679952251,,,9.128452506855348,3.277260258981298
9.585099218474182,1.30452523331791,10.87893156806088,0.1563081366422873,12.9555868518513,0.02254692409282037,,,9.139325047608176,3.212918116134092
9.595971759227012,1.345959925429644,10.88980410881371,0.1558413949276854,12.96645939260412,0.02235871246350518,,,9.150197588361006,3.146442992179608
9.606844299979841,1.387095792168794,10.90067664956654,0.15597724773711,12.97733193335695,0.02214775480001977,,,9.161070129113837,3.078127837355813
9.617716840732671,1.427619795499036,10.91154919031937,0.1566622625395307,12.98820447410978,0.02191716616309182,,,9.171942669866665,3.008074644727559
9.628589381485501,1.467200217356724,10.9224217310722,0.157837513907898,12.99907701486261,0.02167042083757737,,,9.182815210619495,2.936623527235831
9.639461922238329,1.505540424237267,10.93329427182503,0.1595131722503464,13.00994955561544,0.02141129645319514,,,9.193687751372323,2.864115392356994
9.650334462991159,1.542369647626615,10.94416681257786,0.1616198229076313,13.02082209636827,0.02114381615354991,,,9.204560292125153,2.790955738454845
9.661207003743987,1.577434447964459,10.95503935333069,0.1640417834201387,13.0316946371211,0.02087218949292422,,,9.215432832877983,2.717515339427284
9.672079544496818,1.610501434418851,10.96591189408351,0.1667219891858872,13.04256717787393,0.0206069076141012,,,9.226305373630812,2.644195433813374
9.682952085249648,1.641359707488568,10.97678443483635,0.1696048347766632,13.05343971862676,0.02035231980105119,,,9.237177914383642,2.571405974931314
9.693824626002476,1.66982298134197,10.98765697558918,0.1726364541970457,13.06431225937959,0.02010645124234033,,,9.248050455136472,2.500767694417848
9.704697166755306,1.695763772575836,10.998529516342,0.1757649924972658,13.07518480013242,0.01987496308269411,,,9.2589229958893,2.432686765464844
9.715569707508134,1.718994159272262,11.00940205709483,0.1789404707902866,13.08605734088525,0.01966123293014686,,,9.26979553664213,2.366317972183642
9.726442248260964,1.740853718077007,11.02027459784766,0.1821167394484317,13.09692988163808,0.01946883950905763,,,9.28066807739496,2.302123804674717
9.737314789013794,1.761256338778443,11.03114713860049,0.1852490449683445,13.10780242239091,0.01930225125407349,,,9.291540618147788,2.240441574374887
9.748187329766623,1.77888735618905,11.04201967935332,0.1882961977018323,13.11867496314374,0.01916419586028059,,,9.302413158900618,2.18163909807782
9.759059870519453,1.794118870038064,11.05289222010615,0.1912203078208212,13.12954750389657,0.01905795949265322,,,9.313285699653447,2.126068445812993
9.769932411272283,1.80676752074636,11.06376476085898,0.1939870290366293,13.14042004464939,0.01898650822768123,,,9.324158240406277,2.074062487816938
9.780804952025111,1.816421634063034,11.07463730161181,0.1965657931179255,13.15129258540222,0.01895245752369379,,,9.335030781159107,2.025931489257071
9.791677492777941,1.823121567928487,11.08550984236464,0.1989311248068786,13.16216512615505,0.01895804492964995,,,9.345903321911935,1.981959785218924
9.802550033530771,1.826930744884568,11.09638238311747,0.2010606514182337,13.17303766690788,0.01900510710771821,,,9.356775862664765,1.942430547916771
9.813422574283599,1.82793752981154,11.1072549238703,0.2029352873367729,13.18391020766071,0.01909506120889259,,,9.367648403417594,1.907566532362923
9.824295115036429,1.826232176112174,11.11812746462313,0.2045467827199135,13.19478274841354,0.01922889059714717,,,9.378520944170424,1.877550026702698
9.835167655789258,1.821993832179865,11.12900000537596,0.2058863256318705,13.20565528916637,0.01940713487989625,,,9.389393484923254,1.852494958097519
9.846040196542088,1.815346287598872,11.13987254612879,0.2069447049408082,13.2165278299192,0.0196298841710238,,,9.400266025676082,1.832525681942484
9.856912737294918,1.80645629633163,11.15074508688162,0.2077447028575806,13.22740037067203,0.01989677748709362,,,9.411138566428912,1.817710353996921
9.867785278047746,1.795503836347509,11.16161762763445,0.208385175513169,13.23827291142486,0.02020700515725492,,,9.422011107181742,1.808051655083008
9.878657818800576,1.782822184416247,11.17249016838727,0.208853574323121,13.24914545217769,0.02055858634936577,,,9.43288364793457,1.803578220593308
9.889530359553405,1.768600418013147,11.1833627091401,0.2090688725049181,13.26001799293052,0.02095145686340573,,,9.4437561886874,1.804196537202901
9.900402900306235,1.752984573332133,11.19423524989293,0.2091697880415252,13.27089053368335,0.02138258696196645,,,9.45462872944023,1.809797660593517
9.911275441059065,1.736047735977291,11.20510779064576,0.2091775266048905,13.28176307443618,0.02184947890912184,,,9.465501270193059,1.820221030403391
9.922147981811893,1.718049380728221,11.21598033139859,0.2089969750314402,13.29263561518901,0.02234925207748964,,,9.476373810945889,1.835290157441514
9.933020522564723,1.699192591424643,11.22685287215142,0.2086587806901263,13.30350815594184,0.02287908543500426,,,9.487246351698717,1.854720212910645
9.943893063317553,1.679676516854109,11.23772541290425,0.2081963487704805,13.31438069669466,0.02343785371040205,,,9.498118892451547,1.878243260646497
9.954765604070381,1.659694512229374,11.24859795365708,0.2076435815311643,13.32525323744749,0.02402198587126599,,,9.508991433204377,1.905513401862504
9.965638144823211,1.639432197821886,11.25947049440991,0.2070354583536348,13.33612577820032,0.02462442991353511,,,9.519863973957206,1.936216105322179
9.976510685576041,1.619067366021021,11.27034303516274,0.2064180407844084,13.34699831895315,0.02524021708561201,,,9.530736514710036,1.969931404247283
9.98738322632887,1.598766766770002,11.28121557591557,0.2058352774586386,13.35787085970598,0.02586496718975392,,,9.541609055462864,2.006237676631904
9.9982557670817,1.579375924234476,11.2920881166684,0.2053327914907975,13.36874340045881,0.02649389927485175,,,9.552481596215694,2.044689295745946
10.00912830783453,1.561024582189686,11.30296065742123,0.204957444446202,13.37961594121164,0.02712211636889192,,,9.563354136968524,2.084802686452018
10.02000084858736,1.543165373531693,11.31383319817406,0.2047548715003334,13.39048848196447,0.02775326851755228,,,9.574226677721352,2.126140881360613
10.03087338934019,1.525894841645388,11.32470573892689,0.2047559217394236,13.4013610227173,0.02838373468405308,,,9.585099218474182,2.168192682830097
10.04174593009302,1.509310682220445,11.33557827967972,0.2050459527613705,13.41223356347013,0.02899974474867745,,,9.595971759227012,2.210468037021354
10.05261847084585,1.493499553606647,11.34645082043254,0.2056502001239251,13.42310610422296,0.02959474417219301,,,9.606844299979841,2.25289362479145
10.06349101159867,1.478537747407167,11.35732336118537,0.2066142921550271,13.43397864497579,0.03016374104809708,,,9.617716840732671,2.294976755170159
10.0743635523515,1.464492030000753,11.3681959019382,0.2079817466715111,13.44485118572862,0.03070191420169462,,,9.628589381485501,2.335853868753065
10.08523609310433,1.45174478302315,11.37906844269103,0.2097934452221352,13.45572372648145,0.03120463382140035,,,9.639461922238329,2.375059679730624
10.09610863385716,1.44034394984748,11.38994098344386,0.2120873279150598,13.46659626723428,0.03166752488625306,,,9.650334462991159,2.412166892475968
10.10698117460999,1.430004294571467,11.40081352419669,0.2148982879519057,13.47746880798711,0.03208650552329332,,,9.661207003743987,2.446778150287813
10.11785371536282,1.420759947359886,11.41168606494952,0.2182559500104223,13.48834134873993,0.0324580902511955,,,9.672079544496818,2.478530570536947
10.12872625611565,1.412641677510453,11.42255860570235,0.2221866390705541,13.49921388949276,0.03277891277922441,,,9.682952085249648,2.507099779611985
10.13959879686848,1.405678335629206,11.43343114645518,0.2267115752188067,13.51008643024559,0.03304576300281303,,,9.693824626002476,2.532203384476714
10.15047133762131,1.399898286268252,11.44430368720801,0.2318467791618007,13.52095897099842,0.03325609558413572,,,9.704697166755306,2.553636822214339
10.16134387837414,1.395331764767103,11.45517622796084,0.2376027811236987,13.53183151175125,0.03342113503948654,,,9.715569707508134,2.571152816877743
10.17221641912697,1.392003070306162,11.46604876871367,0.2439872788057227,13.54270405250408,0.03353919692000999,,,9.726442248260964,2.586131632501063
10.1830889598798,1.389960294498546,11.4769213094665,0.2509969064532401,13.55357659325691,0.03359564762439771,,,9.737314789013794,2.598468005025329
10.19396150063263,1.389238397943567,11.48779385021933,0.2586265695605636,13.56444913400974,0.03358970920594757,,,9.748187329766623,2.607347099154018
10.20483404138546,1.389878345062763,11.49866639097216,0.2668815130247517,13.57532167476257,0.03352374387873412,,,9.759059870519453,2.613346745086651
10.21570658213829,1.39193357354187,11.50953893172499,0.275741500582166,13.5861942155154,0.03339803332213942,,,9.769932411272283,2.615732784574627
10.22657912289112,1.395470318081877,11.52041147247781,0.2851639501814481,13.59706675626823,0.03321077976537035,,,9.780804952025111,2.613947292270733
10.23745166364395,1.400553209969368,11.53128401323064,0.2951157126347387,13.60793929702106,0.03296332880526382,,,9.791677492777941,2.608093321000928
10.24832420439678,1.407240478325287,11.54215655398347,0.3055513530140515,13.61881183777389,0.03267644171423451,,,9.802550033530771,2.598313952044324
10.25919674514961,1.415622482100223,11.5530290947363,0.3164252137961807,13.62968437852672,0.03235234355229089,,,9.813422574283599,2.58479302417936
10.27006928590243,1.425807284300905,11.56390163548913,0.3276867765748213,13.64055691927955,0.03197471213761371,,,9.824295115036429,2.567723455647015
10.28094182665526,1.437853747462857,11.57477417624196,0.3392791018593597,13.65142946003238,0.03154658149735876,,,9.835167655789258,2.547423395304409
10.29181436740809,1.451878397868789,11.58564671699479,0.3511406218925626,13.66230200078521,0.03107144025112283,,,9.846040196542088,2.524141568171658
10.30268690816092,1.468976227208687,11.59651925774762,0.3632050553747806,13.67317454153804,0.03055319938562891,,,9.856912737294918,2.498188534511146
10.31355944891375,1.48924548019571,11.60739179850045,0.3755094840478799,13.68404708229087,0.03000008820730435,,,9.867785278047746,2.469895828721149
10.32443198966658,1.511785585419261,11.61826433925328,0.3879791629008339,13.69491962304369,0.02941672516489637,,,9.878657818800576,2.439763503905646
10.33530453041941,1.536686930701973,11.62913688000611,0.4004289974387535,13.70579216379652,0.02880406198388121,,,9.889530359553405,2.408137974980686
10.34617707117224,1.564037645437386,11.64000942075894,0.4127778954064261,13.71666470454935,0.02816725104947251,,,9.900402900306235,2.375328607071888
10.35704961192507,1.593921527907321,11.65088196151177,0.4249439261882678,13.72753724530218,0.02751185496199017,,,9.911275441059065,2.341566746769457
10.3679221526779,1.626415812823538,11.6617545022646,0.4368447745100579,13.73840978605501,0.02684307341864892,,,9.922147981811893,2.30727423376216
10.37879469343073,1.661686707558417,11.67262704301743,0.4483985170235072,13.74928232680784,0.02616661133225315,,,9.933020522564723,2.272813042100231
10.38966723418356,1.699790297353599,11.68349958377026,0.4595354061011037,13.76015486756067,0.02548993429974675,,,9.943893063317553,2.238536168011481
10.40053977493639,1.740670075376267,11.69437212452308,0.4701998817850693,13.7710274083135,0.024816048382133,,,9.954765604070381,2.204784139111258
10.41141231568922,1.784351144557103,11.70524466527591,0.4803062342378199,13.78189994906633,0.02415184746068364,,,9.965638144823211,2.171871848216228
10.42228485644205,1.83083992839093,11.71611720602874,0.489759460256472,13.79277248981916,0.02350330499602624,,,9.976510685576041,2.140127893789887
10.43315739719488,1.880136947330988,11.72698974678157,0.4984923132207551,13.80364503057199,0.02287500633116929,,,9.98738322632887,2.109824989423189
10.4440299379477,1.932178637895375,11.7378622875344,0.5064421606133226,13.81451757132482,0.02227321066425386,,,9.9982557670817,2.081949846285799
10.45490247870053,1.986914283527964,11.74873482828723,0.513553649135462,13.82539011207765,0.02170883542581873,,,10.00912830783453,2.056716760566437
10.46577501945336,2.044254789132308,11.75960736904006,0.519778889106736,13.83626265283048,0.02118660217587023,,,10.02000084858736,2.033639191748987
10.47664756020619,2.104083067555686,11.77047990979289,0.5250772526158725,13.84713519358331,0.02070459456036201,,,10.03087338934019,2.01286546611169
10.48752010095902,2.166253039848551,11.78135245054572,0.5294204603995463,13.85800773433614,0.02026677503566471,,,10.04174593009302,1.994539835434744
10.49839264171185,2.230589025560407,11.79222499129855,0.5327779072755912,13.86888027508896,0.01987669716652852,,,10.05261847084585,1.978778870628473
10.50926518246468,2.29688555700323,11.80309753205138,0.5351379312530601,13.87975281584179,0.01953747236791022,,,10.06349101159867,1.965671648471118
10.52013772321751,2.36490764511471,11.81397007280421,0.536825086163614,13.89062535659462,0.01925174073030941,,,10.0743635523515,1.955277209566121
10.53101026397034,2.434390656250371,11.82484261355704,0.5378397605843528,13.90149789734745,0.01902164720835572,,,10.08523609310433,1.948034451994577
10.54188280472317,2.505045172377209,11.83571515430987,0.5378584801043482,13.91237043810028,0.01884882016081274,,,10.09610863385716,1.943946706733711
10.552755345476,2.576552917870921,11.8465876950627,0.5368959743989454,13.92324297885311,0.01873435695545921,,,10.10698117460999,1.942597596296966
10.56362788622883,2.648573070381921,11.85746023581553,0.5352827637518496,13.93411551960594,0.01867881704114667,,,10.11785371536282,1.943944870046461
10.57450042698166,2.720779466466809,11.86833277656836,0.5330504468943731,13.94498806035877,0.01868221856909173,,,10.12872625611565,1.947925970468255
10.58537296773449,2.792731132249416,11.87920531732119,0.5299249674373431,13.9558606011116,0.01874404234364556,,,10.13959879686848,1.954460075134806
10.59624550848732,2.86406259495599,11.89007785807402,0.5259479797068716,13.96673314186443,0.01886314629224068,,,10.15047133762131,1.963450300066019
10.60711804924015,2.934369689798495,11.90095039882684,0.5211702254242866,13.97760568261726,0.01903826505703599,,,10.16134387837414,1.974787482723394
10.61799058999297,3.003242815848476,11.91182293957967,0.5156413869390493,13.98847822337009,0.01926710798460319,,,10.17221641912697,1.988328399833746
10.6288631307458,3.071885835108649,11.9226954803325,0.5094225447862051,13.99935076412292,0.01954722774466306,,,10.1830889598798,2.003985473463377
10.63973567149863,3.139876432760557,11.93356802108533,0.5025769909483239,14.01022330487575,0.01987576266891588,,,10.19396150063263,2.02160048584934
10.65060821225146,3.205149158586066,11.94444056183816,0.4951713064526611,14.02109584562858,0.02024942374292366,,,10.20483404138546,2.04102881927941
10.66148075300429,3.267338855068954,11.95531310259099,0.4872744419950505,14.03196838638141,0.02066469502289833,,,10.21570658213829,2.062131189885676
10.67235329375712,3.326019334228133,11.96618564334382,0.4789567915865055,14.04284092713423,0.02111774395980222,,,10.22657912289112,2.084775967080675
10.68322583450995,3.380841871871171,11.97705818409665,0.4702892770503739,14.05371346788706,0.02160448677324153,,,10.23745166364395,2.108827144661991
10.69409837526278,3.43166257471014,11.98793072484948,0.4613424590119277,14.06458600863989,0.02212078553216834,,,10.24832420439678,2.134136842875963
10.70497091601561,3.478181738153086,11.99880326560231,0.4521856905801875,14.07545854939272,0.02266245951647957,,,10.25919674514961,2.16059461618799
10.71584345676844,3.519901486471374,12.00967580635514,0.4428863106007447,14.08633109014555,0.02322536265812118,,,10.27006928590243,2.188111709896603
10.72671599752127,3.556591671321568,12.02054834710797,0.4335089954741491,14.09720363089838,0.02380552343169097,,,10.28094182665526,2.216548845374578
10.7375885382741,3.588067944886238,12.0314208878608,0.4241150039073088,14.10807617165121,0.02439922056589114,,,10.29181436740809,2.245838170708856
10.74846107902693,3.614194473988265,12.04229342861363,0.4147616254464123,14.11894871240404,0.02500255427859582,,,10.30268690816092,2.276944995536067
10.75933361977976,3.634898197003936,12.05316596936646,0.4055020445939829,14.12982125315687,0.02561248335626492,,,10.31355944891375,2.309802232276434
10.77020616053259,3.650125316896129,12.06403851011929,0.3963878239464644,14.1406937939097,0.02622621463360617,,,10.32443198966658,2.343310483109956
10.78107870128542,3.659904032120953,12.07491105087211,0.3874618845740793,14.15156633466253,0.02684144217055093,,,10.33530453041941,2.377423853992755
10.79195124203824,3.66430648847736,12.08578359162494,0.3787582474725425,14.16243887541536,0.02745640569519749,,,10.34617707117224,2.412111488851806
10.80282378279107,3.663453682133662,12.09665613237777,0.3703336496942961,14.17331141616819,0.02806994020761429,,,10.35704961192507,2.447356728948836
10.8136963235439,3.657523463196738,12.1075286731306,0.3622137878518552,14.18418395692102,0.0286815149453498,,,10.3679221526779,2.483156537434347
10.82456886429673,3.650219243826132,12.11840121388343,0.3543980873101708,14.19505649767385,0.02929126037663579,,,10.37879469343073,2.519630088229091
10.83544140504956,3.64177419126881,12.12927375463626,0.3469083860673063,14.20592903842668,0.02989998201131136,,,10.38966723418356,2.556795155316033
10.84631394580239,3.628944963896717,12.14014629538909,0.3398080410376008,14.2168015791795,0.03050916003016657,,,10.40053977493639,2.595722560576832
10.85718648655522,3.612011445515805,12.15101883614192,0.333109036048185,14.22767411993233,0.03114179807741677,,,10.41141231568922,2.636432089349472
10.86805902730805,3.591286485275318,12.16189137689475,0.3267602613911146,14.23854666068516,0.03180043015619066,,,10.42228485644205,2.677779007388957
10.87893156806088,3.567111395093204,12.17276391764758,0.3208816928583739,14.24941920143799,0.03246728633195251,,,10.43315739719488,2.719791359106924
10.88980410881371,3.539869226344443,12.18363645840041,0.3154654820926531,14.26029174219082,0.03316142102159372,,,10.4440299379477,2.762453934913793
10.90067664956654,3.509912147196582,12.19450899915324,0.3103881393361085,14.27116428294365,0.03388661790389438,,,10.45490247870053,2.80578440636015
10.91154919031937,3.477651088243663,12.20538153990607,0.3056408300407292,14.28203682369648,0.03463139296898845,,,10.46577501945336,2.849780963904499
10.9224217310722,3.4434799148402,12.2162540806589,0.3012130808405751,14.29290936444931,0.03540009506480365,,,10.47664756020619,2.894431353605788
10.93329427182503,3.407952577352433,12.22712662141173,0.297093605913249,14.30378190520214,0.03619724596525691,,,10.48752010095902,2.939710299555858
10.94416681257786,3.371448482024236,12.23799916216456,0.2932704439975282,14.31465444595497,0.03702728910960412,,,10.49839264171185,2.985577125015321
10.95503935333069,3.3342505041088,12.24887170291738,0.2897315483014916,14.3255269867078,0.03789501178825651,,,10.50926518246468,3.03197363958807
10.96591189408351,3.296741413552434,12.25974424367021,0.2864651002252413,14.33639952746063,0.03880460555388645,,,10.52013772321751,3.078822355944214
10.97678443483635,3.259287549927026,12.27061678442304,0.2834598219531175,14.34727206821346,0.03976002409989815,,,10.53101026397034,3.126018619472021
10.98765697558918,3.222235087784967,12.28148932517587,0.2807052330453978,14.35814460896629,0.04076478561966059,,,10.54188280472317,3.173456995401564
10.998529516342,3.185906824250427,12.2923618659287,0.2781918580650155,14.36901714971912,0.04182181293535811,,,10.552755345476,3.220987869307293
11.00940205709483,3.150594460272423,12.30323440668153,0.2759113581989467,14.37988969047195,0.04293330844459604,,,10.56362788622883,3.268446276117005
11.02027459784766,3.116577949208283,12.31410694743436,0.2738566223249086,14.39076223122477,0.04410063763962022,,,10.57450042698166,3.315683244265105
11.03114713860049,3.084089979465197,12.32497948818719,0.2720458291301017,14.4016347719776,0.04532422410003271,,,10.58537296773449,3.362430804145766
11.04201967935332,3.053339317039823,12.33585202894002,0.2704758258025967,14.41250731273043,0.0466034546137033,,,10.59624550848732,3.40849355378731
11.05289222010615,3.024504005447409,12.34672456969285,0.2691186412642631,14.42337985348326,0.04793662231027745,,,10.60711804924015,3.453629892887411
11.06376476085898,2.997731611930347,12.35759711044568,0.267969653929809,14.43425239423609,0.04932084448564404,,,10.61799058999297,3.497586037590088
11.07463730161181,2.973139965993797,12.36846965119851,0.2670267996344219,14.44512493498892,0.05075204856746905,,,10.6288631307458,3.54174073726823
11.08550984236464,2.950866270613403,12.37934219195134,0.2662886758868818,14.45599747574175,0.05222474511342113,,,10.63973567149863,3.585807664846677
11.09638238311747,2.930972345028281,12.39021473270417,0.2659017545489216,14.46687001649458,0.05373292115858842,,,10.65060821225146,3.627816284599444
11.1072549238703,2.913446469954203,12.401087273457,0.2658615145545761,14.47774255724741,0.05526867588378068,,,10.66148075300429,3.667516820215908
11.11812746462313,2.898423678369367,12.41195981420983,0.2660196883977274,14.48861509800024,0.05682327550711606,,,10.67235329375712,3.704572658273928
11.12900000537596,2.885895112886215,12.42283235496265,0.2663721793677383,14.49948763875307,0.05838692857923036,,,10.68322583450995,3.738741782772946
11.13987254612879,2.875747065297102,12.43370489571548,0.2669155298645042,14.5103601795059,0.05994906369927863,,,10.69409837526278,3.769949110825373
11.15074508688162,2.868259234481414,12.44457743646831,0.2676442497823777,14.52123272025873,0.06149825232623701,,,10.70497091601561,3.797954694037295
11.16161762763445,2.86401000550668,12.45544997722114,0.2685526362343986,14.53210526101156,0.06302229012624441,,,10.71584345676844,3.822306392857514
11.17249016838727,2.862559380003653,12.46632251797397,0.2696384917403937,14.54297780176439,0.06450837470462119,,,10.72671599752127,3.842810827672458
11.1833627091401,2.863146297422774,12.4771950587268,0.2708849044797736,14.55385034251722,0.06594429923225224,,,10.7375885382741,3.859308409895564
11.19423524989293,2.866699390631386,12.48806759947963,0.2722859667549917,14.56472288327005,0.0673167074980295,,,10.74846107902693,3.87167678608409
11.20510779064576,2.873106192643326,12.49894014023246,0.2738304331105589,14.57559542402288,0.06861307902647763,,,10.75933361977976,3.879845981254868
11.21598033139859,2.881210917921893,12.50981268098529,0.27550772337359,14.5864679647757,0.06982011766440989,,,10.77020616053259,3.883755442944557
11.22685287215142,2.890867697210573,12.52068522173812,0.2773033744099002,14.59734050552853,0.07092595110336679,,,10.78107870128542,3.883416499418502
11.23772541290425,2.902001444104306,12.53155776249095,0.2791973928357334,14.60821304628136,0.07191899530862424,,,10.79195124203824,3.878877687755831
11.24859795365708,2.914406591453336,12.54243030324378,0.2811759753171224,14.61908558703419,0.07278869246580373,,,10.80282378279107,3.870227857914432
11.25947049440991,2.927962636961003,12.55330284399661,0.283232083158972,14.62995812778702,0.0735252638354955,,,10.8136963235439,3.857607133559174
11.27034303516274,2.942532063126027,12.56417538474944,0.2853471680061397,14.64083066853985,0.07412021934204416,,,10.82456886429673,3.84468385355711
11.28121557591557,2.957975719514119,12.57504792550227,0.2874830466686951,14.65170320929268,0.07457606675548906,,,10.83544140504956,3.831642240938296
11.2920881166684,2.974154459144104,12.5859204662551,0.2896189006522529,14.66257575004551,0.07488688660893321,,,10.84631394580239,3.815176719642393
11.30296065742123,2.99092750885056,12.59679300700792,0.2917321610393252,14.67344829079834,0.07503808439716181,,,10.85718648655522,3.795510554485081
11.31383319817406,3.008158788347897,12.60766554776075,0.2938276217839877,14.68432083155117,0.07510188559648363,,,10.86805902730805,3.772897226455353
11.32470573892689,3.025706482697644,12.61853808851358,0.2958821805767967,14.695193372304,0.07507615379335521,,,10.87893156806088,3.74761656631892
11.33557827967972,3.043430264759138,12.62941062926641,0.2978463497733654,14.70606591305683,0.07488451043832908,,,10.88980410881371,3.71999622323031
11.34645082043254,3.061189341158124,12.64028317001924,0.2996978072595908,14.71693845380966,0.07454451645819764,,,10.90067664956654,3.690311292843415
11.35732336118537,3.079593098113044,12.65115571077207,0.3014165489019307,14.72781099456249,0.07405800966716665,,,10.91154919031937,3.658914256470807
11.3681959019382,3.09849379719748,12.6620282515249,0.3029822570938194,14.73868353531532,0.07341106075102666,,,10.9224217310722,3.626134041799325
11.37906844269103,3.116987200546093,12.67290079227773,0.3043780271659414,14.74955607606815,0.07260827404917192,,,10.93329427182503,3.592539378828423
11.38994098344386,3.134921141014074,12.68377333303056,0.30558853433219,14.76042861682097,0.07165595648600993,,,10.94416681257786,3.558432490532998
11.40081352419669,3.152155332823907,12.69464587378339,0.3066013280446795,14.7713011575738,0.07056135335286783,,,10.95503935333069,3.523968606657919
11.41168606494952,3.168553070796942,12.70551841453622,0.307604789614622,14.78217369832663,0.06933299055600288,,,10.96591189408351,3.489468822960983
11.42255860570235,3.183940113309801,12.71639095528905,0.3085898648240818,14.79304623907946,0.06798041038503937,,,10.97678443483635,3.455239650662198
11.43343114645518,3.198203760214816,12.72726349604188,0.3093484370984294,14.80391877983229,0.06651402176646287,,,10.98765697558918,3.421569595652016
11.44430368720801,3.211221814083514,12.73813603679471,0.3098699993406469,14.81479132058512,0.06494494282123967,,,10.998529516342,3.388726246259491
11.45517622796084,3.222883579042403,12.74900857754754,0.3101637964958531,14.82566386133795,0.06328483906350237,,,11.00940205709483,3.356947715118614
11.46604876871367,3.23310289026136,12.75988111830037,0.3102437124572628,14.83653640209078,0.06154576063462557,,,11.02027459784766,3.3264670312413
11.4769213094665,3.241779603352077,12.7707536590532,0.3101105943363681,14.84740894284361,0.05973998154631732,,,11.03114713860049,3.297469313188849
11.48779385021933,3.248858866181713,12.78162619980603,0.3097500322947527,14.85828148359644,0.05787987145324761,,,11.04201967935332,3.27012075962657
11.49866639097216,3.256072581274075,12.79249874055885,0.3091824319124365,14.86915402434927,0.05597764671392542,,,11.05289222010615,3.244560650673226
11.50953893172499,3.263383329816909,12.80337128131168,0.3084141718375172,14.8800265651021,0.05404557606936206,,,11.06376476085898,3.220901830919458
11.52041147247781,3.268997944978347,12.81424382206451,0.3074603555629128,14.89089910585493,0.05209502006988621,,,11.07463730161181,3.199231669306011
11.53128401323064,3.272912654770378,12.82511636281734,0.3064645704464501,14.90177164660776,0.05014114400407053,,,11.08550984236464,3.179685395114618
11.54215655398347,3.275138832560882,12.83598890357017,0.305445193057749,14.91264418736059,0.04819462279528763,,,11.09638238311747,3.162303264129307
11.5530290947363,3.275704045684525,12.846861444323,0.3042951215507683,14.92351672811342,0.04626171796867546,,,11.1072549238703,3.147032560906714
11.56390163548913,3.274745631822473,12.85773398507583,0.3030349412048192,14.93438926886624,0.04435175485625259,,,11.11812746462313,3.134001644116044
11.57477417624196,3.272341569050061,12.86860652582866,0.3016864860649754,14.94526180961907,0.04247332322675245,,,11.12900000537596,3.123194593436263
11.58564671699479,3.268653127267307,12.87947906658149,0.3002725559847366,14.9561343503719,0.04063424592762995,,,11.13987254612879,3.114490374319025
11.59651925774762,3.263816121992717,12.89035160733432,0.2988166254309547,14.96700689112473,0.03884156765733814,,,11.15074508688162,3.108193797228273
11.60739179850045,3.259167711212137,12.90122414808715,0.2973435782865506,14.97787943187756,0.03710154679964332,,,11.16161762763445,3.104986908700277
11.61826433925328,3.254920362450239,12.91209668883998,0.2958756569667879,14.98875197263039,0.03541967107236182,,,11.17249016838727,3.104419880713549
11.62913688000611,3.250195145266654,12.92296922959281,0.2944375192246196,14.99962451338322,0.03380067809454967,,,11.1833627091401,3.105651212948957
11.64000942075894,3.245234333662762,12.93384177034564,0.2930526459359147,15.01049705413605,0.03224858639057393,,,11.19423524989293,3.109751183529738
11.65088196151177,3.240315716100811,12.94471431109847,0.2917439021677758,15.02136959488888,0.03076975568461056,,,11.20510779064576,3.11663150553672
11.6617545022646,3.235729937309582,12.9555868518513,0.2905333234965841,15.03224213564171,0.02937790565617671,,,11.21598033139859,3.125044418894839
11.67262704301743,3.231781866723977,12.96645939260412,0.289441919984151,15.04311467639454,0.02807197519577347,,,11.22685287215142,3.134876933568424
11.68349958377026,3.229418358190369,12.97733193335695,0.2884902718519266,15.05398721714737,0.02684224775667847,,,11.23772541290425,3.14609263087762
11.69437212452308,3.228929788430705,12.98820447410978,0.2876954338574326,15.0648597579002,0.02568956566354949,,,11.24859795365708,3.158521012685264
11.70524466527591,3.230040741908961,12.99907701486261,0.287075064895168,15.07573229865303,0.02461433687519235,,,11.25947049440991,3.172078369340474
11.71611720602874,3.233037255845421,13.00994955561544,0.2866443948870939,15.08660483940586,0.02361670098967644,,,11.27034303516274,3.186676391670866
11.72698974678157,3.238217951936649,13.02082209636827,0.2864166214751831,15.09747738015869,0.02269616157994198,,,11.28121557591557,3.202222192841281
11.7378622875344,3.245868536799607,13.0316946371211,0.2864041357991702,15.10834992091151,0.02185220520595387,,,11.2920881166684,3.218632339209471
11.74873482828723,3.256202513323845,13.04256717787393,0.2866162035216585,15.11922246166434,0.02108397439154562,,,11.30296065742123,3.235814705766744
11.75960736904006,3.269586738182249,13.05343971862676,0.2870615966355722,15.13009500241717,0.02039047701308107,,,11.31383319817406,3.253672576113741
11.77047990979289,3.286170609223601,13.06431225937959,0.287744950463374,15.14096754317,0.01977026524943784,,,11.32470573892689,3.272095117165331
11.78135245054572,3.306142129190143,13.07518480013242,0.2888641427038271,15.15184008392283,0.01922161501824851,,,11.33557827967972,3.291031050574212
11.79222499129855,3.329653927304089,13.08605734088525,0.2904172530421477,15.16271262467566,0.01874361030032407,,,11.34645082043254,3.310364301898189
11.80309753205138,3.356819645171511,13.09692988163808,0.2922037851898153,15.17358516542849,0.01833403420174116,,,11.35732336118537,3.330750957546873
11.81397007280421,3.388614454764743,13.10780242239091,0.294221834737494,15.18445770618132,0.01799211580817192,,,11.3681959019382,3.352087349843338
11.82484261355704,3.42505705909092,13.11867496314374,0.2964572806363125,15.19533024693415,0.01771627015211525,,,11.37906844269103,3.373510163105004
11.83571515430987,3.465221086710226,13.12954750389657,0.2988993457813122,15.20620278768698,0.01750246001978982,,,11.38994098344386,3.394905348266424
11.8465876950627,3.508999661981,13.14042004464939,0.3015339348779633,15.21707532843981,0.01734822691118975,,,11.40081352419669,3.416168446421339
11.85746023581553,3.556568774239419,13.15129258540222,0.3043447135802809,15.22794786919264,0.01725094493158059,,,11.41168606494952,3.437190587117428
11.86833277656836,3.607749488146311,13.16216512615505,0.3073131735355982,15.23882040994547,0.01720816135586813,,,11.42255860570235,3.457824233874109
11.87920531732119,3.662007034495639,13.17303766690788,0.3104202226932256,15.2496929506983,0.01721631260249731,,,11.43343114645518,3.477977373426523
11.89007785807402,3.719063128081271,13.18391020766071,0.3136406917203907,15.26056549145113,0.01727253442734144,,,11.44430368720801,3.497543101601344
11.90095039882684,3.778597499443252,13.19478274841354,0.3169513444359773,15.27143803220396,0.01737348518447933,,,11.45517622796084,3.51642031741215
11.91182293957967,3.840247363343369,13.20565528916637,0.3203260824599631,15.28231057295678,0.01751568768762313,,,11.46604876871367,3.534529393468549
11.9226954803325,3.90361648764713,13.2165278299192,0.3237373026095703,15.29318311370962,0.01769549118084081,,,11.4769213094665,3.551791042278997
11.93356802108533,3.968276378375925,13.22740037067203,0.3271561089161739,15.30405565446245,0.01790909441563921,,,11.48779385021933,3.568143413671135
11.94444056183816,4.033772079999974,13.23827291142486,0.3305525517177834,15.31492819521527,0.01815256170158748,,,11.49866639097216,3.585295709622905
11.95531310259099,4.099627679562063,13.24914545217769,0.333895516737969,15.3258007359681,0.01842184320495978,,,11.50953893172499,3.603187538237774
11.96618564334382,4.165352205310028,13.26001799293052,0.3371545751104553,15.33667327672093,0.01871279939372892,,,11.52041147247781,3.619992663052197
11.97705818409665,4.230445823595639,13.27089053368335,0.3402978798891351,15.34754581747376,0.01902122937976848,,,11.53128401323064,3.63567062827199
11.98793072484948,4.294406229796126,13.28176307443618,0.3432941103357872,15.35841835822659,0.01934290277147885,,,11.54215655398347,3.650170667780747
11.99880326560231,4.356735123081678,13.29263561518901,0.3461124561887859,15.36929089897942,0.01967363861666698,,,11.5530290947363,3.663470257203485
12.00967580635514,4.416943901521096,13.30350815594184,0.3487243681455927,15.38016343973225,0.02000917861373975,,,11.56390163548913,3.675651812060892
12.02054834710797,4.474563128081683,13.31438069669466,0.3511657499193508,15.39103598048508,0.02034545678535146,,,11.57477417624196,3.686730893347572
12.0314208878608,4.529143535527872,13.32525323744749,0.3534149110789297,15.40190852123791,0.02067849425846901,,,11.58564671699479,3.696801693823622
12.04229342861363,4.580263373304754,13.33612577820032,0.3553783821163,15.41278106199074,0.02100447354409433,,,11.59651925774762,3.705927875742491
12.05316596936646,4.627540699843443,13.34699831895315,0.3570222217003071,15.42365360274357,0.02131977772980408,,,11.60739179850045,3.715478381068865
12.06403851011929,4.672455589663059,13.35787085970598,0.3583289309622323,15.4345261434964,0.0216210281036257,,,11.61826433925328,3.725584457034878
12.07491105087211,4.714680205772004,13.36874340045881,0.3592795084414852,15.44539868424923,0.02190870235906557,,,11.62913688000611,3.73518309490035
12.08578359162494,4.752095907184961,13.37961594121164,0.3598580230004649,15.45627122500206,0.02217975986543884,,,11.64000942075894,3.744428506843267
12.09665613237777,4.785976631802975,13.39048848196447,0.3602999901211675,15.46714376575489,0.02242831042632269,,,11.65088196151177,3.753500782192654
12.1075286731306,4.816104468326983,13.4013610227173,0.3605954269807948,15.47801630650772,0.0226521888579832,,,11.6617545022646,3.762601072387399
12.11840121388343,4.840793241486059,13.41223356347013,0.3604860842015923,15.48888884726054,0.02284960955390307,,,11.67262704301743,3.771945206935256
12.12927375463626,4.860330122701247,13.42310610422296,0.3599643012925956,15.49976138801337,0.02303827961378451,,,11.68349958377026,3.782403366965281
12.14014629538909,4.874631635819867,13.43397864497579,0.3590275670959405,15.5106339287662,0.02321704200117231,,,11.69437212452308,3.794208579026882
12.15101883614192,4.883338001050061,13.44485118572862,0.357677333846936,15.52150646951903,0.02336588746371043,,,11.70524466527591,3.806993296023875
12.16189137689475,4.887866547412427,13.45572372648145,0.3559187563494192,15.53237901027186,0.02348431082744595,,,11.71611720602874,3.820946631363575
12.17276391764758,4.888409541162294,13.46659626723428,0.3537607870998488,15.54325155102469,0.02357220928209518,,,11.72698974678157,3.836294448448375
12.18363645840041,4.883654972001136,13.47746880798711,0.3512157881387727,15.55412409177752,0.0236298856210245,,,11.7378622875344,3.853245883945864
12.19450899915324,4.87364293436647,13.48834134873993,0.3483828121310866,15.56499663253035,0.02365802676711313,,,11.74873482828723,3.871954859749012
12.20538153990607,4.858556001824761,13.49921388949276,0.3452811283976478,15.57586917328318,0.02365753552335147,,,11.75960736904006,3.892736999040911
12.2162540806589,4.838610220829518,13.51008643024559,0.3418494958953874,15.58674171403601,0.0236363998704184,,,11.77047990979289,3.91569852895998
12.22712662141173,4.814050334013514,13.52095897099842,0.338110496179779,15.59761425478884,0.02359607814258544,,,11.78135245054572,3.940997585516703
12.23799916216456,4.785144737564252,13.53183151175125,0.3340957008682887,15.60848679554167,0.02353102252333326,,,11.79222499129855,3.968755555212487
12.24887170291738,4.752180278285707,13.54270405250408,0.3298342205489758,15.6193593362945,0.02344597567275952,,,11.80309753205138,3.999074752366067
12.25974424367021,4.715456995843194,13.55357659325691,0.3253490907316208,15.63023187704733,0.02334178605538215,,,11.81397007280421,4.033304678489279
12.27061678442304,4.675282913211911,13.56444913400974,0.3206717129096718,15.64110441780016,0.02322071548327745,,,11.82484261355704,4.071466214995476
12.28148932517587,4.631957236752329,13.57532167476257,0.3158666125503098,15.65197695855299,0.02308602556933802,,,11.83571515430987,4.112263278149172
12.2923618659287,4.585815099541334,13.5861942155154,0.3109670989045772,15.66284949930581,0.02294013677102868,,,11.8465876950627,4.15560678583651
12.30323440668153,4.537144210133834,13.59706675626823,0.3059749971287481,15.67372204005864,0.02278587126406821,,,11.85746023581553,4.202066272555469
12.31410694743436,4.486236797757805,13.60793929702106,0.300924210903214,15.68459458081147,0.02262608486999969,,,11.86833277656836,4.251498615698541
12.32497948818719,4.433826411479302,13.61881183777389,0.2958756660080144,15.6954671215643,0.02246357731389526,,,11.87920531732119,4.303039455730742
12.33585202894002,4.381382263314087,13.62968437852672,0.2908596788940137,15.70633966231713,0.02230113121048465,,,11.89007785807402,4.356456549917864
12.34672456969285,4.328670867545387,13.64055691927955,0.285888915986142,15.71721220306996,0.0221414317293519,,,11.90095039882684,4.411485200291919
12.35759711044568,4.274669342364941,13.65142946003238,0.2809914474027112,15.72808474382279,0.02198708794863436,,,11.91182293957967,4.467816941093854
12.36846965119851,4.219544690300572,13.66230200078521,0.276198473075571,15.73895728457562,0.02184044873538769,,,11.9226954803325,4.525121633244491
12.37934219195134,4.163440790709395,13.67317454153804,0.2715401465607388,15.74982982532845,0.02170379458243171,,,11.93356802108533,4.583038879042491
12.39021473270417,4.107026883346848,13.68404708229087,0.2671335062765977,15.76070236608128,0.02157917681184113,,,11.94444056183816,4.64118486687497
12.401087273457,4.050389210326688,13.69491962304369,0.2630060284737256,15.77157490683411,0.02146842929753305,,,11.95531310259099,4.699157221124551
12.41195981420983,3.993054432942749,13.70579216379652,0.2590936584195588,15.78244744758694,0.02137450682459415,,,11.96618564334382,4.756538368547659
12.42283235496265,3.935042597612452,13.71666470454935,0.2554200509732733,15.79331998833977,0.02129874575879842,,,11.97705818409665,4.812902791568492
12.43370489571548,3.876445559783983,13.72753724530218,0.2520061992677094,15.8041925290926,0.02125084119715518,,,11.98793072484948,4.867821122785935
12.44457743646831,3.817242577924662,13.73840978605501,0.2488720616291919,15.81506506984543,0.02123149631710642,,,11.99880326560231,4.92086600415235
12.45544997722114,3.757442855828569,13.74928232680784,0.246034183490512,15.82593761059826,0.02123100288707696,,,12.00967580635514,4.971616557138319
12.46632251797397,3.697038662263252,13.76015486756067,0.2435147669631399,15.83681015135108,0.02124955496501716,,,12.02054834710797,5.019668676947484
12.4771950587268,3.636007238822918,13.7710274083135,0.2413240785284039,15.84768269210391,0.02128686924104053,,,12.0314208878608,5.064632857931887
12.48806759947963,3.574328427970755,13.78189994906633,0.2394761288542256,15.85855523285674,0.02134246446979003,,,12.04229342861363,5.106142706870277
12.49894014023246,3.511980894438544,13.79277248981916,0.2379845602954028,15.86942777360957,0.02141560103892536,,,12.05316596936646,5.143866681976953
12.50981268098529,3.449946891916254,13.80364503057199,0.2368544345219872,15.8803003143624,0.02150539698494284,,,12.06403851011929,5.179332818820527
12.52068522173812,3.388200801748176,13.81451757132482,0.2360949561393343,15.89117285511523,0.02161042592320612,,,12.07491105087211,5.212251871428206
12.53155776249095,3.325694148290947,13.82539011207765,0.2357620047084228,15.90204539586806,0.02172936443909427,,,12.08578359162494,5.240534217528809
12.54243030324378,3.262446565822134,13.83626265283048,0.2358582522795202,15.91291793662089,0.02186045493934045,,,12.09665613237777,5.265505118410377
12.55330284399661,3.198654812566762,13.84713519358331,0.2363329637188563,15.92379047737372,0.02200187200129777,,,12.1075286731306,5.286966425145183
12.56417538474944,3.134321617026398,13.85800773433614,0.2371838329924925,15.93466301812655,0.02215159010184654,,,12.11840121388343,5.303225363355172
12.57504792550227,3.069244269869965,13.86888027508896,0.2384061530317011,15.94553555887938,0.0223073492334908,,,12.12927375463626,5.314584470330693
12.5859204662551,3.003435993148695,13.87975281584179,0.2399927653620644,15.95640809963221,0.02246677116511114,,,12.14014629538909,5.321025470639971
12.59679300700792,2.936951759900718,13.89062535659462,0.2419339879484358,15.96728064038504,0.02262776276096127,,,12.15101883614192,5.322194495434188
12.60766554776075,2.87114866278966,13.90149789734745,0.2442561211738115,15.97815318113787,0.0227878994168618,,,12.16189137689475,5.319483225614014
12.61853808851358,2.806115337658979,13.91237043810028,0.2469439100264176,15.9890257218907,0.02294408728206977,,,12.17276391764758,5.31324003649005
12.62941062926641,2.740614281699852,13.92324297885311,0.2499405095141826,15.99989826264353,0.02309399307712398,,,12.18363645840041,5.302100063658634
12.64028317001924,2.674736419488148,13.93411551960594,0.2532250952766881,16.01077080339635,0.0232405380489598,,,12.19450899915324,5.285932813393834
12.65115571077207,2.608588843302641,13.94498806035877,0.256774026932458,16.02164334414918,0.02338112747454441,,,12.20538153990607,5.264907634766351
12.6620282515249,2.542293270445923,13.9558606011116,0.260560886078329,16.03251588490201,0.02350767984418247,,,12.2162540806589,5.239226631236617
12.67290079227773,2.475984765071988,13.96673314186443,0.2645568214664119,16.04338842565484,0.02361770148361881,,,12.22712662141173,5.209121336520878
12.68377333303056,2.409810013266532,13.97760568261726,0.268732830903695,16.05426096640767,0.02371387029686419,,,12.23799916216456,5.174847050597888
12.69464587378339,2.343927916374098,13.98847822337009,0.273051281243146,16.0651335071605,0.02379318755278458,,,12.24887170291738,5.136678878426653
12.70551841453622,2.278498176922986,13.99935076412292,0.2774751595549929,16.07600604791333,0.02384924323504183,,,12.25974424367021,5.094906659510639
12.71639095528905,2.213692058193786,14.01022330487575,0.2819734993109315,16.08687858866616,0.02388054823429047,,,12.27061678442304,5.049830081256738
12.72726349604188,2.149681748073951,14.02109584562858,0.2865030553776775,16.09775112941899,0.02388461795193762,,,12.28148932517587,5.001742117963157
12.73813603679471,2.086625666506376,14.03196838638141,0.291089047576168,16.10862367017182,0.02386032107316671,,,12.2923618659287,4.95097396804788
12.74900857754754,2.024725617432841,14.04284092713423,0.2956891072958264,16.11949621092465,0.02380652152771863,,,12.30323440668153,4.897811744761892
12.75988111830037,1.964807445191183,14.05371346788706,0.3001937584521102,16.13036875167748,0.02372228835672,,,12.31410694743436,4.842548460892799
12.7707536590532,1.907000032473573,14.06458600863989,0.3045589878594802,16.14124129243031,0.02360717874076693,,,12.32497948818719,4.785991389842169
12.78162619980603,1.850783092677594,14.07545854939272,0.3087412472423987,16.15211383318314,0.02346061248216372,,,12.33585202894002,4.729616067569927
12.79249874055885,1.796293426064782,14.08633109014555,0.3126976211795957,16.16298637393597,0.0232999069742347,,,12.34672456969285,4.673124329419079
12.80337128131168,1.743638298120133,14.09720363089838,0.3164628340218673,16.1738589146888,0.0231253387381733,,,12.35759711044568,4.615499270296695
12.81424382206451,1.692916245086427,14.10807617165121,0.3199937716864009,16.18473145544163,0.02292079702801504,,,12.36846965119851,4.55691700478443
12.82511636281734,1.644259438785683,14.11894871240404,0.3231774984163369,16.19560399619446,0.02268684488862943,,,12.37934219195134,4.497531628954992
12.83598890357017,1.597732832130959,14.12982125315687,0.3259780209764139,16.20647653694729,0.02242373593587791,,,12.39021473270417,4.438170863229884
12.846861444323,1.553333434096467,14.1406937939097,0.3283619199819646,16.21734907770011,0.02213275486439014,,,12.401087273457,4.378928006052261
12.85773398507583,1.511089726993448,14.15156633466253,0.3303002231404722,16.22822161845294,0.0218154920024391,,,12.41195981420983,4.319194483596331
12.86860652582866,1.471011888254355,14.16243887541536,0.3317679995248034,16.23909415920577,0.02147383274832882,,,12.42283235496265,4.258997736312494
12.87947906658149,1.433092023318115,14.17331141616819,0.3327449776118094,16.2499666999586,0.02110994448749852,,,12.43370489571548,4.198437928795758
12.89035160733432,1.397304711800569,14.18418395692102,0.3332159063225557,16.26083924071143,0.02072626125211046,,,12.44457743646831,4.137500022655432
12.90122414808715,1.363607942721099,14.19505649767385,0.3331708549560635,16.27171178146426,0.02032558827318719,,,12.45544997722114,4.076198867606953
12.91209668883998,1.331943915778909,14.20592903842668,0.3326054621859489,16.28258432221709,0.01991062962391096,,,12.46632251797397,4.01453476880639
12.92296922959281,1.30224089064044,14.2168015791795,0.3315210259891088,16.29345686296992,0.01948680195734097,,,12.4771950587268,3.952477408635929
12.93384177034564,1.27441451333238,14.22767411993233,0.3299962478576906,16.30432940372275,0.01905740060163785,,,12.48806759947963,3.890009656840038
12.94471431109847,1.248369696506861,14.23854666068516,0.3280422941167419,16.31520194447558,0.0186236709918798,,,12.49894014023246,3.827106946330634
12.9555868518513,1.224002588146346,14.24941920143799,0.3256073120984347,16.32607448522841,0.01818920075925024,,,12.50981268098529,3.7647482735746
12.96645939260412,1.201202656524031,14.26029174219082,0.3229888348978198,16.33694702598124,0.01775769956289606,,,12.52068522173812,3.702899666287947
12.97733193335695,1.179862963098573,14.27116428294365,0.3202124706784864,16.34781956673407,0.01733297709797754,,,12.53155776249095,3.640497500322343
12.98820447410978,1.159823536396674,14.28203682369648,0.3170304043331648,16.3586921074869,0.01691891950558332,,,12.54243030324378,3.577551713463778
12.99907701486261,1.141036906534272,14.29290936444931,0.3134754656081559,16.36956464823972,0.01652550519912412,,,12.55330284399661,3.514254908421145
13.00994955561544,1.123351222194078,14.30378190520214,0.309584889205209,16.38043718899256,0.01615677452728394,,,12.56417538474944,3.450593564421059
13.02082209636827,1.106631780366562,14.31465444595497,0.3053955486069317,16.39130972974538,0.01581044524698186,,,12.57504792550227,3.386327572212286
13.0316946371211,1.090825489279861,14.3255269867078,0.3009613149967393,16.40218227049821,0.01549038667113015,,,12.5859204662551,3.321449295053213
13.04256717787393,1.075804585252732,14.33639952746063,0.2963237664632955,16.41305481125104,0.01520043931253811,,,12.59679300700792,3.255990113910766
13.05343971862676,1.06147473254994,14.34727206821346,0.2915297326283675,16.42392735200387,0.01494410286454186,,,12.60766554776075,3.191310562049181
13.06431225937959,1.04777023949066,14.35814460896629,0.2866288340540731,16.4347998927567,0.01472575335344601,,,12.61853808851358,3.127472787319966
13.07518480013242,1.035615963297519,14.36901714971912,0.2816712128108109,16.44567243350953,0.01454865061088596,,,12.62941062926641,3.063186161442202
13.08605734088525,1.024925775573394,14.37988969047195,0.2767068249911287,16.45654497426236,0.01441632315156357,,,12.64028317001924,2.998514605534804
13.09692988163808,1.014687693443456,14.39076223122477,0.2717847381825096,16.46741751501519,0.01433216836705515,,,12.65115571077207,2.933540437173546
13.10780242239091,1.004832507739545,14.4016347719776,0.2669524465263964,16.47829005576802,0.01429943146309233,,,12.6620282515249,2.868359033774534
13.11867496314374,0.9953195820581803,14.41250731273043,0.2622539249961621,16.48916259652085,0.014321183043461,,,12.67290079227773,2.803082306049831
13.12954750389657,0.9861298959159043,14.42337985348326,0.2577344508372615,16.50003513727368,0.0144002959450395,,,12.68377333303056,2.737834870930304
13.14042004464939,0.9772548490865307,14.43425239423609,0.2534314300376019,16.51090767802651,0.01453932334157163,,,12.69464587378339,2.672756444660612
13.15129258540222,0.968697632186551,14.44512493498892,0.2493799870727727,16.52178021877934,0.01474088703819642,,,12.70551841453622,2.608187168130291
13.16216512615505,0.9604723034489107,14.45599747574175,0.2456108044082318,16.53265275953217,0.01500702173512076,,,12.71639095528905,2.544281959500633
13.17303766690788,0.9526034506010393,14.46687001649458,0.2421502068315686,16.543525300285,0.01533956004622177,,,12.72726349604188,2.480997091164263
13.18391020766071,0.945121898352726,14.47774255724741,0.2390217324485076,16.55439784103783,0.01573997868824769,,,12.73813603679471,2.418472003079694
13.19478274841354,0.9380674181824564,14.48861509800024,0.236241348451479,16.56527038179065,0.01620942841078504,,,12.74900857754754,2.356911778134609
13.20565528916637,0.9314845140185134,14.49948763875307,0.2338167234027208,16.57614292254348,0.0167486750193584,,,12.75988111830037,2.297147888588477
13.2165278299192,0.9254213800212608,14.5103601795059,0.2317543861426876,16.58701546329631,0.01735807549069047,,,12.7707536590532,2.239302646723888
13.22740037067203,0.9199281948442853,14.52123272025873,0.2300543045893469,16.59788800404914,0.01803754838148705,,,12.78162619980603,2.1828333615924
13.23827291142486,0.9150554115970484,14.53210526101156,0.2287110010528934,16.60876054480197,0.01878743913255759,,,12.79249874055885,2.127892669947916
13.24914545217769,0.9108449555328473,14.54297780176439,0.2277146898807306,16.6196330855548,0.01960639344120394,,,12.80337128131168,2.074586824281684
13.26001799293052,0.9073397334157907,14.55385034251722,0.2270521067466758,16.63050562630763,0.02049229147933055,,,12.81424382206451,2.023023736640532
13.27089053368335,0.9046143456264564,14.56472288327005,0.226704313910206,16.64137816706046,0.0214430499155737,,,12.82511636281734,1.973480678726147
13.28176307443618,0.9026803255280504,14.57559542402288,0.2266493877720772,16.65225070781329,0.02245811746362791,,,12.83598890357017,1.926036276432803
13.29263561518901,0.9015663202409825,14.5864679647757,0.2268613079477626,16.66312324856612,0.0235342908310022,,,12.846861444323,1.880569551390296
13.30350815594184,0.9012928449576305,14.59734050552853,0.227311954373085,16.67399578931895,0.02466570803301807,,,12.85773398507583,1.837126028282983
13.31438069669466,0.9020743873702337,14.60821304628136,0.2279689393466615,16.68486833007178,0.02584809006347688,,,12.86860652582866,1.795734818437411
13.32525323744749,0.9039294512066518,14.61908558703419,0.2288027058211294,16.69574087082461,0.02707640679858388,,,12.87947906658149,1.756428418120502
13.33612577820032,0.906622516498866,14.62995812778702,0.2297774099622878,16.70661341157744,0.02834523532149514,,,12.89035160733432,1.719203116160243
13.34699831895315,0.9101302508436738,14.64083066853985,0.2308826979825837,16.71748595233026,0.02964863587279137,,,12.90122414808715,1.684020787123198
13.35787085970598,0.9144190300120553,14.65170320929268,0.2320950774083648,16.7283584930831,0.03097993307118506,,,12.91209668883998,1.650845017768983
13.36874340045881,0.9194447871839653,14.66257575004551,0.2333562009587355,16.73923103383592,0.03233250939727129,,,12.92296922959281,1.619628817680848
13.37961594121164,0.9251533644265266,14.67344829079834,0.2346151676862782,16.75010357458875,0.03369876843202103,,,12.93384177034564,1.590311918703054
13.39048848196447,0.9315104474445388,14.68432083155117,0.2358992442101274,16.76097611534158,0.0350709282791461,,,12.94471431109847,1.562823285474159
13.4013610227173,0.9384634606137837,14.695193372304,0.237174619787022,16.77184865609441,0.0364409500601144,,,12.9555868518513,1.537082835735751
13.41223356347013,0.9459012428864738,14.70606591305683,0.2383485774106407,16.78272119684724,0.0378004501592056,,,12.96645939260412,1.513003288971687
13.42310610422296,0.9537174189929065,14.71693845380966,0.2395121785998622,16.79359373760007,0.0391407682972886,,,12.97733193335695,1.49050098975052
13.43397864497579,0.9618026713698316,14.72781099456249,0.2406358426227008,16.8044662783529,0.04045874568928066,,,12.98820447410978,1.469436136417199
13.44485118572862,0.9700935846775589,14.73868353531532,0.2415695656843042,16.81533881910573,0.04174557075759248,,,12.99907701486261,1.449782392267017
13.45572372648145,0.9784685140958672,14.74955607606815,0.2422868711190327,16.82621135985856,0.04298935432391309,,,13.00994955561544,1.431406913534367
13.46659626723428,0.9868237313025733,14.76042861682097,0.2427681921040815,16.83708390061139,0.04418137150862229,,,13.02082209636827,1.414192217995296
13.47746880798711,0.9950510046168469,14.7713011575738,0.2429923786873516,16.84795644136422,0.04531059890981977,,,13.0316946371211,1.398101814571956
13.48834134873993,1.003061932390857,14.78217369832663,0.242940544097854,16.85882898211705,0.04636943611142741,,,13.04256717787393,1.383027696388492
13.49921388949276,1.011253124186173,14.79304623907946,0.2425983508759638,16.86970152286988,0.04735004242904893,,,13.05343971862676,1.368888648986563
13.51008643024559,1.019511846988497,14.80391877983229,0.2419543760101368,16.88057406362271,0.04824441807478939,,,13.06431225937959,1.355621641196374
13.52095897099842,1.027228808738186,14.81479132058512,0.2410000777240402,16.89144660437554,0.04904620747031019,,,13.07518480013242,1.34435506908404
13.53183151175125,1.034328996143178,14.82566386133795,0.239729134520292,16.90231914512837,0.0497651557368826,,,13.08605734088525,1.335004261545689
13.54270405250408,1.040763143150129,14.83653640209078,0.2381399144535244,16.91319168588119,0.05039496007872409,,,13.09692988163808,1.326360318142329
13.55357659325691,1.046376835197213,14.84740894284361,0.2362313279606109,16.92406422663402,0.05091507917107896,,,13.10780242239091,1.318356593731112
13.56444913400974,1.051081847076877,14.85828148359644,0.2340062095103257,16.93493676738685,0.05132134895808838,,,13.11867496314374,1.310941058554773
13.57532167476257,1.054811756775302,14.86915402434927,0.2314681629974208,16.94580930813968,0.05161078488403646,,,13.12954750389657,1.30408720118987
13.5861942155154,1.057504514090058,14.8800265651021,0.2286254837430474,16.95668184889251,0.05178104408375788,,,13.14042004464939,1.297775292192175
13.59706675626823,1.059106686688917,14.89089910585493,0.2254858172495315,16.96755438964534,0.05183086684417733,,,13.15129258540222,1.291994803290526
13.60793929702106,1.05957560166006,14.90177164660776,0.2221774273100497,16.97842693039817,0.05178102272698931,,,13.16216512615505,1.286743521914159
13.61881183777389,1.059002861476253,14.91264418736059,0.2187123844761082,16.989299471151,0.05163220973066696,,,13.17303766690788,1.282028780401984
13.62968437852672,1.057364620867078,14.92351672811342,0.2149871233781055,17.00017201190383,0.05136455927981429,,,13.18391020766071,1.277857651282009
13.64055691927955,1.054521463009756,14.93438926886624,0.2110161807521086,17.01104455265666,0.0510023637798241,,,13.19478274841354,1.274247653215581
13.65142946003238,1.050467883130832,14.94526180961907,0.2068156974004185,17.02191709340949,0.05054868552181636,,,13.20565528916637,1.271217731358373
13.66230200078521,1.045207629934615,14.9561343503719,0.2024022722147375,17.03278963416232,0.04998532195547174,,,13.2165278299192,1.268788566801855
13.67317454153804,1.038753250674819,14.96700689112473,0.1977972126362425,17.04366217491515,0.04931691288433164,,,13.22740037067203,1.266981081247553
13.68404708229087,1.031808606748776,14.97787943187756,0.1930242969493333,17.05453471566798,0.04854890502034721,,,13.23827291142486,1.265814968472087
13.69491962304369,1.024419080384811,14.98875197263039,0.1881049842800829,17.06540725642081,0.04769561058100869,,,13.24914545217769,1.265299058620182
13.70579216379652,1.015901197167838,14.99962451338322,0.1830569830104157,17.07627979717364,0.04676381134743848,,,13.26001799293052,1.265445765389652
13.71666470454935,1.006289198682067,15.01049705413605,0.1779037097372201,17.08715233792647,0.0457524087914743,,,13.27089053368335,1.266294812477558
13.72753724530218,0.9956118295494263,15.02136959488888,0.1727399331057856,17.09802487867929,0.04466982968750803,,,13.28176307443618,1.26782391477296
13.73840978605501,0.9839120822471161,15.03224213564171,0.167593111331645,17.10889741943213,0.04352385924090476,,,13.29263561518901,1.270028028507258
13.74928232680784,0.9712354148130893,15.04311467639454,0.1624142026624988,17.11976996018495,0.04232306569582242,,,13.30350815594184,1.272896298538228
13.76015486756067,0.9576335314816269,15.05398721714737,0.1572402592362709,17.13064250093778,0.04107616545941109,,,13.31438069669466,1.276677990999986
13.7710274083135,0.9431577987659772,15.0648597579002,0.1520959882895763,17.14151504169061,0.03979200731121542,,,13.32525323744749,1.281366348156848
13.78189994906633,0.9278643299994691,15.07573229865303,0.1469930147704359,17.15238758244344,0.03847946179375882,,,13.33612577820032,1.286625328528702
13.79277248981916,0.9118120363447726,15.08660483940586,0.1419560351976795,17.16326012319627,0.03714732766502528,,,13.34699831895315,1.292392689629593
13.80364503057199,0.8950592269828244,15.09747738015869,0.1370093396779822,17.1741326639491,0.03580424028823994,,,13.35787085970598,1.298612928164042
13.81451757132482,0.877667575482515,15.10834992091151,0.1321769806733762,17.18500520470193,0.03445861277606515,,,13.36874340045881,1.305218194900302
13.82539011207765,0.8597032779613094,15.11922246166434,0.1274823777988649,17.19587774545476,0.03312453366341003,,,13.37961594121164,1.312133503795884
13.83626265283048,0.8412319984691811,15.13009500241717,0.1229496773171572,17.20675028620759,0.03180962926145319,,,13.39048848196447,1.319563706083258
13.84713519358331,0.8223055349345344,15.14096754317,0.1185995351869523,17.21762282696042,0.03051488356783907,,,13.4013610227173,1.327442622278632
13.85800773433614,0.8029886586213036,15.15184008392283,0.1144515143466645,17.22849536771325,0.02924696372350038,,,13.41223356347013,1.335387071836744
13.86888027508896,0.7833429969273991,15.16271262467566,0.1105264597152499,17.23936790846608,0.02801182924741035,,,13.42310610422296,1.343276464457696
13.87975281584179,0.7634295801999622,15.17358516542849,0.1068411455936194,17.25024044921891,0.02681485871596092,,,13.43397864497579,1.350993979513869
13.89062535659462,0.7433087113298923,15.18445770618132,0.1034092814087017,17.26111298997174,0.02566091846039022,,,13.44485118572862,1.358472832726189
13.90149789734745,0.7234440951321436,15.19533024693415,0.1002547817675132,17.27198553072456,0.02455397161996142,,,13.45572372648145,1.365591904266687
13.91237043810028,0.7038907665022526,15.20620278768698,0.09738270179971067,17.2828580714774,0.0234975531332416,,,13.46659626723428,1.372252043288675
13.92324297885311,0.6842951156585464,15.21707532843981,0.09480341396670727,17.29373061223022,0.02249435123799707,,,13.47746880798711,1.378353298278914
13.93411551960594,0.6647070024100836,15.22794786919264,0.09252511533485197,17.30460315298305,0.02154672052205146,,,13.48834134873993,1.383902834773139
13.94498806035877,0.6451756452790282,15.23882040994547,0.09055471188555295,17.31547569373588,0.02065604330357993,,,13.49921388949276,1.389313165363045
13.9558606011116,0.6257497313942406,15.2496929506983,0.0888951838369493,17.32634823448871,0.01982320667432426,,,13.51008643024559,1.394407105886698
13.96673314186443,0.6064775189291229,15.26056549145113,0.08754697532619971,17.33722077524154,0.01904850886450164,,,13.52095897099842,1.398595400502101
13.97760568261726,0.5874096934824496,15.27143803220396,0.08650955420776718,17.34809331599437,0.01833201917659796,,,13.53183151175125,1.401845832050953
13.98847822337009,0.5685891285329473,15.28231057295678,0.08577958478635073,17.3589658567472,0.01767297152558286,,,13.54270405250408,1.404136560619116
13.99935076412292,0.550049787920622,15.29318311370962,0.08535130204636984,17.36983839750003,0.01706977719007236,,,13.55357659325691,1.405321573553232
14.01022330487575,0.5318736154006984,15.30405565446245,0.08521667034935185,17.38071093825286,0.01652076872097361,,,13.56444913400974,1.405343269192496
14.02109584562858,0.5140876703315188,15.31492819521527,0.08536546546960065,17.39158347900569,0.01602410669493452,,,13.57532167476257,1.404202113204347
14.03196838638141,0.4968700188441677,15.3258007359681,0.08578538030466121,17.40245601975852,0.01557705437659148,,,13.5861942155154,1.401869646316775
14.04284092713423,0.4802657366781393,15.33667327672093,0.08646215325237129,17.41332856051135,0.01517712996699426,,,13.59706675626823,1.398292463583036
14.05371346788706,0.4641942274382634,15.34754581747376,0.08737971792173252,17.42420110126418,0.01482146612162628,,,13.60793929702106,1.393463141368538
14.06458600863989,0.4486851568925732,15.35841835822659,0.08852037253864187,17.43507364201701,0.01450702454427955,,,13.61881183777389,1.387554969198502
14.07545854939272,0.4337859394900225,15.36929089897942,0.0898662816338588,17.44594618276983,0.01423065898910201,,,13.62968437852672,1.380576643313383
14.08633109014555,0.4195369856198062,15.38016343973225,0.09139478868192034,17.45681872352267,0.0139891345924982,,,13.64055691927955,1.372385091133512
14.09720363089838,0.4060280519362998,15.39103598048508,0.09308551201203531,17.46769126427549,0.01377917442729064,,,13.65142946003238,1.363005912030902
14.10807617165121,0.3932815776670325,15.40190852123791,0.09491620784708946,17.47856380502832,0.01359752566771751,,,13.66230200078521,1.352477543261309
14.11894871240404,0.381293252794097,15.41278106199074,0.09686419647347307,17.48943634578115,0.01344102312581945,,,13.67317454153804,1.340846596621187
14.12982125315687,0.3701113911681321,15.42365360274357,0.09890633717943174,17.50030888653398,0.01330654897552296,,,13.68404708229087,1.328942201232678
14.1406937939097,0.3597445633771937,15.4345261434964,0.1010194595509533,17.51118142728681,0.01319106323818102,,,13.69491962304369,1.316841834023433
14.15156633466253,0.3502295962148487,15.44539868424923,0.1032001641007742,17.52205396803964,0.01309170432015634,,,13.70579216379652,1.303798917571278
14.16243887541536,0.3415905819295063,15.45627122500206,0.1054243131722401,17.53292650879247,0.01301486559170166,,,13.71666470454935,1.289876500704814
14.17331141616819,0.333848270176352,15.46714376575489,0.1076514081379351,17.5437990495453,0.01295797490323828,,,13.72753724530218,1.275129883779127
14.18418395692102,0.3270198441011415,15.47801630650772,0.1098600148461614,17.55467159029813,0.01290943535118155,,,13.73840978605501,1.259627217294958
14.19505649767385,0.3211187287852207,15.48888884726054,0.1120297778457018,17.56554413105096,0.01286697585091174,,,13.74928232680784,1.243436209635854
14.20592903842668,0.3161556390701957,15.49976138801337,0.1141551401554051,17.57641667180379,0.01282851069005706,,,13.76015486756067,1.226638232744514
14.2168015791795,0.3121339992829202,15.5106339287662,0.1162183696470713,17.58728921255662,0.01279228175288268,,,13.7710274083135,1.209297925676514
14.22767411993233,0.3090640822854157,15.52150646951903,0.1181949150326265,17.59816175330945,0.01275664204065107,,,13.78189994906633,1.191492306314379
14.23854666068516,0.3069398274946394,15.53237901027186,0.1200702864676321,17.60903429406228,0.0127237157991504,,,13.79277248981916,1.173299901636202
14.24941920143799,0.3057538252600742,15.54325155102469,0.1218266625656053,17.6199068348151,0.01269230926856383,,,13.80364503057199,1.154788667835981
14.26029174219082,0.3054987408247553,15.55412409177752,0.1234534179768405,17.63077937556794,0.01265790482629981,,,13.81451757132482,1.136035742286104
14.27116428294365,0.3061554737072278,15.56499663253035,0.1249416279414104,17.64165191632076,0.01261969716841924,,,13.82539011207765,1.117174118095551
14.28203682369648,0.3077026535802539,15.57586917328318,0.1262855574360444,17.65252445707359,0.01257707794090833,,,13.83626265283048,1.098276852924571
14.29290936444931,0.3101186769535844,15.58674171403601,0.1275835280091398,17.66339699782642,0.01252962529688427,,,13.84713519358331,1.079343093213753
14.30378190520214,0.3133789153101212,15.59761425478884,0.128832328081837,17.67426953857925,0.01247709240877516,,,13.85800773433614,1.060439266649461
14.31465444595497,0.3174556245562059,15.60848679554167,0.1299274913767468,17.68514207933208,0.01241939522295594,,,13.86888027508896,1.041625847125629
14.3255269867078,0.3223615808760689,15.6193593362945,0.1308701326940707,17.69601462008491,0.01235659855210943,,,13.87975281584179,1.022959817929937
14.33639952746063,0.3280651515983956,15.63023187704733,0.1316622206096345,17.70688716083774,0.01228890796870584,,,13.89062535659462,1.004494440008638
14.34727206821346,0.3344909281636745,15.64110441780016,0.1323064232837201,17.71775970159057,0.0122166488949235,,,13.90149789734745,0.9867218635143106
14.35814460896629,0.3416047047667169,15.65197695855299,0.1328134855661377,17.7286322423434,0.01214017225725646,,,13.91237043810028,0.9696834966894828
14.36901714971912,0.3493720213298885,15.66284949930581,0.1331893286412696,17.73950478309623,0.01206020704168935,,,13.92324297885311,0.9529699821281884
14.37988969047195,0.3577587248313612,15.67372204005864,0.1334440120109081,17.75037732384906,0.01197722516119105,,,13.93411551960594,0.9366109147279185
14.39076223122477,0.3667315385752396,15.68459458081147,0.1335900791656861,17.76124986460189,0.0118920086378115,,,13.94498806035877,0.9206318907805776
14.4016347719776,0.3762586312686493,15.6954671215643,0.1336389155915986,17.77212240535472,0.0118053703705761,,,13.9558606011116,0.9050546598162158
14.41250731273043,0.3863100514357755,15.70633966231713,0.1336054395390514,17.78299494610755,0.01171810593541892,,,13.96673314186443,0.8898974866877758
14.42337985348326,0.3968509193197643,15.71721220306996,0.1335048607086353,17.79386748686037,0.01163097414777764,,,13.97760568261726,0.8751807894431807
14.43425239423609,0.4078743866587306,15.72808474382279,0.1333535787908866,17.80474002761321,0.01154486766951053,,,13.98847822337009,0.8609075177606965
14.44512493498892,0.4193497633917899,15.73895728457562,0.133167538496805,17.81561256836603,0.01146060465140718,,,13.99935076412292,0.8470721752202783
14.45599747574175,0.4312597227594832,15.74982982532845,0.1329640247661672,17.82648510911886,0.01138696496540727,,,14.01022330487575,0.8337228773805458
14.46687001649458,0.4435935729440492,15.76070236608128,0.1327601730125041,17.8373576498717,0.01132536308507591,,,14.02109584562858,0.8208401494521199
14.47774255724741,0.4565871294825353,15.77157490683411,0.1325730440149042,17.84823019062452,0.01126801683980556,,,14.03196838638141,0.8086237614432346
14.48861509800024,0.4702355050785576,15.78244744758694,0.1324498238878299,17.85910273137735,0.01121568521163328,,,14.04284092713423,0.7970725879337683
14.49948763875307,0.4842923667065572,15.79331998833977,0.132406485759161,17.86997527213018,0.01116921511242402,,,14.05371346788706,0.7859924726636154
14.5103601795059,0.498760973150788,15.8041925290926,0.1324706137126108,17.88084781288301,0.01112897211754976,,,14.06458600863989,0.7753649302842216
14.52123272025873,0.5136497531798423,15.81506506984543,0.1326558706631531,17.89172035363584,0.01109565050229619,,,14.07545854939272,0.765189646248901
14.53210526101156,0.5289722833194853,15.82593761059826,0.1329295711648902,17.90259289438867,0.01106944804157935,,,14.08633109014555,0.7554599694575231
14.54297780176439,0.5447451146038501,15.83681015135108,0.1333066560680645,17.9134654351415,0.01105159952053206,,,14.09720363089838,0.7462964093898579
14.55385034251722,0.5609956474090336,15.84768269210391,0.1337946679455217,17.92433797589433,0.01104206856339362,,,14.10807617165121,0.7376745699193243
14.56472288327005,0.5777486072442365,15.85855523285674,0.1344008628338805,17.93521051664716,0.01104077252735254,,,14.11894871240404,0.7294733054890297
14.57559542402288,0.5950554776658136,15.86942777360957,0.1351321035775709,17.94608305739999,0.01104868190050065,,,14.12982125315687,0.7217018955008109
14.5864679647757,0.612914112657661,15.8803003143624,0.1359939983880062,17.95695559815282,0.01106546511175513,,,14.1406937939097,0.7143326979927646
14.59734050552853,0.6313886744281541,15.89117285511523,0.1369877377248689,17.96782813890565,0.01109112194827018,,,14.15156633466253,0.7073712615258717
14.60821304628136,0.650484110911429,15.90204539586806,0.1381140660831686,17.97870067965848,0.01112553675637355,,,14.16243887541536,0.7008149871495072
14.61908558703419,0.6702710136083165,15.91291793662089,0.139371919514037,17.98957322041131,0.01116834663495811,,,14.17331141616819,0.6946631879957756
14.62995812778702,0.6907713844353393,15.92379047737372,0.1407581325141766,18.00044576116413,0.01121967125467054,,,14.18418395692102,0.6889172653690473
14.64083066853985,0.7122419964387458,15.93466301812655,0.1422697502069865,18.01131830191697,0.0112785259605409,,,14.19505649767385,0.6835808441179201
14.65170320929268,0.7347521576217089,15.94553555887938,0.1438953113150128,18.02219084266979,0.01134635441977539,,,14.20592903842668,0.6786610832674559
14.66257575004551,0.7580989011129577,15.95640809963221,0.1456303029051061,18.03306338342262,0.01142241002426638,,,14.2168015791795,0.6741641853021952
14.67344829079834,0.782254234958243,15.96728064038504,0.1474633372077268,18.04393592417545,0.01150391327584007,,,14.22767411993233,0.6702021282205233
14.68432083155117,0.8072427679131084,15.97815318113787,0.1493819492808104,18.05480846492828,0.0115898689258538,,,14.23854666068516,0.666782551767572
14.695193372304,0.8330612572475841,15.9890257218907,0.1513736043490457,18.06568100568111,0.01167917788095767,,,14.24941920143799,0.6638284236904612
14.70606591305683,0.8596774055123093,15.99989826264353,0.1534236195955385,18.07655354643394,0.01177064817086686,,,14.26029174219082,0.6616489967441687
14.71693845380966,0.8871087407278256,16.01077080339635,0.1555197824912591,18.08742608718677,0.01186302569335053,,,14.27116428294365,0.6602545622896088
14.72781099456249,0.9153177875390992,16.02164334414918,0.1576457325472734,18.0982986279396,0.01195497393190538,,,14.28203682369648,0.6593644508824069
14.73868353531532,0.9442112390645744,16.03251588490201,0.1597811760662309,18.10917116869243,0.01204632479272941,,,14.29290936444931,0.6589942376265437
14.74955607606815,0.9737243631438623,16.04338842565484,0.1619086731730625,18.12004370944526,0.01213555935366152,,,14.30378190520214,0.6591610504805869
14.76042861682097,1.003952587635162,16.05426096640767,0.1640409842685736,18.13091625019809,0.01222021154050476,,,14.31465444595497,0.6598784622727416
14.7713011575738,1.034801121000629,16.0651335071605,0.1661599819864992,18.14178879095092,0.01229873054572875,,,14.3255269867078,0.6612179076610646
14.78217369832663,1.065985370800114,16.07600604791333,0.1682439921754394,18.15266133170375,0.0123697226518092,,,14.33639952746063,0.6631935236155775
14.79304623907946,1.09738097158314,16.08687858866616,0.1702755509837396,18.16353387245658,0.01243185383089204,,,14.34727206821346,0.6657806848919401
14.80391877983229,1.128850370469455,16.09775112941899,0.1722114738532378,18.1744064132094,0.01248387062176741,,,14.35814460896629,0.6689983244404506
14.81479132058512,1.160243801157878,16.10862367017182,0.1740365316271804,18.18527895396224,0.01252950062954625,,,14.36901714971912,0.6728650470760572
14.82566386133795,1.191394232724368,16.11949621092465,0.1757360653247119,18.19615149471506,0.0125676785767391,,,14.37988969047195,0.6773988582670863
14.83653640209078,1.222145628218383,16.13036875167748,0.1772960084490978,18.20702403546789,0.01259256872339144,,,14.39076223122477,0.6826169143973696
14.84740894284361,1.252312316031971,16.14124129243031,0.178704679776709,18.21789657622072,0.01260337935526939,,,14.4016347719776,0.6885353018950785
14.85828148359644,1.281711299040612,16.15211383318314,0.1799520498413978,18.22876911697355,0.01259950624761038,,,14.41250731273043,0.6951674310456408
14.86915402434927,1.310156397297668,16.16298637393597,0.1810776196888212,18.23964165772638,0.01258054852244672,,,14.42337985348326,0.7025219924673034
14.8800265651021,1.337461019019092,16.1738589146888,0.1821259178626601,18.25051419847921,0.01254632199918679,,,14.43425239423609,0.7106266611819765
14.89089910585493,1.363440290630318,16.18473145544163,0.1830504621656173,18.26138673923204,0.012496869441836,,,14.44512493498892,0.7194817990320315
14.90177164660776,1.388052538442182,16.19560399619446,0.1837964024898205,18.27225927998487,0.01243246233759676,,,14.45599747574175,0.729095272281136
14.91264418736059,1.411124578565497,16.20647653694729,0.1843555850810911,18.2831318207377,0.01235403657332955,,,14.46687001649458,0.7394767009342057
14.92351672811342,1.432354723835745,16.21734907770011,0.1847284573653871,18.29400436149053,0.01226233231902889,,,14.47774255724741,0.7508775378148236
14.93438926886624,1.451592805670483,16.22822161845294,0.1849175823338163,18.30487690224336,0.01215791407570482,,,14.48861509800024,0.7633001290371527
14.94526180961907,1.468704985416281,16.23909415920577,0.1849275814583216,18.31574944299619,0.0120524585236323,,,14.49948763875307,0.776496018688508
14.9561343503719,1.483574311360926,16.2499666999586,0.1847650487784643,18.32662198374902,0.01194728538436168,,,14.5103601795059,0.7904644229927542
14.96700689112473,1.496111783015909,16.26083924071143,0.18443843792949,18.33749452450185,0.01183334144681009,,,14.52123272025873,0.8052023100954262
14.97787943187756,1.506615992381357,16.27171178146426,0.1839580762851326,18.34836706525467,0.01171223332141637,,,14.53210526101156,0.8207055744986229
14.98875197263039,1.515038780703705,16.28258432221709,0.1833354394547415,18.35923960600751,0.01158572906676935,,,14.54297780176439,0.8369681791892015
14.99962451338322,1.520984060474814,16.29345686296992,0.1826492465277721,18.37011214676033,0.01145573539403906,,,14.55385034251722,0.8539920533879618
15.01049705413605,1.52445484199964,16.30432940372275,0.1819133312421164,18.38098468751316,0.01132427282661945,,,14.56472288327005,0.8717696286524719
15.02136959488888,1.526030206141963,16.31520194447558,0.1810761688434935,18.39185722826599,0.01119344608266894,,,14.57559542402288,0.8903179444643684
15.03224213564171,1.525990921256388,16.32607448522841,0.1801527634865062,18.40272976901882,0.01106541490105696,,,14.5864679647757,0.9095955382698335
15.04311467639454,1.523864500255613,16.33694702598124,0.1791587864512346,18.41360230977165,0.0109423614337623,,,14.59734050552853,0.9296265799046053
15.05398721714737,1.520145461394047,16.34781956673407,0.1781098303730727,18.42447485052448,0.01082645986296197,,,14.60821304628136,0.9503720455667148
15.0648597579002,1.514957040181236,16.3586921074869,0.1770220109742294,18.43534739127731,0.0107198391535059,,,14.61908558703419,0.9718624118952496
15.07573229865303,1.507825363298948,16.36956464823972,0.1759504493808557,18.44621993203014,0.01062455242517478,,,14.62995812778702,0.9940740582331226
15.08660483940586,1.498918121871341,16.38043718899256,0.1749111549507614,18.45709247278297,0.01054240100061335,,,14.64083066853985,1.017244913763374
15.09747738015869,1.488417781059555,16.39130972974538,0.1738788733847207,18.4679650135358,0.01047550379427603,,,14.65170320929268,1.041423301785562
15.10834992091151,1.47652974145546,16.40218227049821,0.1728675280522005,18.47883755428863,0.01042531079530291,,,14.66257575004551,1.066341988680626
15.11922246166434,1.463472211001345,16.41305481125104,0.1718902431907287,18.48971009504146,0.01039325479585392,,,14.67344829079834,1.091907487041683
15.13009500241717,1.449535279582237,16.42392735200387,0.1709590466735581,18.50058263579429,0.01038054314890506,,,14.68432083155117,1.118243897719719
15.14096754317,1.434952768871744,16.4347998927567,0.1700853694618513,18.51145517654712,0.01038813523473524,,,14.695193372304,1.145312030827961
15.15184008392283,1.419905779019014,16.44567243350953,0.1692787755778961,18.52232771729994,0.01041672329023578,,,14.70606591305683,1.172910493361279
15.16271262467566,1.404629074506236,16.45654497426236,0.1685479810161769,18.53320025805278,0.01046666209861145,,,14.71693845380966,1.201165435785885
15.17358516542849,1.389356531115691,16.46741751501519,0.1678999970488385,18.5440727988056,0.01053818906138718,,,14.72781099456249,1.230011639828966
15.18445770618132,1.374440663988317,16.47829005576802,0.1673404411214931,18.55494533955843,0.01063104849205748,,,14.73868353531532,1.259191865499905
15.19533024693415,1.360091301402305,16.48916259652085,0.166873372666992,18.56581788031126,0.01074475048307083,,,14.74955607606815,1.288619508312067
15.20620278768698,1.34637135884125,16.50003513727368,0.1665012497720701,18.57669042106409,0.01087850190929968,,,14.76042861682097,1.318376736225253
15.21707532843981,1.333452815313124,16.51090767802651,0.166223297493608,18.58756296181692,0.01103121220576495,,,14.7713011575738,1.348354853040849
15.22794786919264,1.321484639534787,16.52178021877934,0.1660422958879935,18.59843550256975,0.01120150345025541,,,14.78217369832663,1.37825890545397
15.23882040994547,1.310590198711922,16.53265275953217,0.1659941746982558,18.60930804332258,0.01138772462351967,,,14.79304623907946,1.407959732844142
15.2496929506983,1.300867128366029,16.543525300285,0.1660745566485198,18.62018058407541,0.01158796984110168,,,14.80391877983229,1.437318768246055
15.26056549145113,1.292390724562395,16.55439784103783,0.1662366745759193,18.63105312482824,0.01180010027525009,,,14.81479132058512,1.466188821703158
15.27143803220396,1.285175823542544,16.56527038179065,0.1664727388818805,18.64192566558107,0.01202176944972384,,,14.82566386133795,1.494408206308161
15.28231057295678,1.279236787318039,16.57614292254348,0.1667734274170044,18.6527982063339,0.01225045152554899,,,14.83653640209078,1.521831303306532
15.29318311370962,1.274546894632325,16.58701546329631,0.1671281798560665,18.66367074708673,0.01248347215254085,,,14.84740894284361,1.548283625538899
15.30405565446245,1.271048900883166,16.59788800404914,0.1675251774406022,18.67454328783956,0.0127180414230052,,,14.85828148359644,1.573597380004185
15.31492819521527,1.268656213890575,16.60876054480197,0.1679995329008308,18.68541582859239,0.01295128843354162,,,14.86915402434927,1.597602207009014
15.3258007359681,1.2672546182945,16.6196330855548,0.1685368346060891,18.69628836934521,0.01318029528227413,,,14.8800265651021,1.620132078831501
15.33667327672093,1.266704515394831,16.63050562630763,0.169073544239875,18.70716091009805,0.01340214028047244,,,14.89089910585493,1.641021127949735
15.34754581747376,1.266843634845181,16.64137816706046,0.1695934180056889,18.71803345085087,0.01361392306829899,,,14.90177164660776,1.660371109756302
15.35841835822659,1.267490165147687,16.65225070781329,0.1700989003575508,18.7289059916037,0.01381457511295047,,,14.91264418736059,1.678031585836893
15.36929089897942,1.268452381660016,16.66312324856612,0.1705727889405724,18.73977853235654,0.01400134297582465,,,14.92351672811342,1.693603565182525
15.38016343973225,1.269509581783677,16.67399578931895,0.1709784268522628,18.75065107310936,0.01416980256899585,,,14.93438926886624,1.706960741278843
15.39103598048508,1.270448213494993,16.68486833007178,0.1712984325565594,18.76152361386219,0.01432097294756879,,,14.94526180961907,1.717994006043452
15.40190852123791,1.271041986439016,16.69574087082461,0.1715156823347501,18.77239615461502,0.01445227220373556,,,14.9561343503719,1.726610829503293
15.41278106199074,1.271076985022197,16.70661341157744,0.1716131001361169,18.78326869536785,0.01455836408006503,,,14.96700689112473,1.732750563309488
15.42365360274357,1.270330166792159,16.71748595233026,0.1715758274995965,18.79414123612068,0.01464516309727327,,,14.97787943187756,1.736741836130334
15.4345261434964,1.268591681011135,16.7283584930831,0.1713875594908334,18.80501377687351,0.01471098467736472,,,14.98875197263039,1.73856343605615
15.44539868424923,1.265664519541319,16.73923103383592,0.1710358483420845,18.81588631762634,0.01474656156692157,,,14.99962451338322,1.737841721579779
15.45627122500206,1.261365694094346,16.75010357458875,0.1705071508593588,18.82675885837917,0.01475071723095837,,,15.01049705413605,1.734607138127435
15.46714376575489,1.255533037137488,16.76097611534158,0.1697902098256398,18.837631399132,0.014722581606808,,,15.02136959488888,1.729539894932359
15.47801630650772,1.248025978581465,16.77184865609441,0.1688947489323427,18.84850393988483,0.01466160040746439,,,15.03224213564171,1.72296193824421
15.48888884726054,1.238728599406811,16.78272119684724,0.1678126229571466,18.85937648063766,0.01456755260403117,,,15.04311467639454,1.714350678113885
15.49976138801337,1.228584988246227,16.79359373760007,0.1665179303772972,18.87024902139049,0.01444051277243473,,,15.05398721714737,1.704227968386994
15.5106339287662,1.217525118705038,16.8044662783529,0.1650389630006351,18.88112156214332,0.01428084436880995,,,15.0648597579002,1.692742594134362
15.52150646951903,1.205074902107581,16.81533881910573,0.1633728722274611,18.89199410289615,0.01408922874623759,,,15.07573229865303,1.679432714944577
15.53237901027186,1.191209638964524,16.82621135985856,0.1614872530148269,18.90286664364897,0.01386663228535854,,,15.08660483940586,1.664490858058696
15.54325155102469,1.175321113283293,16.83708390061139,0.1593830706510393,18.91373918440181,0.01361428946038533,,,15.09747738015869,1.648123282317479
15.55412409177752,1.157440603959442,16.84795644136422,0.1570618366642492,18.92461172515463,0.01334347700798575,,,15.10834992091151,1.630558927334791
15.56499663253035,1.137625976403537,16.85882898211705,0.15462996575434,18.93548426590746,0.01305581620371718,,,15.11922246166434,1.612038563191756
15.57586917328318,1.115974725060034,16.86970152286988,0.1520936704146226,18.94635680666029,0.01274321950058601,,,15.13009500241717,1.592875433912474
15.58674171403601,1.092601814860544,16.88057406362271,0.1493587622205203,18.95722934741312,0.01240766655536771,,,15.14096754317,1.573322569308134
15.59761425478884,1.067649946172355,16.89144660437554,0.1464477760272387,18.96810188816595,0.01205118501829744,,,15.15184008392283,1.553578908383927
15.60848679554167,1.041290848945206,16.90231914512837,0.1433717257129303,18.97897442891878,0.01167596541033779,,,15.16271262467566,1.53389914452181
15.6193593362945,1.013703682275198,16.91319168588119,0.1401291505294168,18.98984696967161,0.01128429562268636,,,15.17358516542849,1.514531710911052
15.63023187704733,0.9850976211825613,16.92406422663402,0.13673337394387,19.00071951042444,0.01087853327531495,,,15.18445770618132,1.495842061205192
15.64110441780016,0.9556922602290759,16.93493676738685,0.1331991801264331,19.01159205117727,0.01046107798154224,,,15.19533024693415,1.478062353321933
15.65197695855299,0.9257209222667595,16.94580930813968,0.1295431262917451,19.0224645919301,0.0100343456206241,,,15.20620278768698,1.46125652066075
15.66284949930581,0.8954229184455964,16.95668184889251,0.1257810204185592,19.03333713268293,0.009600721226122553,,,15.21707532843981,1.445604456191021
15.67372204005864,0.8650433963046567,16.96755438964534,0.1219307112891992,19.04420967343576,0.009162617089749409,,,15.22794786919264,1.431260699801219
15.68459458081147,0.8348287211079179,16.97842693039817,0.1180191212046353,19.05508221418859,0.008722319642126905,,,15.23882040994547,1.418353071953342
15.6954671215643,0.805026413894376,16.989299471151,0.1140660346948123,19.06595475494142,0.008282060282783612,,,15.2496929506983,1.406978624805476
15.70633966231713,0.7758755183861522,17.00017201190383,0.1100776500317468,19.07682729569424,0.007843971338049814,,,15.26056549145113,1.397210234315936
15.71721220306996,0.7476092994363177,17.01104455265666,0.1060744618848191,19.08769983644708,0.007410069002404407,,,15.27143803220396,1.389058862934791
15.72808474382279,0.7204513745040687,17.02191709340949,0.1020732680522619,19.0985723771999,0.006982240151592359,,,15.28231057295678,1.382532059792013
15.73895728457562,0.694611002528188,17.03278963416232,0.09808948247620682,19.10944491795273,0.006562148136816767,,,15.29318311370962,1.377593687859536
15.74982982532845,0.6702839761214728,17.04366217491515,0.0941390703951782,19.12031745870556,0.006151553019260758,,,15.30405565446245,1.374174665648157
15.76070236608128,0.6476486932508431,17.05453471566798,0.09023703240102245,19.13118999945839,0.005751786946073031,,,15.31492819521527,1.372174241061764
15.77157490683411,0.6268649428495711,17.06540725642081,0.08639906965076292,19.14206254021122,0.005364114652156283,,,15.3258007359681,1.37146184180412
15.78244744758694,0.6080735229377729,17.07627979717364,0.08263795444895587,19.15293508096405,0.004989633081973803,,,15.33667327672093,1.371879468040931
15.79331998833977,0.591393112736109,17.08715233792647,0.07896269929024849,19.16380762171688,0.00462927114217104,,,15.34754581747376,1.373244582146683
15.8041925290926,0.5769260883271806,17.09802487867929,0.07538434979903169,19.17468016246971,0.004283791555001869,,,15.35841835822659,1.375353440457808
15.81506506984543,0.564746693247353,17.10889741943213,0.07191244545653615,19.18555270322254,0.003953794645305674,,,15.36929089897942,1.377992301910542
15.82593761059826,0.5548976037085652,17.11976996018495,0.06855366165334772,19.19642524397537,0.003639723872669903,,,15.38016343973225,1.380913549079338
15.83681015135108,0.547412346724348,17.13064250093778,0.06531397189196946,19.2072977847282,0.003341866478161143,,,15.39103598048508,1.38387918229238
15.84768269210391,0.5423058192640265,17.14151504169061,0.06219814137211122,19.21817032548103,0.003060389020532655,,,15.40190852123791,1.386636688544575
15.85855523285674,0.5395425549610069,17.15238758244344,0.05920964716570053,19.22904286623386,0.002795303706338657,,,15.41278106199074,1.388945655039765
15.86942777360957,0.5390943736502977,17.16326012319627,0.0563509255769525,19.23991540698669,0.002546345608244498,,,15.42365360274357,1.390556281701395
15.8803003143624,0.5409038006799644,17.1741326639491,0.05362278629761383,19.25078794773951,0.002313690422332474,,,15.4345261434964,1.391232168665715
15.89117285511523,0.5448934162532623,17.18500520470193,0.05102545420160682,19.26166048849235,0.002096819037748222,,,15.44539868424923,1.390773386001159
15.90204539586806,0.5509619909171711,17.19587774545476,0.04856563724846202,19.27253302924517,0.001895311782379987,,,15.45627122500206,1.388969767132026
15.91291793662089,0.559009813211731,17.20675028620759,0.0462415977731396,19.283405569998,0.001708696107082864,,,15.46714376575489,1.385612755701746
15.92379047737372,0.5689012070290297,17.21762282696042,0.04404223347716301,19.29427811075083,0.001536435283517439,,,15.47801630650772,1.380538182285611
15.93466301812655,0.5804963564237237,17.22849536771325,0.04197197770671614,19.30515065150366,0.001377939788670418,,,15.48888884726054,1.373607986806416
15.94553555887938,0.5936273062247599,17.23936790846608,0.04002594756075954,19.31602319225649,0.001232578249740195,,,15.49976138801337,1.365778408015417
15.95640809963221,0.6081458249707794,17.25024044921891,0.03819495709943135,19.32689573300932,0.00109968783172803,,,15.5106339287662,1.356960530353282
15.96728064038504,0.6238739036110349,17.26111298997174,0.0364841155589689,19.33776827376215,0.000978583970629937,,,15.52150646951903,1.346635704603918
15.97815318113787,0.6406152590858266,17.27198553072456,0.03488899733294478,19.34864081451498,0.0008685693754444849,,,15.53237901027186,1.334764236259602
15.9890257218907,0.6582036758517453,17.2828580714774,0.03339720281191505,19.35951335526781,0.0007689422423754653,,,15.54325155102469,1.320719985130994
15.99989826264353,0.6764355942622091,17.29373061223022,0.0320026760431019,19.37038589602064,0.0006790036435507879,,,15.55412409177752,1.304523907557307
16.01077080339635,0.695222738526219,17.30460315298305,0.03070267708691788,19.38125843677347,0.000598064070601062,,,15.56499663253035,1.286225631112061
16.02164334414918,0.7143712395655835,17.31547569373588,0.02949258087804006,19.3921309775263,0.0005254491298546716,,,15.57586917328318,1.265917818019431
16.03251588490201,0.7335835060356319,17.32634823448871,0.02836888622632642,19.40300351827913,0.000460504400680591,,,15.58674171403601,1.243821742740102
16.04338842565484,0.7526704595617457,17.33722077524154,0.02732847574642033,19.41387605903196,0.0004025994814517554,,,15.59761425478884,1.220078352396777
16.05426096640767,0.7715058344332536,17.34809331599437,0.02637204814755197,19.42474859978478,0.0003511312586277896,,,15.60848679554167,1.194749362845286
16.0651335071605,0.789910600327738,17.3589658567472,0.02549749584803788,19.43562114053762,0.0003055264435345438,,,15.6193593362945,1.168019790642028
16.07600604791333,0.807750824911016,17.36983839750003,0.02469929349728932,19.44649368129044,0.0002652434285687042,,,15.63023187704733,1.140101627847578
16.08687858866616,0.824868224320178,17.38071093825286,0.02397619848333592,19.45736622204327,0.0002297735198434825,,,15.64110441780016,1.111219398996074
16.09775112941899,0.8410269003862814,17.39158347900569,0.02332807538095958,19.4682387627961,0.0001986416068194226,,,15.65197695855299,1.081620433402235
16.10862367017182,0.856091252693332,17.40245601975852,0.0227531084317322,19.47911130354893,0.000171406331367488,,,15.66284949930581,1.051552383857895
16.11949621092465,0.8699468078930228,17.41332856051135,0.02225185319481284,19.48998384430176,0.0001476598191478874,,,15.67372204005864,1.021273279579633
16.13036875167748,0.8824877162393446,17.42420110126418,0.02182463521341716,19.50085638505459,0.000127027035341798,,,15.68459458081147,0.9910448851436044
16.14124129243031,0.8936287674270516,17.43507364201701,0.02147211287553081,19.51172892580742,0.0001091648247580332,,,15.6954671215643,0.9611289067998697
16.15211383318314,0.9032977971124355,17.44594618276983,0.02119622948284145,19.52260146656025,9.376069378139961e-05,,,15.70633966231713,0.9317820891356885
16.16298637393597,0.9114465778074228,17.45681872352267,0.02099751031838064,22.01241329895818,0,,,15.71721220306996,0.9032555918743055
16.1738589146888,0.9181846913276794,17.46769126427549,0.02087766638538948,,,,,15.72808474382279,0.8757920412435896
16.18473145544163,0.924128949175098,17.47856380502832,0.02083748798089711,,,,,15.73895728457562,0.8496189897603812
16.19560399619446,0.9291294128285027,17.48943634578115,0.02088002581232833,,,,,15.74982982532845,0.8249517954700718
16.20647653694729,0.9325550287103169,17.50030888653398,0.02100681868882062,,,,,15.76070236608128,0.8019880430751887
16.21734907770011,0.9344284044481093,17.51118142728681,0.0212172224425412,,,,,15.77157490683411,0.7809064161620082
16.22822161845294,0.9347886452699289,17.52205396803964,0.02151233879406225,,,,,15.78244744758694,0.7618978536501971
16.23909415920577,0.9336905327122867,17.53292650879247,0.02189464461405033,,,,,15.79331998833977,0.7450983442540684
16.2499666999586,0.9312035113228946,17.5437990495453,0.02236635329091441,,,,,15.8041925290926,0.7306475432369465
16.26083924071143,0.9274104977605587,17.55467159029813,0.02292431489967768,,,,,15.81506506984543,0.718634060227613
16.27171178146426,0.922407125194263,17.56554413105096,0.02356829500932757,,,,,15.82593761059826,0.7090581777605325
16.28258432221709,0.9162980372672648,17.57641667180379,0.02429730257535726,,,,,15.83681015135108,0.7019685577574295
16.29345686296992,0.9095042505088293,17.58728921255662,0.02511081719200961,,,,,15.84768269210391,0.6973873564505888
16.30432940372275,0.902147675852225,17.59816175330945,0.0260067430936589,,,,,15.85855523285674,0.6952858822646777
16.31520194447558,0.8940401935823294,17.60903429406228,0.02698342137244723,,,,,15.86942777360957,0.6956420782667939
16.32607448522841,0.8853099320748772,17.6199068348151,0.0280380192980401,,,,,15.8803003143624,0.6984031960529135
16.33694702598124,0.8760895336376539,17.63077937556794,0.02916652591968075,,,,,15.89117285511523,0.7034915799013375
16.34781956673407,0.8665052543353512,17.64165191632076,0.03036504194167625,,,,,15.90204539586806,0.7108054214394341
16.3586921074869,0.8566789691186953,17.65252445707359,0.03162892223695733,,,,,15.91291793662089,0.7202421876651086
16.36956464823972,0.8467723105636776,17.66339699782642,0.03295326614424531,,,,,15.92379047737372,0.7316612115445041
16.38043718899256,0.8369050661302232,17.67426953857925,0.03433239892446108,,,,,15.93466301812655,0.7449176967325571
16.39130972974538,0.8271577864721509,17.68514207933208,0.03576041754760122,,,,,15.94553555887938,0.7598299667732634
16.40218227049821,0.817636821938431,17.69601462008491,0.0372306624727831,,,,,15.95640809963221,0.7762428990409965
16.41305481125104,0.8084401037322722,17.70688716083774,0.03873712806050443,,,,,15.96728064038504,0.7939650035797231
16.42392735200387,0.799641517555762,17.71775970159057,0.04027249354274955,,,,,15.97815318113787,0.8127851077834989
16.4347998927567,0.7913524330615025,17.7286322423434,0.04182913457647516,,,,,15.9890257218907,0.832521367482861
16.44567243350953,0.7836111304684554,17.73950478309623,0.04340098432893331,,,,,15.99989826264353,0.8529532069348718
16.45654497426236,0.7764944887414518,17.75037732384906,0.04498014127386372,,,,,16.01077080339635,0.8739830590664381
16.46741751501519,0.7700341449553368,17.76124986460189,0.04655951142608176,,,,,16.02164334414918,0.8953980995874015
16.47829005576802,0.7642617879927865,17.77212240535472,0.04813400213570312,,,,,16.03251588490201,0.9168723619460454
16.48916259652085,0.7591969300266145,17.78299494610755,0.04969525564902957,,,,,16.04338842565484,0.9381968342184269
16.50003513727368,0.7548470662167772,17.79386748686037,0.05123839468850219,,,,,16.05426096640767,0.9592606889986915
16.51090767802651,0.7512079923112479,17.80474002761321,0.05275544461451567,,,,,16.0651335071605,0.9798637698670227
16.52178021877934,0.7482659693400564,17.81561256836603,0.05424046385746413,,,,,16.07600604791333,0.9998440603214974
16.53265275953217,0.7462535500003316,17.82648510911886,0.05569207898472597,,,,,16.08687858866616,1.019024323538208
16.543525300285,0.7451338268082627,17.8373576498717,0.05710520413137491,,,,,16.09775112941899,1.037122992191457
16.55439784103783,0.7445957545204613,17.84823019062452,0.05847289444657483,,,,,16.10862367017182,1.053988105393679
16.56527038179065,0.7445846343100649,17.85910273137735,0.05979183584538867,,,,,16.11949621092465,1.069489394745453
16.57614292254348,0.7450313134512462,17.86997527213018,0.06108608987637929,,,,,16.13036875167748,1.083506013045162
16.58701546329631,0.7458679885242216,17.88084781288301,0.06235339480764979,,,,,16.14124129243031,1.095940625944528
16.59788800404914,0.7470202466625959,17.89172035363584,0.06356545070301592,,,,,16.15211383318314,1.106710459435997
16.60876054480197,0.7485267288085814,17.90259289438867,0.06472039712332765,,,,,16.16298637393597,1.115824104470479
16.6196330855548,0.7502993684339223,17.9134654351415,0.06585336682077556,,,,,16.1738589146888,1.123435947928513
16.63050562630763,0.752147895411454,17.92433797589433,0.06696365013026558,,,,,16.18473145544163,1.130100208368731
16.64137816706046,0.7539911166998998,17.93521051664716,0.06801533384093282,,,,,16.19560399619446,1.135612660206953
16.65225070781329,0.7557796171845452,17.94608305739999,0.06900852434401106,,,,,16.20647653694729,1.139334349727286
16.66312324856612,0.7574372030793429,17.95695559815282,0.06994361574599817,,,,,16.21734907770011,1.141289616677887
16.67399578931895,0.7588620666539607,17.96782813890565,0.07082131356614754,,,,,16.22822161845294,1.141521719606185
16.68486833007178,0.7599876573192635,17.97870067965848,0.07164253520904192,,,,,16.23909415920577,1.140091946918938
16.69574087082461,0.7607539189103614,17.98957322041131,0.07240830623531255,,,,,16.2499666999586,1.137078504588858
16.70661341157744,0.7611081641433284,18.00044576116413,0.07311987240778633,,,,,16.26083924071143,1.13257519694216
16.71748595233026,0.7610059136500561,18.01131830191697,0.07377816895576174,,,,,16.27171178146426,1.126690789752583
16.7283584930831,0.7604113305582063,18.02219084266979,0.07438467644649066,,,,,16.28258432221709,1.119544106345917
16.73923103383592,0.7592982412225162,18.03306338342262,0.07494025238150576,,,,,16.29345686296992,1.111640298993942
16.75010357458875,0.7576497819740114,18.04393592417545,0.07544513192545219,,,,,16.30432940372275,1.103118407695979
16.76097611534158,0.7554591089945911,18.05480846492828,0.07589970864260495,,,,,16.31520194447558,1.093740033417703
16.77184865609441,0.7532981800154082,18.06568100568111,0.07630408634272082,,,,,16.32607448522841,1.083651896320633
16.78272119684724,0.7511749243193823,18.07655354643394,0.0766580547612345,,,,,16.33694702598124,1.073006019651785
16.79359373760007,0.7485330739993465,18.08742608718677,0.07697003406491262,,,,,16.34781956673407,1.061948061806402
16.8044662783529,0.7454021051965396,18.0982986279396,0.07723908417918497,,,,,16.3586921074869,1.050619899598509
16.81533881910573,0.7418130328666971,18.10917116869243,0.07745515486933101,,,,,16.36956464823972,1.039248265143658
16.82621135985856,0.7377978754579249,18.12004370944526,0.07761651651452507,,,,,16.38043718899256,1.027972995608269
16.83708390061139,0.7334039443134514,18.13091625019809,0.07772134477905364,,,,,16.39130972974538,1.016847105103853
16.84795644136422,0.7286923726003149,18.14178879095092,0.07776744875591424,,,,,16.40218227049821,1.005994736661762
16.85882898211705,0.7238402526291305,18.15266133170375,0.07775258092779067,,,,,16.41305481125104,0.9955307862355389
16.86970152286988,0.7189174431728399,18.16353387245658,0.07767470048600573,,,,,16.42392735200387,0.9855446670938619
16.88057406362271,0.7138632065359239,18.1744064132094,0.07753149807140133,,,,,16.4347998927567,0.9761635558768
16.89144660437554,0.7087487415314389,18.18527895396224,0.07735626709001049,,,,,16.44567243350953,0.967438556657238
16.90231914512837,0.7036486560084242,18.19615149471506,0.07714704374234764,,,,,16.45654497426236,0.9594587929091927
16.91319168588119,0.6986316123443763,18.20702403546789,0.07686586899652349,,,,,16.46741751501519,0.9522663103712311
16.92406422663402,0.6937706486146861,18.21789657622072,0.07651077950349654,,,,,16.47829005576802,0.9459016605773719
16.93493676738685,0.6891342959477781,18.22876911697355,0.07608026938162223,,,,,16.48916259652085,0.9403914857370672
16.94580930813968,0.6847932984643637,18.23964165772638,0.07557334367874428,,,,,16.50003513727368,0.9357486119338867
16.95668184889251,0.680808671629662,18.25051419847921,0.07498958563245525,,,,,16.51090767802651,0.9319706131464273
16.96755438964534,0.6772377601035159,18.26138673923204,0.07432921316629279,,,,,16.52178021877934,0.9290491522662465
16.97842693039817,0.6742606178558118,18.27225927998487,0.07359307002405793,,,,,16.53265275953217,0.9272547464337085
16.989299471151,0.6719242933590757,18.2831318207377,0.07279126141657931,,,,,16.543525300285,0.9265479435030044
17.00017201190383,0.6701279520898659,18.29400436149053,0.07192597791528724,,,,,16.55439784103783,0.9265724077846285
17.01104455265666,0.6689020701336925,18.30487690224336,0.07099175128219293,,,,,16.56527038179065,0.9272668016027309
17.02191709340949,0.66826196678506,18.31574944299619,0.07003104123113894,,,,,16.57614292254348,0.928553415887609
17.03278963416232,0.668215643347689,18.32662198374902,0.06904784362144153,,,,,16.58701546329631,0.9303542438709785
17.04366217491515,0.6687618717396346,18.33749452450185,0.06800757596095963,,,,,16.59788800404914,0.932582972484685
17.05453471566798,0.6698902229513944,18.34836706525467,0.06691514727345906,,,,,16.60876054480197,0.9353137008419694
17.06540725642081,0.6716572315722522,18.35923960600751,0.06577600001055058,,,,,16.6196330855548,0.9384425964812159
17.07627979717364,0.6740340903455864,18.37011214676033,0.0645960406577806,,,,,16.63050562630763,0.9417137311306596
17.08715233792647,0.6769070955743277,18.38098468751316,0.0633817100839401,,,,,16.64137816706046,0.9450275846211625
17.09802487867929,0.6802288261233922,18.39185722826599,0.06213961921900581,,,,,16.65225070781329,0.9483366350057237
17.10889741943213,0.6839421751154542,18.40272976901882,0.0608856589609419,,,,,16.66312324856612,0.9515442828509181
17.11976996018495,0.6880083433528555,18.41360230977165,0.0596266764160661,,,,,16.67399578931895,0.9545062015392419
17.13064250093778,0.692351572694909,18.42447485052448,0.0583604147279869,,,,,16.68486833007178,0.9571341799392999
17.14151504169061,0.6969048163016688,18.43534739127731,0.05709355244696667,,,,,16.69574087082461,0.9593460080436953
17.15238758244344,0.7015980230224638,18.44621993203014,0.05583261549857819,,,,,16.70661341157744,0.9610664996009404
17.16326012319627,0.7063625830846014,18.45709247278297,0.05458380481656606,,,,,16.71748595233026,0.9622303770224443
17.1741326639491,0.7111199611166901,18.4679650135358,0.05335306084835822,,,,,16.7283584930831,0.962778823120225
17.18500520470193,0.7158003373590539,18.47883755428863,0.05214573091799574,,,,,16.73923103383592,0.9626665989618722
17.19587774545476,0.720362303564667,18.48971009504146,0.05096667006833013,,,,,16.75010357458875,0.9618557012653915
17.20675028620759,0.7247369201030949,18.50058263579429,0.04982012818715439,,,,,16.76097611534158,0.9603202470993774
17.21762282696042,0.7288238937694659,18.51145517654712,0.04870969592300027,,,,,16.77184865609441,0.9586338790078657
17.22849536771325,0.7327016152334228,18.52232771729994,0.04763826288634142,,,,,16.78272119684724,0.9567879974357346
17.23936790846608,0.7363062971992123,18.53320025805278,0.04660797936422429,,,,,16.79359373760007,0.9541917726739321
17.25024044921891,0.7394555341865471,18.5440727988056,0.04562028064145647,,,,,16.8044662783529,0.9508998138864556
17.26111298997174,0.7423221916021524,18.55494533955843,0.04467582154495608,,,,,16.81533881910573,0.9469314758517511
17.27198553072456,0.745123808097271,18.56581788031126,0.04377814675579481,,,,,16.82621135985856,0.9422744827966653
17.2828580714774,0.7476021610193767,18.57669042106409,0.04292644259277915,,,,,16.83708390061139,0.9369683864731128
17.29373061223022,0.7494641057268615,18.58756296181692,0.04211979906954925,,,,,16.84795644136422,0.931064808174384
17.30460315298305,0.750685327743128,18.59843550256975,0.04135603010508763,,,,,16.85882898211705,0.9248396544948984
17.31547569373588,0.7512477175075014,18.60930804332258,0.04062811839041511,,,,,16.86970152286988,0.9183611560165116
17.32634823448871,0.7511418353276282,18.62018058407541,0.03993277184699792,,,,,16.88057406362271,0.9114663868312337
17.33722077524154,0.7503661238283655,18.63105312482824,0.03926627366239455,,,,,16.89144660437554,0.9042427250289878
17.34809331599437,0.7490048545305659,18.64192566558107,0.03862456338025815,,,,,16.90231914512837,0.8967855374582374
17.3589658567472,0.7470724125649322,18.6527982063339,0.03800332194648329,,,,,16.91319168588119,0.8891557229525173
17.36983839750003,0.7445065281660284,18.66367074708673,0.03739805899751656,,,,,16.92406422663402,0.8814191017296352
17.38071093825286,0.7413337295978687,18.67454328783956,0.03680420067752136,,,,,16.93493676738685,0.8736548250322997
17.39158347900569,0.7375849860810831,18.68541582859239,0.03621717630794517,,,,,16.94580930813968,0.8659472096401455
17.40245601975852,0.7332962804150894,18.69628836934521,0.03563247209503135,,,,,16.95668184889251,0.8583707361319792
17.41332856051135,0.7285080180291981,18.70716091009805,0.03504583837389525,,,,,16.96755438964534,0.8509993382368927
17.42420110126418,0.7232641886752492,18.71803345085087,0.03445316070174491,,,,,16.97842693039817,0.8440607617874363
17.43507364201701,0.7176115975883304,18.7289059916037,0.03385666283515857,,,,,16.989299471151,0.8376225377845552
17.44594618276983,0.7116833224175321,18.73977853235654,0.03325687302472255,,,,,17.00017201190383,0.8315701614014269
17.45681872352267,0.7055245497386815,18.75065107310936,0.03265558359484482,,,,,17.01104455265666,0.8259788957983358
17.46769126427549,0.6991090605934877,18.76152361386219,0.03204802883810123,,,,,17.02191709340949,0.8208839203591384
17.47856380502832,0.6924899088518255,18.77239615461502,0.03142078284291758,,,,,17.03278963416232,0.8162904477793675
17.48943634578115,0.6858372769920563,18.78326869536785,0.030770041281611,,,,,17.04366217491515,0.8122178550191447
17.50030888653398,0.6792034221112941,18.79414123612068,0.0301045802560723,,,,,17.05453471566798,0.8086761603727641
17.51118142728681,0.6724903446450212,18.80501377687351,0.02942441081415836,,,,,17.06540725642081,0.8057519118040237
17.52205396803964,0.6657363573419898,18.81588631762634,0.02871801410036435,,,,,17.07627979717364,0.8034358561419807
17.53292650879247,0.6591954973824318,18.82675885837917,0.02798546965913385,,,,,17.08715233792647,0.8016222036560505
17.5437990495453,0.6529009513528612,18.837631399132,0.02722682636785039,,,,,17.09802487867929,0.8002830056099319
17.55467159029813,0.6466530207996228,18.84850393988483,0.02644441472348695,,,,,17.10889741943213,0.7993784798128951
17.56554413105096,0.6404708520134276,18.85937648063766,0.02563911547466611,,,,,17.11976996018495,0.7988850707020257
17.57641667180379,0.6343688197391889,18.87024902139049,0.02481290083474765,,,,,17.13064250093778,0.7987417100462895
17.58728921255662,0.6283584702480595,18.88112156214332,0.02396807561231282,,,,,17.14151504169061,0.7988949649849957
17.59816175330945,0.6224454511498044,18.89199410289615,0.02310730010833626,,,,,17.15238758244344,0.7992871319819232
17.60903429406228,0.6166318670632686,18.90286664364897,0.02223350108561874,,,,,17.16326012319627,0.7998608363265792
17.6199068348151,0.6109158886879208,18.91373918440181,0.02134981688240621,,,,,17.1741326639491,0.8005469877025437
17.63077937556794,0.6052920283046809,18.92461172515463,0.02046319634694936,,,,,17.18500520470193,0.8012844043367259
17.64165191632076,0.5997521299187077,18.93548426590746,0.01957700142533949,,,,,17.19587774545476,0.802052474476539
17.65252445707359,0.594283343715753,18.94635680666029,0.01869094674201189,,,,,17.20675028620759,0.8027881471376879
17.66339699782642,0.5888738562869555,18.95722934741312,0.01780841718425243,,,,,17.21762282696042,0.8033810108144678
17.67426953857925,0.5835042558144894,18.96810188816595,0.01693272136483399,,,,,17.22849536771325,0.8039205566636393
17.68514207933208,0.5781583827576747,18.97897442891878,0.01606707745482992,,,,,17.23936790846608,0.8043440740073818
17.69601462008491,0.5728088054749112,18.98984696967161,0.01521456415026301,,,,,17.25024044921891,0.8044653500019393
17.70688716083774,0.5674564133476088,19.00071951042444,0.01437808455077519,,,,,17.26111298997174,0.8044672256215112
17.71775970159057,0.5620712163679894,19.01159205117727,0.01356019495741447,,,,,17.27198553072456,0.8045667770501771
17.7286322423434,0.556635273614954,19.0224645919301,0.01276367048535556,,,,,17.2828580714774,0.8044969169645331
17.73950478309623,0.5511323098974248,19.03333713268293,0.01199053982644724,,,,,17.29373061223022,0.8039611330079605
17.75037732384906,0.545547450973039,19.04420967343576,0.011242754404171,,,,,17.30460315298305,0.8029347253520973
17.76124986460189,0.5398682611565764,19.05508221418859,0.01052197387102561,,,,,17.31547569373588,0.8013963416891211
17.77212240535472,0.5344224221151681,19.06595475494142,0.009829578605674938,,,,,17.32634823448871,0.7993339282282786
17.78299494610755,0.5291983419654203,19.07682729569424,0.009166664673229187,,,,,17.33722077524154,0.7967431084392875
17.79386748686037,0.5238539945269698,19.08769983644708,0.008534047862410755,,,,,17.34809331599437,0.7937089218547155
17.80474002761321,0.5183883550685706,19.0985723771999,0.00793227892306636,,,,,17.3589658567472,0.7902428799385527
17.81561256836603,0.5127946449416843,19.10944491795273,0.007361072398910794,,,,,17.36983839750003,0.7862755988533898
17.82648510911886,0.5071683403511674,19.12031745870556,0.006821706023532445,,,,,17.38071093825286,0.7818306968021781
17.8373576498717,0.5015208600715488,19.13118999945839,0.006313280669190573,,,,,17.39158347900569,0.7769371681569769
17.84823019062452,0.495763522676853,19.14206254021122,0.005835399139522876,,,,,17.40245601975852,0.771626443223413
17.85910273137735,0.4899139889419913,19.15293508096405,0.005387473654755436,,,,,17.41332856051135,0.7659370011910052
17.86997527213018,0.4839920864067493,19.16380762171688,0.004968747695316988,,,,,17.42420110126418,0.7599102900102925
17.88084781288301,0.4780307297539742,19.17468016246971,0.004578318390029506,,,,,17.43507364201701,0.7535907350081409
17.89172035363584,0.4720578859838702,19.18555270322254,0.004215159024785154,,,,,17.44594618276983,0.7471102108894753
17.90259289438867,0.4660934883371873,19.19642524397537,0.003878141283978309,,,,,17.45681872352267,0.7405111946495598
17.9134654351415,0.4602714758914548,19.2072977847282,0.003565925810953149,,,,,17.46769126427549,0.733765901406168
17.92433797589433,0.4546260875617759,19.21817032548103,0.003277536452030227,,,,,17.47856380502832,0.7269249225004397
17.93521051664716,0.4491012568825244,19.22904286623386,0.003011499296954219,,,,,17.48943634578115,0.7201583259302041
17.94608305739999,0.4437370168778456,19.23991540698669,0.002765879531558923,,,,,17.50030888653398,0.7135167897756377
17.95695559815282,0.4385753228579188,19.25078794773951,0.002541740744379737,,,,,17.51118142728681,0.7068986303257432
17.96782813890565,0.4336588473533732,19.26166048849235,0.002336978648618197,,,,,17.52205396803964,0.7003404004562079
17.97870067965848,0.4290305734663991,19.27253302924517,0.002149234746766929,,,,,17.53292650879247,0.6941050075881837
17.98957322041131,0.4247320383854936,19.283405569998,0.001977230490178429,,,,,17.5437990495453,0.6882252795470136
18.00044576116413,0.4208081294957066,19.29427811075083,0.00181973125057567,,,,,17.55467159029813,0.6824867710504818
18.01131830191697,0.417297271956841,19.30515065150366,0.001675553392602958,,,,,17.56554413105096,0.6769061228736665
18.02219084266979,0.414238364872499,19.31602319225649,0.001543576526997757,,,,,17.57641667180379,0.6714946330046033
18.03306338342262,0.4116676219976548,19.32689573300932,0.001422596868152204,,,,,17.58728921255662,0.6662615691929515
18.04393592417545,0.4096183684320475,19.33776827376215,0.001311940130181697,,,,,17.59816175330945,0.6612088362841141
18.05480846492828,0.4081206121589174,19.34864081451498,0.001210502633255352,,,,,17.60903429406228,0.6563390042348659
18.06568100568111,0.4072006639289463,19.35951335526781,0.001117434130871892,,,,,17.6199068348151,0.6516462172545242
18.07655354643394,0.4068808111479459,19.37038589602064,0.001031954277508193,,,,,17.63077937556794,0.6471164590506612
18.08742608718677,0.407346036980259,19.38125843677347,0.000953351409854304,,,,,17.64165191632076,0.6427368690288031
18.0982986279396,0.408608365704254,19.3921309775263,0.0008809804844833485,,,,,17.65252445707359,0.6384893438936184
18.10917116869243,0.4105067992009103,19.40300351827913,0.0008142603169973618,,,,,17.66339699782642,0.634356747728085
18.12004370944526,0.4130421719465137,19.41387605903196,0.0007526702624359796,,,,,17.67426953857925,0.6303137471477257
18.13091625019809,0.4162121661351896,19.42474859978478,0.0006957464693265068,,,,,17.68514207933208,0.6263381955282318
18.14178879095092,0.4200084114069,19.43562114053762,0.0006430778305860887,,,,,17.69601462008491,0.6223960664998035
18.15266133170375,0.4244168009300568,19.44649368129044,0.0005943017439500643,,,,,17.70688716083774,0.6184824493768188
18.16353387245658,0.4294256796879393,19.45736622204327,0.0005490997830730766,,,,,17.71775970159057,0.6145603588056625
18.1744064132094,0.4350125522334703,19.4682387627961,0.0005071933682902713,,,,,17.7286322423434,0.6106045804486854
18.18527895396224,0.4411507360367985,19.47911130354893,0.0004683395135691117,,,,,17.73950478309623,0.6065935012680473
18.19615149471506,0.4478174641241222,19.48998384430176,0.0004322701936587816,,,,,17.75037732384906,0.6025048174080936
18.20702403546789,0.454988384379806,19.50085638505459,0.0003989271237325371,,,,,17.76124986460189,0.5983197812204694
18.21789657622072,0.4626273314889283,19.51172892580742,0.0003680122928814453,,,,,17.77212240535472,0.5943617946214472
18.22876911697355,0.4707017042420436,19.52260146656025,0.0003395335516152532,,,,,17.78299494610755,0.5906117035498688
18.23964165772638,0.4791777629285913,19.53347400731308,0.0003132850115585483,,,,,17.79386748686037,0.5867233633632498
18.25051419847921,0.4880211294561895,19.54434654806591,0.0002891598091035295,,,,,17.80474002761321,0.5826886673525965
18.26138673923204,0.4971972732571797,19.55521908881874,0.0002670627642885228,,,,,17.81561256836603,0.5784957134505552
18.27225927998487,0.5066707481106729,19.56609162957157,0.0002469081468470673,,,,,17.82648510911886,0.5742473843013004
18.2831318207377,0.5164955266843556,19.5769641703244,0.000228617714307181,,,,,17.8373576498717,0.5699514272879993
18.29400436149053,0.5266369087171793,19.58783671107723,0.0002121190084331479,,,,,17.84823019062452,0.5655044339632331
18.30487690224336,0.5369776821228132,19.59870925183005,0.0001973438927712129,,,,,17.85910273137735,0.5609215099990131
18.31574944299619,0.54748826614643,19.60958179258289,0.000184227311599737,,,,,17.86997527213018,0.5562473913955523
18.32662198374902,0.5581427614730946,19.62045433333572,0.0001727062491125653,,,,,17.88084781288301,0.5515130966791739
18.33749452450185,0.5689077618250525,19.63132687408854,0.0001627188670840943,,,,,17.89172035363584,0.5467189871891819
18.34836706525467,0.5797606469776458,19.64219941484138,0.0001542037994658397,,,,,17.90259289438867,0.5418833335020943
18.35923960600751,0.5906783118213048,19.6530719555942,0.0001470058827595417,,,,,17.9134654351415,0.5371764422327622
18.37011214676033,0.6016380274920815,19.66394449634703,0.0001412091568679178,,,,,17.92433797589433,0.5326318062554347
18.38098468751316,0.6126227314540009,19.67481703709986,0.0001365987012364649,,,,,17.93521051664716,0.5281573632508093
18.39185722826599,0.6236118145401455,19.68568957785269,0.000133383342537374,,,,,17.94608305739999,0.5237942231223571
18.40272976901882,0.6350672861063746,19.69656211860552,0.0001313473306171323,,,,,17.95695559815282,0.5195844037156719
18.41360230977165,0.6469645354548414,19.70743465935835,0.0001303886759195233,,,,,17.96782813890565,0.5155712828677909
18.42447485052448,0.6588010340273259,19.71830720011118,0.000130276347354262,,,,,17.97870067965848,0.5117986454318146
18.43534739127731,0.6705461184032208,19.72917974086401,0.0001313090832533845,,,,,17.98957322041131,0.5083086912557641
18.44621993203014,0.6821705930144495,19.74005228161684,0.0001332068953251308,,,,,18.00044576116413,0.5051476731581633
18.45709247278297,0.69363999746968,19.75092482236967,0.0001358993143696519,,,,,18.01131830191697,0.5023539668731436
18.4679650135358,0.7049287202479096,19.7617973631225,0.0001393137743604991,,,,,18.02219084266979,0.499969395738765
18.47883755428863,0.7159963656515205,19.77266990387533,0.0001433758423119116,,,,,18.03306338342262,0.4980302844034268
18.48971009504146,0.7268038645200049,19.78354244462816,0.0001480089012419386,,,,,18.04393592417545,0.4965674136333394
18.50058263579429,0.7373087342976622,19.79441498538099,0.0001531368094308674,,,,,18.05480846492828,0.4956101897273762
18.51145517654712,0.7474648613660637,19.80528752613381,0.0001586804000761841,,,,,18.06568100568111,0.4951839281526246
18.52232771729994,0.7572223885285468,19.81616006688665,0.0001645605099306018,,,,,18.07655354643394,0.4953095140800473
18.53320025805278,0.7665277208361978,19.82703260763947,0.0001706976142312551,,,,,18.08742608718677,0.4961790967385221
18.5440727988056,0.7753236600392818,19.8379051483923,0.0001770122207950171,,,,,18.0982986279396,0.4978024238153443
18.55494533955843,0.7835496745916944,19.84877768914513,0.0001833681414278202,,,,,18.10917116869243,0.5000082788629705
18.56581788031126,0.7911747373601671,19.85965022989796,0.0001898143357361097,,,,,18.12004370944526,0.5027942478147002
18.57669042106409,0.7981327275861838,19.87052277065079,0.000196201429954468,,,,,18.13091625019809,0.5061537224547482
18.58756296181692,0.8044165964389007,19.88139531140362,0.000202455199633641,,,,,18.14178879095092,0.5100745907085429
18.59843550256975,0.8099565346863916,19.89226785215645,0.0002085037540891836,,,,,18.15266133170375,0.5145391045096566
18.60930804332258,0.8145884798323113,19.90314039290928,0.0002142780965841377,,,,,18.16353387245658,0.5195322340048369
18.62018058407541,0.8182429483928363,19.91401293366211,0.0002197126834009215,,,,,18.1744064132094,0.5250279209266392
18.63105312482824,0.8208526704569047,19.92488547441494,0.0002247459731964308,,,,,18.18527895396224,0.5310365037563552
18.64192566558107,0.8223537555239967,19.93575801516777,0.0002293209573357072,,,,,18.19615149471506,0.5375321864432089
18.6527982063339,0.8226868826313266,19.9466305559206,0.0002333856614845098,,,,,18.20702403546789,0.5444468220997211
18.66367074708673,0.8217984874889923,19.95750309667343,0.0002368936086274171,,,,,18.21789657622072,0.5517414903476944
18.67454328783956,0.8196419185086239,19.96837563742626,0.0002398042338732693,,,,,18.22876911697355,0.5593814798712761
18.68541582859239,0.8161785335476712,19.97924817817908,0.0002420832419111068,,,,,18.23964165772638,0.5673316551297822
18.69628836934521,0.8113734334766697,19.99012071893192,0.0002437028987744844,,,,,18.25051419847921,0.5755570370878316
18.70716091009805,0.8052186433178923,20.00099325968474,0.0002446422506377467,,,,,18.26138673923204,0.5840233558653084
18.71803345085087,0.7976984263772711,20.01186580043757,0.0002448872636734302,,,,,18.27225927998487,0.5926962804723275
18.7289059916037,0.7891534651631736,20.0227383411904,0.000244791721299542,,,,,18.2831318207377,0.6016408246742645
18.73977853235654,0.7798968839186995,20.03361088194323,0.0002443523191699707,,,,,18.29400436149053,0.6108252189514956
18.75065107310936,0.769705413902622,20.04448342269606,0.0002432085952524283,,,,,18.30487690224336,0.6201273474807107
18.76152361386219,0.7584651481715022,20.05535596344889,0.0002413676948153085,,,,,18.31574944299619,0.6295717659012013
18.77239615461502,0.7461107363599172,20.06622850420172,0.0002388433326475582,,,,,18.32662198374902,0.6391378904788979
18.78326869536785,0.7325296611373538,20.07710104495455,0.0002356555119037583,,,,,18.33749452450185,0.6487486792328221
18.79414123612068,0.7177914484986015,20.08797358570738,0.0002318301631186212,,,,,18.34836706525467,0.6583880275725212
18.80501377687351,0.7019650830783564,20.09884612646021,0.0002273987094115493,,,,,18.35923960600751,0.6680400408986248
18.81588631762634,0.6851188918192341,20.10971866721304,0.0002223975654318876,,,,,18.37011214676033,0.6776898035439013
18.82675885837917,0.6673415580877919,20.12059120796587,0.0002168675789306275,,,,,18.38098468751316,0.6873287143645603
18.837631399132,0.6487288533806587,20.1314637487187,0.0002108534249500802,,,,,18.39185722826599,0.6969448798418203
18.84850393988483,0.6293884812077325,20.14233628947153,0.0002044029634726196,,,,,18.40272976901882,0.7070183599683734
18.85937648063766,0.6094387458618895,20.15320883022435,0.0001975665719445965,,,,,18.41360230977165,0.7175335733046698
18.87024902139049,0.5889942014925478,20.16408137097719,0.0001903964643822791,,,,,18.42447485052448,0.727987908618275
18.88112156214332,0.5681622654776398,20.17495391173001,0.0001829296471736496,,,,,18.43534739127731,0.7383595100036935
18.89199410289615,0.5470616995813518,20.18582645248284,0.0001752563458662325,,,,,18.44621993203014,0.7486277609382028
18.90286664364897,0.525811135191238,20.19669899323567,0.000167409437002222,,,,,18.45709247278297,0.7587662032868597
18.91373918440181,0.5045275785754362,20.2075715339885,0.0001594419684234284,,,,,18.4679650135358,0.7687572848905436
18.92461172515463,0.4833420526786782,20.21844407474133,0.0001514055819744681,,,,,18.47883755428863,0.7785674073648188
18.93548426590746,0.4623639135225192,20.22931661549416,0.0001433499858336029,,,,,18.48971009504146,0.7881637893841889
18.94635680666029,0.4416795892759816,20.24018915624699,0.0001353224804603022,,,,,18.50058263579429,0.7975094056337215
18.95722934741312,0.4213857623231183,20.25106169699982,0.0001273675436272531,,,,,18.51145517654712,0.8065626925237993
18.96810188816595,0.4015712865559027,20.26193423775265,0.000119526478535747,,,,,18.52232771729994,0.8152773747051241
18.97897442891878,0.382316341051979,20.27280677850548,0.0001118371275309494,,,,,18.53320025805278,0.8236023622990332
18.98984696967161,0.3636917462459267,20.28367931925831,0.0001043336524764052,,,,,18.5440727988056,0.8314821297421257
19.00071951042444,0.3457584491116549,20.29455186001114,9.704638145128228e-05,,,,,18.55494533955843,0.838856544628708
19.01159205117727,0.3285645687647601,22.01241329895818,0,,,,,18.56581788031126,0.8456976345990328
19.0224645919301,0.312156253832015,,,,,,,18.57669042106409,0.8519376720882628
19.03333713268293,0.2965601335404924,,,,,,,18.58756296181692,0.8575676077142148
19.04420967343576,0.2817959492673235,,,,,,,18.59843550256975,0.8625140682417347
19.05508221418859,0.267873504068724,,,,,,,18.60930804332258,0.8666043228462463
19.06595475494142,0.254793111788791,,,,,,,18.62018058407541,0.8697636900809357
19.07682729569424,0.2425461647225385,,,,,,,18.63105312482824,0.8719190443945495
19.08769983644708,0.2311158098981736,,,,,,,18.64192566558107,0.8730000883539784
19.0985723771999,0.2204777157305818,,,,,,,18.6527982063339,0.8729406561033588
19.10944491795273,0.2106009099163539,,,,,,,18.66367074708673,0.8716800186390499
19.12031745870556,0.2014486772266265,,,,,,,18.67454328783956,0.8691641606091507
19.13118999945839,0.1929794805106209,,,,,,,18.68541582859239,0.8653469982891576
19.14206254021122,0.1851479122891258,,,,,,,18.69628836934521,0.8601862008539755
19.15293508096405,0.1779056397562873,,,,,,,18.70716091009805,0.8536666219722601
19.16380762171688,0.1712023351964444,,,,,,,18.71803345085087,0.8457655101473148
19.17468016246971,0.1649865753232807,,,,,,,18.7289059916037,0.8368247031112829
19.18555270322254,0.1592066959837063,,,,,,,18.73977853235654,0.8271550999192465
19.19642524397537,0.1538115903230833,,,,,,,18.75065107310936,0.8165308000664629
19.2072977847282,0.148750114905859,,,,,,,18.76152361386219,0.8048341499571722
19.21817032548103,0.1439773437763015,,,,,,,18.77239615461502,0.7919837914065705
19.22904286623386,0.1394462399522185,,,,,,,18.78326869536785,0.7778580664990297
19.23991540698669,0.135114456168251,,,,,,,18.79414123612068,0.762541191851947
19.25078794773951,0.131094199098414,,,,,,,18.80501377687351,0.7461004785698792
19.26166048849235,0.1273489100852684,,,,,,,18.81588631762634,0.7285834674865197
19.27253302924517,0.123693599199559,,,,,,,18.82675885837917,0.7100777449778841
19.283405569998,0.1200985046534003,,,,,,,18.837631399132,0.690678261355317
19.29427811075083,0.1165381034031754,,,,,,,18.84850393988483,0.6704944963386837
19.30515065150366,0.112991127409216,,,,,,,18.85937648063766,0.6496454139405864
19.31602319225649,0.1094405068119296,,,,,,,18.87024902139049,0.6282476150997303
19.32689573300932,0.1058657349795647,,,,,,,18.88112156214332,0.6064111854587623
19.33776827376215,0.1022744088213976,,,,,,,18.89199410289615,0.5842582284359255
19.34864081451498,0.09865153262941131,,,,,,,18.90286664364897,0.5619112685622153
19.35951335526781,0.09499511448253446,,,,,,,18.91373918440181,0.5394916849182275
19.37038589602064,0.0913062142209453,,,,,,,18.92461172515463,0.5171487260336131
19.38125843677347,0.08758860651720973,,,,,,,18.93548426590746,0.494996731151576
19.3921309775263,0.08384842513013721,,,,,,,18.94635680666029,0.4731137555185794
19.40300351827913,0.08009379641922409,,,,,,,18.95722934741312,0.4516018460627383
19.41387605903196,0.0763344697677098,,,,,,,18.96810188816595,0.430555192939034
19.42474859978478,0.07258145201349121,,,,,,,18.97897442891878,0.4100593839171468
19.43562114053762,0.06884665233816771,,,,,,,18.98984696967161,0.3901906060188762
19.44649368129044,0.06514254333518882,,,,,,,19.00071951042444,0.3710150669377451
19.45736622204327,0.06148184318896639,,,,,,,19.01159205117727,0.3525858417037168
19.4682387627961,0.05787722306856369,,,,,,,19.0224645919301,0.3349542699379947
19.47911130354893,0.05434104299253747,,,,,,,19.03333713268293,0.3181513945930623
19.48998384430176,0.05088461142274732,,,,,,,19.04420967343576,0.3022013207612439
19.50085638505459,0.04752012632352111,,,,,,,19.05508221418859,0.2871177975818764
19.51172892580742,0.04425563867446967,,,,,,,19.06595475494142,0.2729047506772495
19.52260146656025,0.04110351456832895,,,,,,,19.07682729569424,0.2595568007338175
19.53347400731308,0.03806986164765901,,,,,,,19.08769983644708,0.2470599267629887
19.54434654806591,0.03516144132730114,,,,,,,19.0985723771999,0.2353922348052405
19.55521908881874,0.03238375253333466,,,,,,,19.10944491795273,0.2245241304520816
19.56609162957157,0.02974101946956677,,,,,,,19.12031745870556,0.2144219362694197
19.5769641703244,0.02723620424042486,,,,,,,19.13118999945839,0.2050445481258847
19.58783671107723,0.02487104155064376,,,,,,,19.14206254021122,0.1963474260808049
19.59870925183005,0.02264609252754568,,,,,,,19.15293508096405,0.1882827464930165
19.60958179258289,0.02056081462015916,,,,,,,19.16380762171688,0.1808003540339325
19.62045433333572,0.01861364451509075,,,,,,,19.17468016246971,0.1738486852683121
19.63132687408854,0.01680209106468366,,,,,,,19.18555270322254,0.1673756496537971
19.64219941484138,0.01512283534018557,,,,,,,19.19642524397537,0.1613294554797315
19.6530719555942,0.0135665432399353,,,,,,,19.2072977847282,0.1556579071949733
19.66394449634703,0.0121355960941036,,,,,,,19.21817032548103,0.1503152692488644
19.67481703709986,0.01082704781119269,,,,,,,19.22904286623386,0.1452530429555114
19.68568957785269,0.009630332365275709,,,,,,,19.23991540698669,0.1404266813080544
19.69656211860552,0.008543206932601622,,,,,,,19.25078794773951,0.1359496302651263
19.70743465935835,0.0075564990785796,,,,,,,19.26166048849235,0.1317827077716348
19.71830720011118,0.006663899703962026,,,,,,,19.27253302924517,0.127738145728706
19.72917974086401,0.005859610039643057,,,,,,,19.283405569998,0.1237844312506616
19.74005228161684,0.005137218206099459,,,,,,,19.29427811075083,0.1198942699372686
19.75092482236967,0.004490618167442811,,,,,,,19.30515065150366,0.1160446205904894
19.7617973631225,0.003913838159230725,,,,,,,19.31602319225649,0.1122166615886675
19.77266990387533,0.00340108929246353,,,,,,,19.32689573300932,0.108388019679445
19.78354244462816,0.002946649848757856,,,,,,,19.33776827376215,0.1045649329222092
19.79441498538099,0.002545554560535125,,,,,,,19.34864081451498,0.1007306046381112
19.80528752613381,0.002192572886763498,,,,,,,19.35951335526781,0.09688149085578185
19.81616006688665,0.001882969646025122,,,,,,,19.37038589602064,0.09301717214200431
19.82703260763947,0.001612315978882686,,,,,,,19.38125843677347,0.08914002199766514
19.8379051483923,0.001376494478290158,,,,,,,19.3921309775263,0.08525485474447526
19.84877768914513,0.001171432180022042,,,,,,,19.40300351827913,0.08136856113690207
19.85965022989796,0.0009942248296781781,,,,,,,19.41387605903196,0.07748973951159754
19.87052277065079,0.0008413343539772185,,,,,,,19.42474859978478,0.07362832974144554
19.88139531140362,0.0007098542902305741,,,,,,,19.43562114053762,0.06979525661228834
19.89226785215645,0.0005971540487110124,,,,,,,19.44649368129044,0.06600208850770764
19.90314039290928,0.0005008643764496516,,,,,,,19.45736622204327,0.06226071649188299
19.91401293366211,0.0004188615686332487,,,,,,,19.4682387627961,0.0585830580436734
19.92488547441494,0.0003492508824788272,,,,,,,19.47911130354893,0.05498078883747409
19.93575801516777,0.0002903495508800419,,,,,,,19.48998384430176,0.05146454143555403
19.9466305559206,0.000240669736226399,,,,,,,19.50085638505459,0.04804608048259545
19.95750309667343,0.0001989017098612049,,,,,,,19.51172892580742,0.04473281579210917
19.96837563742626,0.000163897490675619,,,,,,,19.52260146656025,0.04153680881372562
19.97924817817908,0.0001346551280960908,,,,,,,19.53347400731308,0.03846367804634633
19.99012071893192,0.0001103037707441706,,,,,,,19.54434654806591,0.03551982244616531
20.00099325968474,9.008962265924132e-05,,,,,,,19.55521908881874,0.03271041613584489
22.01241329895818,0,,,,,,,19.56609162957157,0.03003939217833495
,,,,,,,,19.5769641703244,0.0275094514444522
,,,,,,,,19.58783671107723,0.02512209381155665
,,,,,,,,19.59870925183005,0.02287766874791894
,,,,,,,,19.60958179258289,0.0207754422389705
,,,,,,,,19.62045433333572,0.01881367699172929
,,,,,,,,19.63132687408854,0.01698972290497864
,,,,,,,,19.64219941484138,0.01530011490678211
,,,,,,,,19.6530719555942,0.0137352622440899
,,,,,,,,19.66394449634703,0.01229762746416332
,,,,,,,,19.67481703709986,0.01098395687286923
,,,,,,,,19.68568957785269,0.00978379839953439
,,,,,,,,19.69656211860552,0.008694760943103718
,,,,,,,,19.70743465935835,0.007707469322024961
,,,,,,,,19.71830720011118,0.006815229618563181
,,,,,,,,19.72917974086401,0.006012784540800974
,,,,,,,,19.74005228161684,0.005293261998919749
,,,,,,,,19.75092482236967,0.004650463908172771
,,,,,,,,19.7617973631225,0.004078326112424911
,,,,,,,,19.77266990387533,0.003570966859801559
,,,,,,,,19.78354244462816,0.003122570177498254
,,,,,,,,19.79441498538099,0.002728078841719112
,,,,,,,,19.80528752613381,0.002382166924558047
,,,,,,,,19.81616006688665,0.002080004750352299
,,,,,,,,19.82703260763947,0.001817068997754419
,,,,,,,,19.8379051483923,0.001589148156202273
,,,,,,,,19.84877768914513,0.00139186558467909
,,,,,,,,19.85965022989796,0.001222692500678046
,,,,,,,,19.87052277065079,0.001077733010984499
,,,,,,,,19.88139531140362,0.0009539945999417856
,,,,,,,,19.89226785215645,0.0008487630897167857
,,,,,,,,19.90314039290928,0.0007595888011581861
,,,,,,,,19.91401293366211,0.0006842714625452281
,,,,,,,,19.92488547441494,0.0006208443100928877
,,,,,,,,19.93575801516777,0.0005675577657262556
,,,,,,,,19.9466305559206,0.0005228630203154924
,,,,,,,,19.95750309667343,0.000485395795561568
,,,,,,,,19.96837563742626,0.0004539605060585808
,,,,,,,,19.97924817817908,0.0004275149954882061
,,,,,,,,19.99012071893192,0.0004051559779429169
,,,,,,,,20.00099325968474,0.0003861052773276174
,,,,,,,,20.01186580043757,0.0003696969247646803
,,,,,,,,20.0227383411904,0.0003558019381936197
,,,,,,,,20.03361088194323,0.000343939757597186
,,,,,,,,20.04448342269606,0.0003332680760468075
,,,,,,,,20.05535596344889,0.00032345104059096
,,,,,,,,20.06622850420172,0.0003142140345820114
,,,,,,,,20.07710104495455,0.0003053360309900715
,,,,,,,,20.08797358570738,0.0002966426740362871
,,,,,,,,20.09884612646021,0.0002880000364649449
,,,,,,,,20.10971866721304,0.0002793089993847643
,,,,,,,,20.12059120796587,0.0002705002027453211
,,,,,,,,20.1314637487187,0.0002615295167908385
,,,,,,,,20.14233628947153,0.0002523739879078239
,,,,,,,,20.15320883022435,0.000243028215856919
,,,,,,,,20.16408137097719,0.0002335011232002658
,,,,,,,,20.17495391173001,0.0002214335699208279
,,,,,,,,20.18582645248284,0.0002121451547960417
,,,,,,,,20.19669899323567,0.0002026465903509257
,,,,,,,,20.2075715339885,0.000193002090195303
,,,,,,,,20.21844407474133,0.0001832741660006677
,,,,,,,,20.22931661549416,0.0001735229887646511
,,,,,,,,20.24018915624699,0.0001638058149777187
,,,,,,,,20.25106169699982,0.0001541764843106966
,,,,,,,,20.26193423775265,0.0001446849936637726
,,,,,,,,20.27280677850548,0.000135377150623162
,,,,,,,,20.28367931925831,0.0001262943076077683
,,,,,,,,20.29455186001114,0.0001174731762985181
,,,,,,,,20.30542440076397,0.0001089457203664928
,,,,,,,,20.3162969415168,0.0001007391230858609
,,,,,,,,20.32716948226962,9.287582516091057e-05
,,,,,,,,22.01241329895818,0
