-23.5763083763516,0,-23.5763083763516,0,-23.5763083763516,0,-23.5763083763516,0,-23.5763083763516,0
-23.56533949402293,0,-23.56533949402293,0,-23.56533949402293,0,-23.56533949402293,0,-23.56533949402293,0
-22.49038902581266,0.0002475185144097674,-21.97485155636488,0.0001078275901302839,-13.93466080944524,0.0001092797835031939,21.83486446436776,0,-22.49038902581266,0.0002475440725276888
-22.47942014348398,0.0003172334435080867,-21.9638826740362,0.0001199787148380198,-13.92369192711657,0.0001282933111829462,,,-22.47942014348398,0.0003172662002082354
-22.46845126115531,0.0004053628293637789,-21.95291379170753,0.0001330982035150577,-13.91272304478789,0.0001502371909423825,,,-22.46845126115531,0.0004054046860750577
-22.45748237882663,0.0005164194148747095,-21.94194490937885,0.0001472088307373747,-13.90175416245922,0.0001754957139243221,,,-22.45748237882663,0.0005164727390001139
-22.44651349649796,0.000655926053445269,-21.93097602705017,0.0001623264213076446,-13.89078528013054,0.0002044926020528105,,,-22.44651349649796,0.0006559937826632696
-22.43554461416928,0.000830617129503371,-21.9200071447215,0.0001784589143794193,-13.87981639780186,0.0002376934157547315,,,-22.43554461416928,0.0008307028968674568
-22.4245757318406,0.001048674158830495,-21.90903826239282,0.0001956054543783469,-13.86884751547319,0.0002756078706246975,,,-22.4245757318406,0.001048782442196192
-22.41360684951193,0.001319999999579628,-21.89806938006415,0.0002137555286459781,-13.85787863314451,0.0003187920190619048,,,-22.41360684951193,0.001320136299345833
-22.40263796718325,0.001656536376981047,-21.88710049773547,0.0002328881727125428,-13.84690975081583,0.0003678502481798086,,,-22.40263796718325,0.001656707426618142
-22.39166908485457,0.002072629642098009,-21.87613161540679,0.0002529712646577854,-13.83594086848716,0.0004234370405823266,,,-22.39166908485457,0.002072843656443264
-22.3807002025259,0.00258544982655133,-21.86516273307812,0.0002739609300862033,-13.82497198615848,0.0004862584399857479,,,-22.3807002025259,0.002585716793374819
-22.36973132019722,0.003215468096885468,-21.85419385074944,0.000295801078777178,-13.81400310382981,0.0005570731592256646,,,-22.36973132019722,0.003215800117756669
-22.35876243786855,0.00398699762736681,-21.84322496842077,0.0003184230930361936,-13.80303422150113,0.0006366932640161952,,,-22.35876243786855,0.003987409314370328
-22.34779355553987,0.004928802669085505,-21.83225608609209,0.0003417456861498082,-13.79206533917245,0.000725984362029933,,,-22.34779355553987,0.004929311604427688
-22.33682467321119,0.006074780164740653,-21.82128720376341,0.0003656749471301335,-13.78109645684378,0.0008258652235599789,,,-22.33682467321119,0.006075407430737974
-22.32585579088252,0.007464717609389653,-21.81031832143474,0.0003901045851382518,-13.7701275745151,0.000937306757342897,,,-22.32585579088252,0.007465488396711829
-22.31488690855384,0.009145129954045629,-21.79934943910606,0.0004149163836333273,-13.75915869218642,0.001061330263210965,,,-22.31488690855384,0.00914607425637521
-22.30391802622517,0.01117017715804886,-21.78838055677738,0.0004399808704577678,-13.74818980985775,0.001199004882266302,,,-22.30391802622517,0.01117133056148492
-22.29294914389649,0.01360266248610059,-21.77741167444871,0.0004651582058103601,-13.73722092752907,0.001351444165405618,,,-22.29294914389649,0.01360406706164393
-22.28198026156781,0.01651510978852118,-21.76644279212003,0.0004902992854686608,-13.7262520452004,0.001519801682463257,,,-22.28198026156781,0.01651681509579674
-22.27101137923914,0.01999091577556854,-21.75547390979136,0.0005152470518051122,-13.71528316287172,0.001705265597184409,,,-22.27101137923914,0.01999297998552862
-22.26004249691046,0.02412557068251463,-21.74450502746268,0.00053983800021815,-13.70431428054304,0.001909052137900195,,,-22.26004249691046,0.02412806182618481
-22.24907361458179,0.02902793771487356,-21.733536145134,0.0005639038637002071,-13.69334539821437,0.002132397900366231,,,-22.24907361458179,0.02903093506421084
-22.23810473225311,0.03482157826748501,-21.72256726280533,0.0005872734535259807,-13.68237651588569,0.002376550927957956,,,-22.23810473225311,0.0348251738530746
-22.22713584992443,0.04164610614570383,-21.71159838047665,0.0006097746296059937,-13.67140763355702,0.002642760525491162,,,-22.22713584992443,0.0416504064142893
-22.21616696759576,0.04965854991644879,-21.70062949814798,0.0006312363700496241,-13.66043875122834,0.002932265776537465,,,-22.21616696759576,0.04966367752913502
-22.20519808526708,0.05903469813422802,-21.6896606158193,0.0006514909060487969,-13.64946986889966,0.003246282750384265,,,-22.20519808526708,0.05904079390358881
-22.1942292029384,0.06997039759538608,-21.67869173349062,0.000670375885447266,-13.63850098657099,0.003585990403857851,,,-22.1942292029384,0.0699776225566259
-22.18326032060973,0.08268277006697668,-21.66772285116195,0.0006877365264036241,-13.62753210424231,0.003952515205142068,,,-22.18326032060973,0.0826913076747289
-22.17229143828105,0.09741130823133076,-21.65675396883327,0.0007034277214715156,-13.61656322191364,0.004346914531470077,,,-22.17229143828105,0.09742136666962008
-22.16132255595237,0.1144188070223148,-21.6457850865046,0.0007173160522669645,-13.60559433958496,0.004770158920047327,,,-22.16132255595237,0.1144306216106873
-22.1503536736237,0.1339920822647779,-21.63481620417592,0.0007292816757028226,-13.59462545725628,0.005223113281587448,,,-22.1503536736237,0.1340059179386354
-22.13938479129502,0.1564424247448897,-21.62384732184724,0.0007392200445483878,-13.58365657492761,0.005706517218109166,,,-22.13938479129502,0.156458578582711
-22.12841590896635,0.1821057347330912,-21.61287843951857,0.0007470434277932192,-13.57268769259893,0.006220964620732222,,,-22.12841590896635,0.1821245384975432
-22.11744702663767,0.2113422797633023,-21.60190955718989,0.0007526821999040796,-13.56171881027026,0.006766882758579003,,,-22.11744702663767,0.2113641024173403
-22.10647814430899,0.2445360173597322,-21.59094067486122,0.0007560858724807213,-13.55074992794158,0.007344511105861418,,,-22.10647814430899,0.2445612675127666
-22.09550926198032,0.2820934246152911,-21.57997179253254,0.0007572238469322433,-13.5397810456129,0.007953880190007132,,,-22.09550926198032,0.2821225528484997
-22.08454037965164,0.3244417782761659,-21.56900291020386,0.0007572238469322433,-13.52881216328423,0.008594790778329562,,,-22.08454037965164,0.3244752792902116
-22.07357149732297,0.3720268324736999,-21.55803402787518,0.0007560858724807213,-13.51784328095555,0.009266793753237258,,,-22.07357149732297,0.3720652469966577
-22.06260261499429,0.4253098466411119,-21.54706514554651,0.0007526821999040796,-13.50687439862687,0.009969171055182462,,,-22.06260261499429,0.4253537630295062
-22.05163373266561,0.4847639235983549,-21.53609626321783,0.0007470434277932192,-13.4959055162982,0.01070091809727135,,,-22.05163373266561,0.4848139790600762
-22.04066485033694,0.5508696273785365,-21.52512738088916,0.0007392200445483878,-13.48493663396952,0.01146072807446949,,,-22.04066485033694,0.5509265087432677
-22.02969596800826,0.624109862144186,-21.51415849856048,0.0007292816757028226,-13.47396775164085,0.01224697860240573,,,-22.02969596800826,0.6241743061050371
-22.01872708567959,0.7049640074774857,-21.5031896162318,0.0007173160522669645,-13.46299886931217,0.01305772112472115,,,-22.01872708567959,0.7050368002270559
-22.00775820335091,0.7939013213290428,-21.49222073390313,0.0007034277214715156,-13.45202998698349,0.01389067352262834,,,-22.00775820335091,0.7939832975142863
-21.99678932102223,0.8913736397991384,-21.48125185157445,0.0006877365264036241,-13.44106110465482,0.01474321634488946,,,-21.99678932102223,0.8914656807224296
-21.98582043869355,0.9978074224436678,-21.47028296924578,0.000670375885447266,-13.43009222232614,0.01561239305001261,,,-21.98582043869355,0.9979104534424863
-21.97485155636488,1.113595212597924,-21.4593140869171,0.0006514909060487969,-13.41912333999746,0.01649491461457797,,,-21.97485155636488,1.113710199542751
-21.9638826740362,1.23908660386305,-21.44834520458842,0.0006312363700496241,-13.40815445766879,0.01738716881199545,,,-21.9638826740362,1.239214548722496
-21.95291379170753,1.374578825889246,-21.43737632225975,0.0006097746296059937,-13.39718557534011,0.0182852344047308,,,-21.95291379170753,1.374720761323078
-21.94194490937885,1.520307084329781,-21.42640743993107,0.0005872734535259807,-13.38621669301144,0.01918819823925355,,,-21.94194490937885,1.520464067284493
-21.93097602705017,1.676434810681888,-21.4154385576024,0.0005639038637002071,-13.37524781068276,0.02009249781941893,,,-21.93097602705017,1.676607914979484
-21.9200071447215,1.843043996979115,-21.40446967527372,0.00053983800021815,-13.36427892835408,0.02099005592985064,,,-21.9200071447215,1.843234304907883
-21.90903826239282,2.020125807231516,-21.39350079294504,0.0005152470518051122,-13.35331004602541,0.02187494166724488,,,-21.90903826239282,2.020334400167362
-21.89806938006415,2.20757167139587,-21.38253191061637,0.0004902992854686608,-13.34234116369673,0.02274200869689967,,,-21.89806938006415,2.207799619504043
-21.88710049773547,2.405165077787715,-21.37156302828769,0.0004651582058103601,-13.33137228136805,0.0235859969029131,,,-21.88710049773547,2.405413428877027
-21.87613161540679,2.612574285555078,-21.36059414595901,0.0004399808704577678,-13.32040339903938,0.02440158153974427,,,-21.87613161540679,2.612844053179645
-21.86516273307812,2.829346179528378,-21.34962526363034,0.0004149163836333273,-13.3094345167107,0.025183425860581,,,-21.86516273307812,2.829638330454821
-21.85419385074944,3.054901484949838,-21.33865638130166,0.0003901045851382518,-13.29846563438203,0.02592778459807467,,,-21.85419385074944,3.055216926130377
-21.84322496842077,3.288531548904004,-21.32768749897298,0.0003656749471301335,-13.28749675205335,0.02662945148143221,,,-21.84322496842077,3.288871114117199
-21.83225608609209,3.529396878503873,-21.31671861664431,0.0003417456861498082,-13.27652786972467,0.02728181821523518,,,-21.83225608609209,3.529761314844432
-21.82128720376341,3.776527602991914,-21.30574973431563,0.0003184230930361936,-13.265558987396,0.02788332503260542,,,-21.82128720376341,3.776917557408216
-21.81031832143474,4.028825998035988,-21.29478085198696,0.000295801078777178,-13.25459010506732,0.02842938001412663,,,-21.81031832143474,4.029242004128252
-21.79934943910606,4.285071175978627,-21.28381196965828,0.0002739609300862033,-13.24362122273865,0.02891241686826088,,,-21.79934943910606,4.285513641281389
-21.78838055677738,4.543926006177429,-21.2728430873296,0.0002529712646577854,-13.23265234040997,0.02932854213770961,,,-21.78838055677738,4.54439520015659
-21.77741167444871,4.803946285595181,-21.26187420500093,0.0002328881727125428,-13.22168345808129,0.02968104478950823,,,-21.77741167444871,4.804442328591997
-21.76644279212003,5.063592132388187,-21.25090532267225,0.0002137555286459781,-13.21071457575262,0.02996690583509449,,,-21.76644279212003,5.064114985739717
-21.75547390979136,5.321241525495427,-21.23993644034358,0.0001956054543783469,-13.19974569342394,0.03017684122889141,,,-21.75547390979136,5.321790983053061
-21.74450502746268,5.575205862386514,-21.2289675580149,0.0001784589143794193,-13.18877681109526,0.03030887719592688,,,-21.74450502746268,5.57578154364093
-21.733536145134,5.823747356527976,-21.21799867568622,0.0001623264213076446,-13.17780792876659,0.03036164205085567,,,-21.733536145134,5.82434870153054
-21.72256726280533,6.065098047189935,-21.20702979335755,0.0001472088307373747,-13.16683904643791,0.03033438885036144,,,-21.72256726280533,6.065724313436984
-21.71159838047665,6.297480148378042,-21.19606091102887,0.0001330982035150577,-13.15587016410924,0.03023212283437342,,,-21.71159838047665,6.298130409796359
-21.70062949814798,6.51912742235652,-21.1850920287002,0.0001199787148380198,-13.14490128178056,0.03005533510790162,,,-21.70062949814798,6.519800570495771
-21.6896606158193,6.728307227773837,-21.17412314637152,0.0001078275901302839,-13.13393239945188,0.02981787167040609,,,-21.6896606158193,6.729001975275651
-21.67869173349062,6.923342864040359,-21.16315426404284,9.661604913441549e-05,-13.12296351712321,0.02952129149509268,,,-21.67869173349062,6.924057750414622
-21.66772285116195,7.10263581339843,-14.05531851506068,0.0001219186670093482,-13.11199463479453,0.02914973678580033,,,-21.66772285116195,7.103369213096245
-21.65675396883327,7.264687470923481,-14.04434963273201,0.0001477830529631844,-13.10102575246585,0.02871346191624665,,,-21.65675396883327,7.265437603653901
-21.6457850865046,7.408119951108756,-14.03338075040333,0.0001786579488251251,-13.09005687013718,0.02821804159407029,,,-21.6457850865046,7.408884894303967
-21.63481620417592,7.531695568052633,-14.02241186807465,0.0002186563449851911,-13.0790879878085,0.02765936047254111,,,-21.63481620417592,7.532473271344587
-21.62384732184724,7.634334604630205,-14.01144298574598,0.0002637757838062307,-13.06811910547983,0.02703893523071102,,,-21.62384732184724,7.635122906162078
-21.61287843951857,7.715131014132048,-14.0004741034173,0.0003167364902864384,-13.05715022315115,0.02636119210922072,,,-21.61287843951857,7.715927658490989
-21.60190955718989,7.773365735134321,-13.98950522108863,0.0003793582673841793,-13.04618134082247,0.02563093467336725,,,-21.60190955718989,7.774168392659066
-21.59094067486122,7.808517345979186,-13.97853633875995,0.000453835776122161,-13.0352124584938,0.02485328738623124,,,-21.59094067486122,7.809323633167824
-21.57997179253254,7.820269838080163,-13.96756745643127,0.0005408642679069117,-13.02424357616512,0.02403363250359055,,,-21.57997179253254,7.821077338800563
-21.56900291020386,7.820269838080163,-13.9565985741026,0.0006440051216335934,-13.01327469383645,0.02317754464048837,,,-21.56900291020386,7.821077338800563
-21.55803402787518,7.808517345979186,-13.94562969177392,0.0007637589545120945,-13.00230581150777,0.0222907296622294,,,-21.55803402787518,7.809323633167824
-21.54706514554651,7.773365735134321,-13.93466080944524,0.000903537707847224,-12.99133692917909,0.02137895739756062,,,-21.54706514554651,7.774168392659066
-21.53609626321783,7.715131014132048,-13.92369192711657,0.001066265959541857,-12.98036804685042,0.02044799741442574,,,-21.53609626321783,7.715927658490989
-21.52512738088916,7.634334604630205,-13.91272304478789,0.001255219020066578,-12.96939916452174,0.0195035568491113,,,-21.52512738088916,7.635122906162078
-21.51415849856048,7.531695568052633,-13.90175416245922,0.001474057906279287,-12.95843028219307,0.01855122124563877,,,-21.51415849856048,7.532473271344587
-21.5031896162318,7.408119951108756,-13.89078528013054,0.001726858369345929,-12.94746139986439,0.01759639927263986,,,-21.5031896162318,7.408884894303967
-21.49222073390313,7.264687470923481,-13.87981639780186,0.002018143825989513,-12.93649251753571,0.0166442720790142,,,-21.49222073390313,7.265437603653901
-21.48125185157445,7.10263581339843,-13.86884751547319,0.002352917980244539,-12.92552363520704,0.01569974793065326,,,-21.48125185157445,7.103369213096245
-21.47028296924578,6.923342864040359,-13.85787863314451,0.002736697384444214,-12.91455475287836,0.01476742264190856,,,-21.47028296924578,6.924057750414622
-21.4593140869171,6.728307227773837,-13.84690975081583,0.003175543501699489,-12.90358587054968,0.01385154618090967,,,-21.4593140869171,6.729001975275651
-21.44834520458842,6.51912742235652,-13.83594086848716,0.003676093768042515,-12.89261698822101,0.01295599569093964,,,-21.44834520458842,6.519800570495771
-21.43737632225975,6.297480148378042,-13.82497198615848,0.004245591085722296,-12.88164810589233,0.01208425503439416,,,-21.43737632225975,6.298130409796359
-21.42640743993107,6.065098047189935,-13.81400310382981,0.004891911110532169,-12.87067922356366,0.01123940083473096,,,-21.42640743993107,6.065724313436984
-21.4154385576024,5.823747356527976,-13.80303422150113,0.00562358662635503,-12.85971034123498,0.01042409486829982,,,-21.4154385576024,5.82434870153054
-21.40446967527372,5.575205862386514,-13.79206533917245,0.006449828230353037,-12.8487414589063,0.009640582544705303,,,-21.40446967527372,5.57578154364093
-21.39350079294504,5.321241525495427,-13.78109645684378,0.007380540483627131,-12.83777257657763,0.008890697113627295,,,-21.39350079294504,5.321790983053061
-21.38253191061637,5.063592132388187,-13.7701275745151,0.008426332616173914,-12.82680369424895,0.008175869149563173,,,-21.38253191061637,5.064114985739717
-21.37156302828769,4.803946285595181,-13.75915869218642,0.00959852281325896,-12.81583481192027,0.007497140795009274,,,-21.37156302828769,4.804442328591997
-21.36059414595901,4.543926006177429,-13.74818980985775,0.01090913505484689,-12.8048659295916,0.006855184187905058,,,-21.36059414595901,4.54439520015659
-21.34962526363034,4.285071175978627,-13.73722092752907,0.01237088743268254,-12.79389704726292,0.006250323460957418,,,-21.34962526363034,4.285513641281389
-21.33865638130166,4.028825998035988,-13.7262520452004,0.0139971708334717,-12.78292816493425,0.005682559678507712,,,-21.33865638130166,4.029242004128252
-21.32768749897298,3.776527602991914,-13.71528316287172,0.01580201685408696,-12.77195928260557,0.005151598070230563,,,-21.32768749897298,3.776917557408216
-21.31671861664431,3.529396878503873,-13.70431428054304,0.01780005380877997,-12.76099040027689,0.00465687692911161,,,-21.31671861664431,3.529761314844432
-21.30574973431563,3.288531548904004,-13.69334539821437,0.02000644970217255,-12.75002151794822,0.004197597562473162,,,-21.30574973431563,3.288871114117199
-21.29478085198696,3.054901484949838,-13.68237651588569,0.02243684107862342,-12.73905263561954,0.003772754717682395,,,-21.29478085198696,3.055216926130377
-21.28381196965828,2.829346179528378,-13.67140763355702,0.02510724672180043,-12.72808375329087,0.003381166946785262,,,-21.28381196965828,2.829638330454821
-21.2728430873296,2.612574285555078,-13.66043875122834,0.02803396527128187,-12.71711487096219,0.003021506424748415,,,-21.2728430873296,2.612844053179645
-21.26187420500093,2.405165077787715,-13.64946986889966,0.03123345594898806,-12.70614598863351,0.002692327792305427,,,-21.26187420500093,2.405413428877027
-21.25090532267225,2.20757167139587,-13.63850098657099,0.03472220175015836,-12.69517710630484,0.002392095654656299,,,-21.25090532267225,2.207799619504043
-21.23993644034358,2.020125807231516,-13.62753210424231,0.03851655465397316,-12.68420822397616,0.002119210429601077,,,-21.23993644034358,2.020334400167362
-21.2289675580149,1.843043996979115,-13.61656322191364,0.04263256264971717,-12.67323934164748,0.001872032301364952,,,-21.2289675580149,1.843234304907883
-21.21799867568622,1.676434810681888,-13.60559433958496,0.04708577865675389,-12.66227045931881,0.001648903097823882,,,-21.21799867568622,1.676607914979484
-21.20702979335755,1.520307084329781,-13.59462545725628,0.0518910517407357,-12.65130157699013,0.001448165967692937,,,-21.20702979335755,1.520464067284493
-21.19606091102887,1.374578825889246,-13.58365657492761,0.05706230139344966,-12.64033269466146,0.001268182789336452,,,-21.19606091102887,1.374720761323078
-21.1850920287002,1.23908660386305,-13.57268769259893,0.06261227604720263,-12.62936381233278,0.001107349293270353,,,-21.1850920287002,1.239214548722496
-21.17412314637152,1.113595212597924,-13.56171881027026,0.06855229743288019,-12.6183949300041,0.0009641079254537473,,,-21.17412314637152,1.113710199542751
-21.16315426404284,0.9978074224436678,-13.55074992794158,0.07489199285832751,-12.60742604767543,0.0008369585176360712,,,-21.16315426404284,0.9979104534424863
-21.15218538171417,0.8913736397991384,-13.5397810456129,0.0816390179733161,-12.59645716534675,0.0007244668640786354,,,-21.15218538171417,0.8914656807224296
-21.14121649938549,0.7939013213290428,-13.52881216328423,0.08879877309010559,-12.58548828301807,0.000625271330842347,,,-21.14121649938549,0.7939832975142863
-21.13024761705681,0.7049640074774857,-13.51784328095555,0.09637411663373628,-12.5745194006894,0.0005380876446387706,,,-21.13024761705681,0.7050368002270559
-21.11927873472814,0.624109862144186,-13.50687439862687,0.1043650797912575,-12.56355051836072,0.0004617120232409615,,,-21.11927873472814,0.6241743061050371
-21.10830985239946,0.5508696273785365,-13.4959055162982,0.1127685869001276,-12.55258163603205,0.0003950228190285548,,,-21.10830985239946,0.5509265087432677
-21.09734097007079,0.4847639235983549,-13.48493663396952,0.1215781865477521,-12.54161275370337,0.0003369808518790882,,,-21.09734097007079,0.4848139790600762
-21.08637208774211,0.4253098466411119,-13.47396775164085,0.1307837987303203,-12.53064387137469,0.0002866286078643845,,,-21.08637208774211,0.4253537630295062
-21.07540320541343,0.3720268324736999,-13.46299886931217,0.1403714880226967,-12.51967498904602,0.000243088476660246,,,-21.07540320541343,0.3720652469966577
-21.06443432308476,0.3244417782761659,-13.45202998698349,0.1503232513884492,-12.50870610671734,0.0002055601938437447,,,-21.06443432308476,0.3244752792902116
-21.05346544075608,0.2820934246152911,-13.44106110465482,0.1606168481825748,-12.49773722438866,0.0001733176449470567,,,-21.05346544075608,0.2821225528484997
-21.04249655842741,0.2445360173597322,-13.43009222232614,0.1712256783111487,-12.48676834205999,0.0001457051768548337,,,-21.04249655842741,0.2445612675127666
-21.03152767609873,0.2113422797633023,-13.41912333999746,0.1821186927894636,-12.47579945973131,0.0001221335494334751,,,-21.03152767609873,0.2113641024173403
-21.02055879377005,0.1821057347330912,-13.40815445766879,0.1932603594631893,-12.46483057740264,0.0001020216176840905,,,-21.02055879377005,0.1821245384975432
-21.00958991144138,0.1564424247448897,-13.39718557534011,0.2046106846748785,-12.45386169507396,8.500469275523068e-05,,,-21.00958991144138,0.156458578582711
-20.9986210291127,0.1339920822647779,-13.38621669301144,0.2161439681970708,-8.592815115379947,0.0001087267839945283,,,-20.9986210291127,0.1340059179386354
-20.98765214678403,0.1144188070223148,-13.37524781068276,0.2278199954599301,-8.581846233051271,0.0001194346054631658,,,-20.98765214678403,0.1144306216106873
-20.97668326445535,0.09741130823133076,-13.36427892835408,0.2395670563897896,-8.570877350722595,0.0001308031719058703,,,-20.97668326445535,0.09742136666962008
-20.96571438212667,0.08268277006697668,-13.35331004602541,0.2513197473220801,-8.559908468393919,0.0001428238809731617,,,-20.96571438212667,0.0826913076747289
-20.954745499798,0.06997039759538608,-13.34234116369673,0.2630178532795649,-8.548939586065243,0.0001554811849303417,,,-20.954745499798,0.0699776225566259
-20.94377661746932,0.05903469813422802,-13.33137228136805,0.2745982145293423,-8.537970703736567,0.0001687521480093763,,,-20.94377661746932,0.05904079390358881
-20.93280773514064,0.04965854991644879,-13.32040339903938,0.2859952189426057,-8.527001821407891,0.0001827481024313934,,,-20.93280773514064,0.04966367752913502
-20.92183885281197,0.04164610614570383,-13.3094345167107,0.2971413565897361,-8.516032939079215,0.000197186280747001,,,-20.92183885281197,0.0416504064142893
-20.91086997048329,0.03482157826748501,-13.29846563438203,0.3080035716074439,-8.505064056750538,0.0002124463825010207,,,-20.91086997048329,0.0348251738530746
-20.89990108815461,0.02902793771487356,-13.28749675205335,0.318512122150979,-8.494095174421862,0.0002279361622767503,,,-20.89990108815461,0.02903093506421084
-20.88893220582594,0.02412557068251463,-13.27652786972467,0.3285612900600057,-8.483126292093186,0.0002438443364447464,,,-20.88893220582594,0.02412806182618481
-20.87796332349726,0.01999091577556854,-13.265558987396,0.3381150869367048,-8.47215740976451,0.0002601090747480526,,,-20.87796332349726,0.01999297998552862
-20.86699444116859,0.01651510978852118,-13.25459010506732,0.347105673747757,-8.461188527435834,0.0002766629788508869,,,-20.86699444116859,0.01651681509579674
-20.85602555883991,0.01360266248610059,-13.24362122273865,0.3554341469464622,-8.450219645107158,0.0002934339691624758,,,-20.85602555883991,0.01360406706164393
-20.84505667651123,0.01117017715804886,-13.23265234040997,0.3630379385423781,-8.439250762778482,0.0003103463817909359,,,-20.84505667651123,0.01117133056148492
-20.83408779418256,0.009145129954045629,-13.22168345808129,0.3699044264820615,-8.428281880449806,0.0003273222815490141,,,-20.83408779418256,0.00914607425637521
-20.82311891185388,0.007464717609389653,-13.21071457575262,0.3759792853366497,-8.41731299812113,0.000344282994195453,,,-20.82311891185388,0.007465488396711829
-20.81215002952521,0.006074780164740653,-13.19974569342394,0.3811671993194508,-8.406344115792452,0.0003611508581830506,,,-20.81215002952521,0.006075407430737974
-20.80118114719653,0.004928802669085505,-13.18877681109526,0.385424924599376,-8.395375233463776,0.000377963244801801,,,-20.80118114719653,0.004929311604427688
-20.79021226486785,0.00398699762736681,-13.17780792876659,0.3887158971024777,-8.3844063511351,0.0003944580908071117,,,-20.79021226486785,0.003987409314370328
-20.77924338253918,0.003215468096885468,-13.16683904643791,0.3910107536970592,-8.373437468806424,0.0004106622458010631,,,-20.77924338253918,0.003215800117756669
-20.7682745002105,0.00258544982655133,-13.15587016410924,0.3922992195153547,-8.362468586477748,0.0004265258864524603,,,-20.7682745002105,0.002585716793374819
-20.75730561788183,0.002072629642098009,-13.14490128178056,0.3925674317140624,-8.351499704149072,0.0004420125033052383,,,-20.75730561788183,0.002072843656443264
-20.74633673555315,0.001656536376981047,-13.13393239945188,0.392015732003799,-8.340530821820396,0.0004571018918319117,,,-20.74633673555315,0.001656707426618142
-20.73536785322447,0.001319999999579628,-13.12296351712321,0.3906447248974599,-8.32956193949172,0.000471793292521883,,,-20.73536785322447,0.001320136299345833
-20.72439897089579,0.001048674158830495,-13.11199463479453,0.3882438649236991,-8.318593057163044,0.0004861086570906822,,,-20.72439897089579,0.001048782442196192
-20.71343008856712,0.000830617129503371,-13.10102575246585,0.38498260408586,-8.307624174834368,0.0005000960148848519,,,-20.71343008856712,0.0008307028968674568
-20.70246120623844,0.000655926053445269,-13.09005687013718,0.3809105241623493,-8.29665529250569,0.0005138329104889892,,,-20.70246120623844,0.0006559937826632696
-20.69149232390977,0.0005164194148747095,-13.0790879878085,0.3759019151914013,-8.285686410177014,0.0005274298803715873,,,-20.69149232390977,0.0005164727390001139
-20.68052344158109,0.0004053628293637789,-13.06811910547983,0.3699650545382649,-8.274717527848338,0.0005410339330852534,,,-20.68052344158109,0.0004054046860750577
-20.66955455925241,0.0003172334435080867,-13.05715022315115,0.3631727899438738,-8.263748645519662,0.0005548319940145867,,,-20.66955455925241,0.0003172662002082354
-20.65858567692374,0.0002475185144097674,-13.04618134082247,0.3555743678561872,-8.252779763190986,0.0005690542869999116,,,-20.65858567692374,0.0002475440725276888
-20.64761679459506,0,-13.0352124584938,0.3472443517799638,-8.24181088086231,0.0005841663415730413,,,-20.64761679459506,0
-14.29663392629156,0.0001144023446006799,-13.02424357616512,0.3382426199253716,-8.230841998533634,0.0006010474070000569,,,-14.29663392629156,0.0001151961512084122
-14.28566504396288,0.0001453538907028257,-13.01327469383645,0.328583672030681,-8.219873116204958,0.0006198790618187478,,,-14.28566504396288,0.0001463689759310559
-14.27469616163421,0.0001841441337695827,-13.00230581150777,0.3183353896266659,-8.208904233876282,0.0006405271574995912,,,-14.27469616163421,0.0001854382845652328
-14.26372727930553,0.0002326099165298581,-12.99133692917909,0.3075686141905088,-8.197935351547606,0.0006634696809929041,,,-14.26372727930553,0.0002342549011239057
-14.25275839697685,0.0002929795352616504,-12.98036804685042,0.2963563082368579,-8.186966469218929,0.0006892440554635964,,,-14.25275839697685,0.0002950641862675251
-14.24178951464818,0.0003679465002910876,-12.96939916452174,0.2847727853562687,-8.175997586890253,0.0007184485660891902,,,-14.24178951464818,0.0003705804013417188
-14.2308206323195,0.0004607549394037116,-12.95843028219307,0.2728928317114704,-8.165028704561577,0.0007517431848906241,,,-14.2308206323195,0.0004640728151730303
-14.21985174999083,0.0006310587978700088,-12.94746139986439,0.2607908856573702,-8.154059822232901,0.0007898497064280408,,,-14.21985174999083,0.0006360110442112844
-14.20888286766215,0.0007876966737442417,-12.93649251753571,0.2485402501179073,-8.143090939904225,0.0008335511033041863,,,-14.20888286766215,0.000793920721516437
-14.19791398533347,0.0009804176273964787,-12.92552363520704,0.2362123494837053,-8.132122057575549,0.000883690008772881,,,-14.19791398533347,0.0009882171853774688
-14.1869451030048,0.001273385122724984,-12.91455475287836,0.2238760415199554,-8.121153175246873,0.0009411662336978213,,,-14.1869451030048,0.001283897792625752
-14.17597622067612,0.001578425515401312,-12.90358587054968,0.2115969933138327,-8.110184292918197,0.001006933227014488,,,-14.17597622067612,0.001591549799617862
-14.16500733834744,0.001951063543159833,-12.89261698822101,0.199437128688505,-8.099215410589521,0.001081993393087655,,,-14.16500733834744,0.001967401122694863
-14.15403845601877,0.002404928557753534,-12.88164810589233,0.1874541528122606,-8.088246528260843,0.001167392186291466,,,-14.15403845601877,0.002425207725947252
-14.14306957369009,0.002992297715345832,-12.87067922356366,0.1757011579830241,-8.077277645932167,0.001264210913103588,,,-14.14306957369009,0.003018507679009427
-14.13210069136142,0.00366980917846366,-12.85971034123498,0.1642263128164271,-8.066308763603491,0.001373558185288182,,,-14.13210069136142,0.003702208796249565
-14.12113180903274,0.004488244827162523,-12.8487414589063,0.1530726353534624,-8.055339881274815,0.001496559984566356,,,-14.12113180903274,0.004528183125657613
-14.11016292670406,0.005473999227697997,-12.83777257657763,0.1422778489720596,-8.044370998946139,0.001634348319672084,,,-14.11016292670406,0.005523091920085096
-14.09919404437539,0.006657770633751296,-12.82680369424895,0.1318743184717809,-8.033402116617463,0.001788048480894507,,,-14.09919404437539,0.006717946615083626
-14.08822516204671,0.00807513155494635,-12.81583481192027,0.1218890623330846,-8.022433234288787,0.001958764925017164,,,-14.08822516204671,0.008148686176902901
-14.07725627971804,0.009794287169444377,-12.8048659295916,0.1123438359572231,-8.011464351960111,0.002147565854744443,,,-14.07725627971804,0.009884291943963062
-14.06628739738936,0.01181583985293206,-12.79389704726292,0.1032552796884502,-8.000495469631435,0.002355466590867006,,,-14.06628739738936,0.01192526298138099
-14.05531851506068,0.01433413605300452,-12.78292816493425,0.09463512461904529,-7.989526587302758,0.002583411872014284,,,-14.05531851506068,0.01447175505192263
-14.04434963273201,0.01720745020130895,-12.77195928260557,0.08649044858544913,-7.978557704974082,0.002832257255166858,,,-14.04434963273201,0.017374190868933
-14.03338075040333,0.02060072617586624,-12.76099040027689,0.07882397438021214,-7.967588822645406,0.003102749829293206,,,-14.03338075040333,0.02080221335117083
-14.02241186807465,0.02472327079729743,-12.75002151794822,0.07163440202339093,-7.956619940316729,0.003395508493529501,,,-14.02241186807465,0.02496950622823921
-14.01144298574598,0.02947791893268188,-12.73905263561954,0.06491676694733566,-7.945651057988053,0.003711004089109446,,,-14.01144298574598,0.02977479476438899
-14.0004741034173,0.03502289543758021,-12.72808375329087,0.05866281613497379,-7.934682175659377,0.004049539709546501,,,-14.0004741034173,0.03537919594295479
-13.98950522108863,0.04150033993178399,-12.71711487096219,0.05286139459464003,-7.923713293330701,0.004411231545081203,,,-13.98950522108863,0.04192686526797721
-13.97853633875995,0.0491020247359835,-12.70614598863351,0.04749883503248304,-7.912744411002025,0.00479599064381207,,,-13.97853633875995,0.04961194596235537
-13.96756745643127,0.05788166727863394,-12.69517710630484,0.04255934417295549,-7.901775528673348,0.005203505991927763,,,-13.96756745643127,0.05848904963778982
-13.9565985741026,0.06818965324586471,-12.68420822397616,0.0380253798543862,-7.890806646344672,0.005633229327813017,,,-13.9565985741026,0.06891234736718498
-13.94562969177392,0.07997623213425764,-12.67323934164748,0.03387801376555343,-7.879837764015996,0.006084362108388161,,,-13.94562969177392,0.08083284037681857
-13.93466080944524,0.09355692972033976,-12.66227045931881,0.03009727546657266,-7.86886888168732,0.006555845039902974,,,-13.93466080944524,0.09456974721169016
-13.92369192711657,0.1092020925828529,-12.65130157699013,0.02666247413060788,-7.857899999358644,0.007046350568795037,,,-13.92369192711657,0.1103966518535777
-13.91272304478789,0.1270929880433771,-12.64033269466146,0.02355249523108803,-7.846931117029968,0.007554278700652482,,,-13.91272304478789,0.1284984442543861
-13.90175416245922,0.147536922613641,-12.62936381233278,0.0207460701636968,-7.835962234701292,0.008077756476621716,,,-13.90175416245922,0.1491864762338446
-13.89078528013054,0.1708337371744677,-12.6183949300041,0.01822201751743943,-7.824993352372616,0.008614641386761329,,,-13.89078528013054,0.1727650881458665
-13.87981639780186,0.1973085217316531,-12.60742604767543,0.01595945538138854,-7.81402447004394,0.009162528939772678,,,-13.87981639780186,0.1995643589733974
-13.86884751547319,0.2273123406670396,-12.59645716534675,0.01393798468296729,-7.803055587715263,0.00971876453848855,,,-13.86884751547319,0.2299408665179089
-13.85787863314451,0.2612227808763491,-12.58548828301807,0.01213784409238789,-7.792086705386587,0.01028045973197092,,,-13.85787863314451,0.2642782702798553
-13.84690975081583,0.2994442954345451,-12.5745194006894,0.01054003749143032,-7.781117823057911,0.0108445128298964,,,-13.84690975081583,0.3029876891844243
-13.83594086848716,0.3424083155708955,-12.56355051836072,0.009126435390985631,-7.770148940729235,0.01140763377435371,,,-13.83594086848716,0.3465078463795205
-13.82497198615848,0.3905731043446415,-12.55258163603205,0.007879851990894521,-7.759180058400559,0.01196637307078694,,,-13.82497198615848,0.3953049538703496
-13.81400310382981,0.4444233265040962,-12.54161275370337,0.006784099739366885,-7.748211176071882,0.01251715448577948,,,-13.81400310382981,0.4498723107738541
-13.80303422150113,0.5044693105898673,-12.53064387137469,0.005824023921415035,-7.737242293743206,0.01305631112719315,,,-13.80303422150113,0.5107295904802386
-13.79206533917245,0.5712459813951761,-12.51967498904602,0.004985518325724975,-7.72627341141453,0.01358012443441387,,,-13.79206533917245,0.5784217939875591
-13.78109645684378,0.6453114433966329,-12.50870610671734,0.004255525798196208,-7.715304529085854,0.01408486552566226,,,-13.78109645684378,0.6535178491038199
-13.7701275745151,0.7272451986762312,-12.49773722438866,0.003622024657586782,-7.704335646757178,0.0145668382779679,,,-13.7701275745151,0.7366088380497481
-13.75915869218642,0.8176459861146277,-12.48676834205999,0.003074003645531615,-7.693366764428501,0.01502242345576688,,,-13.75915869218642,0.8283058391910976
-13.74818980985775,0.9171292321794303,-12.47579945973131,0.002601427379224851,-7.682397882099825,0.01544812315819478,,,-13.74818980985775,0.9292373721165436
-13.73722092752907,1.026324107382364,-12.46483057740264,0.002194888318649234,-7.671428999771149,0.01584060482471059,,,-13.73722092752907,1.040046438980452
-13.7262520452004,1.145870186350914,-12.45386169507396,0.00184671098815649,-7.660460117442473,0.01619674402500196,,,-13.7262520452004,1.161387158866849
-13.71528316287172,1.276413713364846,-12.44289281274528,0.001549435993657003,-7.649491235113797,0.01651366526303661,,,-13.71528316287172,1.293920995816117
-13.70431428054304,1.418603479058358,-12.43192393041661,0.001296285078483275,-7.63852235278512,0.01678878004699396,,,-13.70431428054304,1.438312585005038
-13.69334539821437,1.573086317702412,-12.42095504808793,0.001081382236384136,-7.627553470456444,0.01701982151647693,,,-13.69334539821437,1.595225165304951
-13.68237651588569,1.740502237987531,-12.40998616575926,0.0008995171117291567,-7.616584588127768,0.01720487497518203,,,-13.68237651588569,1.765315629994112
-13.67140763355702,1.921479203468863,-12.39901728343058,0.0007460892528474649,-7.605615705799092,0.01734914717730503,,,-13.67140763355702,1.949229210716155
-13.66043875122834,2.116627581776433,-12.3880484011019,0.0006170537120392905,-7.594646823470416,0.01745143942171428,,,-13.66043875122834,2.147593812824252
-13.64946986889966,2.326534284322123,-12.37707951877323,0.0005082830725110205,-7.583677941141739,0.01751907476415442,,,-13.64946986889966,2.361014023021496
-13.63850098657099,2.551756620566079,-12.36611063644455,0.0004179910423103185,-7.572709058813063,0.01755150005825068,,,-13.63850098657099,2.590064812720096
-13.62753210424231,2.792815892982925,-12.35514175411588,0.0003427493392606977,-7.561740176484387,0.01753354956836122,,,-13.62753210424231,2.835284962842039
-13.61656322191364,3.05019076076618,-12.3441728717872,0.0002796995403858172,-7.550771294155711,0.01746540448079406,,,-13.61656322191364,3.097170237947367
-13.60559433958496,3.324310402129339,-12.33320398945852,0.0002280544042072199,-7.539802411827035,0.01734767835486669,,,-13.60559433958496,3.376166339706138
-13.59462545725628,3.615547506931588,-12.32223510712985,0.000185409043532893,-7.528833529498359,0.01718140757940303,,,-13.59462545725628,3.672661671953913
-13.58365657492761,3.924211133422506,-12.31126622480117,0.0001503034536177311,-7.517864647169683,0.01696803587032742,,,-13.58365657492761,3.986979952034065
-13.57268769259893,4.250539465324048,-12.3002973424725,0.0001207398485937672,-7.506895764841007,0.01670939312913615,,,-13.57268769259893,4.319372705991984
-13.56171881027026,4.594692508415289,-12.28932846014382,9.733784477272768e-05,-7.495926882512331,0.01640766909087267,,,-13.56171881027026,4.670011688606748
-13.55074992794158,4.956744769415222,-9.163196996471109,0.0002001979628129139,-7.484958000183654,0.01606538228794117,,,-13.55074992794158,5.03898127337941
-13.5397810456129,5.336677964414343,-9.152228114142433,0.0007636946579251259,-7.473989117854978,0.0156906652948802,,,-13.5397810456129,5.426270862577668
-13.52881216328423,5.734373809499326,-9.141259231813756,0.0010142262025179,-7.463020235526302,0.01528653758998021,,,-13.52881216328423,5.831767373367761
-13.51784328095555,6.149606952618242,-9.13029034948508,0.001294757645872353,-7.452051353197626,0.0148508651073271,,,-13.51784328095555,6.255247863005216
-13.50687439862687,6.582038113163147,-9.119321467156404,0.001647923988374874,-7.44108247086895,0.01438700722983361,,,-13.50687439862687,6.696372364009586
-13.4959055162982,7.031207504154169,-9.108352584827728,0.002091129356596118,-7.430113588540273,0.01389845363302585,,,-13.4959055162982,7.15467700915157
-13.48493663396952,7.496528621172287,-9.097383702499052,0.002645572409107656,-7.419144706211597,0.01338878107424083,,,-13.48493663396952,7.62956753579451
-13.47396775164085,7.97728249210328,-9.086414820170376,0.003336978704942303,-7.408175823882921,0.01286161050632067,,,-13.47396775164085,8.120313269436007
-13.46299886931217,8.472863470744205,-9.0754459378417,0.004196451857290978,-7.397206941554245,0.0123205652162922,,,-13.46299886931217,8.626292679891625
-13.45202998698349,8.982270513259337,-9.064477055513024,0.005261457673230447,-7.386238059225569,0.01176923064213082,,,-13.45202998698349,9.146484438170409
-13.44106110465482,9.504103510961064,-9.053508173184348,0.006576956072537241,-7.375269176896892,0.01121111646084092,,,-13.44106110465482,9.679463575488526
-13.43009222232614,10.03706481198,-9.042539290855672,0.008196695926846164,-7.364300294568216,0.01064962147076959,,,-13.43009222232614,10.22390288334116
-13.41912333999746,10.57970662194368,-9.031570408526994,0.01018468799085533,-7.35333141223954,0.01008800171253179,,,-13.41912333999746,10.77832022934771
-13.40815445766879,11.13043060363431,-9.020601526198318,0.0126168707280034,-7.342362529910864,0.009529342188507027,,,-13.40815445766879,11.3410781319095
-13.39718557534011,11.68748884367788,-9.009632643869642,0.01558298297474958,-7.331393647582187,0.00897653245270888,,,-13.39718557534011,11.91038476275749
-13.38621669301144,12.25083893237507,-8.998663761540966,0.01918865594508062,-7.320424765253511,0.008432243162471391,,,-13.38621669301144,12.4861710988114
-13.37524781068276,12.81980408705388,-8.98769487921229,0.02355773495111055,-7.309455882924835,0.007898913848953327,,,-13.37524781068276,13.06771658033323
-13.36427892835408,13.39031115135363,-8.976725996883614,0.0288348383064357,-7.298487000596159,0.007378758465100448,,,-13.36427892835408,13.65086826367327
-13.35331004602541,13.95862098618544,-8.965757114554938,0.03518815708831693,-7.287518118267483,0.006873711132400027,,,-13.35331004602541,14.23181567517477
-13.34234116369673,14.52225470783885,-8.954788232226262,0.04281249467120029,-7.276549235938806,0.006385675954909421,,,-13.34234116369673,14.80801456981531
-13.33137228136805,15.07862851399478,-8.943819349897586,0.05193253912717162,-7.26558035361013,0.005915718005324067,,,-13.33137228136805,15.37681272542703
-13.32040339903938,15.62506845058335,-8.93285046756891,0.06280635465496488,-7.254611471281454,0.005465187518434885,,,-13.32040339903938,15.9354652510657
-13.3094345167107,16.15882723324533,-8.921881585240232,0.07572907010717245,-7.243642588952778,0.00503502196605694,,,-13.3094345167107,16.48115201569564
-13.29846563438203,16.6797506720967,-8.910912702911556,0.09103673342370135,-7.232673706624102,0.00462592215444831,,,-13.29846563438203,17.01368202830223
-13.28749675205335,17.1849793879775,-8.89994382058288,0.1091102903727401,-7.221704824295426,0.004238364047766187,,,-13.28749675205335,17.53012096160991
-13.27652786972467,17.66897171544193,-8.888974938254204,0.1303796345159643,-7.21073594196675,0.0038726126847661,,,-13.27652786972467,18.02481482371717
-13.265558987396,18.13153341651428,-8.878006055925528,0.1553276628693727,-7.199767059638074,0.003528737799406579,,,-13.265558987396,18.49753182848358
-13.25459010506732,18.56980051380364,-8.867037173596852,0.184494258497547,-7.188798177309398,0.003206630758915048,,,-13.25459010506732,18.94533556756552
-13.24362122273865,18.9782669762055,-8.856068291268176,0.2184801074904623,-7.177829294980722,0.002906022443785248,,,-13.24362122273865,19.36261354002022
-13.23265234040997,19.3542093288982,-8.8450994089395,0.2579502437257649,-7.166860412652045,0.002626501712112415,,,-13.23265234040997,19.74657580957829
-13.22168345808129,19.69674946703934,-8.834130526610824,0.30363720087951,-7.155891530323369,0.00236753411453103,,,-13.22168345808129,20.09633493831091
-13.21071457575262,20.00342938852452,-8.823161644282147,0.3563436377444639,-7.144922647994693,0.002128480554642479,,,-13.21071457575262,20.40937557969626
-13.19974569342394,20.27024006692737,-8.812192761953471,0.4169442905399959,-7.133953765666017,0.001908615622027321,,,-13.19974569342394,20.68158410747571
-13.18877681109526,20.49510400049039,-8.801223879624795,0.4863870951011202,-7.122984883337341,0.00170714535956466,,,-13.18877681109526,20.91083780228569
-13.17780792876659,20.6761824887253,-8.790254997296119,0.565693313213916,-7.112016001008664,0.001523224262711193,,,-13.17780792876659,21.09526002787863
-13.16683904643791,20.81190045702208,-8.779286114967443,0.6559564915528132,-7.101047118679988,0.00135597134458083,,,-13.16683904643791,21.23324559956951
-13.15587016410924,20.90225743360491,-8.768317232638767,0.7583400793229859,-7.090078236351312,0.001204485136163388,,,-13.15587016410924,21.32478877595462
-13.14490128178056,20.94625854497221,-8.757348350310091,0.8740746571256726,-7.079109354022636,0.001067857524992384,,,-13.14490128178056,21.36888131179417
-13.13393239945188,20.94756779788358,-8.746379467981415,1.004448180214211,-7.068140471693959,0.0009453270664970551,,,-13.13393239945188,21.36940140155777
-13.12296351712321,20.90578578178386,-8.735410585652739,1.150804451997122,-7.057171589365283,0.0008357671655493159,,,-13.12296351712321,21.32595179817641
-13.11199463479453,20.81517119904482,-8.724441703324063,1.314530051854581,-7.046202707036607,0.0007384319297415783,,,-13.11199463479453,21.23256480075433
-13.10102575246585,20.68199579528826,-8.713472820995385,1.497043752099291,-7.035233824707931,0.0006525027044269404,,,-13.10102575246585,21.09569186129037
-13.09005687013718,20.50811794543464,-8.702503938666709,1.699782896264223,-7.024264942379255,0.0005772052040690953,,,-13.09005687013718,20.91724651119106
-13.0790879878085,20.28834829535177,-8.691535056338033,1.924187568046531,-7.013296060050578,0.000511816024610952,,,-13.0790879878085,20.69190957101572
-13.06811910547983,20.02254730471565,-8.680566174009357,2.171682548457726,-7.002327177721902,0.0004556680441713422,,,-13.06811910547983,20.41955129448463
-13.05715022315115,19.71491049610177,-8.669597291680681,2.443657107852491,-6.991358295393226,0.0004081547772026034,,,-13.05715022315115,20.10444447815487
-13.04618134082247,19.36724802179629,-8.658628409352005,2.741442734078415,-6.98038941306455,0.0003687337512528064,,,-13.04618134082247,19.74845332432584
-13.0352124584938,18.98550625252968,-8.647659527023329,3.066288957168104,-6.969420530735874,0.0003369289764287439,,,-13.0352124584938,19.35760389169588
-13.02424357616512,18.57200438641138,-8.636690644694653,3.419337493688747,-6.958451648407197,0.0003123325759193555,,,-13.02424357616512,18.93428063884034
-13.01327469383645,18.12272415525661,-8.625721762365977,3.801594998724743,-6.947482766078521,0.0002946056419305482,,,-13.01327469383645,18.47448537192777
-13.00230581150777,17.64236416304228,-8.614752880037299,4.213904778912298,-6.936513883749845,0.0002834783755512468,,,-13.00230581150777,17.98299028233118
-12.99133692917909,17.13386630444575,-8.603783997708623,4.656917884175466,-6.925545001421169,0.0002787495618875908,,,-12.99133692917909,17.46281387603381
-12.98036804685042,16.59838379135611,-8.592815115379947,5.131064056861896,-6.914576119092493,0.0002802854237463381,,,-12.98036804685042,16.91518809700739
-12.96939916452174,16.0391518662486,-8.581846233051271,5.636523072748478,-6.903607236763817,0.0002880178886993427,,,-12.96939916452174,16.34342820845398
-12.95843028219307,15.45950940816326,-8.570877350722595,6.173197056720091,-6.892638354435141,0.0003019422959681992,,,-12.95843028219307,15.75095346112037
-12.94746139986439,14.86286317007485,-8.559908468393919,6.740684394657042,-6.881669472106465,0.0003221145617023445,,,-12.94746139986439,15.14125045500486
-12.93649251753571,14.25265181500995,-8.548939586065243,7.338255890111453,-6.870700589777789,0.0003486478142429078,,,-12.93649251753571,14.51783633720687
-12.92552363520704,13.63231032752426,-8.537970703736567,7.964833827778409,-6.859731707449113,0.0003817085052824461,,,-12.92552363520704,13.88422242493862
-12.91455475287836,13.0052353591047,-8.527001821407891,8.618983234810809,-6.848762825120436,0.0004215119987277142,,,-12.91455475287836,13.24387882326656
-12.90358587054968,12.37475203601145,-8.516032939079215,9.298866626870478,-6.83779394279176,0.000468317636821031,,,-12.90358587054968,12.60020057550619
-12.89261698822101,11.7440827170476,-8.505064056750538,10.00228659529878,-6.826825060463084,0.0005224232828650214,,,-12.89261698822101,11.95647584142704
-12.88164810589233,11.11631813805228,-8.494095174421862,10.72663290104818,-6.815856178134408,0.0005841593418497691,,,-12.88164810589233,11.31585654589894
-12.87067922356366,10.49439132110269,-8.483126292093186,11.46892238396081,-6.804887295805731,0.0006538822644504482,,,-12.87067922356366,10.68133187992044
-12.85971034123498,9.881054561213132,-8.47215740976451,12.22578900488166,-6.793918413477055,0.000731967546219649,,,-12.85971034123498,10.05570496889786
-12.8487414589063,9.278859733584476,-8.461188527435834,12.99350397228885,-6.782949531148379,0.000818802242235202,,,-12.8487414589063,9.441572951482646
-12.83777257657763,8.690142092096412,-8.450219645107158,13.76799803136258,-6.771980648819703,0.0009147770277954487,,,-12.83777257657763,8.841310638182099
-12.82680369424895,8.117007656656217,-8.439250762778482,14.54489045357431,-6.761011766491027,0.001020277847716687,,,-12.82680369424895,8.257057844277558
-12.81583481192027,7.561324215068178,-8.428281880449806,15.31952461011012,-6.75004288416235,0.001135677210045922,,,-12.81583481192027,7.690710418196271
-12.8048659295916,7.024715896000372,-8.41731299812113,16.0870098631942,-6.739074001833674,0.001261325194153644,,,-12.8048659295916,7.1439149161455
-12.79389704726292,6.508561204968371,-8.406344115792452,16.8422693578064,-6.728105119504998,0.001397540257755967,,,-12.79389704726292,6.618066808117779
-12.78292816493425,6.013994356395375,-8.395375233463776,17.58010543163017,-6.717136237176322,0.001544599941926697,,,-12.78292816493425,6.114312040692927
-12.77195928260557,5.541909682876804,-8.3844063511351,18.29521168114169,-6.706167354847646,0.0017027315870586,,,-12.77195928260557,5.633551729532483
-12.76099040027689,5.092968858650935,-8.373437468806424,18.98229872974312,-6.695198472518969,0.001872103185463075,,,-12.76099040027689,5.176449709960258
-12.75002151794822,4.667610638565363,-8.362468586477748,19.63611820033688,-6.684229590190293,0.002052704028028579,,,-12.75002151794822,4.743442638151225
-12.73905263561954,4.266062786871291,-8.351499704149072,20.25153836535442,-6.673260707861617,0.002244802961857208,,,-12.73905263561954,4.334752308536308
-12.72808375329087,3.888355852052502,-8.340530821820396,20.82361084616149,-6.662291825532941,0.002447953583045951,,,-12.72808375329087,3.95039983513426
-12.71711487096219,3.534338434433484,-8.32956193949172,21.34763672093371,-6.651322943204265,0.002662547227548667,,,-12.71711487096219,3.590221335452871
-12.70614598863351,3.203693592118683,-8.318593057163044,21.8192308168024,-6.640354060875588,0.002888022602952683,,,-12.70614598863351,3.25388475494347
-12.69517710630484,2.895956037301929,-8.307624174834368,22.23438296430415,-6.629385178546912,0.003124028424072257,,,-12.69517710630484,2.940907477129541
-12.68420822397616,2.610529788398368,-8.29665529250569,22.58951502411203,-6.618416296218236,0.003370105423087788,,,-12.68420822397616,2.650674378682355
-12.67323934164748,2.346705962908944,-8.285686410177014,22.88153255759858,-6.60744741388956,0.00362568367314006,,,-12.67323934164748,2.382456008975862
-12.66227045931881,2.103680420456242,-8.274717527848338,23.10787010299885,-6.596478531560884,0.003890081296994155,,,-12.66227045931881,2.135426599020638
-12.65130157699013,1.880570994002497,-8.263748645519662,23.26652913593405,-6.585509649232208,0.004162504654819401,,,-12.65130157699013,1.908681634100797
-12.64033269466146,1.676434078828602,-8.252779763190986,23.35676044242697,-6.574540766903532,0.004442050081083384,,,-12.64033269466146,1.701254756849027
-12.62936381233278,1.490280382383511,-8.24181088086231,23.38644373650655,-6.563571884574856,0.004727707213696327,,,-12.62936381233278,1.512133801840478
-12.6183949300041,1.321089672616184,-8.230841998533634,23.37876436406923,-6.55260300224618,0.005018276764721883,,,-12.6183949300041,1.340275798059077
-12.60742604767543,1.167824396955342,-8.219873116204958,23.32688171593739,-6.541634119917503,0.005312745267487734,,,-12.60742604767543,1.184620810854366
-12.59645716534675,1.02944207787308,-8.208904233876282,23.20721003332138,-6.530665237588827,0.005609707232465628,,,-12.59645716534675,1.044104529420126
-12.58548828301807,0.9049064232290573,-8.197935351547606,23.01912173457879,-6.519696355260151,0.005907791369685229,,,-12.58548828301807,0.9176695386522876
-12.5745194006894,0.7931971197303859,-8.186966469218929,22.76433216016842,-6.508727472931475,0.006205559457926876,,,-12.5745194006894,0.8042752448664546
-12.56355051836072,0.6933183053679607,-8.175997586890253,22.44514102122659,-6.497758590602799,0.006501518473541816,,,-12.56355051836072,0.7029064527821871
-12.55258163603205,0.6043057412350595,-8.165028704561577,22.06439876953571,-6.486789708274122,0.006794133763922058,,,-12.55258163603205,0.6125806160449825
-12.54161275370337,0.5252286126035324,-8.154059822232901,21.62546520261373,-6.475820825945446,0.007081843079491001,,,-12.54161275370337,0.5323496931947782
-12.53064387137469,0.4552116128794408,-8.143090939904225,21.13216114947289,-6.46485194361677,0.007363071259281271,,,-12.53064387137469,0.4613222654087202
-12.51967498904602,0.3934108929801933,-8.132122057575549,20.5887142126896,-6.453883061288094,0.007636245350909285,,,-12.51967498904602,0.3986394997825785
-12.50870610671734,0.3390362673677058,-8.121153175246873,19.99969964710389,-6.442914178959418,0.00789980993644959,,,-12.50870610671734,0.3434973533597457
-12.49773722438866,0.2913475333159044,-8.110184292918197,19.3699775324169,-6.431945296630741,0.008152242431603672,,,-12.49773722438866,0.2951428756184382
-12.48676834205999,0.2496552283803003,-8.099215410589521,18.70462744473449,-6.420976414302065,0.008392068126731661,,,-12.48676834205999,0.2528749372026868
-12.47579945973131,0.2133206412603583,-8.088246528260843,18.00888185016787,-6.410007531973389,0.008617874744686992,,,-12.47579945973131,0.2160442021890166
-12.46483057740264,0.1817248254279302,-8.077277645932167,17.28805943229775,-6.399038649644713,0.008828326301716441,,,-12.46483057740264,0.1840217353642635
-12.45386169507396,0.1543730620361399,-8.066308763603491,16.54749952584026,-6.388069767316037,0.00902217607355868,,,-12.45386169507396,0.1563047777170516
-12.44289281274528,0.1307845696602511,-8.055339881274815,15.79249876322159,-6.37710088498736,0.009198278488755431,,,-12.44289281274528,0.1324046378486992
-12.43192393041661,0.110483864859087,-8.044370998946139,15.02825095166993,-6.366132002658684,0.009355599794424961,,,-12.43192393041661,0.1118386675419206
-12.42095504808793,0.09306740010508203,-8.033402116617463,14.25979108915955,-6.355163120330008,0.009503405476271508,,,-12.42095504808793,0.09419712092856806
-12.40998616575926,0.0781720885085409,-8.022433234288787,13.49194430183792,-6.344194238001332,0.009640820205315627,,,-12.40998616575926,0.07911141858277804
-12.39901728343058,0.0654727098724216,-8.011464351960111,12.72928034749935,-6.333225355672655,0.009756835534325482,,,-12.39901728343058,0.06625149385332681
-12.3880484011019,0.05467923961538092,-8.000495469631435,11.97607418347857,-6.322256473343979,0.009850765271278577,,,-12.3880484011019,0.05532306362690034
-12.37707951877323,0.04549077726806575,-7.989526587302758,11.23627294729176,-6.311287591015303,0.009922073161673239,,,-12.37707951877323,0.04602088996720076
-12.36611063644455,0.0377761120684504,-7.978557704974082,10.51346954860874,-6.300318708686627,0.009970376962463393,,,-12.36611063644455,0.03821187317197684
-12.35514175411588,0.03127953697859237,-7.967588822645406,9.810882925617085,-6.289349826357951,0.009995450781995938,,,-12.35514175411588,0.03163670918139756
-12.3441728717872,0.0257816797793207,-7.956619940316729,9.131344881103619,-6.278380944029275,0.009997225698365782,,,-12.3441728717872,0.02607299725444628
-12.33320398945852,0.02122723118828344,-7.945651057988053,8.477293286753442,-6.267412061700599,0.009975788694207835,,,-12.33320398945852,0.02146466139316542
-12.32223510712985,0.01742689763643791,-7.934682175659377,7.850771330854441,-6.256443179371923,0.009931379969327124,,,-12.32223510712985,0.01761985071748525
-12.31126622480117,0.01426562604826844,-7.923713293330701,7.253432386831767,-6.245474297043247,0.009864388713367823,,,-12.31126622480117,0.01442198172799425
-12.3002973424725,0.01161590640612448,-7.912744411002025,6.686549999261561,-6.234505414714571,0.009775347438691026,,,-12.3002973424725,0.01174137693295958
-12.28932846014382,0.009454962443871446,-7.901775528673348,6.151032421066325,-6.223536532385894,0.009664924988632549,,,-12.28932846014382,0.009556075530289154
-12.27835957781514,0.007673732148052375,-7.890806646344672,5.64744109073257,-6.212567650057218,0.009533918348312902,,,-12.27835957781514,0.007754980569524646
-12.26739069548647,0.006210021948072901,-7.879837764015996,5.17601241132429,-6.201598767728542,0.009383243394237004,,,-12.26739069548647,0.006275119460431244
-12.25642181315779,0.005010935972946892,-7.86886888168732,4.736682183008222,-6.190629885399866,0.009213924725193294,,,-12.25642181315779,0.005062942244313093
-12.24545293082911,0.004031654813839222,-7.857899999358644,4.329112046543401,-6.17966100307119,0.00902708472065188,,,-12.24545293082911,0.004073082327403074
-12.23448404850044,0.003213233383364151,-7.846931117029968,3.952717315148653,-6.168692120742513,0.008823931974228746,,,-12.23448404850044,0.003245867098812244
-12.22351516617176,0.00257080886968221,-7.835962234701292,3.606749004687193,-6.157723238413837,0.008605749249111573,,,-12.22351516617176,0.002596658722490581
-12.21254628384309,0.001958495506536234,-7.824993352372616,3.29021543285413,-6.146754356085161,0.008380561675433591,,,-12.21254628384309,0.001975055298090107
-12.20157740151441,0.001559663023829747,-7.81402447004394,3.001910860887387,-6.135785473756485,0.008149702850163691,,,-12.20157740151441,0.001572750719249781
-12.19060851918573,0.00123840219151249,-7.803055587715263,2.740550737920089,-6.124816591427809,0.007907803111300859,,,-12.19060851918573,0.001248715396687709
-12.17963963685706,0.0008817317357451798,-7.792086705386587,2.504745198603059,-6.113847709099132,0.007656200097089122,,,-12.17963963685706,0.0008871845852163555
-12.16867075452838,0.0006758957222890522,-7.781117823057911,2.293024579307231,-6.102878826770456,0.007396247539683849,,,-12.16867075452838,0.0006796976522269594
-12.1577018721997,0.0005332621167856959,-7.770148940729235,2.103863299054338,-6.09190994444178,0.007129304853220128,,,-12.1577018721997,0.0005362505787945747
-12.14673298987103,0.0004194760205839501,-7.759180058400559,1.935701912674287,-6.080941062113104,0.006856727015453522,,,-12.14673298987103,0.0004218180276840647
-12.13576410754235,0.0002849836002276925,-7.748211176071882,1.7869672018203,-6.069972179784427,0.006579854812930409,,,-12.13576410754235,0.000286322696449414
-12.12479522521368,0.0002231229918400671,-7.737242293743206,1.656090223406957,-6.059003297455751,0.006300005515366004,,,-12.12479522521368,0.0002241678245813597
-12.113826342885,6.703157383971785e-05,-7.72627341141453,1.541522283870601,-6.048034415127075,0.00601846404094033,,,-12.113826342885,6.703289072913667e-05
-8.976725996883614,0.0001002775503726413,-7.715304529085854,1.441748850746601,-6.037065532798399,0.005736474670404047,,,-9.163196996471109,0.0002010040576333173
-8.965757114554938,0.0001223708965237823,-7.704335646757178,1.355301450026032,-6.026096650469723,0.005455233364031663,,,-9.152228114142433,0.0007663176498099677
-8.954788232226262,0.0001488838298026539,-7.693366764428501,1.280767628440971,-6.015127768141046,0.005175880731376818,,,-9.141259231813756,0.001017775315309156
-8.943819349897586,0.0001805975633749579,-7.682397882099825,1.21679908428811,-6.00415888581237,0.004899495699289327,,,-9.13029034948508,0.001299288393892174
-8.93285046756891,0.0002184093398371058,-7.671428999771149,1.162118088871116,-5.993190003483694,0.004627089918585465,,,-9.119321467156404,0.001653690523938721
-8.921881585240232,0.000263345251024476,-7.660460117442473,1.115522333509204,-5.982221121155018,0.004359602943996935,,,-9.108352584827728,0.002098446726304469
-8.910912702911556,0.0003165736337999128,-7.649491235113797,1.075888344826043,-5.971252238826342,0.004097898215479924,,,-9.097383702499052,0.002654829829367108
-8.89994382058288,0.0003794188971148478,-7.63852235278512,1.042173614287271,-5.960283356497666,0.003842759861616021,,,-9.086414820170376,0.003348655399501267
-8.888974938254204,0.0004533755957140313,-7.627553470456444,1.013417587337516,-5.94931447416899,0.003594890337708892,,,-9.0754459378417,0.004211135872272342
-8.878006055925528,0.0005401225225971172,-7.616584588127768,0.9887416536640167,-5.938345591840314,0.003354908902356744,,,-9.064477055513024,0.005279868134800831
-8.867037173596852,0.000641536546356663,-7.605615705799092,0.967758081324401,-5.927376709511638,0.003123350926895025,,,-9.053508173184348,0.006599969404077114
-8.856068291268176,0.00075970587159368,-7.594646823470416,0.9497450998027924,-5.916407827182962,0.002900668022335704,,,-9.042539290855672,0.008225376595423091
-8.8450994089395,0.0008969423518035658,-7.583677941141739,0.933920105025819,-5.905438944854285,0.002687228958495124,,,-9.031570408526994,0.01022032440584167
-8.834130526610824,0.001055792435692217,-7.572709058813063,0.9197070937453299,-5.894470062525609,0.00248332134014376,,,-9.020601526198318,0.01266101696642137
-8.823161644282147,0.001239046281318598,-7.561740176484387,0.9063238406430204,-5.883501180196933,0.002289153995485014,,,-9.009632643869642,0.0156375070566597
-8.812192761953471,0.001449744529479228,-7.550771294155711,0.8933318227364213,-5.872532297868257,0.002104860023334727,,,-8.998663761540966,0.01925579542600988
-8.801223879624795,0.001691182190263007,-7.539802411827035,0.8803572598800936,-5.86156341553958,0.001930500437277295,,,-8.98769487921229,0.02364016063475505
-8.790254997296119,0.001966909066788474,-7.528833529498359,0.8670873325245867,-5.850594533210904,0.001766068338045114,,,-8.976725996883614,0.02893572690692732
-8.779286114967443,0.002280726119987862,-7.517864647169683,0.8532662517572187,-5.839625650882228,0.001611493539601747,,,-8.965757114554938,0.03531127368413265
-8.768317232638767,0.002636677170184958,-7.506895764841007,0.8386912287938588,-5.828656768553552,0.001466647570062065,,,-8.954788232226262,0.04296228578891401
-8.757348350310091,0.0030424854944454,-7.495926882512331,0.8232083848245219,-5.817687886224876,0.001331348965765513,,,-8.943819349897586,0.05211423726901647
-8.746379467981415,0.003496705557273321,-7.484958000183654,0.8067086368613351,-5.806719003896199,0.001205368775593077,,,-8.93285046756891,0.06302609503568432
-8.735410585652739,0.004006739598014816,-7.473989117854978,0.7897069067537507,-5.795750121567523,0.001088436192994832,,,-8.921881585240232,0.07599402028884247
-8.724441703324063,0.004577469202295659,-7.463020235526302,0.7721661634865439,-5.784781239238847,0.0009802442351336885,,,-8.910912702911556,0.0913552364280131
-8.713472820995385,0.005213901712764089,-7.452051353197626,0.753493490747716,-5.773812356910171,0.0008804553919652392,,,-8.89994382058288,0.109492021704642
-8.702503938666709,0.005921125669967706,-7.44108247086895,0.7337082010908994,-5.762843474581495,0.0007887071728343882,,,-8.888974938254204,0.1308357733468063
-8.691535056338033,0.006704259051837792,-7.430113588540273,0.7128548478417627,-5.751874592252818,0.0007046174841116739,,,-8.878006055925528,0.1558710773984177
-8.680566174009357,0.007568390365627124,-7.419144706211597,0.690999669232728,-5.740905709924142,0.0006277897783221343,,,-8.867037173596852,0.1851397052351644
-8.669597291680681,0.00851851282070369,-7.408175823882921,0.6682271646424353,-5.729936827595466,0.0005578179229233122,,,-8.856068291268176,0.2192444438825529
-8.658628409352005,0.009559452003314022,-7.397206941554245,0.6446368177522426,-5.71896794526679,0.0004942907451407225,,,-8.8450994089395,0.2588526531661004
-8.647659527023329,0.0106957876820872,-7.386238059225569,0.6203399805680029,-5.707999062938114,0.0004367962178395829,,,-8.834130526610824,0.3046994287350727
-8.636690644694653,0.01193177059151078,-7.375269176896892,0.5954569313275092,-5.697030180609437,0.0003849252600762593,,,-8.823161644282147,0.3575902365504265
-8.625721762365977,0.01327123526481471,-7.364300294568216,0.570114118253597,-5.686061298280761,0.0003382751345188887,,,-8.812192761953471,0.4184028720092962
-8.614752880037299,0.01471751021173144,-7.35333141223954,0.5444415998720414,-5.675092415952085,0.0002964524321593038,,,-8.801223879624795,0.4880885860441793
-8.603783997708623,0.01627332695377922,-7.342362529910864,0.5185706911649256,-5.664123533623409,0.0002590756425049692,,,-8.790254997296119,0.5676722118845525
-8.592815115379947,0.01794072963273748,-7.331393647582187,0.4926211329577078,-5.653154651294733,0.0002257773144635397,,,-8.779286114967443,0.6582511203366265
-8.581846233051271,0.01972098708909876,-7.320424765253511,0.4666022984841837,-5.642185768966057,0.0001962058196761048,,,-8.768317232638767,0.7609928290765512
-8.570877350722595,0.02161450945851433,-7.309455882924835,0.4405451113788784,-5.631216886637381,0.0001700267355047901,,,-8.757348350310091,0.8771356680302174
-8.559908468393919,0.0236207714476523,-7.298487000596159,0.415235230740878,-5.620248004308705,0.0001469238694465449,,,-8.746379467981415,1.00796617424151
-8.548939586065243,0.02573824451881405,-7.287518118267483,0.3903450200278954,-5.609279121980029,0.0001265999506674141,,,-8.735410585652739,1.15483558180545
-8.537970703736567,0.02796434022807862,-7.276549235938806,0.3659638870803667,-5.598310239651352,0.0001087770171042328,,,-8.724441703324063,1.319135381057009
-8.527001821407891,0.03032442638567145,-7.26558035361013,0.3421567233049486,-5.587341357322676,9.319652856803348e-05,,,-8.713472820995385,1.502289381699502
-8.516032939079215,0.03276374608694392,-7.254611471281454,0.3190248207670938,-4.183324419252126,0.0001165654706744622,,,-8.702503938666709,1.705740046244119
-8.505064056750538,0.03532148704922228,-7.243642588952778,0.2966441680966021,-4.172355536923449,0.0001370474185872127,,,-8.691535056338033,1.930932606857426
-8.494095174421862,0.03795307998275602,-7.232673706624102,0.2750799307066557,-4.161386654594773,0.0001606589032359964,,,-8.680566174009357,2.179296963220706
-8.483126292093186,0.04066850377357935,-7.221704824295426,0.2543865284806314,-4.150417772266097,0.0001877902870126904,,,-8.669597291680681,2.452227408302958
-8.47215740976451,0.04345969739232153,-7.21073594196675,0.2346078525432516,-4.139448889937421,0.0002188654973403737,,,-8.658628409352005,2.751060283713056
-8.461188527435834,0.04631787873777308,-7.199767059638074,0.2157776089355544,-4.128480007608744,0.0002543424590688864,,,-8.647659527023329,3.077049725684772
-8.450219645107158,0.04923368925456945,-7.188798177309398,0.1979197756614633,-4.117511125280068,0.0002947130907130639,,,-8.636690644694653,3.431341725661667
-8.439250762778482,0.05219736828157265,-7.177829294980722,0.1810491586008398,-4.106542242951392,0.0003405027969441715,,,-8.625721762365977,3.814946794535032
-8.428281880449806,0.05519895708595247,-7.166860412652045,0.1651720311839317,-4.095573360622716,0.0003922693901481235,,,-8.614752880037299,4.228711585256759
-8.41731299812113,0.05822853200086434,-7.155891530323369,0.1502868424796262,-4.08460447829404,0.0004506013759818813,,,-8.603783997708623,4.673289892998131
-8.406344115792452,0.06127646552959581,-7.144922647994693,0.1363945239154519,-4.073635595965364,0.0005161155418880952,,,-8.592815115379947,5.149113513278627
-8.395375233463776,0.06437878353588337,-7.133953765666017,0.1234637954528646,-4.062666713636688,0.000589590315861475,,,-8.581846233051271,5.656363494443039
-8.3844063511351,0.06744989151746672,-7.122984883337341,0.1114819066061066,-4.051697831308012,0.0006714541676862193,,,-8.570877350722595,6.194942369350514
-8.373437468806424,0.07051859667743746,-7.112016001008664,0.1004241082760122,-4.040728948979336,0.0007624947456445476,,,-8.559908468393919,6.764447989985666
-8.362468586477748,0.07358037731951346,-7.101047118679988,0.09026191765193807,-4.02976006665066,0.0008634046652441047,,,-8.548939586065243,7.364149615815199
-8.351499704149072,0.07663283844365451,-7.090078236351312,0.0809639463015355,-4.018791184321983,0.0009748812834493802,,,-8.537970703736567,7.992966920154495
-8.340530821820396,0.07967612307713497,-7.079109354022636,0.07249670721821733,-4.007822301993307,0.001097619432231626,,,-8.527001821407891,8.649490409298911
-8.32956193949172,0.08271333523081345,-7.068140471693959,0.06483163967791712,-3.996853419664631,0.001232303342081749,,,-8.516032939079215,9.331827559238171
-8.318593057163044,0.08575097041257419,-7.057171589365283,0.05792262159229369,-3.985884537335955,0.001379597806576588,,,-8.505064056750538,10.0378205287305
-8.307624174834368,0.08879934942501908,-7.046202707036607,0.05173933796703926,-3.974915655007278,0.001540138660990462,,,-8.494095174421862,10.76481391719321
-8.29665529250569,0.09187305101696774,-7.035233824707931,0.0462474083106696,-3.963946772678602,0.001714522670510569,,,-8.483126292093186,11.50983473207083
-8.285686410177014,0.09499133884085097,-7.024264942379255,0.04141385384401081,-3.952977890349926,0.001903296946288295,,,-8.47215740976451,12.26950881134873
-8.274717527848338,0.09817857808066356,-7.013296060050578,0.03720765371351334,-3.94200900802125,0.002106948029714514,,,-8.461188527435834,13.04009851400548
-8.263748645519662,0.10146463704552,-7.002327177721902,0.03360024844544796,-3.931040125692574,0.002325890806270397,,,-8.450219645107158,13.81752515458631
-8.252779763190986,0.1048852689582837,-6.991358295393226,0.03056598992907825,-3.920071243363898,0.002560457429367474,,,-8.439250762778482,14.59739816823767
-8.24181088086231,0.1085205546771209,-6.98038941306455,0.02808253774699747,-3.909102361035222,0.002810886451031537,,,-8.428281880449806,15.37505088947761
-8.230841998533634,0.1124936497224558,-6.969420530735874,0.02613120203888768,-3.898133478706545,0.003077312369395218,,,-8.41731299812113,16.14558267818926
-8.219873116204958,0.1168296238095522,-6.958451648407197,0.02469723329741609,-3.887164596377869,0.003359755812073222,,,-8.406344115792452,16.90390697419418
-8.208904233876282,0.1215139983999773,-6.947482766078521,0.02377005956363023,-3.876195714049193,0.003658114578994409,,,-8.395375233463776,17.64486217841085
-8.197935351547606,0.1266054420572608,-6.936513883749845,0.02334347143071229,-3.865226831720517,0.003972155767640615,,,-8.3844063511351,18.36305603074997
-8.186966469218929,0.1321792737197748,-6.925545001421169,0.02341575510021784,-3.85425794939184,0.004301509197494761,,,-8.373437468806424,19.05322798866636
-8.175997586890253,0.1383185064079482,-6.914576119092493,0.0239888986197228,-3.843289067063164,0.004645662338895276,,,-8.362468586477748,19.71012510354285
-8.165028704561577,0.1451139082628936,-6.903607236763817,0.02507231656512011,-3.832320184734488,0.005003956932060962,,,-8.351499704149072,20.32861321630138
-8.154059822232901,0.1526639892296955,-6.892638354435141,0.02667694524597811,-3.821351302405812,0.005375587461366849,,,-8.340530821820396,20.90374407113045
-8.143090939904225,0.1610749052981892,-6.881669472106465,0.02881934717346718,-3.810382420077136,0.005759723232996773,,,-8.32956193949172,21.43082184945704
-8.132122057575549,0.1704602718173804,-6.870700589777789,0.0315204538563831,-3.799413537748459,0.006155058724721085,,,-8.318593057163044,21.90546789587206
-8.121153175246873,0.1809408770561149,-6.859731707449113,0.0348053766607772,-3.788444655419783,0.006560454259447259,,,-8.307624174834368,22.32368240974406
-8.110184292918197,0.1926442869315294,-6.848762825120436,0.038703159500151,-3.777475773091107,0.006974543303736046,,,-8.29665529250569,22.68190190803948
-8.099215410589521,0.205704331712854,-6.83779394279176,0.04324647177151805,-3.766506890762431,0.007395836171129976,,,-8.285686410177014,22.97705132631981
-8.088246528260843,0.2202604655800254,-6.826825060463084,0.04847124008412633,-3.755538008433755,0.007822731208872091,,,-8.274717527848338,23.20658971501259
-8.077277645932167,0.2364569902253654,-6.815856178134408,0.05441621761811964,-3.744569126105079,0.008253527954297383,,,-8.263748645519662,23.36854860497358
-8.066308763603491,0.2544421342836777,-6.804887295805731,0.06112249041272715,-3.733600243776403,0.008686905106605313,,,-8.252779763190986,23.46221476567226
-8.055339881274815,0.2743669813108911,-6.793918413477055,0.06863292052484754,-3.722631361447726,0.009120215468813678,,,-8.24181088086231,23.49554845752524
-8.044370998946139,0.2963842403485885,-6.782949531148379,0.07699152682003786,-3.71166247911905,0.009551925137955011,,,-8.230841998533634,23.49185906119869
-8.033402116617463,0.3206468548488881,-6.771980648819703,0.08624280515318415,-3.700693596790374,0.009980111246795006,,,-8.219873116204958,23.44433121880876
-8.022433234288787,0.3473064479185832,-6.761011766491027,0.09643099085289376,-3.689724714461698,0.01040284222306477,,,-8.208904233876282,23.32936455887885
-8.011464351960111,0.3765116044878847,-6.75004288416235,0.1075992677223496,-3.678755832133022,0.01081819836856163,,,-8.197935351547606,23.14639064631704
-8.000495469631435,0.4084059941170224,-6.739074001833674,0.1197889291836645,-3.667786949804345,0.01122429259334156,,,-8.186966469218929,22.89720067794366
-7.989526587302758,0.4431263417054964,-6.728105119504998,0.1330384986899371,-3.656818067475669,0.01161929096185038,,,-8.175997586890253,22.58417797620062
-7.978557704974082,0.4808002573270995,-6.717136237176322,0.1473828180706952,-3.645849185146993,0.01200143271075727,,,-8.165028704561577,22.2102644209835
-7.967588822645406,0.5215439407219876,-6.706167354847646,0.1628521140187415,-3.634880302818317,0.0123690494096386,,,-8.154059822232901,21.77891904154985
-7.956619940316729,0.5654597805576761,-6.695198472518969,0.1794710544221743,-3.623911420489641,0.01272058295524862,,,-8.143090939904225,21.29406960587438
-7.945651057988053,0.6126338733263178,-6.684229590190293,0.1972510936634472,-3.612942538160965,0.01305462368256789,,,-8.132122057575549,20.76005817451575
-7.934682175659377,0.6631334915595531,-6.673260707861617,0.2162179120038203,-3.601973655832289,0.01336984502754116,,,-8.121153175246873,20.18158169039371
-7.923713293330701,0.7170045357813617,-6.662291825532941,0.2363608826716853,-3.591004773503612,0.01367481712418689,,,-8.110184292918197,19.56362875257544
-7.912744411002025,0.7742690091365196,-6.651322943204265,0.2576833854572655,-3.580035891174936,0.01396848380451063,,,-8.099215410589521,18.91141376984043
-7.901775528673348,0.8349225577702687,-6.640354060875588,0.280163076106431,-3.56906700884626,0.01424082947799073,,,-8.088246528260843,18.23030970793419
-7.890806646344672,0.898932123630732,-6.629385178546912,0.303772763084532,-3.558098126517584,0.01448997115358037,,,-8.077277645932167,17.52578063343621
-7.879837764015996,0.9662337592562099,-6.618416296218236,0.3284740175700451,-3.547129244188908,0.01471686657179682,,,-8.066308763603491,16.80331521830922
-7.86886888168732,1.036730656136584,-6.60744741388956,0.3542166979173731,-3.536160361860231,0.01491934090944923,,,-8.055339881274815,16.06836230451705
-7.857899999358644,1.110291439254666,-6.596478531560884,0.3809386041211933,-3.525191479531555,0.01510400692339631,,,-8.044370998946139,15.32626954033819
-7.846931117029968,1.186748780289481,-6.585509649232208,0.4085655250866171,-3.514222597202879,0.01527084661025308,,,-8.033402116617463,14.58222599248933
-7.835962234701292,1.266062198413096,-6.574540766903532,0.4370102674115793,-3.503253714874203,0.01541423468297995,,,-8.022433234288787,13.84120951468152
-7.824993352372616,1.347988350154815,-6.563571884574856,0.466174077339432,-3.492284832545527,0.01553413986964042,,,-8.011464351960111,13.10793951784198
-7.81402447004394,1.432080915229214,-6.55260300224618,0.4959365599149919,-3.48131595021685,0.01563126605918634,,,-8.000495469631435,12.38683564418645
-7.803055587715263,1.518020116764206,-6.541634119917503,0.5261967156754095,-3.470347067888174,0.01570634788428121,,,-7.989526587302758,11.68198270086927
-7.792086705386587,1.605449844572409,-6.530665237588827,0.5568093535436728,-3.459378185559498,0.01576031133030558,,,-7.978557704974082,10.99710206319101
-7.781117823057911,1.693979151575285,-6.519696355260151,0.5876316056603511,-3.448409303230822,0.0157947412753959,,,-7.967588822645406,10.33552961616836
-7.770148940729235,1.783184319576082,-6.508727472931475,0.6185116485736186,-3.437440420902146,0.01581011367668106,,,-7.956619940316729,9.700200170154828
-7.759180058400559,1.872611498274842,-6.497758590602799,0.6492898734207737,-3.42647153857347,0.01580826516957689,,,-7.945651057988053,9.093638164168867
-7.748211176071882,1.961779910520531,-6.486789708274122,0.6798002083282968,-3.415502656244794,0.01579082959062982,,,-7.934682175659377,8.517954362123541
-7.737242293743206,2.050185605353116,-6.475820825945446,0.7098715782243538,-3.404533773916117,0.0157595993753553,,,-7.923713293330701,7.974848154158212
-7.72627341141453,2.137305728662235,-6.46485194361677,0.7393294842560865,-3.393564891587441,0.01571651876098153,,,-7.912744411002025,7.465614999041893
-7.715304529085854,2.222603269561712,-6.453883061288094,0.7679976822893519,-3.382596009258765,0.01566367736977431,,,-7.901775528673348,6.991158484828524
-7.704335646757178,2.305532229148175,-6.442914178959418,0.7956999376112929,-3.371627126930089,0.01560330428477527,,,-7.890806646344672,6.552006443691115
-7.693366764428501,2.385543147481979,-6.431945296630741,0.8222618310183493,-3.360658244601413,0.0155386449701424,,,-7.879837764015996,6.148330532688886
-7.682397882099825,2.462088914701038,-6.420976414302065,0.8475125900060271,-3.349689362272736,0.01547218399401018,,,-7.86886888168732,5.779968684184709
-7.671428999771149,2.534630783442992,-6.410007531973389,0.8712869178220286,-3.33872047994406,0.01541395760647212,,,-7.857899999358644,5.446449836366862
-7.660460117442473,2.602644492477047,-6.399038649644713,0.8934267927283153,-3.327751597615384,0.01536661459597413,,,-7.846931117029968,5.147020374138788
-7.649491235113797,2.665626405872053,-6.388069767316037,0.9137832099535974,-3.316782715286708,0.01532547747252229,,,-7.835962234701292,4.88088895957691
-7.63852235278512,2.723099568352103,-6.37710088498736,0.9322178395047932,-3.305813832958032,0.01529173492849403,,,-7.824993352372616,4.646818424395707
-7.627553470456444,2.774619575869338,-6.366132002658684,0.9486045742292782,-3.294844950629356,0.01526906839516548,,,-7.81402447004394,4.443154305056374
-7.616584588127768,2.819780160958344,-6.355163120330008,0.96371917270458,-3.28387606830068,0.01526054514938933,,,-7.803055587715263,4.268289619222783
-7.605615705799092,2.859598175424519,-6.344194238001332,0.977456060375728,-3.272907185972003,0.01526981840669346,,,-7.792086705386587,4.120475502907437
-7.594646823470416,2.893746327652027,-6.333225355672655,0.9888295343192133,-3.261938303643327,0.01529939550593651,,,-7.781117823057911,3.997848243712415
-7.583677941141739,2.921607600179148,-6.322256473343979,0.9977593530197414,-3.250969421314651,0.01535306909698893,,,-7.770148940729235,3.898455252404775
-7.572709058813063,2.942941544765003,-6.311287591015303,1.004183428906441,-3.240000538985975,0.01543438435797815,,,-7.759180058400559,3.820279784019916
-7.561740176484387,2.956507824603825,-6.300318708686627,1.008058524405945,-3.229031656657299,0.01554699593894031,,,-7.748211176071882,3.761264266826609
-7.550771294155711,2.962178489809709,-6.289349826357951,1.009360712841363,-3.218062774328622,0.01569466104116395,,,-7.737242293743206,3.719332139887265
-7.539802411827035,2.959889764630971,-6.278380944029275,1.008085598057633,-3.207093891999946,0.01588228521111018,,,-7.72627341141453,3.69240813696725
-7.528833529498359,2.949643031632796,-6.267412061700599,1.004248290831114,-3.19612500967127,0.01611198874745955,,,-7.715304529085854,3.678436985833975
-7.517864647169683,2.931504926594136,-6.256443179371923,0.9978831442860201,-3.185156127342594,0.0163886089149554,,,-7.704335646757178,3.675400517452174
-7.506895764841007,2.905606540712462,-6.245474297043247,0.9890432546027706,-3.174187245013918,0.01671621755592687,,,-7.693366764428501,3.681333199378717
-7.495926882512331,2.872141743841595,-6.234505414714571,0.9777997371781756,-3.163218362685241,0.0171004250543534,,,-7.682397882099825,3.694336122147341
-7.484958000183654,2.831364659300149,-6.223536532385894,0.9646940232117971,-3.152249480356565,0.01754277309681267,,,-7.671428999771149,3.712589477138819
-7.473989117854978,2.785726308824172,-6.212567650057218,0.9498261862695617,-3.141280598027889,0.01805504810447879,,,-7.660460117442473,3.734363570011255
-7.463020235526302,2.735571324728715,-6.201598767728542,0.9328537013401399,-3.130311715699213,0.01864129554859595,,,-7.649491235113797,3.758028415961133
-7.452051353197626,2.679133506599416,-6.190629885399866,0.9139006574497693,-3.119342833370537,0.01929896048480357,,,-7.63852235278512,3.782061962686368
-7.44108247086895,2.616830303186608,-6.17966100307119,0.8931030630038987,-3.108373951041861,0.0200318808816125,,,-7.627553470456444,3.80505698472333
-7.430113588540273,2.549117601635191,-6.168692120742513,0.8706072746572108,-3.097405068713185,0.02084377357232982,,,-7.616584588127768,3.825726689597542
-7.419144706211597,2.476484080821608,-6.157723238413837,0.8465683429084737,-3.086436186384508,0.02173820045192118,,,-7.605615705799092,3.844705403926226
-7.408175823882921,2.399445254875423,-6.146754356085161,0.8214449219748121,-3.075467304055832,0.02271853296722256,,,-7.594646823470416,3.860942866876533
-7.397206941554245,2.318537308508687,-6.135785473756485,0.795401607114262,-3.064498421727156,0.02378791525555301,,,-7.583677941141739,3.873046779969122
-7.386238059225569,2.234310827146774,-6.124816591427809,0.7683072209197149,-3.05352953939848,0.02494922634407892,,,-7.572709058813063,3.880200138568582
-7.375269176896892,2.147324524027411,-6.113847709099132,0.7403290719905159,-3.042560657069804,0.02620504187732416,,,-7.561740176484387,3.880365214815206
-7.364300294568216,2.058139063488268,-6.102878826770456,0.7116347109005572,-3.031591774741127,0.02755759589187357,,,-7.550771294155711,3.872975717026923
-7.35333141223954,1.967311074729242,-6.09190994444178,0.6823903656300557,-3.020622892412451,0.02900874320431376,,,-7.539802411827035,3.857594702865931
-7.342362529910864,1.875387443591592,-6.080941062113104,0.6527594524186239,-3.009654010083775,0.03055992301938715,,,-7.528833529498359,3.833911771736784
-7.331393647582187,1.782899961562241,-6.069972179784427,0.6229011786368761,-2.998685127755099,0.03221321278770914,,,-7.517864647169683,3.801739214221682
-7.320424765253511,1.690359777574985,-6.059003297455751,0.5929692522026591,-2.987716245426423,0.03396888136639317,,,-7.506895764841007,3.761007162635458
-7.309455882924835,1.598254367594623,-6.048034415127075,0.5631107098529797,-2.976747363097747,0.03582498288992431,,,-7.495926882512331,3.711757797756989
-7.298487000596159,1.507044471954676,-6.037065532798399,0.5334648742690951,-2.965778480769071,0.03778229117395518,,,-7.484958000183654,3.654138678449427
-7.287518118267483,1.417156117230967,-6.026096650469723,0.5041624476847778,-2.954809598440394,0.03984162017632634,,,-7.473989117854978,3.591123880872803
-7.276549235938806,1.329022453155782,-6.015127768141046,0.4753247472299189,-2.943840716111718,0.04199817890704938,,,-7.463020235526302,3.52302402580524
-7.26558035361013,1.242930089544827,-6.00415888581237,0.4470630849148089,-2.932871833783042,0.04425276933673061,,,-7.452051353197626,3.447477862454458
-7.254611471281454,1.159229242164702,-5.993190003483694,0.419478292883502,-2.921902951454366,0.04660011499404962,,,-7.44108247086895,3.364925511507341
-7.243642588952778,1.078199663063381,-5.982221121155018,0.3926603923933137,-2.91093406912569,0.04903827437828356,,,-7.430113588540273,3.275870903109979
-7.232673706624102,1.000081806427075,-5.971252238826342,0.3666884029437847,-2.899965186797013,0.05156327107308532,,,-7.419144706211597,3.180872531128577
-7.221704824295426,0.9250770209609489,-5.960283356497666,0.3416302861104439,-2.888996304468337,0.05417670820179948,,,-7.408175823882921,3.08053403002418
-7.21073594196675,0.8533482488130623,-5.94931447416899,0.3175430169601374,-2.878027422139661,0.05687478960168434,,,-7.397206941554245,2.975494691477219
-7.199767059638074,0.7850211869986528,-5.938345591840314,0.2944727744547147,-2.867058539810985,0.05964519353030177,,,-7.386238059225569,2.866420038356908
-7.188798177309398,0.7201858621585641,-5.927376709511638,0.2724552410029159,-2.856089657482308,0.06248230214821078,,,-7.375269176896892,2.753992571815761
-7.177829294980722,0.658898565747878,-5.916407827182962,0.2515160003060218,-2.845120775153632,0.06538051112488159,,,-7.364300294568216,2.638902803212634
-7.166860412652045,0.6011840943841753,-5.905438944854285,0.2316710218660696,-2.834151892824956,0.06833362905274716,,,-7.35333141223954,2.521840676313815
-7.155891530323369,0.547038239039741,-5.894470062525609,0.2129272199863963,-2.82318301049628,0.07133529454398743,,,-7.342362529910864,2.403487476945024
-7.144922647994693,0.4964581731874707,-5.883501180196933,0.1952830747886612,-2.812214128167604,0.07440187384860608,,,-7.331393647582187,2.284497626972657
-7.133953765666017,0.4493422513373658,-5.872532297868257,0.1787293026898277,-2.801245245838928,0.07752528679894923,,,-7.320424765253511,2.16539431922164
-7.122984883337341,0.4056378021449474,-5.86156341553958,0.1632495639145308,-2.790276363510252,0.08067745119797166,,,-7.309455882924835,2.046698392822455
-7.112016001008664,0.3652530384880665,-5.850594533210904,0.1488211949470543,-2.779307481181576,0.08385298298524282,,,-7.298487000596159,1.929658461160654
-7.101047118679988,0.3280815615717266,-5.839625650882228,0.1354159543341378,-2.768338598852899,0.08704361164299917,,,-7.287518118267483,1.814374848391263
-7.090078236351312,0.294005265621926,-5.828656768553552,0.1230007709139416,-2.757369716524223,0.09024570387739567,,,-7.276549235938806,1.701372016191058
-7.079109354022636,0.2628971600575795,-5.817687886224876,0.1115384843448513,-2.746400834195547,0.09345164439485808,,,-7.26558035361013,1.591002530855099
-7.068140471693959,0.2346454020984388,-5.806719003896199,0.1009885687162927,-2.735431951866871,0.09665769251711091,,,-7.254611471281454,1.48371925045023
-7.057171589365283,0.2090765782748814,-5.795750121567523,0.09130783101762376,-2.724463069538194,0.09986128073186835,,,-7.243642588952778,1.37987885312604
-7.046202707036607,0.1860696256912575,-5.784781239238847,0.08245107729570281,-2.713494187209518,0.103056466005716,,,-7.232673706624102,1.279787659288179
-7.035233824707931,0.165488006745004,-5.773812356910171,0.07437174042264183,-2.702525304880842,0.1062419429384364,,,-7.221704824295426,1.183701913489346
-7.024264942379255,0.1471983605145774,-5.762843474581495,0.06702246449931282,-2.691556422552166,0.1094177092812915,,,-7.21073594196675,1.09182871404108
-7.013296060050578,0.1310723752942169,-5.751874592252818,0.06035564201563275,-2.68058754022349,0.112582109875642,,,-7.199767059638074,1.004327533733614
-7.002327177721902,0.1169884665241344,-5.740905709924142,0.05432390095564065,-2.669618657894814,0.1157347202854974,,,-7.188798177309398,0.9213122685789423
-6.991358295393226,0.1048332598237427,-5.729936827595466,0.04888054005621533,-2.658649775566138,0.1188771700823126,,,-7.177829294980722,0.8428537467925029
-6.98038941306455,0.09450288134392146,-5.71896794526679,0.04397991138771969,-2.647680893237462,0.1220425682187019,,,-7.166860412652045,0.7689826272802192
-6.969420530735874,0.0859040595936616,-5.707999062938114,0.03957775031023153,-2.636712010908785,0.1252329035415755,,,-7.155891530323369,0.6996926156338982
-6.958451648407197,0.0789550442767295,-5.697030180609437,0.03563145366034087,-2.625743128580109,0.1284714812964581,,,-7.144922647994693,0.634981177657565
-6.947482766078521,0.07358634852263274,-5.686061298280761,0.0321003077334303,-2.614774246251433,0.1317625643555641,,,-7.133953765666017,0.5747146624122577
-6.936513883749845,0.06974132125593856,-5.675092415952085,0.0289456682401794,-2.603805363922757,0.1350613221699261,,,-7.122984883337341,0.5188268541106187
-6.925545001421169,0.06737655637509019,-5.664123533623409,0.02614291381007989,-2.59283648159408,0.1383736029640114,,,-7.112016001008664,0.4672003710267898
-6.914576119092493,0.06645946110477444,-5.653154651294733,0.02365779417541329,-2.581867599265404,0.1417158670720814,,,-7.101047118679988,0.4196994505682454
-6.903607236763817,0.0669796946033637,-5.642185768966057,0.02144648538446126,-2.570898716936728,0.1450952600589672,,,-7.090078236351312,0.3761736970596248
-6.892638354435141,0.06893108119722897,-5.631216886637381,0.01947935567100094,-2.559929834608052,0.148510426997036,,,-7.079109354022636,0.3364617248007891
-6.881669472106465,0.07232425119672607,-5.620248004308705,0.01772913679932293,-2.548960952279376,0.1519679887891446,,,-7.068140471693959,0.3004223688428529
-6.870700589777789,0.07718286149392445,-5.609279121980029,0.01617088666224083,-2.537992069950699,0.1554779845206871,,,-7.057171589365283,0.2678349670327244
-6.859731707449113,0.08354312653942637,-5.598310239651352,0.01478192804575677,-2.527023187622023,0.1590716233938322,,,-7.046202707036607,0.2385473955880383
-6.848762825120436,0.09145321003563268,-5.587341357322676,0.01354176728225768,-2.516054305293348,0.1627586222547636,,,-7.035233824707931,0.2123879177601004
-6.83779394279176,0.1009724771317344,-5.576372474994,0.01243199638916376,-2.505085422964671,0.1665259442891414,,,-7.024264942379255,0.1891894195626573
-6.826825060463084,0.1121706064705267,-5.565403592665324,0.01143618211898941,-2.494116540635995,0.1703831565562228,,,-7.013296060050578,0.1687918450323412
-6.815856178134408,0.1251265613329032,-5.554434710336648,0.01053974513827546,-2.483147658307319,0.174339764957816,,,-7.002327177721902,0.1510443830137538
-6.804887295805731,0.1399274193977413,-5.543465828007971,0.009729832315008421,-2.472178775978643,0.1784051846050912,,,-6.991358295393226,0.1358074045300235
-6.793918413477055,0.1566670613146546,-5.532496945679295,0.008995184834741361,-2.461209893649966,0.1825885647331965,,,-6.98038941306455,0.1229541528421717
-6.782949531148379,0.1754447193921385,-5.521528063350619,0.008326004591920139,-2.45024101132129,0.1868986802601961,,,-6.969420530735874,0.112372190608978
-6.771980648819703,0.1963633892359764,-5.510559181021943,0.007713821021532499,-2.439272128992614,0.1913437947159491,,,-6.958451648407197,0.1039646101500649
-6.761011766491027,0.2195281091186423,-5.499590298693267,0.007151360253089863,-2.428303246663938,0.1959315981118655,,,-6.947482766078521,0.0976510137281935
-6.75004288416235,0.2450441141901218,-5.48862141636459,0.006632418189367919,-2.417334364335262,0.2006690203585073,,,-6.936513883749845,0.09336827106220209
-6.739074001833674,0.2730148753087721,-5.477652534035914,0.006151738840793112,-2.406365482006585,0.2055621205876344,,,-6.925545001421169,0.09107106103719562
-6.728105119504998,0.3035400352174301,-5.466683651707238,0.005704898986671917,-2.395396599677909,0.2106608076944771,,,-6.914576119092493,0.09072864514824358
-6.717136237176322,0.3367132579411207,-5.455714769378562,0.005288199989725185,-2.384427717349233,0.2159686334125879,,,-6.903607236763817,0.09234002905718314
-6.706167354847646,0.3726200105526447,-5.444745887049886,0.004898567363054,-2.373458835020557,0.2214426376101706,,,-6.892638354435141,0.09590996873917527
-6.695198472518969,0.4113352997452321,-5.433777004721209,0.00451890640941581,-2.362489952691881,0.227083424458415,,,-6.881669472106465,0.1014657129318956
-6.684229590190293,0.4528987835757286,-5.422808122392533,0.00417949261199033,-2.351521070363205,0.2329122722867909,,,-6.870700589777789,0.1090519631645504
-6.673260707861617,0.4974079922882294,-5.411839240063857,0.003860078762023818,-2.340552188034529,0.2389266471760329,,,-6.859731707449113,0.118730211705486
-6.662291825532941,0.5448469414317421,-5.400870357735181,0.003559394221466978,-2.329583305705852,0.2451001170244441,,,-6.848762825120436,0.1305778815345114
-6.651322943204265,0.5952647130894212,-5.389901475406505,0.003276385233124077,-2.318614423377176,0.2514266673178859,,,-6.83779394279176,0.1446872665400735
-6.640354060875588,0.6486287173737821,-5.378932593077828,0.003010168773083227,-2.3076455410485,0.25789853697823,,,-6.826825060463084,0.1611642698375181
-6.629385178546912,0.7049050398431036,-5.367963710749152,0.002759992767078306,-2.296676658719824,0.2645061603889104,,,-6.815856178134408,0.1801269382928726
-6.618416296218236,0.7640346218426246,-5.356994828420476,0.002525202332479732,-2.285707776391148,0.2712882054264226,,,-6.804887295805731,0.2017037920749189
-6.60744741388956,0.8259317745767235,-5.3460259460918,0.002305211642067099,-2.274738894062471,0.2782309199409742,,,-6.793918413477055,0.2260319493857218
-6.596478531560884,0.890482947944722,-5.335057063763124,0.002099480958112466,-2.263770011733795,0.2852681202968189,,,-6.782949531148379,0.2532550484544117
-6.585509649232208,0.9575501351130118,-5.324088181434448,0.001907498354022906,-2.252801129405119,0.2923818236388931,,,-6.771980648819703,0.283520971416956
-6.574540766903532,1.026954089882265,-5.313119299105772,0.001728765624160514,-2.241832247076443,0.299623519398796,,,-6.761011766491027,0.3169793778192528
-6.563571884574856,1.098496784558695,-5.302150416777096,0.001555362477382674,-2.230863364747767,0.3069709247632392,,,-6.75004288416235,0.3537790591225172
-6.55260300224618,1.171912170696482,-5.29118153444842,0.001403307474504331,-2.21989448241909,0.314327958383933,,,-6.739074001833674,0.3940651296865903
-6.541634119917503,1.247018163704823,-5.280212652119743,0.001262640846869457,-2.208925600090414,0.3216685940175359,,,-6.728105119504998,0.4379760741651231
-6.530665237588827,1.323481876807689,-5.269243769791067,0.001132919565981636,-2.197956717761738,0.3289649529858251,,,-6.717136237176322,0.4856406759537426
-6.519696355260151,1.400988538016299,-5.258274887462391,0.001013674753308949,-2.186987835433062,0.3361879652174642,,,-6.706167354847646,0.5371748561584448
-6.508727472931475,1.479198161228612,-5.247306005133715,0.0009044154485525481,-2.176018953104386,0.3433074066870176,,,-6.695198472518969,0.5926784573528693
-6.497758590602799,1.557747689789237,-5.236337122805039,0.0008046329933657208,-2.16505007077571,0.3502920929279973,,,-6.684229590190293,0.6522025812672043
-6.486789708274122,1.636253529097797,-5.225368240476362,0.0007089461491439188,-2.154081188447034,0.3571100906816341,,,-6.673260707861617,0.7158707072539069
-6.475820825945446,1.714314447504171,-5.214399358147686,0.0006276352816835027,-2.143112306118357,0.3637289458588402,,,-6.662291825532941,0.7836557776864734
-6.46485194361677,1.79151481772717,-5.20343047581901,0.000553981333611321,-2.132143423789681,0.3701159256048457,,,-6.651322943204265,0.8556106457742353
-6.453883061288094,1.86742816435127,-5.192461593490334,0.0004875022174659409,-2.121174541461005,0.3762382718993942,,,-6.640354060875588,0.9316798160831659
-6.442914178959418,1.941620976743012,-5.181492711161658,0.0004277123012962284,-2.110205659132329,0.3820634638122417,,,-6.629385178546912,1.011801831351708
-6.431945296630741,2.013656741124221,-5.170523828832981,0.0003741283064991975,-2.099236776803653,0.3875594852747464,,,-6.618416296218236,1.095878744835758
-6.420976414302065,2.083100140670168,-5.159554946504305,0.000326274457831294,-2.088267894474976,0.3926950950324923,,,-6.60744741388956,1.183774156167237
-6.410007531973389,2.149521368477863,-5.148586064175629,0.000283686890335629,-2.0772990121463,0.3974917734058646,,,-6.596478531560884,1.27531163336291
-6.399038649644713,2.212500495164952,-5.137617181846953,0.00024591733194224,-2.066330129817624,0.4019976620954834,,,-6.585509649232208,1.370278164854448
-6.388069767316037,2.271631830783952,-5.126648299518276,0.0002125360923398277,-2.055361247488948,0.4061321334455233,,,-6.574540766903532,1.468406407374927
-6.37710088498736,2.326528219718821,-5.1156794171896,0.0001831343983617094,-2.044392365160272,0.4097898803491528,,,-6.563571884574856,1.569398569111824
-6.366132002658684,2.376825207296221,-5.104710534860924,0.0001573261236165577,-2.033423482831596,0.4130333239803237,,,-6.55260300224618,1.672867007376196
-6.355163120330008,2.42410878598907,-5.093741652532248,0.0001347489655213685,-2.02245460050292,0.4158383075300058,,,-6.541634119917503,1.778527624647721
-6.344194238001332,2.46805426219344,-5.082772770203572,0.0001150651264003743,-2.011485718174243,0.4181654904656157,,,-6.530665237588827,1.885900937583827
-6.333225355672655,2.50642994707114,-5.071803887874895,9.796155707407344e-05,-2.000516835845567,0.4199946557794871,,,-6.519696355260151,1.994527935046335
-6.322256473343979,2.538965615536755,-4.764675182671963,0.0001147583258036196,-1.989547953516891,0.4212426807973448,,,-6.508727472931475,2.103915369260158
-6.311287591015303,2.565431919077906,-4.753706300343286,0.0001455634034716209,-1.978579071188215,0.4218948305479131,,,-6.497758590602799,2.213539081683552
-6.300318708686627,2.58564310365827,-4.74273741801461,0.0001839804394616891,-1.967610188859539,0.4219336492746215,,,-6.486789708274122,2.322847871190015
-6.289349826357951,2.599459222069208,-4.731768535685934,0.0002322541196156517,-1.956641306530862,0.4213986255216305,,,-6.475820825945446,2.431267868808015
-6.278380944029275,2.60678780611399,-4.720799653357258,0.0002923373075214337,-1.945672424202186,0.4203055503116244,,,-6.46485194361677,2.538207373242539
-6.267412061700599,2.607584972665798,-4.709830771028582,0.0003668885040458736,-1.93470354187351,0.4186050958583799,,,-6.453883061288094,2.643062091991531
-6.256443179371923,2.601855946756987,-4.698861888699906,0.0004591060396017094,-1.923734659544834,0.4162777591653039,,,-6.442914178959418,2.745220724290754
-6.245474297043247,2.589654994249666,-4.68789300637123,0.0006277819912745245,-1.912765777216158,0.413328448916582,,,-6.431945296630741,2.844070814574175
-6.234505414714571,2.57108476612036,-4.676924124042554,0.0007830574635544002,-1.901796894887481,0.4097655667338341,,,-6.420976414302065,2.939004798802927
-6.223536532385894,2.547610592621328,-4.665955241713878,0.0009739477982592136,-1.890828012558805,0.4056400663901504,,,-6.410007531973389,3.029426161044579
-6.212567650057218,2.519415790319009,-4.654986359385202,0.001207912511802785,-1.879859130230129,0.4009674820188872,,,-6.399038649644713,3.114755614194983
-6.201598767728542,2.4853995234535,-4.644017477056525,0.001493803646990412,-1.868890247901453,0.3957253608507086,,,-6.388069767316037,3.194437216811109
-6.190629885399866,2.445817253125339,-4.633048594727849,0.001842087548480122,-1.857921365572777,0.3899897020529865,,,-6.37710088498736,3.267944337712369
-6.17966100307119,2.400962299221761,-4.622079712399173,0.002265093903901264,-1.846952483244101,0.3837832649138793,,,-6.366132002658684,3.334785381319925
-6.168692120742513,2.351162516483567,-4.611110830070497,0.002777293779716889,-1.835983600915424,0.3771375984943438,,,-6.355163120330008,3.397331364169922
-6.157723238413837,2.296776607643269,-4.60014194774182,0.003395608148904564,-1.825014718586748,0.3700793133632626,,,-6.344194238001332,3.455151142774483
-6.146754356085161,2.239202601938862,-4.589173065413144,0.004139748084417679,-1.814045836258072,0.362574340745947,,,-6.333225355672655,3.50501631692468
-6.135785473756485,2.178839543377158,-4.578204183084468,0.005032587366351544,-1.803076953929396,0.3547248556352472,,,-6.322256473343979,3.546575733827776
-6.124816591427809,2.11508319549826,-4.567235300755792,0.006100567710465619,-1.79210807160072,0.3465619084796733,,,-6.311287591015303,3.579537421146021
-6.113847709099132,2.048355823391936,-4.556266418427116,0.007374136160913249,-1.781139189272044,0.3380451845612371,,,-6.300318708686627,3.603672005026679
-6.102878826770456,1.979089366684258,-4.545297536098439,0.00888821339200515,-1.770170306943367,0.3292348260432065,,,-6.289349826357951,3.618815385692567
-6.09190994444178,1.907721076515031,-4.534328653769763,0.01068269072612388,-1.759201424614691,0.3201645255758576,,,-6.278380944029275,3.624870629869989
-6.080941062113104,1.834689200535288,-4.523359771441087,0.01280295259399414,-1.748232542286015,0.3108417568849876,,,-6.267412061700599,3.62180905219112
-6.069972179784427,1.76042877153412,-4.512390889112411,0.01537513855062785,-1.737263659957339,0.301301077005346,,,-6.256443179371923,3.609670471012334
-6.059003297455751,1.685367552496609,-4.501422006783735,0.01832887222156649,-1.726294777628663,0.2916049794260394,,,-6.245474297043247,3.588562637565805
-6.048034415127075,1.60992218729758,-4.490453124455058,0.02178856327515694,-1.715325895299987,0.2817891024925437,,,-6.234505414714571,3.558659850737226
-6.037065532798399,1.534494601927397,-4.479484242126382,0.0258284773744509,-1.70435701297131,0.2718572781860373,,,-6.223536532385894,3.521969540821757
-6.026096650469723,1.459468696216585,-4.468515359797706,0.03053146446067855,-1.693388130642634,0.2618449705846615,,,-6.212567650057218,3.478775894936883
-6.015127768141046,1.385207360576322,-4.45754647746903,0.03598954840828079,-1.682419248313958,0.2517842059919931,,,-6.201598767728542,3.427636468187877
-6.00415888581237,1.312049846410595,-4.446577595140354,0.04235951007266309,-1.671450365985282,0.2417072653915804,,,-6.190629885399866,3.368931835300301
-5.993190003483694,1.240309512697644,-4.435608712811677,0.04965881700643963,-1.660481483656606,0.2316453057623409,,,-6.17966100307119,3.303092446946312
-5.982221121155018,1.170271964901035,-4.424639830483001,0.0580538145288154,-1.64951260132793,0.2216289018210602,,,-6.168692120742513,3.230593723115006
-5.971252238826342,1.102193595972984,-4.413670948154325,0.06767933037473421,-1.638543718999253,0.2117349383224976,,,-6.157723238413837,3.151950699800854
-5.960283356497666,1.036300532871125,-4.402702065825649,0.07868180130813913,-1.627574836670577,0.2019905327842319,,,-6.146754356085161,3.069028085589107
-5.94931447416899,0.9727879858371061,-4.391733183496973,0.09121948948317136,-1.616605954341901,0.1923893613918132,,,-6.135785473756485,2.982390853341583
-5.938345591840314,0.9118199917869408,-4.380764301168297,0.1054625697037879,-1.605637072013225,0.1829544905082414,,,-6.124816591427809,2.891298219529276
-5.927376709511638,0.853529537635544,-4.369795418839621,0.1215930672757491,-1.594668189684549,0.1736917088979973,,,-6.113847709099132,2.796341095479541
-5.916407827182962,0.7980190443073291,-4.358826536510945,0.1398046262398978,-1.583699307355872,0.1646204455245601,,,-6.102878826770456,2.698120325124499
-5.905438944854285,0.7453611876445649,-4.347857654182269,0.1603020883625251,-1.572730425027196,0.1557596392786686,,,-6.09190994444178,2.597240746998306
-5.894470062525609,0.6956000284753566,-4.336888771853592,0.1833008643914157,-1.56176154269852,0.1471256361957045,,,-6.080941062113104,2.494305379969365
-5.883501180196933,0.6487524207891054,-4.325919889524916,0.2090260808097131,-1.550792660369844,0.1387321777137308,,,-6.069972179784427,2.389909804983926
-5.872532297868257,0.6048096643198884,-4.31495100719624,0.2377114876668887,-1.539823778041168,0.1305920057948757,,,-6.059003297455751,2.284636810214633
-5.86156341553958,0.5637393658732891,-4.303982124867564,0.2695981160547523,-1.528854895712492,0.1227160789993089,,,-6.048034415127075,2.1790513611915
-5.850594533210904,0.5254874724514141,-4.293013242538888,0.3049326774270413,-1.517886013383815,0.115113598590898,,,-6.037065532798399,2.073695950866895
-5.839625650882228,0.4899804386220194,-4.282044360210211,0.3439928981423946,-1.506917131055139,0.1077921049248289,,,-6.026096650469723,1.969086377265395
-5.828656768553552,0.4571274906162476,-4.271075477881535,0.386984269108592,-1.495948248726463,0.1007653816282752,,,-6.015127768141046,1.865707988537618
-5.817687886224876,0.4268229502894484,-4.260106595552859,0.4342332693566318,-1.484979366397787,0.09403759534724569,,,-6.00415888581237,1.764012427024693
-5.806719003896199,0.3989485832952552,-4.249137713224183,0.4858969206584361,-1.474010484069111,0.08760243202623702,,,-5.993190003483694,1.664414895499732
-5.795750121567523,0.3733759375506908,-4.238168830895507,0.5422602465986243,-1.463041601740435,0.08146255091789577,,,-5.982221121155018,1.567291960238345
-5.784781239238847,0.3499686402493184,-4.22719994856683,0.6035578848170706,-1.452072719411758,0.07561664549108951,,,-5.971252238826342,1.472979897132248
-5.773812356910171,0.3285846242454493,-4.216231066238154,0.6700124648068835,-1.441103837083082,0.07006304547545715,,,-5.960283356497666,1.381773578843184
-5.762843474581495,0.3090782575172402,-4.205262183909478,0.7418313458296657,-1.430134954754406,0.06479850057767016,,,-5.94931447416899,1.293925893134952
-5.751874592252818,0.2913023525508731,-4.194293301580802,0.8192032802587323,-1.41916607242573,0.05981980413785799,,,-5.938345591840314,1.209647675144012
-5.740905709924142,0.2751100358027252,-4.183324419252126,0.902295052196654,-1.408197190097054,0.05512145640153416,,,-5.927376709511638,1.129108129565355
-5.729936827595466,0.2603564608237345,-4.172355536923449,0.9912481458592104,-1.397228307768378,0.05069749315052868,,,-5.916407827182962,1.052435712635686
-5.71896794526679,0.2469003521049254,-4.161386654594773,1.08617550192791,-1.386259425439701,0.04654111899498771,,,-5.905438944854285,0.9797194384691295
-5.707999062938114,0.234605370163705,-4.150417772266097,1.187158422661648,-1.375290543111025,0.04264480563405367,,,-5.894470062525609,0.9110105698018968
-5.697030180609437,0.2233412917799715,-4.139448889937421,1.294243687857681,-1.364321660782349,0.03899956837806928,,,-5.883501180196933,0.8463246495732517
-5.686061298280761,0.2129850025572186,-4.128480007608744,1.407440943622137,-1.353352778453673,0.03559852764983265,,,-5.872532297868257,0.7856438270330507
-5.675092415952085,0.2034213020801753,-4.117511125280068,1.52672042424371,-1.342383896124997,0.03243148591471857,,,-5.86156341553958,0.7289194302250972
-5.664123533623409,0.1947499012884056,-4.106542242951392,1.652011064194343,-1.331415013796321,0.0294889396874584,,,-5.850594533210904,0.6760747357365133
-5.653154651294733,0.1868712529950995,-4.095573360622716,1.783199052387008,-1.320446131467644,0.02675994214122864,,,-5.839625650882228,0.6270078864957589
-5.642185768966057,0.179486851952687,-4.08460447829404,1.920126874332936,-1.309477249138968,0.02423712129070041,,,-5.828656768553552,0.5815949091002511
-5.631216886637381,0.1725140141199469,-4.073635595965364,2.062592879841971,-1.298508366810292,0.0219089021955726,,,-5.817687886224876,0.5396927836000652
-5.620248004308705,0.1658795177431693,-4.062666713636688,2.210383412881165,-1.287539484481616,0.01976516531144358,,,-5.806719003896199,0.5011425207871408
-5.609279121980029,0.159519483456328,-4.051697831308012,2.363154486568161,-1.27657060215294,0.01779581164738665,,,-5.795750121567523,0.4657722047613093
-5.598310239651352,0.1533791304667727,-4.040728948979336,2.52060043935857,-1.265601719824264,0.01599082459067684,,,-5.784781239238847,0.4333999617801549
-5.587341357322676,0.1474124232517227,-4.02976006665066,2.682350611213034,-1.254632837495587,0.01434032609499243,,,-5.773812356910171,0.4038368200600563
-5.576372474994,0.1415816237953493,-4.018791184321983,2.847996660948208,-1.243663955166911,0.01283462717775942,,,-5.762843474581495,0.3768894291893873
-5.565403592665324,0.1358567647162294,-4.007822301993307,3.017095510728573,-1.232695072838235,0.01146427272929613,,,-5.751874592252818,0.3523626120506174
-5.554434710336648,0.1302150586822598,-3.996853419664631,3.189172774433767,-1.221726190509559,0.01022008068999094,,,-5.740905709924142,0.3300617265366879
-5.543465828007971,0.1246402593002576,-3.985884537335955,3.363726616113786,-1.210757308180883,0.009093175701448734,,,-5.729936827595466,0.3097948188028731
-5.532496945679295,0.1191219882193613,-3.974915655007278,3.540231974540669,-1.199788425852206,0.008075017382965857,,,-5.71896794526679,0.2913745542377857
-5.521528063350619,0.1136550425229279,-3.963946772678602,3.718145081104505,-1.18881954352353,0.007157423425502115,,,-5.707999062938114,0.274619916691776
-5.510559181021943,0.1082386956274788,-3.952977890349926,3.896908191284127,-1.177850661194854,0.006332587731243371,,,-5.697030180609437,0.2593576707003886
-5.499590298693267,0.1028760038861351,-3.94200900802125,4.075954444900601,-1.166881778866178,0.005593093857704514,,,-5.686061298280761,0.2454235854251677
-5.48862141636459,0.09757312993634365,-3.931040125692574,4.254712767526722,-1.155912896537502,0.004931077395836515,,,-5.675092415952085,0.232663422752514
-5.477652534035914,0.09233869256710184,-3.920071243363898,4.432612724901738,-1.144944014208826,0.004340537877552751,,,-5.664123533623409,0.2211518907409904
-5.466683651707238,0.08718315153948707,-3.909102361035222,4.60975280193725,-1.133975131880149,0.003817012414960185,,,-5.653154651294733,0.2107548244849764
-5.455714769378562,0.08211823440619601,-3.898133478706545,4.785571815280857,-1.123006249551473,0.003353086319596081,,,-5.642185768966057,0.2011295431568243
-5.444745887049886,0.07715641097048014,-3.887164596377869,4.958853217367982,-1.112037367222797,0.002941925471071316,,,-5.631216886637381,0.1921633965264526
-5.433777004721209,0.07227890205357738,-3.876195714049193,5.129062222715101,-1.101068484894121,0.002581736249906236,,,-5.620248004308705,0.1837555784119388
-5.422808122392533,0.06756840468852141,-3.865226831720517,5.295685861848258,-1.090099602565445,0.00226493002287583,,,-5.609279121980029,0.1758169700692362
-5.411839240063857,0.0629968721571838,-3.85425794939184,5.458236122613245,-1.079130720236768,0.001989846686821039,,,-5.598310239651352,0.1682698355296336
-5.400870357735181,0.05857587880909322,-3.843289067063164,5.618874978287691,-1.068161837908092,0.001750951985656021,,,-5.587341357322676,0.1610473870625484
-5.389901475406505,0.05431586798949994,-3.832320184734488,5.7771480835633,-1.057192955579416,0.00154489530543592,,,-5.576372474994,0.1540932394219347
-5.378932593077828,0.05022596826485359,-3.821351302405812,5.929986696351632,-1.04622407325074,0.001368300231025074,,,-5.565403592665324,0.1473607716839964
-5.367963710749152,0.04631385935404665,-3.810382420077136,6.077035635816899,-1.035255190922064,0.001217434014291336,,,-5.554434710336648,0.1408124153223843
-5.356994828420476,0.04258568475764893,-3.799413537748459,6.217817121596479,-1.024286308593388,0.001090998119121053,,,-5.543465828007971,0.1344188867184432
-5.3460259460918,0.03904600744481758,-3.788444655419783,6.352033780923057,-1.013317426264711,0.0009863434755595314,,,-5.532496945679295,0.1281583815951449
-5.335057063763124,0.03569780446876483,-3.777475773091107,6.479378888810425,-1.002348543936035,0.0009008593695734262,,,-5.521528063350619,0.1220157479233929
-5.324088181434448,0.03254249603373625,-3.766506890762431,6.602190608254101,-0.9913796616073591,0.000832592500896407,,,-5.510559181021943,0.1159816527097144
-5.313119299105772,0.02958000432341838,-3.755538008433755,6.720208879143627,-0.9804107792786829,0.0007797891024488046,,,-5.499590298693267,0.1100517567677834
-5.302150416777096,0.0267872847052723,-3.744569126105079,6.830574806132423,-0.9694418969500067,0.0007402294081135467,,,-5.48862141636459,0.1042259101364891
-5.29118153444842,0.02420947745492149,-3.733600243776403,6.933148022897643,-0.9584730146213306,0.0007139441147156508,,,-5.477652534035914,0.09850737926858001
-5.280212652119743,0.02181515331951587,-3.722631361447726,7.027615954175558,-0.9475041322926544,0.0006988461311230547,,,-5.466683651707238,0.09290211551026717
-5.269243769791067,0.01959947719870024,-3.71166247911905,7.113887260251556,-0.9365352499639782,0.000692898664205041,,,-5.455714769378562,0.08741807275684443
-5.258274887462391,0.0175566495063961,-3.700693596790374,7.191842895731497,-0.9255663676353021,0.000697109588301301,,,-5.444745887049886,0.0820645805343601
-5.247306005133715,0.01568005550653382,-3.689724714461698,7.261393612723118,-0.9145974853066259,0.0007083834576282182,,,-5.433777004721209,0.0768055407540532
-5.236337122805039,0.01396241327654812,-3.678755832133022,7.322478749417512,-0.9036286029779497,0.0007281629315124052,,,-5.422808122392533,0.07175424687150704
-5.225368240476362,0.01237932996544681,-3.667786949804345,7.375065017940111,-0.8926597206492736,0.0007543931038766069,,,-5.411839240063857,0.06686214937388858
-5.214399358147686,0.01095951259386692,-3.656818067475669,7.419145327573673,-0.8816908383205974,0.0007852029427676479,,,-5.400870357735181,0.06213951627285054
-5.20343047581901,0.009673397241460475,-3.645849185146993,7.454737673721816,-0.8707219559919211,0.0008225758898876858,,,-5.389901475406505,0.0575957063698129
-5.192461593490334,0.008512565892607411,-3.634880302818317,7.4818841168698,-0.859753073663245,0.0008643986746585636,,,-5.378932593077828,0.05323893876639997
-5.181492711161658,0.007468538639246844,-3.623911420489641,7.500649869555643,-0.8487841913345688,0.0009096564280783778,,,-5.367963710749152,0.04907611849047316
-5.170523828832981,0.006532876666528278,-3.612942538160965,7.511148747232453,-0.8378153090058926,0.0009587891273872675,,,-5.356994828420476,0.04511271489162758
-5.159554946504305,0.005697272180218733,-3.601973655832289,7.513444916705646,-0.8268464266772165,0.001010682858401089,,,-5.3460259460918,0.04135268876107698
-5.148586064175629,0.004953625358677777,-3.591004773503612,7.511237330751935,-0.8158775443485403,0.001064835043831484,,,-5.335057063763124,0.03779846359374839
-5.137617181846953,0.004294108656928889,-3.580035891174936,7.504645656434733,-0.8049086620198641,0.001120243388841769,,,-5.324088181434448,0.03445093603068423
-5.126648299518276,0.003711218997124822,-3.56906700884626,7.49025693207513,-0.793939779691188,0.001177441758103281,,,-5.313119299105772,0.03130952028981679
-5.1156794171896,0.003197818548109436,-3.558098126517584,7.468156901482137,-0.7829708973625118,0.001235316591020475,,,-5.302150416777096,0.0283432432924383
-5.104710534860924,0.002747164927527765,-3.547129244188908,7.438570906559079,-0.7720020150338356,0.001293361513930225,,,-5.29118153444842,0.02561325708684404
-5.093741652532248,0.002352931754698063,-3.536160361860231,7.401587372940113,-0.7610331327051594,0.001351071990734363,,,-5.280212652119743,0.02307816702235633
-5.082772770203572,0.002009220543684642,-3.525191479531555,7.360061146829327,-0.7500642503764833,0.001407947033060998,,,-5.269243769791067,0.02073269031943006
-5.071803887874895,0.001710564956750647,-3.514222597202879,7.31419633529319,-0.7390953680478071,0.001463491583208008,,,-5.258274887462391,0.01857055468536724
-5.060835005546219,0.001451928442104134,-3.503253714874203,7.261622616315982,-0.7281264857191309,0.001517219480948972,,,-5.247306005133715,0.01658465128439324
-5.049866123217543,0.001228696260318585,-3.492284832545527,7.202514787385645,-0.7171576033904548,0.001567868025268379,,,-5.236337122805039,0.01476718697037615
-5.038897240888867,0.00103666286485909,-3.48131595021685,7.137164820401383,-0.7061887210617785,0.001616734422745535,,,-5.225368240476362,0.01308827611572019
-5.027928358560191,0.0008720155476036316,-3.470347067888174,7.065867723540026,-0.6952198387331023,0.001662104282265319,,,-5.214399358147686,0.01158714787655035
-5.016959476231515,0.0007313151938046352,-3.459378185559498,6.988963348788714,-0.6842509564044262,0.001704179486769102,,,-5.20343047581901,0.01022737857595438
-5.005990593902839,0.0006114749160503705,-3.448409303230822,6.906838848482287,-0.67328207407575,0.0017422351339861,,,-5.192461593490334,0.00900006811085002
-4.995021711574163,0.0005097372566220469,-3.437440420902146,6.819804261044787,-0.6623131917470738,0.001775928022289444,,,-5.181492711161658,0.007896250941224486
-4.984052829245487,0.0004236505650156849,-3.42647153857347,6.728323668792036,-0.6513443094183977,0.001804937273489523,,,-5.170523828832981,0.006907004973623521
-4.973083946916811,0.0003510450747446456,-3.415502656244794,6.632852040922512,-0.6403754270897215,0.001829023558593707,,,-5.159554946504305,0.006023546638569834
-4.962115064588134,0.000290009122904354,-3.404533773916117,6.533875712509704,-0.6294065447610453,0.001847944726800532,,,-5.148586064175629,0.005237312249465366
-4.951146182259458,0.0002388658790206706,-3.393564891587441,6.431911444773172,-0.6184376624323692,0.001861521305298962,,,-5.137617181846953,0.004540025989262915
-4.940177299930782,0.0001961508776976815,-3.382596009258765,6.327505139620007,-0.607468780103693,0.001869622074938211,,,-5.126648299518276,0.003923755089803254
-4.929208417602106,0.000160590583458458,-3.371627126930089,6.221230204410344,-0.5964998977750168,0.001872165790339265,,,-5.1156794171896,0.003380952946762909
-4.91823953527343,0.0001310821565432431,-3.360658244601413,6.114976910414901,-0.5855310154463407,0.001871933231965662,,,-5.104710534860924,0.002904491051394969
-4.907270652944753,0.0001066745356205686,-3.349689362272736,6.009355736214928,-0.5745621331176645,0.001868787758938389,,,-5.093741652532248,0.002487680720434108
-4.896301770616077,8.655090746194305e-05,-3.33872047994406,5.906229209597169,-0.5635932507889883,0.001860234226930223,,,-5.082772770203572,0.002124285670268333
-4.249137713224183,0.0001175412161193982,-3.327751597615384,5.806212034264302,-0.5526243684603122,0.001846176455666654,,,-5.071803887874895,0.001808526513980789
-4.238168830895507,0.0001394810183285465,-3.316782715286708,5.70744960476256,-0.5416554861316359,0.001826737584977617,,,-5.060835005546219,0.001535078263813003
-4.22719994856683,0.0001651698597313045,-3.305813832958032,5.610437192114786,-0.5306866038029597,0.001802088114871506,,,-5.049866123217543,0.001299061900950148
-4.216231066238154,0.0001951772598458896,-3.294844950629356,5.515861862431803,-0.5197177214742836,0.001772443361667288,,,-5.038897240888867,0.001096031033348386
-4.205262183909478,0.0002301456823306874,-3.28387606830068,5.424360843650909,-0.5087488391456074,0.001738060275883323,,,-5.027928358560191,0.0009219546046590365
-4.194293301580802,0.0002707975086645945,-3.272907185972003,5.336631457116552,-0.4977799568169313,0.001699233687554805,,,-5.016959476231515,0.0007731965470548809
-4.183324419252126,0.0003179423015176777,-3.261938303643327,5.253214718524495,-0.4868110744882551,0.001656292055563046,,,-5.005990593902839,0.0006464931915897288
-4.172355536923449,0.0003724843108888843,-3.250969421314651,5.174789919349608,-0.4758421921595789,0.001609592806472659,,,-4.995021711574163,0.0005389291649677965
-4.161386654594773,0.0004354301660937718,-3.240000538985975,5.101982406836984,-0.4648733098309027,0.00155951735508556,,,-4.984052829245487,0.000447912414240751
-4.150417772266097,0.0005078966864125526,-3.229031656657299,5.035403365939398,-0.4539044275022265,0.001506465903300749,,,-4.973083946916811,0.0003711489135636529
-4.139448889937421,0.0005911187328151358,-3.218062774328622,4.975644981801176,-0.4429355451735504,0.001450852115855273,,,-4.962115064588134,0.0003066175218888771
-4.128480007608744,0.0006864570128324135,-3.207093891999946,4.923329219046957,-0.4319666628448742,0.001393097771125897,,,-4.951146182259458,0.0002525453791096125
-4.117511125280068,0.0007954057405115929,-3.19612500967127,4.878939327981453,-0.420997780516198,0.00133362748247394,,,-4.940177299930782,0.0002073841520351991
-4.106542242951392,0.0009196000436431,-3.185156127342594,4.84296077203433,-0.4100288981875219,0.001272863580763778,,,-4.929208417602106,0.0001697873716716173
-4.095573360622716,0.001060823001230226,-3.174187245013918,4.815889707757785,-0.3990600158588457,0.001211221241883406,,,-4.91823953527343,0.0001385890402364844
-4.08460447829404,0.001221012185622463,-3.163218362685241,4.798203634948842,-0.3880911335301695,0.001149103934597443,,,-4.907270652944753,0.000112783630504661
-4.073635595965364,0.001402265575953698,-3.152249480356565,4.79018833692001,-0.3771222512014933,0.001086899254162959,,,-4.896301770616077,9.150755154680712e-05
-4.062666713636688,0.001612620031922428,-3.141280598027889,4.793730350588215,-0.3661533688728172,0.001024975196159004,,,-4.764675182671963,0.0001203325472832497
-4.051697831308012,0.001844588294983267,-3.130311715699213,4.809085987941093,-0.355184486544141,0.000963676913260859,,,-4.753706300343286,0.0001499144085436995
-4.040728948979336,0.002105353372376682,-3.119342833370537,4.834919462672302,-0.3442156042154648,0.0009033239855744383,,,-4.74273741801461,0.0001839862187273228
-4.02976006665066,0.002397801657901747,-3.108373951041861,4.871353865215421,-0.3332467218867887,0.0008442082229731932,,,-4.731768535685934,0.0002322614817728328
-4.018791184321983,0.002725018544306095,-3.097405068713185,4.918449650900974,-0.3222778395581125,0.0007865920059712088,,,-4.720799653357258,0.0002923466579531479
-4.007822301993307,0.003090292132614402,-3.086436186384508,4.976203563224681,-0.3113089572294363,0.0007307071603176572,,,-4.709830771028582,0.0003669003440643733
-3.996853419664631,0.003497116027876449,-3.075467304055832,5.04454823083011,-0.3003400749007601,0.0006767543499713422,,,-4.698861888699906,0.0004591209870559057
-3.985884537335955,0.003949191156905766,-3.064498421727156,5.123352462248493,-0.2893711925720839,0.0006249029636314697,,,-4.68789300637123,0.0006278028449155769
-3.974915655007278,0.004450426547765206,-3.05352953939848,5.212422250253424,-0.2784023102434078,0.0005752914617390563,,,-4.676924124042554,0.000783083687037999
-3.963946772678602,0.005004939013763882,-3.042560657069804,5.311502484807663,-0.2674334279147316,0.0005280281439523557,,,-4.665955241713878,0.0009739806766317356
-3.952977890349926,0.005617051686054794,-3.031591774741127,5.420279360319898,-0.2564645455860554,0.0004831922916209242,,,-4.654986359385202,0.001207953611816175
-3.94200900802125,0.006291291338085428,-3.020622892412451,5.538383449628689,-0.2454956632573793,0.0004408356357708207,,,-4.644017477056525,0.001493854872422263
-3.931040125692574,0.007032384441732581,-3.009654010083775,5.665393404135304,-0.2345267809287031,0.0004009840985575761,,,-4.633048594727849,0.001842151204810674
-3.920071243363898,0.007845251888614523,-2.998685127755099,5.800894129933859,-0.2235578986000269,0.0003636397549924705,,,-4.622079712399173,0.002265172773598924
-3.909102361035222,0.008735002438950918,-2.987716245426423,5.944342189948274,-0.2125890162713507,0.000328782961913959,,,-4.611110830070497,0.002777391209482162
-3.898133478706545,0.009706924254704387,-2.976747363097747,6.095131402486598,-0.2016201339426746,0.0002963746025419391,,,-4.60014194774182,0.003395728150313516
-3.887164596377869,0.01076647510686241,-2.965778480769071,6.252724333401342,-0.1906512516139984,0.0002663583973762507,,,-4.589173065413144,0.004139895449486257
-3.876195714049193,0.01191927113396144,-2.954809598440394,6.416568670459842,-0.1796823692853222,0.0002386632355231696,,,-4.578204183084468,0.005032767799606436
-3.865226831720517,0.01317107331394219,-2.943840716111718,6.585948568666837,-0.168713486956646,0.0002132047374454359,,,-4.567235300755792,0.00610078797915058
-3.85425794939184,0.01452777203799444,-2.932871833783042,6.760320842588282,-0.1577446046279699,0.0001898906623984943,,,-4.556266418427116,0.007374404264975896
-3.843289067063164,0.0159955364490134,-2.921902951454366,6.938906003389644,-0.1467757222992937,0.0001686180464696892,,,-4.545297536098439,0.00888853875549165
-3.832320184734488,0.01758045886994107,-2.91093406912569,7.121250622177539,-0.1358068399706175,0.0001492788164752384,,,-4.534328653769763,0.01068308441155056
-3.821351302405812,0.01928853207042973,-2.899965186797013,7.306565952955335,-0.1248379576419413,0.0001317607321574005,,,-4.523359771441087,0.01280342754115864
-3.810382420077136,0.02112648073339862,-2.888996304468337,7.49701134237202,-0.1138690753132652,0.0001159491322996045,,,-4.512390889112411,0.01537635122270884
-3.799413537748459,0.02309962612753996,-2.878027422139661,7.691976241881431,-0.102900192984589,0.0001017285126532949,,,-4.501422006783735,0.01833037940042788
-3.788444655419783,0.0252145815788243,-2.867058539810985,7.888120098824063,-0.09193131065591281,8.898392869847328e-05,,,-4.490453124455058,0.02179043294418575
-3.777475773091107,0.02747750269620199,-2.856089657482308,8.084696554187577,1.026894686869057,0.000103918400674832,,,-4.479484242126382,0.02583079230977844
-3.766506890762431,0.02989455040379888,-2.845120775153632,8.281152485046507,1.037863569197733,0.0001195242278330916,,,-4.468515359797706,0.03053432522352722
-3.755538008433755,0.03247165263277637,-2.834151892824956,8.477038940788526,1.048832451526409,0.0001370614787758124,,,-4.45754647746903,0.03599307688658639
-3.744569126105079,0.03521445627131185,-2.82318301049628,8.671797006616641,1.059801333855086,0.0001567007636367259,,,-4.446577595140354,0.04236433356262926
-3.733600243776403,0.03812921364710591,-2.812214128167604,8.868601011440351,1.070770216183762,0.0001786172237255443,,,-4.435608712811677,0.04966476858284972
-3.722631361447726,0.04121986054831926,-2.801245245838928,9.066921662119304,1.081739098512438,0.0002029889517913592,,,-4.424639830483001,0.05806114388034763
-3.71166247911905,0.04449184743226033,-2.790276363510252,9.262762934463348,1.092707980841114,0.0002299951459520235,,,-4.413670948154325,0.0676883388370299
-3.700693596790374,0.04794962730912847,-2.779307481181576,9.455804703936119,1.10367686316979,0.0002598139962992256,,,-4.402702065825649,0.07869285164357867
-3.689724714461698,0.05159716471027297,-2.768338598852899,9.645620470876432,1.114645745498466,0.0002926203091265301,,,-4.391733183496973,0.09123301729559251
-3.678755832133022,0.05543786152580689,-2.757369716524223,9.832024437278108,1.125614627827143,0.0003285828803517143,,,-4.380764301168297,0.1054790967118871
-3.667786949804345,0.05947447917297798,-2.746400834195547,10.01469190928863,1.136583510155819,0.0003678616369158037,,,-4.369795418839621,0.1216132166887288
-3.656818067475669,0.06370905758881382,-2.735431951866871,10.19348632482288,1.147552392484495,0.0004106045726078001,,,-4.358826536510945,0.1398291404981489
-3.645849185146993,0.06814283166178289,-2.724463069538194,10.36834598521163,1.158521274813171,0.0004569445127226257,,,-4.347857654182269,0.1603318495241167
-3.634880302818317,0.07277614583998025,-2.713494187209518,10.53911185973599,1.169490157141847,0.0005069957500163693,,,-4.336888771853592,0.1833369174611218
-3.623911420489641,0.07760836777513634,-2.702525304880842,10.70574118553238,1.180459039470523,0.0005608506023561125,,,-4.325919889524916,0.2090696603203439
-3.612942538160965,0.082642007262428,-2.691556422552166,10.86959416012508,1.1914279217992,0.0006185759500269835,,,-4.31495100719624,0.237764047831768
-3.601973655832289,0.0878669943117848,-2.68058754022349,11.0305906478975,1.202396804127876,0.0006802098175948803,,,-4.303982124867564,0.2696613648141412
-3.591004773503612,0.09330335316408905,-2.669618657894814,11.1875815841551,1.213365686456552,0.0007457580712575577,,,-4.293013242538888,0.3050086147088541
-3.580035891174936,0.09894558756401348,-2.658649775566138,11.34076602578622,1.224334568785228,0.0008151913074757059,,,-4.282044360210211,0.3440843103726358
-3.56906700884626,0.1047665890369482,-2.647680893237462,11.49152734914418,1.235303451113904,0.0008884493501582833,,,-4.271075477881535,0.3870935488664239
-3.558098126517584,0.1107566723295231,-2.636712010908785,11.63994156481598,1.24627233344258,0.0009654114757512851,,,-4.260106595552859,0.4343667012784186
-3.547129244188908,0.1169125408072101,-2.625743128580109,11.78745161440175,1.257241215771257,0.001045932729857564,,,-4.249137713224183,0.4860559656420048
-3.536160361860231,0.1232122762853123,-2.614774246251433,11.93425194182343,1.268210098099933,0.001129818270699579,,,-4.238168830895507,0.5424493886916151
-3.525191479531555,0.1296645297816348,-2.603805363922757,12.0780492927507,1.279178980428609,0.001216828120448936,,,-4.22719994856683,0.6037823022629946
-3.514222597202879,0.136254707486488,-2.59283648159408,12.21916224725548,1.290147862757285,0.001306676860960665,,,-4.216231066238154,0.6702781198444339
-3.503253714874203,0.1429519261394173,-2.581867599265404,12.35944795997513,1.301116745085961,0.001399034040336029,,,-4.205262183909478,0.7421450829547641
-3.492284832545527,0.1497345920267589,-2.570898716936728,12.49916196018225,1.312085627414638,0.001493525340543157,,,-4.194293301580802,0.8195729332274762
-3.48131595021685,0.1565851962639268,-2.559929834608052,12.6369749315602,1.323054509743314,0.001589734525658415,,,-4.183324419252126,0.9027295599688462
-3.470347067888174,0.1634831050462614,-2.548960952279376,12.77304790491572,1.33402339207199,0.001687206205893838,,,-4.172355536923449,0.9917576775886866
-3.459378185559498,0.1704063623897369,-2.537992069950699,12.90845036773376,1.344992274400666,0.001786138592252606,,,-4.161386654594773,1.08677159099724
-3.448409303230822,0.1773369387799837,-2.527023187622023,13.04592235583734,1.355961156729342,0.001884825273601872,,,-4.150417772266097,1.187854109635073
-3.437440420902146,0.1842417240966887,-2.516054305293348,13.18521333558012,1.366930039058018,0.001983264326025995,,,-4.139448889937421,1.295053672087836
-3.42647153857347,0.1910995842853974,-2.505085422964671,13.32407599172857,1.377898921386695,0.002080899790375126,,,-4.128480007608744,1.408381743094038
-3.415502656244794,0.1978846276155183,-2.494116540635995,13.46293477918956,1.388867803715371,0.002177164705232332,,,-4.117511125280068,1.527810543074934
-3.404533773916117,0.2045704067574477,-2.483147658307319,13.60208446142899,1.399836686044047,0.002271488649428715,,,-4.106542242951392,1.65327116703493
-3.393564891587441,0.2111301422076318,-2.472178775978643,13.74196538687475,1.410805568372723,0.002363347312683743,,,-4.095573360622716,1.784652144778386
-3.382596009258765,0.2175369691838869,-2.461209893649966,13.8830094092878,1.421774450701399,0.002452116608280364,,,-4.08460447829404,1.921798487894541
-3.371627126930089,0.2237642070323644,-2.45024101132129,14.02567656424994,1.432743333030075,0.002537298493599517,,,-4.073635595965364,2.064511260959813
-3.360658244601413,0.2298062159361015,-2.439272128992614,14.17043345752179,1.443712215358752,0.002618393469754824,,,-4.062666713636688,2.21258562322895
-3.349689362272736,0.2356373889193952,-2.428303246663938,14.31784154895381,1.454681097687428,0.002694941792150867,,,-4.051697831308012,2.36567052903083
-3.33872047994406,0.2413513044570817,-2.417334364335262,14.46839888774365,1.465649980016104,0.002766532254864122,,,-4.040728948979336,2.523468287476591
-3.327751597615384,0.2469234925138752,-2.406365482006585,14.62272630173029,1.47661886234478,0.002832810697756235,,,-4.02976006665066,2.685611817536179
-3.316782715286708,0.2521912428365094,-2.395396599677909,14.7847928858494,1.487587744673456,0.002893488098449013,,,-4.018791184321983,2.851696560775963
-3.305813832958032,0.2571329010028413,-2.384427717349233,14.95517393865758,1.498556627002132,0.002948348119139954,,,-4.007822301993307,3.021283422293419
-3.294844950629356,0.261729443710106,-2.373458835020557,15.13096885894477,1.509525509330809,0.002997323978087376,,,-3.996853419664631,3.193902193803724
-3.28387606830068,0.2659648714741744,-2.362489952691881,15.31272471236988,1.520494391659485,0.003040244321506192,,,-3.985884537335955,3.369055405077268
-3.272907185972003,0.2698267498080522,-2.351521070363205,15.503699327395,1.531463273988161,0.003077204481685407,,,-3.974915655007278,3.546222539749426
-3.261938303643327,0.2733059724794619,-2.340552188034529,15.70440350098202,1.542432156316837,0.003108340853200721,,,-3.963946772678602,3.72486454278878
-3.250969421314651,0.2763979379748263,-2.329583305705852,15.9125932171772,1.553401038645513,0.003138216383822068,,,-3.952977890349926,3.90442853991647
-3.240000538985975,0.2791023234946114,-2.318614423377176,16.12871195924382,1.564369920974189,0.003167128710544987,,,-3.94200900802125,4.0843526842684
-3.229031656657299,0.2814234726927101,-2.3076455410485,16.35316875576793,1.575338803302866,0.003191112146629237,,,-3.931040125692574,4.264071042774725
-3.218062774328622,0.2833706115380513,-2.296676658719824,16.58632870522798,1.586307685631542,0.003210633519291775,,,-3.920071243363898,4.443018434219718
-3.207093891999946,0.2849580108392749,-2.285707776391148,16.83105449466592,1.597276567960218,0.003226265094115327,,,-3.909102361035222,4.621298690827231
-3.19612500967127,0.2862051030122445,-2.274738894062471,17.08929526544902,1.608245450288894,0.003238684165931762,,,-3.898133478706545,4.798356051904956
-3.185156127342594,0.287136468949153,-2.263770011733795,17.35861177211458,1.61921433261757,0.003248671708076194,,,-3.887164596377869,4.972979448286917
-3.174187245013918,0.2877818778099275,-2.252801129405119,17.63729314424862,1.630183214946247,0.003257110126404626,,,-3.876195714049193,5.144639608428057
-3.163218362685241,0.2881775744347053,-2.241832247076443,17.92777567893067,1.641152097274923,0.003264980171689115,,,-3.865226831720517,5.312829090929842
-3.152249480356565,0.2883607575407596,-2.230863364747767,18.22986056989194,1.652120979603599,0.003273357067343693,,,-3.85425794939184,5.477065403848735
-3.141280598027889,0.2886509655243663,-2.21989448241909,18.54068235656614,1.663089861932275,0.003283405908720415,,,-3.843289067063164,5.6395161770756
-3.130311715699213,0.2890942881678242,-2.208925600090414,18.85985850923214,1.674058744260951,0.003296376385458892,,,-3.832320184734488,5.799732499365302
-3.119342833370537,0.2894641019113827,-2.197956717761738,19.18680437673451,1.685027626589627,0.003313596869778286,,,-3.821351302405812,5.954650815883429
-3.108373951041861,0.2898113639287978,-2.186987835433062,19.52084939403688,1.695996508918304,0.003336467901568046,,,-3.810382420077136,6.103921839783294
-3.097405068713185,0.2901899852096865,-2.176018953104386,19.86120371424299,1.70696539124698,0.003366455086254414,,,-3.799413537748459,6.24707180644874
-3.086436186384508,0.2906562549262338,-2.16505007077571,20.20695840368575,1.717934273575656,0.003405081404465523,,,-3.788444655419783,6.383808816761331
-3.075467304055832,0.2912681956555894,-2.154081188447034,20.55708726487219,1.728903155904332,0.003453918914418657,,,-3.777475773091107,6.513830934810364
-3.064498421727156,0.2920848554900687,-2.143112306118357,20.91045032700346,1.739872038233008,0.00351457980976939,,,-3.766506890762431,6.63948099482903
-3.05352953939848,0.293165544521163,-2.132143423789681,21.26579900865584,1.750840920561684,0.003588706778548519,,,-3.755538008433755,6.760503262985279
-3.042560657069804,0.2945690245777554,-2.121174541461005,21.62178292137765,1.761809802890361,0.003677962593975622,,,-3.744569126105079,6.874042790358032
-3.031591774741127,0.2963526624028039,-2.110205659132329,21.9769582474759,1.772778685219037,0.003784018856588927,,,-3.733600243776403,6.979964141651353
-3.020622892412451,0.2985715576357938,-2.099236776803653,22.32979759117426,1.783747567547713,0.00390854380043478,,,-3.722631361447726,7.07795603019269
-3.009654010083775,0.3012776580015302,-2.088267894474976,22.67870117060763,1.794716449876389,0.00405318907508134,,,-3.71166247911905,7.167931032821771
-2.998685127755099,0.3045195652234741,-2.0772990121463,23.02456856149523,1.805685332205065,0.004219575420872717,,,-3.700693596790374,7.249772634287423
-2.987716245426423,0.3083391139354306,-2.066330129817624,23.36908512564895,1.816654214533741,0.004409277167830385,,,-3.689724714461698,7.323393619656456
-2.976747363097747,0.3127740824227981,-2.055361247488948,23.70790374203886,1.827623096862418,0.004623805509396958,,,-3.678755832133022,7.38873480931188
-2.965778480769071,0.3178552078289554,-2.044392365160272,24.03569943828559,1.838591979191094,0.004864590530971095,,,-3.667786949804345,7.445763789706431
-2.954809598440394,0.3236059323597211,-2.033423482831596,24.3531440976614,1.84956086151977,0.005132962009747217,,,-3.656818067475669,7.494473676124336
-2.943840716111718,0.3300417475403772,-2.02245460050292,24.65837052972917,1.860529743848446,0.005430129046251031,,,-3.645849185146993,7.534881938094356
-2.932871833783042,0.3371696602365415,-2.011485718174243,24.94958523605072,1.871498626177122,0.005757158638299959,,,-3.634880302818317,7.567029312119419
-2.921902951454366,0.3449875262667111,-2.000516835845567,25.22488873483892,1.882467508505798,0.006114953363714209,,,-3.623911420489641,7.590978820286028
-2.91093406912569,0.3534839468773767,-1.989547953516891,25.48259277308542,1.893436390834475,0.006504228397425609,,,-3.612942538160965,7.606845378177447
-2.899965186797013,0.3626378128833388,-1.978579071188215,25.72097373086678,1.904405273163151,0.006925488149842479,,,-3.601973655832289,7.614681756044972
-2.888996304468337,0.3724430308154158,-1.967610188859539,25.93574221915459,1.915374155491827,0.007379002874342015,,,-3.591004773503612,7.618215501040212
-2.878027422139661,0.3828589670424589,-1.956641306530862,26.12670619814888,1.926343037820503,0.007864785650293171,,,-3.580035891174936,7.617559727803256
-2.867058539810985,0.393813719805578,-1.945672424202186,26.29663574193388,1.937311920149179,0.008382570201657658,,,-3.56906700884626,7.609264350590069
-2.856089657482308,0.4052407354062382,-1.93470354187351,26.44294722265254,1.948280802477856,0.00893376913849501,,,-3.558098126517584,7.593403544965241
-2.845120775153632,0.4170742612540302,-1.923734659544834,26.56015735309053,1.959249684806532,0.009517479013039383,,,-3.547129244188908,7.570200313938086
-2.834151892824956,0.4292372272611369,-1.912765777216158,26.64718840945747,1.970218567135208,0.01013046408487489,,,-3.536160361860231,7.539718990134874
-2.82318301049628,0.4416450019807652,-1.901796894887481,26.70312342593109,1.981187449463884,0.01077111936769098,,,-3.525191479531555,7.504829683534358
-2.812214128167604,0.4542417726843341,-1.890828012558805,26.72974655981178,1.99215633179256,0.01143748219249726,,,-3.514222597202879,7.46572188938993
-2.801245245838928,0.46692983046917,-1.879859130230129,26.72723336201944,2.003125214121237,0.01212722697877428,,,-3.503253714874203,7.419988777138381
-2.790276363510252,0.4795715855507724,-1.868890247901453,26.69245155535823,2.014094096449913,0.01283766463362789,,,-3.492284832545527,7.367783519282045
-2.779307481181576,0.4920611687951373,-1.857921365572777,26.62700547717791,2.025062978778589,0.01356574702304726,,,-3.48131595021685,7.309381282724495
-2.768338598852899,0.5042904491750452,-1.846952483244101,26.53074549537358,2.036031861107265,0.01430807688499148,,,-3.470347067888174,7.245057176470567
-2.757369716524223,0.5161505496422986,-1.835983600915424,26.40370928380522,2.047000743435941,0.01506092346315135,,,-3.459378185559498,7.175130022508758
-2.746400834195547,0.5275325313590663,-1.825014718586748,26.24603539209601,2.057969625764617,0.01582024403440241,,,-3.448409303230822,7.099970528537668
-2.735431951866871,0.5383296626136034,-1.814045836258072,26.05540745216083,2.068938508093293,0.0165817113843331,,,-3.437440420902146,7.019856098818159
-2.724463069538194,0.5484382321165799,-1.803076953929396,25.83545004671505,2.07990739042197,0.01734074715650259,,,-3.42647153857347,6.935231518247011
-2.713494187209518,0.5577589566212793,-1.79210807160072,25.58845619103932,2.090876272750646,0.01809256086545172,,,-3.415502656244794,6.84652749812866
-2.702525304880842,0.5661983601466044,-1.781139189272044,25.31189666593666,2.101845155079322,0.01883219422455317,,,-3.404533773916117,6.754205718642507
-2.691556422552166,0.5738698031107818,-1.770170306943367,25.00824453791872,2.112814037407998,0.01955457030143663,,,-3.393564891587441,6.658758105741782
-2.68058754022349,0.5806927873608289,-1.759201424614691,24.67843442338266,2.123782919736674,0.02025454688002675,,,-3.382596009258765,6.560705786173669
-2.669618657894814,0.5863979610868847,-1.748232542286015,24.3211482684919,2.134751802065351,0.02092697328329088,,,-3.371627126930089,6.460597715727483
-2.658649775566138,0.5909177716177482,-1.737263659957339,23.93748482117917,2.145720684394027,0.02156674979861471,,,-3.360658244601413,6.360321771321143
-2.647680893237462,0.5942362383505202,-1.726294777628663,23.53003773098946,2.156689566722703,0.0221692371726923,,,-3.349689362272736,6.260465309128334
-2.636712010908785,0.5963130920490055,-1.715325895299987,23.10014255526954,2.167658449051379,0.02272961832539485,,,-3.33872047994406,6.162994471660723
-2.625743128580109,0.5973756523150306,-1.70435701297131,22.64653009149051,2.178627331380055,0.02324295962742952,,,-3.327751597615384,6.068502141374151
-2.614774246251433,0.5974054166063456,-1.693388130642634,22.1707563441959,2.189596213708731,0.02370497063036976,,,-3.316782715286708,5.974966325071589
-2.603805363922757,0.596104487518452,-1.682419248313958,21.67432643008655,2.200565096037407,0.02411171270798963,,,-3.305813832958032,5.882861828046122
-2.59283648159408,0.5934778814601824,-1.671450365985282,21.1588791354019,2.211533978366084,0.02445965234214242,,,-3.294844950629356,5.792860374537073
-2.581867599265404,0.5896473891765964,-1.660481483656606,20.62610045113599,2.22250286069476,0.02474570959801059,,,-3.28387606830068,5.705586260274473
-2.570898716936728,0.5846415535681914,-1.64951260132793,20.07783074015313,2.233471743023436,0.02496730083373374,,,-3.272907185972003,5.621728025331297
-2.559929834608052,0.578394919683857,-1.638543718999253,19.51930381772809,2.244440625352112,0.02512237479405033,,,-3.261938303643327,5.541820086509892
-2.548960952279376,0.5709583518519463,-1.627574836670577,18.95237582462204,2.255409507680788,0.02520944136264711,,,-3.250969421314651,5.466540926421422
-2.537992069950699,0.5623942161664355,-1.616605954341901,18.37804187418046,2.266378390009465,0.02526031524269789,,,-3.240000538985975,5.396519114689574
-2.527023187622023,0.5530169062721385,-1.605637072013225,17.79815809488258,2.277347272338141,0.02527438799134969,,,-3.229031656657299,5.332373834571047
-2.516054305293348,0.5429049837203448,-1.594668189684549,17.21383966049989,2.288316154666817,0.02521863634801882,,,-3.218062774328622,5.274710254380393
-2.505085422964671,0.5318976685627222,-1.583699307355872,16.6269046222376,2.299285036995493,0.0250933666930553,,,-3.207093891999946,5.224169515097342
-2.494116540635995,0.5200942009133075,-1.572730425027196,16.03970977365952,2.310253919324169,0.02489948737448008,,,-3.19612500967127,5.181256419741156
-2.483147658307319,0.5075747455508703,-1.56176154269852,15.45408835107295,2.321222801652846,0.02463849516478048,,,-3.185156127342594,5.146485849898439
-2.472178775978643,0.49444648904706,-1.550792660369844,14.86960452004748,2.332191683981522,0.02431442427096095,,,-3.174187245013918,5.120387803123638
-2.461209893649966,0.4808127102507508,-1.539823778041168,14.28803127481099,2.343160566310198,0.02392985666646557,,,-3.163218362685241,5.103481634437901
-2.45024101132129,0.4667786037328296,-1.528854895712492,13.71110679758392,2.354129448638874,0.02348588505514469,,,-3.152249480356565,5.096091867557581
-2.439272128992614,0.4524497497281761,-1.517886013383815,13.14052429314824,2.36509833096755,0.02298713571063436,,,-3.141280598027889,5.10043636421706
-2.428303246663938,0.4379323805719272,-1.506917131055139,12.57794152958699,2.376067213296226,0.02243563407002572,,,-3.130311715699213,5.116821571657511
-2.417334364335262,0.4233277370399298,-1.495948248726463,12.02619216976541,2.387036095624902,0.02183653717473529,,,-3.119342833370537,5.143682525068489
-2.406365482006585,0.4087422499184032,-1.484979366397787,11.48742824639072,2.398004977953579,0.02119444058937844,,,-3.108373951041861,5.18119711002583
-2.395396599677909,0.3942708617375945,-1.474010484069111,10.96167975700045,2.408973860282255,0.02051417966805213,,,-3.097405068713185,5.229483409682991
-2.384427717349233,0.3800070331184788,-1.463041601740435,10.44970180871638,2.419942742610931,0.019800768694762,,,-3.086436186384508,5.288598018602835
-2.373458835020557,0.3660390527501908,-1.452072719411758,9.952600233592804,2.430911624939607,0.01906266291173293,,,-3.075467304055832,5.358534959452919
-2.362489952691881,0.352449376251711,-1.441103837083082,9.471441778030179,2.441880507268283,0.01830502198929869,,,-3.064498421727156,5.439225232994112
-2.351521070363205,0.3393217109156271,-1.430134954754406,9.007129948700385,2.45284938959696,0.01752965205964555,,,-3.05352953939848,5.530537021118664
-2.340552188034529,0.3267252323028712,-1.41916607242573,8.56058651300707,2.463818271925636,0.01674162727480696,,,-3.042560657069804,5.632276551262742
-2.329583305705852,0.3147142548415653,-1.408197190097054,8.132447490421407,2.474787154254312,0.01594591506094841,,,-3.031591774741127,5.744189618614576
-2.318614423377176,0.3033433542281863,-1.397228307768378,7.723271563211533,2.485756036582988,0.01514736772173443,,,-3.020622892412451,5.865963750468796
-2.3076455410485,0.2926596152663232,-1.386259425439701,7.333480137716688,2.496724918911664,0.01435057197963681,,,-3.009654010083775,5.997230985156218
-2.296676658719824,0.2827026155302799,-1.375290543111025,6.963355883456115,2.50769380124034,0.01355992108321146,,,-2.998685127755099,6.137626907945042
-2.285707776391148,0.2735045013790531,-1.364321660782349,6.613000875883121,2.518662683569016,0.01277954849317897,,,-2.987716245426423,6.286650185250096
-2.274738894062471,0.2650908007799349,-1.353352778453673,6.28248631173541,2.529631565897693,0.01201330422454326,,,-2.976747363097747,6.443730467799322
-2.263770011733795,0.2574793497948182,-1.342383896124997,5.971693759126744,2.540600448226369,0.011264737488717,,,-2.965778480769071,6.608361832404255
-2.252801129405119,0.2506805964896312,-1.331415013796321,5.680329358952226,2.551569330555045,0.01053708561611701,,,-2.954809598440394,6.780016222995891
-2.241832247076443,0.2447675804544912,-1.320446131467644,5.407969756089309,2.562538212883721,0.009833269119911642,,,-2.943840716111718,6.957988495114263
-2.230863364747767,0.2397384602501991,-1.309477249138968,5.15420687774608,2.573507095212397,0.0091558926512502,,,-2.932871833783042,7.141743272161555
-2.21989448241909,0.2355124805075814,-1.298508366810292,4.918379550685151,2.584475977541074,0.008507671941324782,,,-2.921902951454366,7.330493644650404
-2.208925600090414,0.2320866714830776,-1.287539484481616,4.69977996259068,2.59544485986975,0.007889882049134812,,,-2.91093406912569,7.523772843433195
-2.197956717761738,0.2294378705736231,-1.27657060215294,4.497611390234066,2.606413742198426,0.007304572246790769,,,-2.899965186797013,7.720767036911759
-2.186987835433062,0.2275447211107299,-1.265601719824264,4.31099976083438,2.617382624527102,0.006753204838171656,,,-2.888996304468337,7.923631081389236
-2.176018953104386,0.2263824338244833,-1.254632837495587,4.139005943678428,2.628351506855779,0.006237006149788453,,,-2.878027422139661,8.131709998525572
-2.16505007077571,0.2259233173856005,-1.243663955166911,3.980638592310552,2.639320389184455,0.005758013762776557,,,-2.867058539810985,8.341579012159942
-2.154081188447034,0.2261372978360197,-1.232695072838235,3.834867346922546,2.650289271513131,0.005315310839207031,,,-2.856089657482308,8.552419591742025
-2.143112306118357,0.2269924206734809,-1.221726190509559,3.70063619966162,2.661258153841807,0.004910393074077654,,,-2.845120775153632,8.763607257425418
-2.132143423789681,0.2284553299733897,-1.210757308180883,3.576876822593239,2.672227036170483,0.004543846895391848,,,-2.834151892824956,8.97460979710241
-2.121174541461005,0.2304917195307956,-1.199788425852206,3.462521659075651,2.683195918499159,0.004216175266672698,,,-2.82318301049628,9.184777303141388
-2.110205659132329,0.2330667515808565,-1.18881954352353,3.356516584299359,2.694164800827835,0.003927829245897265,,,-2.812214128167604,9.397244657973294
-2.099236776803653,0.2361454392066732,-1.177850661194854,3.257832949597974,2.705133683156511,0.003679238534224433,,,-2.801245245838928,9.61137677938742
-2.088267894474976,0.2396929890719117,-1.166881778866178,3.165478837636977,2.716102565485188,0.003471234616724705,,,-2.790276363510252,9.82301197121209
-2.0772990121463,0.2437078761004338,-1.155912896537502,3.078467440602874,2.727071447813864,0.003303611915753187,,,-2.779307481181576,10.0317188557165
-2.066330129817624,0.2481569913050605,-1.144944014208826,2.995947472574113,2.73804033014254,0.003177213335058536,,,-2.768338598852899,10.23695453169448
-2.055361247488948,0.2529831708437618,-1.133975131880149,2.918481426938216,2.749009212471216,0.003092656305462556,,,-2.757369716524223,10.4384206907978
-2.044392365160272,0.2581385033469557,-1.123006249551473,2.845233347509314,2.759978094799893,0.003050657369724927,,,-2.746400834195547,10.63567608504255
-2.033423482831596,0.2635991537486672,-1.112037367222797,2.774146786067074,2.770946977128569,0.003052046367332312,,,-2.735431951866871,10.8284736799536
-2.02245460050292,0.2693357979293222,-1.101068484894121,2.704694435706404,2.781915859457245,0.003097776562639389,,,-2.724463069538194,11.01664549806008
-2.011485718174243,0.275335755740673,-1.090099602565445,2.638223570949455,2.792884741785921,0.003188930489553967,,,-2.713494187209518,11.19992728236299
-2.000516835845567,0.281550141393172,-1.079130720236768,2.57435893395874,2.803853624114597,0.003326721348379989,,,-2.702525304880842,11.37818148861742
-1.989547953516891,0.2879619335234405,-1.068161837908092,2.510628739536646,2.814822506443273,0.003512489855937138,,,-2.691556422552166,11.55288167251715
-1.978579071188215,0.2945472375173071,-1.057192955579416,2.446812539239542,2.825791388771949,0.003747696518586547,,,-2.68058754022349,11.72386554513397
-1.967610188859539,0.3012825395046795,-1.04622407325074,2.382623640069987,2.836760271100625,0.004033909369116788,,,-2.669618657894814,11.88971426552749
-1.956641306530862,0.3081571521100302,-1.035255190922064,2.317888725455418,2.847729153429302,0.004372787282228922,,,-2.658649775566138,12.05056096748628
-1.945672424202186,0.3153353962360866,-1.024286308593388,2.252505400775622,2.858698035757978,0.004766059059044998,,,-2.647680893237462,12.20780615571339
-1.93470354187351,0.3227845422049851,-1.013317426264711,2.186593996412034,2.869666918086654,0.005215466124072101,,,-2.636712010908785,12.36148756040656
-1.923734659544834,0.3302947206783275,-1.002348543936035,2.120120702607397,2.88063580041533,0.005722870998536837,,,-2.625743128580109,12.51329874801324
-1.912765777216158,0.3378422490774576,-0.9913796616073591,2.053197469774775,2.891604682744007,0.006290007652508644,,,-2.614774246251433,12.66341992278534
-1.901796894887481,0.3454033932850685,-0.9804107792786829,1.985985066949185,2.902573565072683,0.006918602100946495,,,-2.603805363922757,12.80921510243908
-1.890828012558805,0.3529621346136156,-0.9694418969500067,1.918642783584088,2.913542447401359,0.007610294183013369,,,-2.59283648159408,12.95101373167967
-1.879859130230129,0.3604953325799244,-0.9584730146213306,1.851489254134909,2.924511329730035,0.008366599495191775,,,-2.581867599265404,13.0908112162238
-1.868890247901453,0.3679686967247032,-0.9475041322926544,1.784753673326811,2.935480212058711,0.009188870472180978,,,-2.570898716936728,13.22889877380941
-1.857921365572777,0.3753569040672909,-0.9365352499639782,1.718657439296137,2.946449094387388,0.01007825733284417,,,-2.559929834608052,13.36388027824109
-1.846952483244101,0.3826336091744037,-0.9255663676353021,1.653579234064579,2.957417976716064,0.01103566963755404,,,-2.548960952279376,13.4959742455568
-1.835983600915424,0.3897795930645611,-0.9145974853066259,1.58971341433558,2.96838685904474,0.01206173921751779,,,-2.537992069950699,13.62632256842089
-1.825014718586748,0.3967670614133444,-0.9036286029779497,1.527430607685642,2.979355741373416,0.01315678523435283,,,-2.527023187622023,13.75801088550331
-1.814045836258072,0.4035594146060825,-0.8926597206492736,1.466948312673822,2.990324623702092,0.01432078210799393,,,-2.516054305293348,13.89087694155523
-1.803076953929396,0.4101286151721546,-0.8816908383205974,1.408465565520198,3.001293506030768,0.01555333101205465,,,-2.505085422964671,14.02249960458043
-1.79210807160072,0.4164456386822265,-0.8707219559919211,1.35229798404148,3.012262388359444,0.01685363557770343,,,-2.494116540635995,14.15341213665908
-1.781139189272044,0.4224807689181667,-0.859753073663245,1.298642194477634,3.023231270688121,0.01822048237023007,,,-2.483147658307319,14.28399897193768
-1.770170306943367,0.4282112663548459,-0.8487841913345688,1.247574671281691,3.034200153016797,0.01965222660773401,,,-2.472178775978643,14.4148170605269
-1.759201424614691,0.4336167961680097,-0.8378153090058926,1.199355976036169,3.045169035345473,0.02114678348043285,,,-2.461209893649966,14.54641068427175
-1.748232542286015,0.4388145880255946,-0.8268464266772165,1.153994186858181,3.056137917674149,0.02270162530435076,,,-2.45024101132129,14.67935384824298
-1.737263659957339,0.4437788721865841,-0.8158775443485403,1.111594025649232,3.067106800002825,0.02431378460766789,,,-2.439272128992614,14.81422700196591
-1.726294777628663,0.4483277561876486,-0.8049086620198641,1.072113804912871,3.078075682331502,0.0259798573972171,,,-2.428303246663938,14.95170552763762
-1.715325895299987,0.4524409359176962,-0.793939779691188,1.035635213588207,3.089044564660178,0.0276960419462392,,,-2.417334364335262,15.09239564514209
-1.70435701297131,0.4560952603199535,-0.7829708973625118,1.002056632565578,3.100013446988854,0.02945812046321836,,,-2.406365482006585,15.23703067223633
-1.693388130642634,0.4592880337401554,-0.7720020150338356,0.9712965621054009,3.11098232931753,0.03126177350822631,,,-2.395396599677909,15.38972455528148
-1.682419248313958,0.4620051009408669,-0.7610331327051594,0.9432418805485743,3.121951211646206,0.03310162696631216,,,-2.384427717349233,15.55114960518864
-1.671450365985282,0.4642441081922029,-0.7500642503764833,0.9177507923140201,3.132920093974882,0.03497265600079084,,,-2.373458835020557,15.71845054930513
-1.660481483656606,0.4660072477945663,-0.7390953680478071,0.8946561847401583,3.143888976303558,0.03686935922531327,,,-2.362489952691881,15.89225751308
-1.64951260132793,0.4673090147021237,-0.7281264857191309,0.8737693097889515,3.154857858632235,0.03878600042346958,,,-2.351521070363205,16.07593331059741
-1.638543718999253,0.4681670221335907,-0.7171576033904548,0.8548274966730082,3.165826740960911,0.0407166473940492,,,-2.340552188034529,16.27005538046092
-1.627574836670577,0.4686065260729077,-0.7061887210617785,0.8377356753023169,3.176795623289587,0.04265768883186177,,,-2.329583305705852,16.4724075890432
-1.616605954341901,0.4686939614887734,-0.6952198387331023,0.8221505699113411,3.187764505618263,0.04459812310961835,,,-2.318614423377176,16.68348198078989
-1.605637072013225,0.4684654932053746,-0.6842509564044262,0.8079314933275021,3.198733387946939,0.04653481761663358,,,-2.3076455410485,16.90372690801248
-1.594668189684549,0.4679418310826755,-0.67328207407575,0.7947605616553474,3.209702270275616,0.04846079860347126,,,-2.296676658719824,17.13353748114717
-1.583699307355872,0.4671725453813927,-0.6623131917470738,0.7824681288817085,3.220671152604292,0.05036977514950602,,,-2.285707776391148,17.3758472014714
-1.572730425027196,0.4666486034289261,-0.6513443094183977,0.7707545700600779,3.231640034932968,0.05225548084677653,,,-2.274738894062471,17.63261698616994
-1.56176154269852,0.4664339834438974,-0.6403754270897215,0.7594842551579849,3.242608917261644,0.05411170138693292,,,-2.263770011733795,17.90135924220623
-1.550792660369844,0.4661649907859299,-0.6294065447610453,0.7484060991740923,3.25357779959032,0.05593226650710088,,,-2.252801129405119,18.18035556437715
-1.539823778041168,0.4659121346606981,-0.6184376624323692,0.7373312347394355,3.264546681918997,0.05771120739236585,,,-2.241832247076443,18.47216677878396
-1.528854895712492,0.4657497926912607,-0.607468780103693,0.7260883094795667,3.275515564247673,0.05944602057268359,,,-2.230863364747767,18.77656995490536
-1.517886013383815,0.4657551291144693,-0.5964998977750168,0.7145254010335738,3.286484446576349,0.06117749906129435,,,-2.21989448241909,19.09052279545764
-1.506917131055139,0.4660143394676807,-0.5855310154463407,0.7034537707787585,3.297453328905025,0.06290226520038922,,,-2.208925600090414,19.41361377473276
-1.495948248726463,0.4665936033494585,-0.5745621331176645,0.6927346345448928,3.308422211233701,0.064562260734673,,,-2.197956717761738,19.74520720029394
-1.484979366397787,0.4675766607291807,-0.5635932507889883,0.6813588743588219,3.319391093562377,0.06614986381061266,,,-2.186987835433062,20.08458208036508
-1.474010484069111,0.469038833423896,-0.5526243684603122,0.6692429367040138,3.330359975891053,0.06765981637766223,,,-2.176018953104386,20.4308935547545
-1.463041601740435,0.4710513090785154,-0.5416554861316359,0.6563162833662262,3.34132885821973,0.06908646803430764,,,-2.16505007077571,20.78317381399935
-1.452072719411758,0.4736796150897555,-0.5306866038029597,0.6425447728222068,3.352297740548406,0.07042441482112248,,,-2.154081188447034,21.14033465338984
-1.441103837083082,0.4769821133010547,-0.5197177214742836,0.6279162152194274,3.363266622877082,0.0716687655708018,,,-2.143112306118357,21.50117169353578
-1.430134954754406,0.4810084221932756,-0.5087488391456074,0.6124393163847464,3.374235505205758,0.07281481589439963,,,-2.132143423789681,21.86437026423408
-1.41916607242573,0.4857985775025955,-0.4977799568169313,0.5961423258284246,3.385204387534434,0.07385835255765347,,,-2.121174541461005,22.22851291280784
-1.408197190097054,0.4913809398180376,-0.4868110744882551,0.5790714289241883,3.396173269863111,0.07479896977800193,,,-2.110205659132329,22.592088462869
-1.397228307768378,0.4977716884405486,-0.4758421921595789,0.5612889258653945,3.407142152191787,0.07563341745133942,,,-2.099236776803653,22.95350251565569
-1.386259425439701,0.5049737322011054,-0.4648733098309027,0.5428712414883887,3.418111034520463,0.07635565989478359,,,-2.088267894474976,23.31108925471204
-1.375290543111025,0.5129759830633452,-0.4539044275022265,0.5239068106271496,3.429079916849139,0.07696364488744628,,,-2.0772990121463,23.66576821100153
-1.364321660782349,0.5217528544675994,-0.4429355451735504,0.5044938833482021,3.440048799177815,0.07745603398223515,,,-2.066330129817624,24.0192397790495
-1.353352778453673,0.5312639925823899,-0.4319666628448742,0.4847382932600253,3.451017681506491,0.07783227380024559,,,-2.055361247488948,24.36701904632814
-1.342383896124997,0.5414543213166428,-0.420997780516198,0.4647512301623667,3.461986563835167,0.07809266972802061,,,-2.044392365160272,24.7036278219817
-1.331415013796321,0.5522542376724114,-0.4100288981875219,0.444647055678655,3.472955446163844,0.07823846078609857,,,-2.033423482831596,25.02977657539039
-1.320446131467644,0.5635790822178153,-0.3990600158588457,0.4245411972923366,3.48392432849252,0.07827189420824315,,,-2.02245460050292,25.34354463518849
-1.309477249138968,0.5753346611415719,-0.3880911335301695,0.4045481524885544,3.494893210821196,0.07819629806670746,,,-2.011485718174243,25.64308648225702
-1.298508366810292,0.5874107944210858,-0.3771222512014933,0.3847796305959051,3.505862093149872,0.07803611333295607,,,-2.000516835845567,25.92643353201158
-1.287539484481616,0.5996879856812746,-0.3661533688728172,0.3653428555423997,3.516830975478548,0.07779715103620941,,,-1.989547953516891,26.19179738740622
-1.27657060215294,0.6120375347632802,-0.355184486544141,0.3463390481987094,3.527799857807225,0.0774655333590004,,,-1.978579071188215,26.43741579893199
-1.265601719824264,0.6243232956087473,-0.3442156042154648,0.3278621023909744,3.538768740135901,0.07704942131252281,,,-1.967610188859539,26.6589584079339
-1.254632837495587,0.6364036120246934,-0.3332467218867887,0.3099974641295828,3.549737622464577,0.07655810311642702,,,-1.956641306530862,26.85626197578053
-1.243663955166911,0.6481333981656457,-0.3222778395581125,0.2928212192156524,3.560706504793253,0.07605070660151374,,,-1.945672424202186,27.03227668848159
-1.232695072838235,0.6593663268782842,-0.3113089572294363,0.2763993902389021,3.571675387121929,0.07553886196187738,,,-1.93470354187351,27.1843368607159
-1.221726190509559,0.6699570861218532,-0.3003400749007601,0.2607874401421273,3.582644269450606,0.07498669813797017,,,-1.923734659544834,27.30672983293418
-1.210757308180883,0.6797636615892722,-0.2893711925720839,0.2460299760577629,3.593613151779282,0.07440817105115272,,,-1.912765777216158,27.39835910745151
-1.199788425852206,0.6886496024732159,-0.2784023102434078,0.2321606440657012,3.604582034107958,0.07381857054960235,,,-1.901796894887481,27.45829238595001
-1.18881954352353,0.6964862270899251,-0.2674334279147316,0.2192022029087131,3.615550916436634,0.07323445879366612,,,-1.890828012558805,27.48834876081554
-1.177850661194854,0.7031547258085594,-0.2564645455860554,0.2071667625482649,3.62651979876531,0.07267358469258352,,,-1.879859130230129,27.48869617661825
-1.166881778866178,0.7085481204279316,-0.2454956632573793,0.1960561717515929,3.637488681093986,0.07217348982669732,,,-1.868890247901453,27.45614561293365
-1.155912896537502,0.712572504810317,-0.2345267809287031,0.1858625376607279,3.648457563422662,0.0717631997847747,,,-1.857921365572777,27.39235208329819
-1.144944014208826,0.7151508621824596,-0.2235578986000269,0.1765688594852478,3.659426445751339,0.0714280150342778,,,-1.846952483244101,27.29716236946186
-1.133975131880149,0.7166384633482151,-0.2125890162713507,0.1681282018626774,3.670395328080015,0.07119623053029736,,,-1.835983600915424,27.17062647536414
-1.123006249551473,0.7169873468660222,-0.2016201339426746,0.1605555647703662,3.681364210408691,0.07108924587075983,,,-1.825014718586748,27.01288176687262
-1.112037367222797,0.7157464921793719,-0.1906512516139984,0.1537838519739066,3.692333092737367,0.0711286826439574,,,-1.814045836258072,26.82154120751286
-1.101068484894121,0.7129014056401666,-0.1796823692853222,0.1477678296472996,3.703301975066043,0.07133615039367062,,,-1.803076953929396,26.60030351752243
-1.090099602565445,0.7090724643708766,-0.168713486956646,0.1424249792042623,3.71427085739472,0.07173299685881611,,,-1.79210807160072,26.35146373820124
-1.079130720236768,0.7042778685050628,-0.1577446046279699,0.1377732365994327,3.725239739723396,0.0723400454406528,,,-1.781139189272044,26.07242261941605
-1.068161837908092,0.697933063402803,-0.1467757222992937,0.1337142831903305,3.736208622052072,0.0731773232494711,,,-1.770170306943367,25.76569063031676
-1.057192955579416,0.6900875147931264,-0.1358068399706175,0.1301892657399542,3.747177504380748,0.07426378344762816,,,-1.759201424614691,25.43221574512653
-1.04622407325074,0.6808079920060583,-0.1248379576419413,0.1271380811624497,3.758146386709424,0.07561702593007465,,,-1.748232542286015,25.07080461340248
-1.035255190922064,0.6701772965444716,-0.1138690753132652,0.1245002424449283,3.7691152690381,0.07725302066043858,,,-1.737263659957339,24.68256477037109
-1.024286308593388,0.6582905329064673,-0.102900192984589,0.122215691962093,3.780084151366776,0.07918583820359247,,,-1.726294777628663,24.26997046660314
-1.013317426264711,0.6452652393309517,-0.09193131065591281,0.120225554771999,3.791053033695453,0.0814273921577315,,,-1.715325895299987,23.83437259367977
-1.002348543936035,0.6312198907969345,-0.08096242832723664,0.1184728257730154,3.802021916024129,0.08398719828367791,,,-1.70435701297131,23.3744826299965
-0.9913796616073591,0.6162862809643561,-0.06999354599856046,0.1169029858647349,3.812990798352805,0.08687215514988567,,,-1.693388130642634,22.89188934852072
-0.9804107792786829,0.6006035082557258,-0.05902466366988429,0.1154645434793892,3.823959680681481,0.0900863510522031,,,-1.682419248313958,22.3881157370194
-0.9694418969500067,0.5843156572518707,-0.04805578134120812,0.1141094990281073,3.834928563010158,0.09363090182206887,,,-1.671450365985282,21.86483050898569
-0.9584730146213306,0.5675701669195126,-0.03708689901253194,0.1127937309329121,3.845897445338834,0.09750382390038069,,,-1.660481483656606,21.3237530046929
-0.9475041322926544,0.5505146684787909,-0.02611801668385577,0.1114773029868188,3.85686632766751,0.1016999467226609,,,-1.64951260132793,20.76676865667631
-0.9365352499639782,0.5332954619875016,-0.0151491343551796,0.1101246937976196,3.867835209996186,0.1062108680315164,,,-1.638543718999253,20.19920577818418
-0.9255663676353021,0.516055250258573,-0.004180252026503422,0.1087049500229398,3.878804092324862,0.1110249552035367,,,-1.627574836670577,19.62297288347918
-0.9145974853066259,0.4989323945595664,0.006788630302172752,0.107341343936674,3.889772974653539,0.1161375934989214,,,-1.616605954341901,19.03912519706105
-0.9036286029779497,0.4820543606538533,0.01775751263084892,0.1060108795763229,3.900741856982215,0.1215133647281501,,,-1.605637072013225,18.44957807859619
-0.8926597206492736,0.4655425754245629,0.0287263949595251,0.1045442563371071,3.911710739310891,0.1271489365992571,,,-1.594668189684549,17.85547320048055
-0.8816908383205974,0.449506895868684,0.03969527728820128,0.1029262944208355,3.922679621639567,0.1330047818480248,,,-1.583699307355872,17.25869761314355
-0.8707219559919211,0.4340453380019401,0.05066415961687745,0.1011462220184268,3.933648503968243,0.1390839144093822,,,-1.572730425027196,16.66211801636711
-0.859753073663245,0.4192429608410561,0.06163304194555362,0.09919748850714072,3.944617386296919,0.1453218903015784,,,-1.56176154269852,16.06764797071254
-0.8487841913345688,0.4051709998896578,0.07260192427422979,0.09707753129402479,3.955586268625595,0.151706158999479,,,-1.550792660369844,15.47450168854715
-0.8378153090058926,0.3918869389650795,0.08357080660290597,0.09478750226324152,3.966555150954272,0.158206307323784,,,-1.539823778041168,14.88453541526656
-0.8268464266772165,0.3794306762654242,0.09453968893158214,0.09233196008013791,3.977524033282948,0.1647911312190964,,,-1.528854895712492,14.29957266927449
-0.8158775443485403,0.3678360377253885,0.1055085712602583,0.08971853480809616,3.988492915611624,0.1714291317838264,,,-1.517886013383815,13.7213930208536
-0.8049086620198641,0.357113543397671,0.1164774535889345,0.08696663934205891,3.9994617979403,0.1780890407711737,,,-1.506917131055139,13.1517479739795
-0.793939779691188,0.347263114071574,0.1274463359176107,0.0840779138127343,4.010430680268977,0.1847403682856251,,,-1.495948248726463,12.59355115474315
-0.7829708973625118,0.3382714213095248,0.1384152182462868,0.08106641060697659,4.021399562597653,0.1913539646514784,,,-1.484979366397787,12.04904250246715
-0.7720020150338356,0.3301127299148764,0.149384100574963,0.07795212588950366,4.032368444926329,0.197915037084684,,,-1.474010484069111,11.51832102245059
-0.7610331327051594,0.322749911490036,0.1603529829036392,0.07475278878477105,4.043337327255005,0.2043987028273307,,,-1.463041601740435,11.00221566871279
-0.7500642503764833,0.3161356050701259,0.1713218652323154,0.07148703127270813,4.054306209583681,0.2107705416754275,,,-1.452072719411758,10.50189649417365
-0.7390953680478071,0.3102134991147678,0.1822907475609915,0.0681740484406857,4.065275091912357,0.2170121383613692,,,-1.441103837083082,10.01848693680669
-0.7281264857191309,0.3049197079791772,0.1932596298896677,0.06483328029015395,4.076243974241033,0.2231830050164168,,,-1.430134954754406,9.552936871471324
-0.7171576033904548,0.300184182789134,0.2042285122183439,0.0614841193468916,4.087212856569709,0.2291463580494563,,,-1.41916607242573,9.106204894647524
-0.7061887210617785,0.2959323318702549,0.2151973945470201,0.05814564768980224,4.098181738898385,0.2350734866356498,,,-1.408197190097054,8.678949886640979
-0.6952198387331023,0.29208571391848,0.2261662768756962,0.05483640634348929,4.109150621227061,0.2409650281384591,,,-1.397228307768378,8.271740744802608
-0.6842509564044262,0.2885661369636535,0.2371351592043724,0.05157419928868667,4.120119503555738,0.2467087862783867,,,-1.386259425439701,7.884994988912783
-0.67328207407575,0.2852931401927176,0.2481040415330486,0.04837593364625246,4.131088385884414,0.252316400341248,,,-1.375290543111025,7.518976672153512
-0.6623131917470738,0.2821881598481685,0.2590729238617248,0.04525749689857922,4.14205726821309,0.2578059350503402,,,-1.364321660782349,7.173753298728791
-0.6513443094183977,0.2791680410861731,0.2700418061904009,0.0422336713397158,4.153026150541766,0.2632020527641799,,,-1.353352778453673,6.849348831967633
-0.6403754270897215,0.2761759502107091,0.2810106885190771,0.03931808530365788,4.163995032870443,0.2685361157720642,,,-1.342383896124997,6.545579566358109
-0.6294065447610453,0.2731351618050425,0.2919795708477533,0.0365232001188901,4.174963915199119,0.2738462191800684,,,-1.331415013796321,6.262072536312096
-0.6184376624323692,0.2699836323710453,0.3029484531764294,0.03386033118416953,4.185932797527795,0.2792007667974943,,,-1.320446131467644,5.998308780448352
-0.607468780103693,0.2666657605596253,0.3139173355051056,0.03133970106146745,4.196901679856471,0.2847750055358655,,,-1.309477249138968,5.753778660178353
-0.5964998977750168,0.2631330405337175,0.3248862178337818,0.02897052204054905,4.207870562185147,0.2906533256707665,,,-1.298508366810292,5.527699247301808
-0.5855310154463407,0.2596985806321304,0.335855100162458,0.02674566769027313,4.218839444513824,0.2967172881583136,,,-1.287539484481616,5.319233113583398
-0.5745621331176645,0.2563262171290101,0.3468239824911342,0.02470702027454183,4.2298083268425,0.3031074999447346,,,-1.27657060215294,5.127444736644732
-0.5635932507889883,0.2526307503081514,0.3577928648198103,0.02284185348162969,4.240777209171176,0.3098533132317599,,,-1.265601719824264,4.951313881033806
-0.5526243684603122,0.2485893061326098,0.3687617471484865,0.02115680027696783,4.251746091499852,0.3170135692202766,,,-1.254632837495587,4.789749881798115
-0.5416554861316359,0.2441873026802442,0.3797306294771627,0.01965819490487018,4.262714973828528,0.3246729445713125,,,-1.243663955166911,4.641606617653958
-0.5306866038029597,0.2394182974313724,0.3906995118058388,0.01840673694873552,4.273683856157205,0.3329213817771468,,,-1.232695072838235,4.505697946530125
-0.5197177214742836,0.2342837047844061,0.401668394134515,0.01731515088222435,4.284652738485881,0.3418538318939727,,,-1.221726190509559,4.380813366473464
-0.5087488391456074,0.2287923950322424,0.4126372764631912,0.01643322866647073,4.295621620814557,0.351570001804037,,,-1.210757308180883,4.265733659883959
-0.4977799568169313,0.2229601876251481,0.4236061587918674,0.01576905519436186,4.306590503143233,0.3621744023779711,,,-1.199788425852206,4.159246278931833
-0.4868110744882551,0.2168092528276344,0.4345750411205435,0.0153316002216225,4.317559385471909,0.3737749819688014,,,-1.18881954352353,4.060160234814788
-0.4758421921595789,0.2103674368328251,0.4455439234492197,0.01513093185641366,4.328528267800586,0.3864846657012246,,,-1.177850661194854,3.967320263137777
-0.4648733098309027,0.2036675260210097,0.4565128057778959,0.01517842047846717,4.339497150129262,0.4004198327424203,,,-1.166881778866178,3.879620051922614
-0.4539044275022265,0.196746466339957,0.4674816881065721,0.01548693012171628,4.350466032457938,0.4157006184897943,,,-1.155912896537502,3.795971022809026
-0.4429355451735504,0.1896445537511918,0.4784505704352482,0.01607099450674769,4.361434914786614,0.4324506668409075,,,-1.144944014208826,3.715438872634127
-0.4319666628448742,0.1824046113440344,0.4894194527639244,0.01694697508383001,4.37240379711529,0.4507969539077404,,,-1.133975131880149,3.638936902701392
-0.420997780516198,0.1750711680896884,0.5003883350926006,0.01813319864546801,4.383372679443966,0.4708696035684221,,,-1.123006249551473,3.565573780694933
-0.4100288981875219,0.1676896533188768,0.5113572174212767,0.01965007229172369,4.394341561772642,0.492801683427414,,,-1.112037367222797,3.492835203717518
-0.3990600158588457,0.1603056198913339,0.5223260997499529,0.02152017378453657,4.405310444101318,0.5167289678843284,,,-1.101068484894121,3.420177577596478
-0.3880911335301695,0.152964007720698,0.5332949820786291,0.02376831561141677,4.416279326429994,0.5427896534699937,,,-1.090099602565445,3.349560965343206
-0.3771222512014933,0.1457084578636164,0.5442638644073052,0.02642158139600622,4.427248208758671,0.5711236834124285,,,-1.079130720236768,3.280626649150623
-0.3661533688728172,0.1385806858183796,0.5552327467359814,0.02950933364382818,4.438217091087347,0.6018879622194158,,,-1.068161837908092,3.210312754925105
-0.355184486544141,0.1316199210476236,0.5662016290646577,0.03306319219520942,4.449185973416023,0.6352249796676062,,,-1.057192955579416,3.138444949338105
-0.3442156042154648,0.1248624180822156,0.5771705113933338,0.0371169831709701,4.460154855744699,0.6712637370901893,,,-1.04622407325074,3.064799932307071
-0.3332467218867887,0.1183410429179637,0.58813939372201,0.04170665863474386,4.471123738073375,0.7101472148669483,,,-1.035255190922064,2.989283456014181
-0.3222778395581125,0.1120849368188414,0.5991082760506862,0.04687018765075232,4.482092620402052,0.7520164108729522,,,-1.024286308593388,2.911886931801211
-0.3113089572294363,0.1061192581216978,0.6100771583793623,0.05264741987674905,4.493061502730728,0.7970126343560069,,,-1.013317426264711,2.832845579218546
-0.3003400749007601,0.1004650012250784,0.6210460407080385,0.05907992328511042,4.504030385059404,0.8452709481739407,,,-1.002348543936035,2.752241452773906
-0.2893711925720839,0.09513889066093099,0.6320149230367147,0.06626736568117872,4.51499926738808,0.8969225750993939,,,-0.9913796616073591,2.670316343240027
-0.2784023102434078,0.09015334700945864,0.6429838053653909,0.07415696913269251,4.525968149716756,0.95210731452578,,,-0.9804107792786829,2.58736836430736
-0.2674334279147316,0.08551652043568102,0.653952687694067,0.08283910024848815,4.536937032045433,1.010974249103609,,,-0.9694418969500067,2.503698670244072
-0.2564645455860554,0.08123238680766527,0.6649215700227432,0.09236116983753645,4.547905914374109,1.073541942366227,,,-0.9584730146213306,2.419773365169137
-0.2454956632573793,0.07730090070225144,0.6758904523514194,0.1027714212973475,4.558874796702785,1.139951091941026,,,-0.9475041322926544,2.335967187936725
-0.2345267809287031,0.0737181991113888,0.6868593346800955,0.1141187125613663,4.569843679031461,1.210731792601807,,,-0.9365352499639782,2.252645799947844
-0.2235578986000269,0.07047684932401066,0.6978282170087717,0.1264522993918428,4.580812561360137,1.285965658401012,,,-0.9255663676353021,2.170331593911452
-0.2125890162713507,0.06755929192171187,0.7087970993374479,0.1398216237661814,4.591781443688814,1.365246142242349,,,-0.9145974853066259,2.089354192352774
-0.2016201339426746,0.06496706185241155,0.719765981666124,0.1542761107319929,4.60275032601749,1.448544934925798,,,-0.9036286029779497,2.010213131271008
-0.1906512516139984,0.06267513497102645,0.7307348639948003,0.1698649765597384,4.613719208346166,1.535887554171902,,,-0.8926597206492736,1.933245281202262
-0.1796823692853222,0.06066499538595528,0.7417037463234765,0.1866370503035905,4.624688090674842,1.627246234087418,,,-0.8816908383205974,1.85875766433165
-0.168713486956646,0.05890612237731815,0.7526726286521526,0.2046406100004134,4.635656973003519,1.722566484058607,,,-0.8707219559919211,1.787165897933308
-0.1577446046279699,0.0573989850797506,0.7636415109808288,0.2239232337115241,4.646625855332195,1.821804905587556,,,-0.859753073663245,1.71874955399335
-0.1467757222992937,0.05610760310713556,0.774610393309505,0.2445316644688933,4.657594737660871,1.92477970139467,,,-0.8487841913345688,1.653655327599427
-0.1358068399706175,0.05500814422468116,0.7855792756381811,0.266511686962099,4.668563619989547,2.031448225247018,,,-0.8378153090058926,1.592201704128637
-0.1248379576419413,0.05407631779777774,0.7965481579668573,0.289908012538281,4.679532502318223,2.141510082015269,,,-0.8268464266772165,1.534435545982006
-0.1138690753132652,0.05328772146455903,0.8075170402955335,0.3147641678353081,4.690501384646899,2.254809926579239,,,-0.8158775443485403,1.480494898418452
-0.102900192984589,0.05261816833030416,0.8184859226242096,0.3411223811848169,4.701470266975575,2.371102663889567,,,-0.8049086620198641,1.430347591699384
-0.09193131065591281,0.05204399151330991,0.8294548049528858,0.3690234598668907,4.712439149304251,2.490164583000884,,,-0.793939779691188,1.384075769417884
-0.08096242832723664,0.05154232334633734,0.840423687281562,0.3985066504335033,4.723408031632927,2.611645365683207,,,-0.7829708973625118,1.341563370466124
-0.06999354599856046,0.05109134701059845,0.8513925696102381,0.4296094737037433,4.734376913961603,2.735140839097739,,,-0.7720020150338356,1.302702653534207
-0.05902466366988429,0.05067051884714156,0.8623614519389143,0.4623675257263131,4.74534579629028,2.860320153579328,,,-0.7610331327051594,1.267342864029345
-0.04805578134120812,0.05026076005076616,0.8733303342675905,0.4968142360526612,4.756314678618956,2.986776858756869,,,-0.7500642503764833,1.235294344417207
-0.03708689901253194,0.04984461690205205,0.8842992165962666,0.5329805751058575,4.767283560947632,3.114077399934588,,,-0.7390953680478071,1.206333175438134
-0.02611801668385577,0.04940638913172947,0.8952680989249429,0.5708947032912967,4.778252443276308,3.241764202910212,,,-0.7281264857191309,1.180206237249078
-0.0151491343551796,0.04893222643643971,0.9062369812536191,0.6105815557852686,4.789221325604984,3.369404357446192,,,-0.7171576033904548,1.156579547487411
-0.004180252026503422,0.048410193573747,0.9172058635822952,0.6520623586484129,4.800190207933661,3.496426433655067,,,-0.7061887210617785,1.135284741595317
0.006788630302172752,0.04789787718715732,0.9281747459109714,0.6953516234429754,4.811159090262337,3.622844938315909,,,-0.6952198387331023,1.115898388112086
0.01775751263084892,0.04738663753200222,0.9391436282396476,0.740466874002133,4.822127972591013,3.748144851491111,,,-0.6842509564044262,1.098201809777925
0.0287263949595251,0.0468015947974913,0.9501125105683237,0.7874114806591835,4.833096854919689,3.871769138704378,,,-0.67328207407575,1.081795936982052
0.03969527728820128,0.04613735168104261,0.9610813928969999,0.8361856200661257,4.844065737248365,3.993226997411771,,,-0.6623131917470738,1.066432216752166
0.05066415961687745,0.04539036580505894,0.9720502752256761,0.8867823178257171,4.855034619577042,4.112532608311055,,,-0.6513443094183977,1.051727548419741
0.06163304194555362,0.04455887201029021,0.9830191575543522,0.9391866001222704,4.866003501905718,4.229210032107638,,,-0.6403754270897215,1.037489228927288
0.07260192427422979,0.0436427844451599,0.9939880398830284,0.9933746189436687,4.876972384234394,4.341767728467762,,,-0.6294065447610453,1.023389205705935
0.08357080660290597,0.04264358090308224,1.004956922211705,1.049312768368716,4.88794126656307,4.449763812027268,,,-0.6184376624323692,1.00917638841578
0.09453968893158214,0.04156417202184335,1.015925804540381,1.106956811646482,4.898910148891747,4.552799912287827,,,-0.607468780103693,0.9946236921141302
0.1055085712602583,0.04040875807960316,1.026894686869057,1.166322711595763,4.909879031220423,4.650528869563166,,,-0.5964998977750168,0.9795306073576305
0.1164774535889345,0.03918302601391831,1.037863569197733,1.227649904605281,4.920847913549099,4.742708365675686,,,-0.5855310154463407,0.9650242846428546
0.1274463359176107,0.03789286386330486,1.048832451526409,1.291125640671317,4.931816795877775,4.829036404662479,,,-0.5745621331176645,0.9509296394328414
0.1384152182462868,0.03654537693048825,1.059801333855086,1.356216529970114,4.942785678206451,4.909425742811754,,,-0.5635932507889883,0.9358498588939036
0.149384100574963,0.03514848749728482,1.070770216183762,1.422588998738557,4.953754560535128,4.983759901547707,,,-0.5526243684603122,0.9196784192922903
0.1603529829036392,0.03371046992495064,1.081739098512438,1.49011104154773,4.964723442863804,5.052073312517193,,,-0.5416554861316359,0.9023303236314482
0.1713218652323154,0.03223992776014063,1.092707980841114,1.558637028608622,4.97569232519248,5.114467695939577,,,-0.5306866038029597,0.8837651583684507
0.1822907475609915,0.03074564124881473,1.10367686316979,1.62800793027548,4.986661207521156,5.171137098778146,,,-0.5197177214742836,0.863972363365501
0.1932596298896677,0.0292364232521161,1.114645745498466,1.69805172569174,4.997630089849832,5.225877622402479,,,-0.5087488391456074,0.8429697716928721
0.2042285122183439,0.02772098537955851,1.125614627827143,1.768584000794131,5.008598972178508,5.279042028703669,,,-0.4977799568169313,0.8208017471411276
0.2151973945470201,0.02620781587230381,1.136583510155819,1.839408736841937,5.019567854507184,5.327584388073406,,,-0.4868110744882551,0.7975369738073858
0.2261662768756962,0.02470507047024275,1.147552392484495,1.910319286470665,5.03053673683586,5.371943138851294,,,-0.4758421921595789,0.7732659555046921
0.2371351592043724,0.02322047718816616,1.158521274813171,1.981099530135976,5.041505619164536,5.412759801164267,,,-0.4648733098309027,0.748098284864484
0.2481040415330486,0.02176125561574879,1.169490157141847,2.051525201869647,5.052474501493212,5.450733483451097,,,-0.4539044275022265,0.7221597428704073
0.2590729238617248,0.0203340510504231,1.180459039470523,2.121365369663707,5.063443383821889,5.486649493657016,,,-0.4429355451735504,0.6955892892152493
0.2700418061904009,0.01894488347816739,1.1914279217992,2.190384052667035,5.074412266150565,5.521373057435367,,,-0.4319666628448742,0.6685360023751854
0.2810106885190771,0.0175991111408664,1.202396804127876,2.258341954835264,5.085381148479241,5.555888355520955,,,-0.420997780516198,0.641156025734529
0.2919795708477533,0.01630140817556126,1.213365686456552,2.324998292806775,5.096350030807917,5.591155599110494,,,-0.4100288981875219,0.6136095725782955
0.3029484531764294,0.01505575558504578,1.224334568785228,2.3901126946395,5.107318913136593,5.629315928083088,,,-0.3990600158588457,0.586058038425554
0.3139173355051056,0.0138654446043526,1.235303451113904,2.453501216150242,5.11828779546527,5.671482188789668,,,-0.3880911335301695,0.5586612641438499
0.3248862178337818,0.01273309136613446,1.24627233344258,2.514837257703726,5.129256677793946,5.718124205543851,,,-0.3771222512014933,0.5315749877136846
0.335855100162458,0.0116548616424796,1.257241215771257,2.573936292900945,5.140225560122622,5.770378679854797,,,-0.3661533688728172,0.5049485165569383
0.3468239824911342,0.01064500608426934,1.268210098099933,2.630580166109735,5.151194442451298,5.830035836289701,,,-0.355184486544141,0.4789226461595938
0.3577928648198103,0.009696914198082765,1.279178980428609,2.684561104105593,5.162163324779975,5.898199067979179,,,-0.3442156042154648,0.4536278444587645
0.3687617471484865,0.008810888263785045,1.290147862757285,2.735683618144392,5.173132207108651,5.974686067833558,,,-0.3332467218867887,0.4291827152705198
0.3797306294771627,0.007986741397250249,1.301116745085961,2.783766344655317,5.184101089437327,6.060486591943406,,,-0.3222778395581125,0.405692748040465
0.3906995118058388,0.007227643865279587,1.312085627414638,2.831230111582016,5.195069971766003,6.156527705887121,,,-0.3113089572294363,0.3832493555209177
0.401668394134515,0.006526091028529201,1.323054509743314,2.877903734103274,5.206038854094679,6.263658405692706,,,-0.3003400749007601,0.3619291957171771
0.4126372764631912,0.005883778864621221,1.33402339207199,2.921025965254403,5.217007736423356,6.382689126784872,,,-0.2893711925720839,0.3417937696823253
0.4236061587918674,0.005299211540496066,1.344992274400666,2.960476695717518,5.227976618752032,6.514189095254779,,,-0.2784023102434078,0.3228892825368989
0.4345750411205435,0.004770708378041427,1.355961156729342,2.996069634950449,5.238945501080708,6.658729899743132,,,-0.2674334279147316,0.3052467514883465
0.4455439234492197,0.00429646096693345,1.366930039058018,3.027727385549515,5.249914383409384,6.816694781455876,,,-0.2564645455860554,0.2888823416475511
0.4565128057778959,0.003874587544585672,1.377898921386695,3.055374455629214,5.26088326573806,6.988338277648452,,,-0.2454956632573793,0.2737979080896152
0.4674816881065721,0.003503184079736454,1.388867803715371,3.078964648769697,5.271852148066737,7.173763635683494,,,-0.2345267809287031,0.2599817208706743
0.4784505704352482,0.003180371617800099,1.399836686044047,3.098482509653495,5.282821030395413,7.372964315236431,,,-0.2235578986000269,0.2474093485642509
0.4894194527639244,0.002904339563704622,1.410805568372723,3.113997481225051,5.293789912724089,7.585691956664971,,,-0.2125890162713507,0.2360162767463032
0.5003883350926006,0.002673384689191236,1.421774450701399,3.125468124919491,5.304758795052765,7.811510724876412,,,-0.2016201339426746,0.2258190012253197
0.5113572174212767,0.002485945754562167,1.432743333030075,3.133019622080876,5.315727677381441,8.049913692279278,,,-0.1906512516139984,0.2167253453423092
0.5223260997499529,0.002340633728184592,1.443712215358752,3.136770363808668,5.326696559710117,8.300189294595635,,,-0.1796823692853222,0.208671488268778
0.5332949820786291,0.00223625766965905,1.454681097687428,3.136873323771941,5.337665442038793,8.561466825583988,,,-0.168713486956646,0.2015443063190259
0.5442638644073052,0.002171846413789465,1.465649980016104,3.133515942233417,5.348634324367469,8.83272331357702,,,-0.1577446046279699,0.1953621123415818
0.5552327467359814,0.002146666252026265,1.47661886234478,3.126919665855937,5.359603206696145,9.112792508155952,,,-0.1467757222992937,0.1899905043439357
0.5662016290646577,0.002160234855843335,1.487587744673456,3.117339121185319,5.370572089024822,9.400377337226958,,,-0.1358068399706175,0.1853466887811106
0.5771705113933338,0.002212331722714515,1.498556627002132,3.105060902075916,5.381540971353498,9.694061920396964,,,-0.1248379576419413,0.1813461596923848
0.58813939372201,0.002303005450290986,1.509525509330809,3.090429468375677,5.392509853682174,9.992328207879675,,,-0.1138690753132652,0.1779039130417869
0.5991082760506862,0.002432578158461458,1.520494391659485,3.073742812479544,5.40347873601085,10.29360436307036,,,-0.102900192984589,0.1749355888050504
0.6100771583793623,0.002601647382671643,1.531463273988161,3.05539389146455,5.414447618339526,10.59623756315183,,,-0.09193131065591281,0.1723585302140074
0.6210460407080385,0.002811085755675666,1.542432156316837,3.035777362951595,5.425416500668203,10.8984144185377,,,-0.08096242832723664,0.1700927513398915
0.6320149230367147,0.003064405268737197,1.553401038645513,3.017993636288814,5.436385382996879,11.19844963388846,,,-0.06999354599856046,0.1680618059363926
0.6429838053653909,0.003358953987057112,1.564369920974189,3.002449230258478,5.447354265325555,11.4953105955875,,,-0.05902466366988429,0.1661935521583384
0.653952687694067,0.003698286190520768,1.575338803302866,2.986853137449251,5.458323147654231,11.79002645216915,,,-0.04805578134120812,0.1644208094127508
0.6649215700227432,0.004084380612683993,1.586307685631542,2.971609226443297,5.469292029982907,12.08016000996299,,,-0.03708689901253194,0.1626819051783272
0.6758904523514194,0.004519475497180301,1.597276567960218,2.957126446894661,5.480260912311584,12.36125965283194,,,-0.02611801668385577,0.1609211111412899
0.6868593346800955,0.005006062122251658,1.608245450288894,2.943814689501296,5.49122979464026,12.63171108968091,,,-0.0151491343551796,0.1590889694348809
0.6978282170087717,0.005546877756493263,1.61921433261757,2.932080451351965,5.502198676968936,12.89099262466345,,,-0.004180252026503422,0.1571425111314249
0.7087970993374479,0.006144898058628309,1.630183214946247,2.92232236964508,5.513167559297612,13.13944814087868,,,0.006788630302172752,0.1552625206918446
0.719765981666124,0.006803328865759957,1.641152097274923,2.914926694705691,5.524136441626288,13.37483179435742,,,0.01775751263084892,0.153417293806455
0.7307348639948003,0.007525597242978998,1.652120979603599,2.910262779588311,5.535105323954965,13.59425581436826,,,0.0287263949595251,0.1513625872025215
0.7417037463234765,0.008315341593991131,1.663089861932275,2.908678668003969,5.546074206283641,13.79674416732775,,,0.03969527728820128,0.1490777664958213
0.7526726286521526,0.009176400559442034,1.674058744260951,2.910496864564554,5.557043088612317,13.9815092966259,,,0.05066415961687745,0.1465484655670523
0.7636415109808288,0.01011280035906506,1.685027626589627,2.916010371183905,5.568011970940993,14.14980213482614,,,0.06163304194555362,0.1437663217902921
0.774610393309505,0.0111287401681765,1.695996508918304,2.925479070784857,5.578980853269669,14.30118942647013,,,0.07260192427422979,0.1407286446747451
0.7855792756381811,0.0122285750611999,1.70696539124698,2.93912653419985,5.589949735598346,14.43690188464596,,,0.08357080660290597,0.137438026338862
0.7965481579668573,0.01341679600784005,1.717934273575656,2.957137318382157,5.600918617927022,14.55683301075162,,,0.09453968893158214,0.1339019026920303
0.8075170402955335,0.01469800637441113,1.728903155904332,2.979654813926716,5.611887500255698,14.6576498943497,,,0.1055085712602583,0.1301320745215701
0.8184859226242096,0.01607689436684222,1.739872038233008,3.006779687690238,5.622856382584374,14.73958885533949,,,0.1164774535889345,0.1261536156213708
0.8294548049528858,0.01755820085612089,1.750840920561684,3.038568952343466,5.63382526491305,14.80571185184998,,,0.1274463359176107,0.1219740313206839
0.840423687281562,0.01914668205421838,1.761809802890361,3.075035679404556,5.644794147241726,14.85938163316068,,,0.1384152182462868,0.1176144593617267
0.8513925696102381,0.02084706656127525,1.772778685219037,3.116149356173121,5.655763029570402,14.89861071244498,,,0.149384100574963,0.1131028008443148
0.8623614519389143,0.02266400638482729,1.783747567547713,3.16183687053556,5.666731911899078,14.92136992972439,,,0.1603529829036392,0.1084650442324759
0.8733303342675905,0.0246020216401725,1.794716449876389,3.211984091394108,5.677700794227754,14.92856402989418,,,0.1713218652323154,0.1037284120984737
0.8842992165962666,0.02666543877775525,1.805685332205065,3.266437997038849,5.688669676556431,14.92120866368714,,,0.1822907475609915,0.09892086864990238
0.8952680989249429,0.02885832234774989,1.816654214533741,3.32500928966989,5.699638558885107,14.90041310784722,,,0.1932596298896677,0.09407065723273578
0.9062369812536191,0.03118440050177688,1.827623096862418,3.38747542198397,5.710607441213783,14.86949984902719,,,0.2042285122183439,0.08920587387458816
0.9172058635822952,0.03364698464355426,1.838591979191094,3.453583951705733,5.721576323542459,14.82970011704611,,,0.2151973945470201,0.08435408201551722
0.9281747459109714,0.03624777681510488,1.84956086151977,3.523056132532845,5.732545205871135,14.78009369136976,,,0.2261662768756962,0.07954197260464675
0.9391436282396476,0.03899145649442851,1.860529743848446,3.595590645450417,5.743514088199812,14.72196602517549,,,0.2371351592043724,0.07479507274108696
0.9501125105683237,0.04187814601867013,1.871498626177122,3.670867372926484,5.754482970528488,14.65656218917607,,,0.2481040415330486,0.07013750502854255
0.9610813928969999,0.04490860797290015,1.882467508505798,3.748551120191197,5.765451852857164,14.58639961833232,,,0.2590729238617248,0.06559179881539576
0.9720502752256761,0.04808272740627036,1.893436390834475,3.828295192580579,5.77642073518584,14.5126485221441,,,0.2700418061904009,0.0611787535253842
0.9830191575543522,0.05139941868834974,1.904405273163151,3.909744745634069,5.787389617514516,14.43524212399944,,,0.2810106885190771,0.05691735336576701
0.9939880398830284,0.05485653587344397,1.915374155491827,3.992539835011013,5.798358499843193,14.35524521007705,,,0.2919795708477533,0.05282473184516955
1.004956922211705,0.05845078871616032,1.926343037820503,4.076318105977947,5.809327382171869,14.27366812101007,,,0.3029484531764294,0.04891618375437536
1.015925804540381,0.0621776665722615,1.937311920149179,4.160717076775753,5.820296264500545,14.19143683492326,,,0.3139173355051056,0.04520522156940169
1.026894686869057,0.06603294171382623,1.948280802477856,4.248779017746082,5.831265146829221,14.10938385557802,,,0.3248862178337818,0.0417036726332834
1.037863569197733,0.07002339043076072,1.959249684806532,4.340108578442879,5.842234029157897,14.03043255032078,,,0.335855100162458,0.03840052935423418
1.048832451526409,0.07414988759782873,1.970218567135208,4.430900473490749,5.853202911486574,13.95518825329915,,,0.3468239824911342,0.0353520263784096
1.059801333855086,0.07838556327970156,1.981187449463884,4.520745120337224,5.86417179381525,13.88318799225957,,,0.3577928648198103,0.03253876769753922
1.070770216183762,0.0827103949450394,1.99215633179256,4.609236647426753,5.875140676143926,13.81478398942376,,,0.3687617471484865,0.02996768855691944
1.081739098512438,0.08711128837375041,2.003125214121237,4.695981324770551,5.886109558472602,13.74895201935023,,,0.3797306294771627,0.0276449363167374
1.092707980841114,0.09157382556664985,2.014094096449913,4.780593333539918,5.897078440801279,13.68581123094563,,,0.3906995118058388,0.0256343808272636
1.10367686316979,0.09608233026679767,2.025062978778589,4.862694786676155,5.908047323129955,13.62537392590998,,,0.401668394134515,0.02384124192268799
1.114645745498466,0.1006199549934672,2.036031861107265,4.941915534197213,5.919016205458631,13.56749250022149,,,0.4126372764631912,0.02231700754182091
1.125614627827143,0.1051687892626164,2.047000743435941,5.017892826841534,5.929985087787307,13.51210771198546,,,0.4236061587918674,0.02106826674448757
1.136583510155819,0.1097099881785879,2.057969625764617,5.090270915661399,5.940953970115983,13.46105717920149,,,0.4345750411205435,0.02010230860829787
1.147552392484495,0.1142239200911399,2.068938508093293,5.158700666253295,5.951922852444659,13.41398814705034,,,0.4455439234492197,0.01942739283108636
1.158521274813171,0.1186903315351929,2.07990739042197,5.222839264483675,5.962891734773335,13.36819108635318,,,0.4565128057778959,0.01905300802999605
1.169490157141847,0.1230885272234188,2.090876272750646,5.282350085926085,5.973860617102011,13.3231467935735,,,0.4674816881065721,0.01899011420769644
1.180459039470523,0.1273975624591331,2.101845155079322,5.336902793955344,5.984829499430687,13.27825844162965,,,0.4784505704352482,0.01925136613018689
1.1914279217992,0.1315964449929735,2.112814037407998,5.386173721817916,5.995798381759363,13.23288230577994,,,0.4894194527639244,0.01985131465266311
1.202396804127876,0.1356643430739827,2.123782919736674,5.429846582361634,6.00676726408804,13.18856080120114,,,0.5003883350926006,0.02080658333937098
1.213365686456552,0.1395807962541803,2.134751802065351,5.467613535871704,6.017736146416716,13.14648567576041,,,0.5113572174212767,0.02213601805067567
1.224334568785228,0.1433259254030518,2.145720684394027,5.499176632079896,6.028705028745392,13.10363209782415,,,0.5223260997499529,0.02386080751688607
1.235303451113904,0.146883830318788,2.156689566722703,5.52681696296615,6.039673911074068,13.05731314239257,,,0.5332949820786291,0.02600457328511651
1.24627233344258,0.1502309188570987,2.167658449051379,5.550239043494243,6.050642793402744,13.00669283226486,,,0.5442638644073052,0.02859342781381819
1.257241215771257,0.1533527857161857,2.178627331380055,5.566573668755227,6.061611675731421,12.95238578297589,,,0.5552327467359814,0.03165599989997211
1.268210098099933,0.1562338976485345,2.189596213708731,5.575539197211884,6.072580558060097,12.89356839322539,,,0.5662016290646577,0.0352234270553884
1.279178980428609,0.1588602344898804,2.200565096037407,5.576877912422764,6.083549440388773,12.82815207771216,,,0.5771705113933338,0.03932931489837308
1.290147862757285,0.1612194284803025,2.211533978366084,5.570359851299287,6.094518322717449,12.75537867529427,,,0.58813939372201,0.04400966409022571
1.301116745085961,0.163300883111272,2.22250286069476,5.555786674531422,6.105487205046126,12.6745790647229,,,0.5991082760506862,0.0493027658150745
1.312085627414638,0.165275798244801,2.233471743023436,5.532953112917451,6.116456087374802,12.58513527904593,,,0.6100771583793623,0.05524906726614003
1.323054509743314,0.1671357679004442,2.244440625352112,5.501829634266081,6.127424969703478,12.48649201930176,,,0.6210460407080385,0.0618910090485779
1.33402339207199,0.168692856415436,2.255409507680788,5.46228104695463,6.138393852032154,12.38074611308129,,,0.6320149230367147,0.0693318621032621
1.344992274400666,0.1699479869479057,2.266378390009465,5.415844099853085,6.14936273436083,12.26746172821831,,,0.6429838053653909,0.07751603994595635
1.355961156729342,0.170885655597816,2.277347272338141,5.362517611166797,6.160331616689507,12.1436818385064,,,0.653952687694067,0.08653753571918407
1.366930039058018,0.1715097015407498,2.288316154666817,5.300764841038874,6.171300499018183,12.00910054620045,,,0.6649215700227432,0.09644574062725224
1.377898921386695,0.1718208609456175,2.299285036995493,5.230673563912225,6.182269381346859,11.8635135173392,,,0.6758904523514194,0.1072911383450455
1.388867803715371,0.171822074803763,2.310253919324169,5.152385456980916,6.193238263675535,11.70680231138336,,,0.6868593346800955,0.1191250805641224
1.399836686044047,0.1715184608334841,2.321222801652846,5.066096740477864,6.204207146004211,11.54123813078173,,,0.6978282170087717,0.1319995633280862
1.410805568372723,0.1709219273074974,2.332191683981522,4.974570887431877,6.215176028332888,11.36937062411217,,,0.7087970993374479,0.1459670079196825
1.421774450701399,0.1700337834716757,2.343160566310198,4.878089501949828,6.226144910661564,11.18899899635529,,,0.719765981666124,0.1610800496210265
1.432743333030075,0.1688690316114407,2.354129448638874,4.774451029189051,6.23711379299024,10.99778782268096,,,0.7307348639948003,0.1773913370505383
1.443712215358752,0.1674409672268895,2.36509833096755,4.664042945011555,6.248082675318916,10.79599845930326,,,0.7417037463234765,0.1949533439887419
1.454681097687428,0.1657647074629842,2.376067213296226,4.547231146375277,6.259051557647592,10.58398422257818,,,0.7526726286521526,0.213818194651383
1.465649980016104,0.1638570864038228,2.387036095624902,4.424490877571372,6.270020439976268,10.36218798024055,,,0.7636415109808288,0.2340375022725055
1.47661886234478,0.1617365439483622,2.398004977953579,4.296318652171477,6.280989322304944,10.13113876443556,,,0.774610393309505,0.2556622196514259
1.487587744673456,0.1594230098814757,2.408973860282255,4.163247784125948,6.29195820463362,9.89144742446404,,,0.7855792756381811,0.2787424990342033
1.498556627002132,0.1569377845750786,2.419942742610931,4.025843445330522,6.302927086962296,9.643813392444178,,,0.7965481579668573,0.3033275573888356
1.509525509330809,0.1543052281773117,2.430911624939607,3.886003659082751,6.313895969290972,9.388973755981494,,,0.8075170402955335,0.3294655418479294
1.520494391659485,0.1515459056052193,2.441880507268283,3.744329038859112,6.324864851619649,9.12925190629343,,,0.8184859226242096,0.3572033888926151
1.531463273988161,0.1486859322958545,2.45284938959696,3.600116983666162,6.335833733948325,8.868881308481562,,,0.8294548049528858,0.3865866698002736
1.542432156316837,0.1457509029598878,2.463818271925636,3.453980412671783,6.346802616277001,8.607236753824013,,,0.840423687281562,0.417659414040593
1.553401038645513,0.1428795438926889,2.474787154254312,3.306544266928728,6.357771498605677,8.341825068900176,,,0.8513925696102381,0.450463901742281
1.564369920974189,0.1400978544799264,2.485756036582988,3.158429558031506,6.368740380934354,8.073542711349502,,,0.8623614519389143,0.4850404161242767
1.575338803302866,0.1373190057522728,2.496724918911664,3.0102276247098,6.37970926326303,7.803301580167863,,,0.8733303342675905,0.5214269469403796
1.586307685631542,0.1345689958966363,2.50769380124034,2.862531823323104,6.390678145591706,7.53213315000021,,,0.8842992165962666,0.5596588365634958
1.597276567960218,0.1318742031885268,2.518662683569016,2.715916889554416,6.401647027920382,7.260931215727336,,,0.8952680989249429,0.5997683613595908
1.608245450288894,0.129261303680848,2.529631565897693,2.570934236148563,6.412615910249058,6.990644436521637,,,0.9062369812536191,0.6417842424796334
1.61921433261757,0.1267571892662478,2.540600448226369,2.428107698385585,6.423584792577735,6.722193607889121,,,0.9172058635822952,0.6857310821190549
1.630183214946247,0.1243888856712356,2.551569330555045,2.287929783120289,6.434553674906411,6.456501451536169,,,0.9281747459109714,0.7316251659992672
1.641152097274923,0.1221834699785857,2.562538212883721,2.150858466110197,6.445522557235087,6.194498783172863,,,0.9391436282396476,0.7794887773827038
1.652120979603599,0.1201679873135699,2.573507095212397,2.017314570758546,6.456491439563763,5.937000446946702,,,0.9501125105683237,0.8293254971287233
1.663089861932275,0.1183693663606495,2.584475977541074,1.887731207220811,6.467460321892439,5.684823063094741,,,0.9610813928969999,0.8811363612439239
1.674058744260951,0.1168143333929305,2.59544485986975,1.762361029004039,6.478429204221116,5.439274982599283,,,0.9720502752256761,0.934914385994979
1.685027626589627,0.1155293244911569,2.606413742198426,1.641544531258119,6.489398086549792,5.201028278252442,,,0.9830191575543522,0.9906436265629683
1.695996508918304,0.114540395598693,2.617382624527102,1.525540783781767,6.500366968878468,4.970212858587056,,,0.9939880398830284,1.048298212679248
1.70696539124698,0.1138731300027673,2.628351506855779,1.414567872029624,6.511335851207144,4.747296983336187,,,1.004956922211705,1.107841380839169
1.717934273575656,0.1135525427518964,2.639320389184455,1.308874387355184,6.52230473353582,4.532898221408669,,,1.015925804540381,1.169224525032879
1.728903155904332,0.1136029814193484,2.650289271513131,1.208478645220744,6.533273615864497,4.327368429419772,,,1.026894686869057,1.232459571710264
1.739872038233008,0.1140480225099027,2.661258153841807,1.11353944571617,6.544242498193173,4.131057229967014,,,1.037863569197733,1.297792819263875
1.750840920561684,0.1149103626915498,2.672227036170483,1.024126686177188,6.555211380521849,3.944196571789509,,,1.048832451526409,1.365412589747921
1.761809802890361,0.1162117039266985,2.683195918499159,0.940278970926435,6.566180262850525,3.767040490792759,,,1.059801333855086,1.434758794013453
1.772778685219037,0.117972631491843,2.694164800827835,0.8620066581421143,6.577149145179201,3.599759916471767,,,1.070770216183762,1.505478010907322
1.783747567547713,0.1202124838241736,2.705133683156511,0.7892951472079588,6.588118027507877,3.442354838164696,,,1.081739098512438,1.577425318873272
1.794716449876389,0.1229492131319664,2.716102565485188,0.7221471898962197,6.599086909836553,3.29481311685253,,,1.092707980841114,1.650440849321223
1.805685332205065,0.1261992357656187,2.727071447813864,0.6604420323771443,6.610055792165229,3.157059207839739,,,1.10367686316979,1.724350074538577
1.816654214533741,0.1299772714791656,2.73804033014254,0.6041421928981242,6.621024674493905,3.028958805139248,,,1.114645745498466,1.798964300994333
1.827623096862418,0.1342961709268989,2.749009212471216,0.5531694677001897,6.631993556822582,2.910258768720836,,,1.125614627827143,1.874081372937099
1.838591979191094,0.1391667310420945,2.759978094799893,0.5074387534235373,6.642962439151258,2.801221381995586,,,1.136583510155819,1.94948658665744
1.84956086151977,0.1445974983369594,2.770946977128569,0.4668615459180853,6.653931321479934,2.701495637992607,,,1.147552392484495,2.024953811134412
1.860529743848446,0.1505945606427004,2.781915859457245,0.4313492853838835,6.66490020380861,2.610299306141832,,,1.158521274813171,2.100246806183891
1.871498626177122,0.1571613283696314,2.792884741785921,0.4008165043735294,6.675869086137286,2.527240503847947,,,1.169490157141847,2.175120724843082
1.882467508505798,0.1642983069984648,2.803853624114597,0.375183739767501,6.686837968465963,2.452154504627656,,,1.180459039470523,2.249323782725196
1.893436390834475,0.1720028631999221,2.814822506443273,0.3543801745601979,6.697806850794639,2.384767453558908,,,1.1914279217992,2.322599073610035
1.904405273163151,0.1802689877009034,2.825791388771949,0.3383459800759508,6.708775733123315,2.324294537062388,,,1.202396804127876,2.394686507726841
1.915374155491827,0.1890870587484011,2.836760271100625,0.3270343339900343,6.719744615451991,2.270106323709618,,,1.213365686456552,2.465324847132212
1.926343037820503,0.1984436107408108,2.847729153429302,0.3204130941937129,6.730713497780667,2.221698013436205,,,1.224334568785228,2.534253811350028
1.937311920149179,0.2083211132718614,2.858698035757978,0.3184661130627313,6.741682380109344,2.178565041628836,,,1.235303451113904,2.601273495819189
1.948280802477856,0.2187722768717659,2.869666918086654,0.3211384283004071,6.75265126243802,2.140190887293151,,,1.24627233344258,2.666033588036576
1.959249684806532,0.2297699067448548,2.88063580041533,0.3285723528227075,6.763620144766696,2.106040386659591,,,1.257241215771257,2.728335011346988
1.970218567135208,0.2412077737186957,2.891604682744007,0.340732896652832,6.774589027095372,2.075700617336683,,,1.268210098099933,2.787943882028968
1.981187449463884,0.2530489547471186,2.902573565072683,0.3576740993412592,6.785557909424048,2.048626770212659,,,1.279178980428609,2.844638166715922
1.99215633179256,0.2652516557461775,2.913542447401359,0.3794668128411748,6.796526791752725,2.024404313280028,,,1.290147862757285,2.898209723485655
2.003125214121237,0.2777695066912675,2.924511329730035,0.406197782638341,6.807495674081401,2.002568167843103,,,1.301116745085961,2.948466261806924
2.014094096449913,0.2905514371260887,2.935480212058711,0.4379683671814271,6.818464556410077,1.98270381498997,,,1.312085627414638,2.99799943516736
2.025062978778589,0.3035417869127748,2.946449094387388,0.474892909530398,6.829433438738753,1.964432420403055,,,1.323054509743314,3.046629236529377
2.036031861107265,0.3166804822261012,2.957417976716064,0.5170967778288874,6.84040232106743,1.947379428209926,,,1.33402339207199,3.091406027875732
2.047000743435941,0.3299032805501326,2.96838685904474,0.5647140937719576,6.851371203396106,1.931223295371964,,,1.344992274400666,3.132210821257675
2.057969625764617,0.3431420872740961,2.979355741373416,0.6178851707011463,6.862340085724782,1.915631263419059,,,1.355961156729342,3.168840115821868
2.068938508093293,0.3563253451526582,2.990324623702092,0.6767536853292988,6.873308968053458,1.901713716804924,,,1.366930039058018,3.201220351416292
2.07990739042197,0.3693784964211994,3.001293506030768,0.7414636093898302,6.884277850382134,1.889167659234399,,,1.377898921386695,3.229276216365206
2.090876272750646,0.3822245157723783,3.012262388359444,0.8121559297262905,6.89524673271081,1.876491257570724,,,1.388867803715371,3.252963888278693
2.101845155079322,0.3947845107448514,3.023231270688121,0.8889651874916642,6.906215615039486,1.863496105827513,,,1.399836686044047,3.272272459136407
2.112814037407998,0.4069783843914184,3.034200153016797,0.972015869211705,6.917184497368162,1.850026372687263,,,1.410805568372723,3.287282755845232
2.123782919736674,0.4187255534280382,3.045169035345473,1.061418684477498,6.928153379696838,1.835921678409262,,,1.421774450701399,3.297954024999448
2.134751802065351,0.4299457134647379,3.056137917674149,1.157266766959931,6.939122262025514,1.821138741886676,,,1.432743333030075,3.304425952185916
2.145720684394027,0.4405596414321412,3.067106800002825,1.259631837269364,6.950091144354191,1.805637217823299,,,1.443712215358752,3.306829724505311
2.156689566722703,0.4506415813255877,3.078075682331502,1.368518306592725,6.961060026682867,1.789342081378657,,,1.454681097687428,3.305332973027076
2.167658449051379,0.4601156063677104,3.089044564660178,1.484037170961947,6.972028909011543,1.772244603357668,,,1.465649980016104,3.300139560892102
2.178627331380055,0.4687564819543669,3.100013446988854,1.606119576081029,6.982997791340219,1.754663693696544,,,1.47661886234478,3.291489020502055
2.189596213708731,0.4764950151229965,3.11098232931753,1.734767275636102,6.993966673668895,1.736684042904683,,,1.487587744673456,3.279655619165244
2.200565096037407,0.4832673379687225,3.121951211646206,1.869798277260841,7.004935555997572,1.718287082234323,,,1.498556627002132,3.264947034770135
2.211533978366084,0.4890157046252782,3.132920093974882,2.011120613450573,7.015904438326248,1.699538947544633,,,1.509525509330809,3.247732020531076
2.22250286069476,0.4936892299250796,3.143888976303558,2.158555462030749,7.026873320654924,1.680232856002648,,,1.520494391659485,3.228328962406269
2.233471743023436,0.497241608122811,3.154857858632235,2.311875802213543,7.0378422029836,1.660460083679024,,,1.531463273988161,3.20715702824209
2.244440625352112,0.4996441473869532,3.165826740960911,2.470804244412391,7.048811085312276,1.640322270592252,,,1.542432156316837,3.184636606764683
2.255409507680788,0.5008664404460414,3.176795623289587,2.635022945219952,7.059779967640953,1.619886786811416,,,1.553401038645513,3.164011396565324
2.266378390009465,0.5012153340752498,3.187764505618263,2.804103163345075,7.070748849969629,1.599363262617122,,,1.564369920974189,3.14571421344895
2.277347272338141,0.5006794880942746,3.198733387946939,2.977674293843278,7.081717732298305,1.57908016587904,,,1.575338803302866,3.127363255348154
2.288316154666817,0.4989295668942992,3.209702270275616,3.15521216396106,7.092686614626981,1.559156147017751,,,1.586307685631542,3.109388855859225
2.299285036995493,0.4959702697476973,3.220671152604292,3.336171574084861,7.103655496955658,1.539443710633124,,,1.597276567960218,3.092226915177304
2.310253919324169,0.4918158178059255,3.231640034932968,3.519954167476913,7.114624379284334,1.520056351931805,,,1.608245450288894,3.076314677348076
2.321222801652846,0.4864898118586274,3.242608917261644,3.705910053851834,7.12559326161301,1.501066047213885,,,1.61921433261757,3.062086312326287
2.332191683981522,0.480246224484253,3.25357779959032,3.893298936206627,7.136562143941686,1.482619794229327,,,1.630183214946247,3.04996836544272
2.343160566310198,0.4731245001268505,3.264546681918997,4.081467006518757,7.147531026270362,1.464858568168587,,,1.641152097274923,3.040375144855965
2.354129448638874,0.4649490831840871,3.275515564247673,4.269595690514254,7.158499908599039,1.44782044784126,,,1.652120979603599,3.033704123969225
2.36509833096755,0.4557746952724763,3.286484446576349,4.458039321877858,7.169468790927715,1.431587358209568,,,1.663089861932275,3.030331440273339
2.376067213296226,0.4456595502109736,3.297453328905025,4.645945288233177,7.180437673256391,1.416231592971569,,,1.674058744260951,3.030607574342945
2.387036095624902,0.4346714913240906,3.308422211233701,4.831241440005341,7.191406555585067,1.401815221132598,,,1.685027626589627,3.034853292544841
2.398004977953579,0.4228828772176655,3.319391093562377,5.012908467070792,7.202375437913743,1.388389649388581,,,1.695996508918304,3.043355934285117
2.408973860282255,0.4103707453023595,3.330359975891053,5.190047231969277,7.213344320242419,1.375995334076029,,,1.70696539124698,3.056366119288872
2.419942742610931,0.3972159107088086,3.34132885821973,5.361712333389005,7.224313202571095,1.365233346150158,,,1.717934273575656,3.074094942538519
2.430911624939607,0.3835971918283886,3.352297740548406,5.526940433186152,7.235282084899771,1.356116784874766,,,1.728903155904332,3.096711714260484
2.441880507268283,0.3695836028711156,3.363266622877082,5.684849392892507,7.246250967228447,1.348046509172113,,,1.739872038233008,3.124342290009911
2.45284938959696,0.3551814550277634,3.374235505205758,5.834503528014395,7.257219849557123,1.341008181665498,,,1.750840920561684,3.157068021813565
2.463818271925636,0.3404759966886224,3.385204387534434,5.975025343435117,7.2681887318858,1.335069869414774,,,1.761809802890361,3.194925345925229
2.474787154254312,0.3255505632708933,3.396173269863111,6.108080775363611,7.279157614214476,1.330128394906086,,,1.772778685219037,3.237906006521553
2.485756036582988,0.3104910125518351,3.407142152191787,6.232859344094326,7.290126496543152,1.326143278964831,,,1.783747567547713,3.285957898160169
2.496724918911664,0.2953761369401975,3.418111034520463,6.346083768876024,7.301095378871828,1.323063390974545,,,1.794716449876389,3.338986493601156
2.50769380124034,0.2802835370404249,3.429079916849139,6.447048907990251,7.312064261200504,1.320832015619748,,,1.805685332205065,3.396856808225341
2.518662683569016,0.2652871610453597,3.440048799177815,6.535127643544843,7.323033143529181,1.319384887757964,,,1.816654214533741,3.459395838316885
2.529631565897693,0.2504567630738183,3.451017681506491,6.60977954970779,7.334002025857857,1.318651604803129,,,1.827623096862418,3.526395398420267
2.540600448226369,0.2358574468767874,3.461986563835167,6.670558840099171,7.344970908186533,1.318562293367957,,,1.838591979191094,3.597615273278799
2.551569330555045,0.2215492981615992,3.472955446163844,6.717121454129405,7.355939790515209,1.319026442145137,,,1.84956086151977,3.672786592879551
2.562538212883721,0.207587107064074,3.48392432849252,6.749231149950728,7.366908672843886,1.319964488745772,,,1.860529743848446,3.751615335139368
2.573507095212397,0.1940201806401489,3.494893210821196,6.7667644823881,7.377877555172562,1.32130152051355,,,1.871498626177122,3.833785859934416
2.584475977541074,0.1809035918965027,3.505862093149872,6.772157830853394,7.388846437501238,1.323403588368304,,,1.882467508505798,3.918964380553375
2.59544485986975,0.1682559692304943,3.516830975478548,6.765514716816732,7.399815319829914,1.326159581361968,,,1.893436390834475,4.006802284177927
2.606413742198426,0.1561189078744904,3.527799857807225,6.744557233471508,7.41078420215859,1.329022653470196,,,1.904405273163151,4.096939221484814
2.617382624527102,0.1445198262054041,3.538768740135901,6.709605110388663,7.421753084487267,1.331884754978726,,,1.915374155491827,4.189005896633756
2.628351506855779,0.1334810119177581,3.549737622464577,6.661087068126015,7.432721966815943,1.334645281644428,,,1.926343037820503,4.282626502369052
2.639320389184455,0.1230214341467729,3.560706504793253,6.602897342432073,7.443690849144619,1.337204666522715,,,1.937311920149179,4.377420760249271
2.650289271513131,0.11315138668308,3.571675387121929,6.535663629015394,7.454659731473295,1.339464993205262,,,1.948280802477856,4.476485063756342
2.661258153841807,0.1038808771190758,3.582644269450606,6.456741797876953,7.465628613801971,1.341330566382872,,,1.959249684806532,4.579395964200773
2.672227036170483,0.09521501774393912,3.593613151779282,6.36693742210411,7.476597496130648,1.34271323833894,,,1.970218567135208,4.68223871129432
2.683195918499159,0.08715566860733201,3.604582034107958,6.267149311521165,7.487566378459324,1.34362538256904,,,1.981187449463884,4.784565194452034
2.694164800827835,0.07970191118251958,3.615550916436634,6.158360571221941,7.498535260788,1.343983796009105,,,1.99215633179256,4.885925785365426
2.705133683156511,0.07285053532595662,3.62651979876531,6.041628476568187,7.509504143116676,1.343594371748446,,,2.003125214121237,4.985878058440592
2.716102565485188,0.06660929877254422,3.637488681093986,5.919917722536178,7.520473025445352,1.342381196336216,,,2.014094096449913,5.083982435299635
2.727071447813864,0.0609499440410266,3.648457563422662,5.794382874285322,7.531441907774028,1.340405116509642,,,2.025062978778589,5.179802320611977
2.73804033014254,0.05587544416481163,3.659426445751339,5.664355799598929,7.542410790102704,1.338169446382708,,,2.036031861107265,5.272904093308305
2.749009212471216,0.0513785187442244,3.670395328080015,5.531038261219054,7.55337967243138,1.335462627417516,,,2.047000743435941,5.362857030854818
2.759978094799893,0.04745201586887759,3.681364210408691,5.395644233046451,7.564348554760056,1.331637048113765,,,2.057969625764617,5.449233246969898
2.770946977128569,0.04408933572640813,3.692333092737367,5.259386454231226,7.575317437088733,1.326645341093802,,,2.068938508093293,5.531607722790286
2.781915859457245,0.04128482254025333,3.703301975066043,5.12346298533905,7.586286319417409,1.320422838591434,,,2.07990739042197,5.609558508061377
2.792884741785921,0.03903412042320033,3.71427085739472,4.989043959121327,7.597255201746085,1.312921643222089,,,2.090876272750646,5.682667162563916
2.803853624114597,0.0373344892735042,3.725239739723396,4.857258714882056,7.608224084074761,1.304097500106999,,,2.101845155079322,5.750519498924748
2.814822506443273,0.03618507736667133,3.736208622052072,4.729183498545029,7.619192966403437,1.293927450976031,,,2.112814037407998,5.812706676510771
2.825791388771949,0.03558714780657579,3.747177504380748,4.605829900337105,7.630161848732114,1.282388817094545,,,2.123782919736674,5.868826682669699
2.836760271100625,0.03554425649465413,3.758146386709424,4.488134188772979,7.64113073106079,1.269466558376014,,,2.134751802065351,5.918486222619732
2.847729153429302,0.03606237975761894,3.7691152690381,4.376947683678171,7.652099613389466,1.255158273583934,,,2.145720684394027,5.961303023310651
2.858698035757978,0.03714999024601705,3.780084151366776,4.273028292701008,7.663068495718142,1.239693221225091,,,2.156689566722703,5.999627781464429
2.869666918086654,0.03881685945929734,3.791053033695453,4.177033315567934,7.674037378046818,1.223088187647715,,,2.167658449051379,6.033084268187348
2.88063580041533,0.0410791847602537,3.802021916024129,4.089513598689345,7.685006260375495,1.205146374865906,,,2.178627331380055,6.058573110337024
2.891604682744007,0.04395130087189687,3.812990798352805,4.010909100104018,7.695975142704171,1.185904178301256,,,2.189596213708731,6.075739182965251
2.902573565072683,0.04745138004110411,3.823959680681481,3.941545901645095,7.706944025032847,1.165408769094177,,,2.200565096037407,6.084256963099477
2.913542447401359,0.05159967618712148,3.834928563010158,3.881634682097156,7.717912907361523,1.143718405509113,,,2.211533978366084,6.083835208266707
2.924511329730035,0.05641828811780407,3.845897445338834,3.831270642452313,7.728881789690199,1.120904040021793,,,2.22250286069476,6.074221614054514
2.935480212058711,0.06193087459083091,3.85686632766751,3.79043485259176,7.739850672018876,1.097042900214089,,,2.233471743023436,6.055162021873997
2.946449094387388,0.06816232379258301,3.867835209996186,3.758996968207195,7.750819554347552,1.072654559862593,,,2.244440625352112,6.026596156447085
2.957417976716064,0.07513838035312867,3.878804092324862,3.736719247874441,7.761788436676228,1.047835969049346,,,2.255409507680788,5.98835692876332
2.96838685904474,0.08288523356559117,3.889772974653539,3.723298112097829,7.772757319004904,1.022262313832861,,,2.266378390009465,5.942319749171032
2.979355741373416,0.09142907102404736,3.900741856982215,3.718235401114022,7.78372620133358,0.996045459617214,,,2.277347272338141,5.888471487252422
2.990324623702092,0.1007956024261152,3.911710739310891,3.721036314795893,7.794695083662257,0.9696748517314761,,,2.288316154666817,5.824913044281192
3.001293506030768,0.1110095587930793,3.922679621639567,3.731095944796563,7.805663965990933,0.9433217688105358,,,2.299285036995493,5.751737200352976
3.012262388359444,0.1220941728291931,3.933648503968243,3.747741912556702,7.816632848319609,0.9166967160008156,,,2.310253919324169,5.669100762161322
3.023231270688121,0.1340706465594801,3.944617386296919,3.77023391714233,7.827601730648285,0.8899332569487731,,,2.321222801652846,5.577225047501273
3.034200153016797,0.146957612738685,3.955586268625595,3.797785496984885,7.838570612976961,0.8631696017283595,,,2.332191683981522,5.479131536187092
3.045169035345473,0.1607705968003001,3.966555150954272,3.82956734406627,7.849539495305637,0.836547428979367,,,2.343160566310198,5.375143858743145
3.056137917674149,0.1755214863023018,3.977524033282948,3.864719532642005,7.860508377634313,0.8102221634421872,,,2.354129448638874,5.262885997428283
3.067106800002825,0.1912180149156223,3.988492915611624,3.902362127319439,7.871477259962989,0.7843383966189819,,,2.36509833096755,5.142804775994665
3.078075682331502,0.2078607849829317,3.9994617979403,3.941605710572842,7.882446142291665,0.7590284536434941,,,2.376067213296226,5.015326330656277
3.089044564660178,0.225453290845417,4.010430680268977,3.981561705746736,7.893415024620342,0.734434124338236,,,2.387036095624902,4.880998906070198
3.100013446988854,0.2439847975703479,4.021399562597653,4.021352379599348,7.904383906949018,0.7106882467678423,,,2.398004977953579,4.740395969978522
3.11098232931753,0.2634424420929802,4.032368444926329,4.062634813768162,7.915352789277694,0.6879357552955587,,,2.408973860282255,4.59413270909636
3.121951211646206,0.2838053932675464,4.043337327255005,4.104558513738406,7.92632167160637,0.6662915637693884,,,2.419942742610931,4.442860124734093
3.132920093974882,0.3050478079958098,4.054306209583681,4.143774188863179,7.937290553935046,0.6458843786656282,,,2.430911624939607,4.288663513822873
3.143888976303558,0.3271365613233975,4.065275091912357,4.179493620987281,7.948259436263723,0.6268169754824888,,,2.441880507268283,4.132217663719527
3.154857858632235,0.3500315593401483,4.076243974241033,4.210983359419396,7.959228318592399,0.6091871988172138,,,2.45284938959696,3.972828090753571
3.165826740960911,0.3736856339131158,4.087212856569709,4.237569919041645,7.970197200921075,0.5930807038805989,,,2.463818271925636,3.811198036635213
3.176795623289587,0.3980904564079512,4.098181738898385,4.259202117420968,7.981166083249751,0.5785698275794388,,,2.474787154254312,3.64804074526057
3.187764505618263,0.4231003861342725,4.109150621227061,4.275341384255664,7.992134965578427,0.5657125982441713,,,2.485756036582988,3.484067938305075
3.198733387946939,0.4486953315967864,4.120119503555738,4.284966209658745,8.003103847907104,0.5545481993136112,,,2.496724918911664,3.319954333629634
3.209702270275616,0.4747942043029401,4.131088385884414,4.287688603708957,8.01407273023578,0.5451122536371247,,,2.50769380124034,3.156375281446741
3.220671152604292,0.5013163496268044,4.14205726821309,4.283202184946492,8.025041612564456,0.5374105474763229,,,2.518662683569016,2.993983599092955
3.231640034932968,0.528175058116642,4.153026150541766,4.271283419152862,8.036010494893132,0.5314373544173108,,,2.529631565897693,2.833404303446924
3.242608917261644,0.555277982575437,4.163995032870443,4.251791893612586,8.046979377221808,0.5271702820505433,,,2.540600448226369,2.675229882751089
3.25357779959032,0.5825240001042944,4.174963915199119,4.22466965432743,8.057948259550484,0.5245703916646177,,,2.551569330555045,2.520016166898006
3.264546681918997,0.609819080319745,4.185932797527795,4.189963142873457,8.06891714187916,0.5235825227678036,,,2.562538212883721,2.368278842294183
3.275515564247673,0.6370907390017777,4.196901679856471,4.148767933162111,8.079886024207838,0.5241358202267661,,,2.573507095212397,2.220490644049945
3.286484446576349,0.664226348561342,4.207870562185147,4.101250112209279,8.090854906536514,0.5261444587159588,,,2.584475977541074,2.077142471058639
3.297453328905025,0.6911437468762622,4.218839444513824,4.046649444560752,8.10182378886519,0.5295085561483404,,,2.59544485986975,1.938506880283669
3.308422211233701,0.7176669952765802,4.2298083268425,3.987757955454238,8.112792671193866,0.5341152648553409,,,2.606413742198426,1.8049680113794
3.319391093562377,0.7436805235760696,4.240777209171176,3.924911324179049,8.123761553522542,0.5398408304660046,,,2.617382624527102,1.676813814825343
3.330359975891053,0.7690701387664708,4.251746091499852,3.855962397964677,8.134730435851218,0.5465490048931614,,,2.628351506855779,1.554285890097171
3.34132885821973,0.7937225160638113,4.262714973828528,3.781334851288554,8.145699318179894,0.5540874146162177,,,2.639320389184455,1.437653835264734
3.352297740548406,0.8179612741364657,4.273683856157205,3.701498876606614,8.15666820050857,0.5623261259299213,,,2.650289271513131,1.326945342743031
3.363266622877082,0.8416779142266679,4.284652738485881,3.616965332235221,8.167637082837246,0.5710970340866712,,,2.661258153841807,1.222330715909324
3.374235505205758,0.8643235314771341,4.295621620814557,3.528279643530396,8.178605965165923,0.580240425786901,,,2.672227036170483,1.123885550816519
3.385204387534434,0.8857929101785719,4.306590503143233,3.43601641886402,8.189574847494599,0.5895947650559282,,,2.683195918499159,1.03165081480044
3.396173269863111,0.9060201408307832,4.317559385471909,3.340728817969806,8.200543729823275,0.5989985305827036,,,2.694164800827835,0.9456363985705315
3.407142152191787,0.9249151823988312,4.328528267800586,3.24311999293622,8.211512612151951,0.6083313700811753,,,2.705133683156511,0.86582492106814
3.418111034520463,0.9423651661654729,4.339497150129262,3.143758165604251,8.222481494480627,0.6174368650990604,,,2.716102565485188,0.7922277232854888
3.429079916849139,0.9583004299566469,4.350466032457938,3.043267109357978,8.233450376809303,0.6261242544369757,,,2.727071447813864,0.7246955883339241
3.440048799177815,0.9726635697772646,4.361434914786614,2.942267336579953,8.244419259137979,0.6342490925297831,,,2.73804033014254,0.6631948503979944
3.451017681506491,0.9854106784993926,4.37240379711529,2.841370217534017,8.255388141466655,0.6416754477272412,,,2.749009212471216,0.6076406427498767
3.461986563835167,0.9965125341530094,4.383372679443966,2.741172359187118,8.266357023795331,0.6485573199470239,,,2.759978094799893,0.5579414266621399
3.472955446163844,1.005955722520408,4.394341561772642,2.642250290871881,8.277325906124007,0.6547773307903901,,,2.770946977128569,0.5140029280118258
3.48392432849252,1.013743677763057,4.405310444101318,2.545155498776448,8.288294788452685,0.6599478459298036,,,2.781915859457245,0.4757318844867762
3.494893210821196,1.019897623913558,4.416279326429994,2.450409846213294,8.299263670781361,0.6639786973215926,,,2.792884741785921,0.4430395552862838
3.505862093149872,1.024996226792575,4.427248208758671,2.358461382789834,8.310232553110037,0.6667750414524815,,,2.803853624114597,0.4158449503893852
3.516830975478548,1.029093831440586,4.438217091087347,2.270487563897887,8.321201435438713,0.6685896562635201,,,2.814822506443273,0.3940777417828065
3.527799857807225,1.0317208556666,4.449185973416023,2.186841509478643,8.332170317767389,0.6693598180510845,,,2.825791388771949,0.3776808244011132
3.538768740135901,1.032967103363295,4.460154855744699,2.10724068132998,8.343139200096065,0.6687463780653069,,,2.836760271100625,0.3666124998538052
3.549737622464577,1.032943055645992,4.471123738073375,2.031994764288205,8.354108082424741,0.6667241008419135,,,2.847729153429302,0.3608482612335608
3.560706504793253,1.031852698522885,4.482092620402052,1.9613113771945,8.365076964753417,0.6632829348981426,,,2.858698035757978,0.3603821623677934
3.571675387121929,1.029847328881502,4.493061502730728,1.895526755448123,8.376045847082093,0.6584276815808597,,,2.869666918086654,0.3651707538837766
3.582644269450606,1.027025156294959,4.504030385059404,1.834736363491166,8.387014729410769,0.6521774798513369,,,2.88063580041533,0.3753744085814981
3.593613151779282,1.023576683786388,4.51499926738808,1.779057069634541,8.397983611739447,0.644792908460712,,,2.891604682744007,0.3909742051772376
3.604582034107958,1.019711061496248,4.525968149716756,1.728557329304806,8.408952494068123,0.6363157083450701,,,2.902573565072683,0.4120440814833098
3.615550916436634,1.015654834455545,4.536937032045433,1.683257822652202,8.419921376396799,0.6265754699834319,,,2.913542447401359,0.4386767832113098
3.62651979876531,1.011650382381071,4.547905914374109,1.643130861210892,8.430890258725475,0.6156340772015881,,,2.924511329730035,0.4709826702513369
3.637488681093986,1.008560252728862,4.558874796702785,1.608075853814251,8.441859141054151,0.6037222248206694,,,2.935480212058711,0.5090881122444391
3.648457563422662,1.006647204506509,4.569843679031461,1.578046211644115,8.452828023382827,0.5909185682827617,,,2.946449094387388,0.5531334906558252
3.659426445751339,1.005571447072794,4.580812561360137,1.552849472949978,8.463796905711503,0.5771488692002719,,,2.957417976716064,0.6032708278195703
3.670395328080015,1.005606395273489,4.591781443688814,1.532428074492366,8.474765788040179,0.5625237556059344,,,2.96838685904474,0.6596610665550667
3.681364210408691,1.007029251948654,4.60275032601749,1.516327463961072,8.485734670368855,0.5471288093012014,,,2.979355741373416,0.7224710269595467
3.692333092737367,1.01011792441029,4.613719208346166,1.504397498354093,8.496703552697532,0.5310663475218634,,,2.990324623702092,0.791870069863408
3.703301975066043,1.01514763142378,4.624688090674842,1.496357642660525,8.507672435026208,0.5144373297831951,,,3.001293506030768,0.8680264991949646
3.71427085739472,1.022387307529656,4.635656973003519,1.491904787881947,8.518641317354884,0.4973469636418244,,,3.012262388359444,0.9511037381331872
3.725239739723396,1.032095843052133,4.646625855332195,1.490718203338727,8.52961019968356,0.4798992960863853,,,3.023231270688121,1.041256316421375
3.736208622052072,1.044518204104121,4.657594737660871,1.49246086808752,8.540579082012236,0.4621971607794954,,,3.034200153016797,1.138625708558124
3.747177504380748,1.05988148251481,4.668563619989547,1.496788554017066,8.551547964340912,0.4443411956416032,,,3.045169035345473,1.243336064758231
3.758146386709424,1.078390930725005,4.679532502318223,1.503349371394279,8.562516846669588,0.426428961243076,,,3.056137917674149,1.355489878566584
3.7691152690381,1.100230422728967,4.690501384646899,1.511791824334233,8.573485728998264,0.4085541428508693,,,3.067106800002825,1.475163636792655
3.780084151366776,1.125542348950299,4.701470266975575,1.521767094756495,8.58445461132694,0.3908022486929869,,,3.078075682331502,1.602358948972874
3.791053033695453,1.154446889936924,4.712439149304251,1.532935347596818,8.595423493655616,0.3732826250658454,,,3.089044564660178,1.737186503753603
3.802021916024129,1.187024222038851,4.723408031632927,1.544968128802102,8.606392375984294,0.3560689127655851,,,3.100013446988854,1.879562494114595
3.812990798352805,1.223314839656174,4.734376913961603,1.557542717101712,8.61736125831297,0.3392160249127696,,,3.11098232931753,2.029471491237309
3.823959680681481,1.263316845793705,4.74534579629028,1.570365730802135,8.628330140641646,0.3227906695767569,,,3.121951211646206,2.1867052974947
3.834928563010158,1.306983684232593,4.756314678618956,1.583161287745763,8.639299022970322,0.3068511959453661,,,3.132920093974882,2.351141077447175
3.845897445338834,1.354222374512377,4.767283560947632,1.595677613112851,8.650267905298998,0.2915310513647484,,,3.143888976303558,2.522561382579461
3.85686632766751,1.40489230573803,4.778252443276308,1.607689423357776,8.661236787627674,0.2768763074025939,,,3.154857858632235,2.700693361977161
3.867835209996186,1.458804638587784,4.789221325604984,1.619012711115625,8.67220566995635,0.2628396486796944,,,3.165826740960911,2.885206525719557
3.878804092324862,1.51572235684565,4.800190207933661,1.629458807841553,8.683174552285026,0.2494695939754374,,,3.176795623289587,3.075771090459765
3.889772974653539,1.575416315828808,4.811159090262337,1.640627398433739,8.694143434613702,0.2367839606775808,,,3.187764505618263,3.271801672588967
3.900741856982215,1.637460996408835,4.822127972591013,1.652399908468872,8.70511231694238,0.2248042705607134,,,3.198733387946939,3.472904443056699
3.911710739310891,1.701564585491914,4.833096854919689,1.662979701308866,8.716081199271056,0.2135403502214386,,,3.209702270275616,3.678467166867472
3.922679621639567,1.767246324449633,4.844065737248365,1.672315069505648,8.727050081599732,0.2030176794974655,,,3.220671152604292,3.887857698861171
3.933648503968243,1.834128622594409,4.855034619577042,1.680415498653018,8.738018963928408,0.1932347691276363,,,3.231640034932968,4.100384706440332
3.944617386296919,1.901653270746684,4.866003501905718,1.687291876897981,8.748987846257084,0.1841940836920894,,,3.242608917261644,4.315299737814205
3.955586268625595,1.969342885825385,4.876972384234394,1.692872660519336,8.75995672858576,0.1758941820717932,,,3.25357779959032,4.531755202818023
3.966555150954272,2.036664134270525,4.88794126656307,1.697220893523488,8.770925610914436,0.1683334721421438,,,3.264546681918997,4.748997294230868
3.977524033282948,2.103067459245354,4.898910148891747,1.700431379446325,8.781894493243112,0.1614976943867749,,,3.275515564247673,4.966132450088717
3.988492915611624,2.167993562878329,4.909879031220423,1.702629625512673,8.792863375571788,0.1553788424390851,,,3.286484446576349,5.183443169500495
3.9994617979403,2.230880240754676,4.920847913549099,1.70398016722327,8.803832257900464,0.1499629933707128,,,3.297453328905025,5.399991300309829
4.010430680268977,2.291169471857781,4.931816795877775,1.704649642726217,8.814801140229141,0.1452346642156125,,,3.308422211233701,5.613470696016593
4.021399562597653,2.34831466003323,4.942785678206451,1.704872768307513,8.825770022557817,0.1411748161588232,,,3.319391093562377,5.822738854457475
4.032368444926329,2.40181737785905,4.953754560535128,1.704813002264976,8.836738904886493,0.1377638690064365,,,3.330359975891053,6.02677718711341
4.043337327255005,2.451175395464406,4.964723442863804,1.704833836251604,8.847707787215169,0.134980279746005,,,3.34132885821973,6.224521317487125
4.054306209583681,2.495889716003151,4.97569232519248,1.705162534672521,8.858676669543845,0.1328005492084991,,,3.352297740548406,6.415326122143743
4.065275091912357,2.53553050627325,4.986661207521156,1.706098763478235,8.869645551872521,0.131200161687411,,,3.363266622877082,6.598196072689976
4.076243974241033,2.569717847787825,4.997630089849832,1.707980311154899,8.880614434201197,0.130153197328938,,,3.374235505205758,6.771641875385932
4.087212856569709,2.598113195019723,5.008598972178508,1.711139385310354,8.891583316529873,0.1296325508881348,,,3.385204387534434,6.934676606171343
4.098181738898385,2.622626704958997,5.019567854507184,1.715893327601734,8.902552198858549,0.1296100174683927,,,3.396173269863111,7.088899885972396
4.109150621227061,2.64302571579554,5.03053673683586,1.722614354085278,8.913521081187227,0.1300563685141364,,,3.407142152191787,7.233407943944497
4.120119503555738,2.65694186357734,5.041505619164536,1.731656058041047,8.924489963515903,0.1309704395186538,,,3.418111034520463,7.364804594936283
4.131088385884414,2.664258045144198,5.052474501493212,1.743387116814258,8.935458845844579,0.1323209023696147,,,3.429079916849139,7.482312982834345
4.14205726821309,2.664929272469406,5.063443383821889,1.758178128411979,8.946427728173255,0.1340463401145522,,,3.440048799177815,7.585247247304346
4.153026150541766,2.658984475656278,5.074412266150565,1.776398235530075,8.957396610501931,0.1361136277672134,,,3.451017681506491,7.673022502007427
4.163995032870443,2.646527369213194,5.085381148479241,1.798415796621011,8.968365492830607,0.1384890085104234,,,3.461986563835167,7.745164043980203
4.174963915199119,2.627736373464518,5.096350030807917,1.82458784603575,8.979334375159283,0.1411381992007135,,,3.472955446163844,7.801315637435911
4.185932797527795,2.602864294341359,5.107318913136593,1.856358911315711,8.990303257487959,0.1440265100291559,,,3.48392432849252,7.84124672192203
4.196901679856471,2.574047587486543,5.11828779546527,1.894033480487622,9.001272139816635,0.1471189800521257,,,3.494893210821196,7.864858404368365
4.207870562185147,2.541662272103556,5.129256677793946,1.936816297337655,9.012241022145311,0.1503805296759725,,,3.505862093149872,7.875190170978926
4.218839444513824,2.504322575457808,5.140225560122622,1.984940851716202,9.023209904473989,0.153776130507698,,,3.516830975478548,7.872405699293525
4.2298083268425,2.462536863324721,5.151194442451298,2.038625110699556,9.034178786802665,0.1572709922853818,,,3.527799857807225,7.85374362249711
4.240777209171176,2.416848557152726,5.162163324779975,2.098147148077775,9.045147669131341,0.1608689370293436,,,3.538768740135901,7.81962163506448
4.251746091499852,2.367832128361912,5.173132207108651,2.163560216290823,9.056116551460017,0.1645359303348149,,,3.549737622464577,7.770588226888433
4.262714973828528,2.316129432217873,5.184101089437327,2.234962219023063,9.067085433788693,0.1682003159542343,,,3.560706504793253,7.710800747556471
4.273683856157205,2.262414869374319,5.195069971766003,2.312399871428082,9.078054316117369,0.1718297505574463,,,3.571675387121929,7.641049819858773
4.284652738485881,2.207418865813707,5.206038854094679,2.395864351073337,9.089023198446045,0.1753932863612545,,,3.582644269450606,7.558753652309881
4.295621620814557,2.151872822688249,5.217007736423356,2.485288777537455,9.099992080774721,0.178861625735159,,,3.593613151779282,7.464922276941653
4.306590503143233,2.096566871389419,5.227976618752032,2.580581031250559,9.110960963103397,0.1822073719801785,,,3.604582034107958,7.360678943567018
4.317559385471909,2.042217930480711,5.238945501080708,2.681544933614654,9.121929845432073,0.1854052713326144,,,3.615550916436634,7.247249864471156
4.328528267800586,1.989625844312785,5.249914383409384,2.787873519273742,9.13289872776075,0.1884317967023852,,,3.62651979876531,7.125952443641841
4.339497150129262,1.939560835379114,5.26088326573806,2.899232490593711,9.143867610089426,0.1912680789240861,,,3.637488681093986,7.000651465091735
4.350466032457938,1.892782530770974,5.271852148066737,3.015218448434033,9.154836492418102,0.1938957603309494,,,3.648457563422662,6.872793278576604
4.361434914786614,1.850031863035716,5.282821030395413,3.135365240535426,9.165805374746778,0.1963002314114124,,,3.659426445751339,6.741355261706
4.37240379711529,1.812023793261044,5.293789912724089,3.259126676482835,9.176774257075454,0.1984707073340037,,,3.670395328080015,6.607840887022842
4.383372679443966,1.77944022458283,5.304758795052765,3.385903628400501,9.18774313940413,0.2003928194435208,,,3.681364210408691,6.473762730865866
4.394341561772642,1.752923148825531,5.315727677381441,3.515036885668594,9.198712021732806,0.2020721286244406,,,3.692333092737367,6.340633061285472
4.405310444101318,1.733068065767961,5.326696559710117,3.645812550693987,9.209680904061482,0.2035007214470405,,,3.703301975066043,6.209946767156501
4.416279326429994,1.720417712380053,5.337665442038793,3.777469494132135,9.220649786390158,0.2048878548978838,,,3.71427085739472,6.0831642635098
4.427248208758671,1.715447310628939,5.348634324367469,3.909206830132941,9.231618668718836,0.2062358018480916,,,3.725239739723396,5.961694603374839
4.438217091087347,1.718599043087847,5.359603206696145,4.040181870981138,9.242587551047512,0.2073348547218396,,,3.736208622052072,5.84687902589862
4.449185973416023,1.730212118270328,5.370572089024822,4.169563482927363,9.253556433376188,0.2082020397491973,,,3.747177504380748,5.739975166299544
4.460154855744699,1.750560311559893,5.381540971353498,4.296471714434673,9.264525315704864,0.208839919097138,,,3.758146386709424,5.642142145428059
4.471123738073375,1.779841938541032,5.392509853682174,4.420038115528909,9.27549419803354,0.2092597664583029,,,3.7691152690381,5.554431127067577
4.482092620402052,1.818172334540211,5.40347873601085,4.539418498422178,9.286463080362216,0.2094750297849084,,,3.780084151366776,5.477756479854899
4.493061502730728,1.865585879123072,5.414447618339526,4.653748209373513,9.297431962690892,0.2095010455058294,,,3.791053033695453,5.41290759766259
4.504030385059404,1.922025634128363,5.425416500668203,4.762225841346754,9.308400845019568,0.209354720213995,,,3.802021916024129,5.360525019011874
4.51499926738808,1.987347385827837,5.436385382996879,4.864084070355093,9.319369727348244,0.2090504533214467,,,3.812990798352805,5.321096094910078
4.525968149716756,2.061317246525083,5.447354265325555,4.958619439436079,9.33033860967692,0.2086155358543406,,,3.823959680681481,5.294949098491003
4.536937032045433,2.143611931971235,5.458323147654231,5.045218435995377,9.341307492005598,0.2080646841561374,,,3.834928563010158,5.282249268151817
4.547905914374109,2.23381806583325,5.469292029982907,5.123274755545897,9.352276374334274,0.2074174923314852,,,3.845897445338834,5.28299684086507
4.558874796702785,2.331426156929833,5.480260912311584,5.192226712626516,9.36324525666295,0.2066907227939062,,,3.85686632766751,5.29702710505245
4.569843679031461,2.435878387566912,5.49122979464026,5.251639378130623,9.374214138991626,0.2059086188563619,,,3.867835209996186,5.324012474826494
4.580812561360137,2.546497388702414,5.502198676968936,5.301164219024006,9.385183021320302,0.2050854985814988,,,3.878804092324862,5.363466559923629
4.591781443688814,2.662536768891094,5.513167559297612,5.346879243184786,9.396151903648978,0.2042375514699446,,,3.889772974653539,5.414852021425559
4.60275032601749,2.78318356989001,5.524136441626288,5.388559665925931,9.407120785977654,0.2033792577835206,,,3.900741856982215,5.477209762251006
4.613719208346166,2.90756272547294,5.535105323954965,5.41967960340462,9.41808966830633,0.2025848499299529,,,3.911710739310891,5.549749836887064
4.624688090674842,3.034742512617852,5.546074206283641,5.440143913791565,9.429058550635006,0.2018652576410149,,,3.922679621639567,5.631347051094221
4.635656973003519,3.163743904668765,5.557043088612317,5.449990408446657,9.440027432963683,0.2011634145397345,,,3.933648503968243,5.72095444956049
4.646625855332195,3.293550424424754,5.568011970940993,5.449276433579075,9.450996315292359,0.2004845121709304,,,3.944617386296919,5.81720907819059
4.657594737660871,3.423117418378071,5.578980853269669,5.43820920231748,9.461965197621035,0.1998302038350997,,,3.955586268625595,5.91883454180975
4.668563619989547,3.551384675675904,5.589949735598346,5.417037766981979,9.472934079949711,0.1991995318221375,,,3.966555150954272,6.024437785660581
4.679532502318223,3.677286747725637,5.600918617927022,5.386097156299582,9.483902962278387,0.1985889652130629,,,3.977524033282948,6.132578123106454
4.690501384646899,3.799973591458169,5.611887500255698,5.345763991804257,9.494871844607063,0.1979924914744063,,,3.988492915611624,6.241784821981596
4.701470266975575,3.918404526713301,5.622856382584374,5.296505702504487,9.505840726935739,0.1974017600598259,,,3.9994617979403,6.350574992098692
4.712439149304251,4.031360541565428,5.63382526491305,5.238926743202356,9.516809609264415,0.1968059921582797,,,4.010430680268977,6.457471545890142
4.723408031632927,4.137874363210488,5.644794147241726,5.173829293594227,9.527778491593091,0.1961934141154548,,,4.021399562597653,6.561021004284057
4.734376913961603,4.237034166568434,5.655763029570402,5.101731568886491,9.538747373921767,0.195549633563052,,,4.032368444926329,6.662367228711895
4.74534579629028,4.327994758499485,5.666731911899078,5.02302501356883,9.549716256250445,0.1948941363648218,,,4.043337327255005,6.760132612030142
4.756314678618956,4.409987993040871,5.677700794227754,4.938355779975484,9.560685138579121,0.1942107170884941,,,4.054306209583681,6.850434446541757
4.767283560947632,4.482332222942892,5.688669676556431,4.848380933037698,9.571654020907797,0.1934449458752998,,,4.065275091912357,6.932036265621901
4.778252443276308,4.544440605481926,5.699638558885107,4.753760447212983,9.582622903236473,0.1925822878965986,,,4.076243974241033,7.003884212223638
4.789221325604984,4.595828273778585,5.710607441213783,4.655756851558031,9.593591785565149,0.1916034737485662,,,4.087212856569709,7.064829472110825
4.800190207933661,4.636117226950053,5.721576323542459,4.555008809541437,9.604560667893825,0.1904914850484586,,,4.098181738898385,7.116902309015614
4.811159090262337,4.66766767003176,5.732545205871135,4.45149692227888,9.615529550222501,0.189230220719954,,,4.109150621227061,7.159332128189663
4.822127972591013,4.690303205994606,5.743514088199812,4.345877720319837,9.626498432551177,0.1878048832025883,,,4.120119503555738,7.188616859514473
4.833096854919689,4.703147752231924,5.754482970528488,4.23868194492217,9.637467314879853,0.18620230778302,,,4.131088385884414,7.204263049194402
4.844065737248365,4.706216382460906,5.765451852857164,4.131227287720376,9.648436197208531,0.1844112665445339,,,4.14205726821309,7.205937392466237
4.855034619577042,4.699832414524732,5.77642073518584,4.024088175232503,9.659405079537207,0.1824227343944871,,,4.153026150541766,7.193469947573321
4.866003501905718,4.684196529233576,5.787389617514516,3.91681228846497,9.670373961865883,0.1802301119539264,,,4.163995032870443,7.166855378597845
4.876972384234394,4.657536852675128,5.798358499843193,3.809882743182164,9.681342844194559,0.1778294012739648,,,4.174963915199119,7.126252246972015
4.88794126656307,4.620235885406794,5.809327382171869,3.703689650786845,9.692311726523235,0.1753810088462719,,,4.185932797527795,7.072028204012309
4.898910148891747,4.572767047690421,5.820296264500545,3.598589716330272,9.703280608851911,0.1728850072950789,,,4.196901679856471,7.007590526184516
4.909879031220423,4.515686026714429,5.831265146829221,3.494907522071468,9.714249491180587,0.1701811773946323,,,4.207870562185147,6.933565709983603
4.920847913549099,4.449621088946925,5.842234029157897,3.393391083951025,9.725218373509263,0.1672738302929188,,,4.218839444513824,6.847689308176874
4.931816795877775,4.37526222130125,5.853202911486574,3.294302193031084,9.736187255837939,0.1641955292229848,,,4.2298083268425,6.753402318723694
4.942785678206451,4.293352904313564,5.86417179381525,3.198250182851565,9.747156138166615,0.1609558851557159,,,4.240777209171176,6.651613194563537
4.953754560535128,4.204667302817124,5.875140676143926,3.105436035403408,9.758125020495292,0.1575414192056458,,,4.251746091499852,6.540808095546866
4.964723442863804,4.110014934632336,5.886109558472602,3.01520133500388,9.769093902823968,0.1539737816312031,,,4.262714973828528,6.42213722807774
4.97569232519248,4.010216295748641,5.897078440801279,2.927701371299874,9.780062785152644,0.1502694536697694,,,4.273683856157205,6.296835127758082
4.986661207521156,3.906095607545568,5.908047323129955,2.843076517875256,9.79103166748132,0.1464394946039494,,,4.284652738485881,6.166238029942899
4.997630089849832,3.798652574115244,5.919016205458631,2.761454466930695,9.802000549809996,0.1425038986373368,,,4.295621620814557,6.031722468022684
5.008598972178508,3.688682836899091,5.929985087787307,2.682953995507591,9.812969432138672,0.1384840044177514,,,4.306590503143233,5.894757692631413
5.019567854507184,3.576732493872061,5.940953970115983,2.607783363567338,9.823938314467348,0.1344021742164078,,,4.317559385471909,5.75672173041932
5.03053673683586,3.463609337576921,5.951922852444659,2.536045682873411,9.834907196796024,0.1302814631724345,,,4.328528267800586,5.619230502950229
5.041505619164536,3.349951346852574,5.962891734773335,2.467739271288028,9.8458760791247,0.1261448098083283,,,4.339497150129262,5.483738833725784
5.052474501493212,3.236391211589417,5.973860617102011,2.402957718827023,9.856844961453376,0.1220167133385731,,,4.350466032457938,5.351750258618749
5.063443383821889,3.12350532725848,5.984829499430687,2.341791432719725,9.867813843782054,0.117919716290065,,,4.361434914786614,5.224749866456578
5.074412266150565,3.011810063642432,5.995798381759363,2.284328138999077,9.87878272611073,0.1138763701945596,,,4.37240379711529,5.1041909647028
5.085381148479241,2.901763944592822,6.00676726408804,2.230858492475261,9.889751608439406,0.1099083375845777,,,4.383372679443966,4.991482187338369
5.096350030807917,2.793749490099604,6.017736146416716,2.181914179697823,9.900720490768082,0.106036129363307,,,4.394341561772642,4.887975123124827
5.107318913136593,2.688130347246466,6.028705028745392,2.137342507874307,9.911689373096758,0.1022788700618818,,,4.405310444101318,4.794952532428736
5.11828779546527,2.585141478763541,6.039673911074068,2.096795991664631,9.922658255425434,0.09865409383638894,,,4.416279326429994,4.713617212063341
5.129256677793946,2.485020626781709,6.050642793402744,2.060309856167085,9.93362713775411,0.09517757323637614,,,4.427248208758671,4.645032376831201
5.140225560122622,2.387878202966893,6.061611675731421,2.027983634054503,9.944596020082786,0.0918631819549509,,,4.438217091087347,4.59097456920515
5.151194442451298,2.293833303955898,6.072580558060097,1.999818955133836,9.955564902411462,0.0887227919707675,,,4.449185973416023,4.552278607416577
5.162163324779975,2.202935138525463,6.083549440388773,1.975958821458757,9.96653378474014,0.0857655793682333,,,4.460154855744699,4.529064729980062
5.173132207108651,2.115165906784028,6.094518322717449,1.956256437391074,9.977502667068816,0.0830006303558701,,,4.471123738073375,4.521983917696186
5.184101089437327,2.030494786718581,6.105487205046126,1.940814712605307,9.988471549397492,0.08043273315993665,,,4.482092620402052,4.531500122607665
5.195069971766003,1.94886007003229,6.116456087374802,1.929646465050528,9.999440431726168,0.0780653923124152,,,4.493061502730728,4.558125268927203
5.206038854094679,1.870175025981931,6.127424969703478,1.922753635863556,10.01040931405484,0.07590007626693683,,,4.504030385059404,4.60203294579347
5.217007736423356,1.794339623731553,6.138393852032154,1.920194455386856,10.02137819638352,0.0739363041487531,,,4.51499926738808,4.663327030561772
5.227976618752032,1.722689817706313,6.14936273436083,1.921945812031397,10.0323470787122,0.07217169802808727,,,4.525968149716756,4.741981890355672
5.238945501080708,1.655088990017413,6.160331616689507,1.927939909799772,10.04331596104087,0.07060215651374023,,,4.536937032045433,4.837844003727044
5.249914383409384,1.589913416401615,6.171300499018183,1.938068563081774,10.05428484336955,0.06922194316635012,,,4.547905914374109,4.950490869410372
5.26088326573806,1.527006512303408,6.182269381346859,1.952297380772596,10.06525372569822,0.06802383294136745,,,4.558874796702785,5.07945310268511
5.271852148066737,1.466217138215885,6.193238263675535,1.970552518189421,10.0762226080269,0.06699925727667731,,,4.569843679031461,5.224656391812833
5.282821030395413,1.40740314441921,6.204207146004211,1.993009393394914,10.08719149035558,0.06613845406658102,,,4.580812561360137,5.385312520053405
5.293789912724089,1.35043431727586,6.215176028332888,2.019628329580557,10.09816037268425,0.06546773764270421,,,4.591781443688814,5.56021098562581
5.304758795052765,1.295194496064805,6.226144910661564,2.050031759415567,10.10912925501293,0.06497529609587568,,,4.60275032601749,5.748055968776881
5.315727677381441,1.241583395392659,6.23711379299024,2.084031065210951,10.12009813734161,0.06461080212589504,,,4.613719208346166,5.947847777998937
5.326696559710117,1.189517480160939,6.248082675318916,2.121488877313993,10.13106701967028,0.06436032143612264,,,4.624688090674842,6.158346389365793
5.337665442038793,1.138930414755561,6.259051557647592,2.162258611922849,10.14203590199896,0.06420655511435386,,,4.635656973003519,6.378215176609319
5.348634324367469,1.089772946078117,6.270020439976268,2.206185479880026,10.15300478432763,0.06414272796335892,,,4.646625855332195,6.606073533351037
5.359603206696145,1.042012261810582,6.280989322304944,2.253107554108516,10.16397366665631,0.06415000266177064,,,4.657594737660871,6.840357987860263
5.370572089024822,0.9956311646797434,6.29195820463362,2.302856878634458,10.17494254898499,0.06421391469657134,,,4.668563619989547,7.079621454939987
5.381540971353498,0.950626408336427,6.302927086962296,2.355265773426694,10.18591143131366,0.06432011516330229,,,4.679532502318223,7.322146201135188
5.392509853682174,0.9070072670472699,6.313895969290972,2.410148757482782,10.19688031364234,0.06445455579639432,,,4.690501384646899,7.566575342371642
5.40347873601085,0.864800898552139,6.324864851619649,2.468067537945335,10.20784919597101,0.06460335260988555,,,4.701470266975575,7.811274285359365
5.414447618339526,0.8240246724100238,6.335833733948325,2.528938709256408,10.21881807829969,0.06475368062590658,,,4.712439149304251,8.054460472163127
5.425416500668203,0.7847170565246243,6.346802616277001,2.591830470659772,10.22978696062837,0.06489199799973885,,,4.723408031632927,8.294487857695797
5.436385382996879,0.7469187832745613,6.357771498605677,2.656444192792111,10.24075584295704,0.06500650995878357,,,4.734376913961603,8.52971772276789
5.447354265325555,0.7106730396203308,6.368740380934354,2.722587198555157,10.25172472528572,0.06508578884445554,,,4.74534579629028,8.758680642880945
5.458323147654231,0.6760430200563242,6.37970926326303,2.790070533347697,10.26269360761439,0.06511919350136422,,,4.756314678618956,8.979926139543505
5.469292029982907,0.6430688203821692,6.390678145591706,2.858711687078317,10.27366248994307,0.0650969358024598,,,4.767283560947632,9.192087235990334
5.480260912311584,0.6117679194825753,6.401647027920382,2.928331980391486,10.28463137227175,0.06501236908495552,,,4.778252443276308,9.393894231749915
5.49122979464026,0.582173899131465,6.412615910249058,2.998760965304642,10.29560025460042,0.0648574242340821,,,4.789221325604984,9.584245342340401
5.502198676968936,0.5543469490629578,6.423584792577735,3.069836599784039,10.3065691369291,0.06462296546313631,,,4.800190207933661,9.762002468446674
5.513167559297612,0.5283487743940836,6.434553674906411,3.141302533014715,10.31753801925778,0.06430323881881668,,,4.811159090262337,9.931140006781408
5.524136441626288,0.5041604664884239,6.445522557235087,3.213247733942583,10.32850690158645,0.06389358963038728,,,4.822127972591013,10.09084796595459
5.535105323954965,0.4817461060996079,6.456491439563763,3.285447542340732,10.33947578391513,0.06338904004647242,,,4.833096854919689,10.23789659224517
5.546074206283641,0.4611021617181592,6.467460321892439,3.357767916656704,10.3504446662438,0.06284697439148194,,,4.844065737248365,10.37175844937832
5.557043088612317,0.4422191808389962,6.478429204221116,3.431954208591214,10.36141354857248,0.06226411335583445,,,4.855034619577042,10.49278052148881
5.568011970940993,0.4250863682449025,6.489398086549792,3.507937840889075,10.37238243090116,0.06158146128242027,,,4.866003501905718,10.6006984382392
5.578980853269669,0.4096771921395859,6.500366968878468,3.58371201176557,10.38335131322983,0.06079875457806893,,,4.876972384234394,10.69217724166223
5.589949735598346,0.3959454067717526,6.511335851207144,3.659185121699242,10.39432019555851,0.05991684021944488,,,4.88794126656307,10.76722059095755
5.600918617927022,0.3838474806039329,6.52230473353582,3.734285478443499,10.40528907788719,0.05893765703941572,,,4.898910148891747,10.82599833942457
5.611887500255698,0.3733260598171286,6.533273615864497,3.808958211299464,10.41625796021586,0.05786420669832143,,,4.909879031220423,10.86884452179027
5.622856382584374,0.364332684728397,6.544242498193173,3.88316805165777,10.42722684254454,0.0567005144162079,,,4.920847913549099,10.89630962184588
5.63382526491305,0.3568018346440231,6.555211380521849,3.956897654462252,10.43819572487321,0.05545171581086444,,,4.931816795877775,10.90894826868994
5.644794147241726,0.3506680077677224,6.566180262850525,4.03018620065937,10.44916460720189,0.05412349209101724,,,4.942785678206451,10.90765141543283
5.655763029570402,0.3458621427367392,6.577149145179201,4.102999263972455,10.46013348953057,0.05272271401194147,,,4.953754560535128,10.89324020662981
5.666731911899078,0.3423124192715344,6.588118027507877,4.175400976954287,10.47110237185924,0.05125634827840898,,,4.964723442863804,10.86692208340113
5.677700794227754,0.3399450406014533,6.599086909836553,4.247448460326464,10.48207125418792,0.04975425698558966,,,4.97569232519248,10.82984652636074
5.688669676556431,0.3386849840769046,6.610055792165229,4.319215353084222,10.4930401365166,0.04822435774131252,,,4.986661207521156,10.78333146980195
5.699638558885107,0.3384567085961889,6.621024674493905,4.39080320623883,10.50400901884527,0.04665526055478907,,,4.997630089849832,10.73251050767262
5.710607441213783,0.3391931498717424,6.631993556822582,4.462264069587854,10.51497790117395,0.04505635756852248,,,5.008598972178508,10.67886425091312
5.721576323542459,0.3408195606691018,6.642962439151258,4.533736973724045,10.52594678350262,0.04343736294683279,,,5.019567854507184,10.6202102095472
5.732545205871135,0.3432110136000258,6.653931321479934,4.605313996709191,10.5369156658313,0.04180821727499048,,,5.03053673683586,10.5581668305135
5.743514088199812,0.3463913993018191,6.66490020380861,4.677099141860082,10.54788454815998,0.04017899185819654,,,5.041505619164536,10.49436720605789
5.754482970528488,0.3502061662055798,6.675869086137286,4.749191250504937,10.55885343048865,0.03855994228666017,,,5.052474501493212,10.43051181185478
5.765451852857164,0.3547913605062832,6.686837968465963,4.821669177501311,10.56982231281733,0.03696086544434115,,,5.063443383821889,10.36833294932748
5.77642073518584,0.3600117410903185,6.697806850794639,4.898359695316091,10.580791195146,0.03539348136557676,,,5.074412266150565,10.30958135660787
5.787389617514516,0.3657391194093174,6.708775733123315,4.979297461689622,10.59176007747468,0.03386454937872849,,,5.085381148479241,10.25606809673479
5.798358499843193,0.3718718952631517,6.719744615451991,5.06067077176699,10.60272895980336,0.03238478152009368,,,5.096350030807917,10.20949293524585
5.809327382171869,0.378353103644408,6.730713497780667,5.142443436958706,10.61369784213203,0.03096054019836838,,,5.107318913136593,10.17380518664526
5.820296264500545,0.385128921736643,6.741682380109344,5.224584241715648,10.62466672446071,0.02960628094519377,,,5.11828779546527,10.15065714804083
5.831265146829221,0.3921487069645191,6.75265126243802,5.306870362374614,10.63563560678939,0.02832694368399757,,,5.129256677793946,10.13996112966321
5.842234029157897,0.3993677667494187,6.763620144766696,5.389185003339962,10.64660448911806,0.02712960365818277,,,5.140225560122622,10.14319773453789
5.853202911486574,0.4067417148996594,6.774589027095372,5.471354594356037,10.65757337144674,0.02602094951002124,,,5.151194442451298,10.16249425094516
5.86417179381525,0.4143587027947122,6.785557909424048,5.55313039220587,10.66854225377541,0.02500815854727701,,,5.162163324779975,10.19928135458242
5.875140676143926,0.4221790396425407,6.796526791752725,5.634281963548332,10.67951113610409,0.02409626249895075,,,5.173132207108651,10.25341219090841
5.886109558472602,0.430032275493033,6.807495674081401,5.714497414969798,10.69048001843277,0.02328999451721188,,,5.184101089437327,10.32594359768505
5.897078440801279,0.4378829025810565,6.818464556410077,5.793450837825825,10.70144890076144,0.0225937380224764,,,5.195069971766003,10.4177876473475
5.908047323129955,0.4456978717780363,6.829433438738753,5.870821115683086,10.71241778309012,0.02201071079807086,,,5.206038854094679,10.52969778274797
5.919016205458631,0.4534434106716818,6.84040232106743,5.946173664634674,10.7233866654188,0.02154352800808417,,,5.217007736423356,10.66231752805388
5.929985087787307,0.461097549509179,6.851371203396106,6.019138167008919,10.73435554774747,0.02119404673879765,,,5.227976618752032,10.81745994421165
5.940953970115983,0.4686297057465652,6.862340085724782,6.089304822970246,10.74532443007615,0.02096336930409532,,,5.238945501080708,10.9953638233752
5.951922852444659,0.4760148716202532,6.873308968053458,6.156303627224511,10.75629331240482,0.02085193970113175,,,5.249914383409384,11.19448171713123
5.962891734773335,0.4832295512335825,6.884277850382134,6.219666628408787,10.7672621947335,0.02085922926169846,,,5.26088326573806,11.41457728054557
5.973860617102011,0.4902515670441759,6.89524673271081,6.279011114142596,10.77823107706218,0.02098421516254019,,,5.271852148066737,11.65519922233341
5.984829499430687,0.4970598708662353,6.906215615039486,6.333956703096689,10.78919995939085,0.0212251133337863,,,5.282821030395413,11.91573270019107
5.995798381759363,0.5036343621013669,6.917184497368162,6.384151172439812,10.80016884171953,0.02157947375141834,,,5.293789912724089,12.19525295042367
6.00676726408804,0.5101734433583228,6.928153379696838,6.429275785290177,10.8111377240482,0.0220442114911903,,,5.304758795052765,12.49260884934172
6.017736146416716,0.5166564445317914,6.939122262025514,6.469072502779564,10.82210660637688,0.02261564199994718,,,5.315727677381441,12.80653397334053
6.028705028745392,0.522842966485182,6.950091144354191,6.503316052638585,10.83307548870556,0.02328952052570978,,,5.326696559710117,13.13551932545056
6.039673911074068,0.5287125129416872,6.961060026682867,6.53185007271348,10.84404437103423,0.02406108564533574,,,5.337665442038793,13.47786673447169
6.050642793402744,0.5342430751536729,6.972028909011543,6.554585145810223,10.85501325336291,0.024925201381313,,,5.348634324367469,13.83170308978808
6.061611675731421,0.5394166615325704,6.982997791340219,6.572726216830492,10.86598213569158,0.0258760570086713,,,5.359603206696145,14.19498664094768
6.072580558060097,0.5442071363497937,6.993966673668895,6.586321423588028,10.87695101802026,0.02690771679932901,,,5.370572089024822,14.56557198483406
6.083549440388773,0.5485982665894177,7.004935555997572,6.599147550644552,10.88791990034894,0.02801386800966793,,,5.381540971353498,14.94116004316806
6.094518322717449,0.5525681971418488,7.015904438326248,6.611355399949651,10.89888878267761,0.02918795642072131,,,5.392509853682174,15.31937359045585
6.105487205046126,0.5560981497246967,7.026873320654924,6.618246983127955,10.90985766500629,0.03042325111853716,,,5.40347873601085,15.69782376004468
6.116456087374802,0.5591691669920502,7.0378422029836,6.620088982181573,10.92082654733497,0.03171291157143082,,,5.414447618339526,16.07401044493538
6.127424969703478,0.5617628758596913,7.048811085312276,6.617225421801388,10.93179542966364,0.03305005638339775,,,5.425416500668203,16.44535731640908
6.138393852032154,0.5641440759482209,7.059779967640953,6.610072609655063,10.94276431199232,0.03442838558423389,,,5.436385382996879,16.80945248751811
6.14936273436083,0.5662693598079677,7.070748849969629,6.599118292915959,10.95373319432099,0.03584114025014629,,,5.447354265325555,17.16460307464391
6.160331616689507,0.5678908148112086,7.081717732298305,6.586531694143987,10.96470207664967,0.03728117150884655,,,5.458323147654231,17.51128790822086
6.171300499018183,0.5689546698911974,7.092686614626981,6.572896731173138,10.97567095897835,0.03874211788027247,,,5.469292029982907,17.84650358589106
6.182269381346859,0.5694446610650986,7.103655496955658,6.557201258272491,10.98663984130702,0.04021791681826153,,,5.480260912311584,18.16525428494105
6.193238263675535,0.5693446611349935,7.114624379284334,6.540090705074787,10.9976087236357,0.04170286462786567,,,5.49122979464026,18.465524366943
6.204207146004211,0.568640561031909,7.12559326161301,6.522228417332079,11.00857760596437,0.04319167094775633,,,5.502198676968936,18.74650379275041
6.215176028332888,0.5673223803433736,7.136562143941686,6.504301439606339,11.01954648829305,0.04467889847394325,,,5.513167559297612,19.01467615845755
6.226144910661564,0.5653808475185829,7.147531026270362,6.486984327638666,11.03051537062173,0.04617175894613935,,,5.524136441626288,19.26755192677177
6.23711379299024,0.5628076548797604,7.158499908599039,6.470941293612255,11.0414842529504,0.04767760039134305,,,5.535105323954965,19.4956815238725
6.248082675318916,0.5595993832030457,7.169468790927715,6.456814138488623,11.05245313527908,0.04918270899103998,,,5.546074206283641,19.69799024283746
6.259051557647592,0.5557558803988398,7.180437673256391,6.445210079316963,11.06342201760776,0.05067200812332455,,,5.557043088612317,19.87371888591155
6.270020439976268,0.5512804473381793,7.191406555585067,6.436691572544645,11.07439089993643,0.05214300374123077,,,5.568011970940993,20.02416493665011
6.280989322304944,0.5461799906780174,7.202375437913743,6.431767040450118,11.08535978226511,0.0535937671204048,,,5.578980853269669,20.14907582092721
6.29195820463362,0.5404651383528164,7.213344320242419,6.430882673546562,11.09632866459378,0.05502291469731482,,,5.589949735598346,20.24988505839969
6.302927086962296,0.5341513393773113,7.224313202571095,6.434660927023642,11.10729754692246,0.0564295751778684,,,5.600918617927022,20.32677764765513
6.313895969290972,0.5272550811181335,7.235282084899771,6.443401701600763,11.11826642925114,0.05781649833956037,,,5.611887500255698,20.37673994597108
6.324864851619649,0.5201445790926642,7.246250967228447,6.457066047090666,11.12923531157981,0.05918366083182093,,,5.622856382584374,20.40042724257238
6.335833733948325,0.5129074182216767,7.257219849557123,6.475815859580715,11.14020419390849,0.06054930352411969,,,5.63382526491305,20.40144042969635
6.346802616277001,0.5052209540546905,7.2681887318858,6.499693115299411,11.15117307623717,0.06191378974514319,,,5.644794147241726,20.38387893452263
6.357771498605677,0.4970460520759618,7.279157614214476,6.528666208089667,11.16214195856584,0.06325637317015385,,,5.655763029570402,20.3462044240682
6.368740380934354,0.488411957441886,7.290126496543152,6.562661736955128,11.17311084089452,0.06457749165891959,,,5.666731911899078,20.28670736256475
6.37970926326303,0.4793510086663051,7.301095378871828,6.601424613267243,11.18407972322319,0.06587759767974875,,,5.677700794227754,20.20686485047111
6.390678145591706,0.4698997463574574,7.312064261200504,6.644718765245025,11.19504860555187,0.06715704575844693,,,5.688669676556431,20.10827458080175
6.401647027920382,0.4600964888778357,7.323033143529181,6.692208565104334,11.20601748788055,0.06842449041543212,,,5.699638558885107,19.99263026365639
6.412615910249058,0.4499826341623447,7.334002025857857,6.743493227859136,11.21698637020922,0.06968783028516319,,,5.710607441213783,19.86444985045696
6.423584792577735,0.4396013789471334,7.344970908186533,6.798113196922547,11.2279552525379,0.07093778547815935,,,5.721576323542459,19.72552848725665
6.434553674906411,0.4289989086735275,7.355939790515209,6.855556718242059,11.23892413486658,0.07216510151539766,,,5.732545205871135,19.57480162724865
6.445522557235087,0.4182233058202721,7.366908672843886,6.91526711308529,11.24989301719525,0.07337526107455215,,,5.743514088199812,19.41423514479713
6.456491439563763,0.4073221700612074,7.377877555172562,6.978449722154813,11.26086189952393,0.07456600350531807,,,5.754482970528488,19.24545030030382
6.467460321892439,0.3963447097578828,7.388846437501238,7.046738310793585,11.2718307818526,0.07572606507481876,,,5.765451852857164,19.07241826655897
6.478429204221116,0.3854583190729983,7.399815319829914,7.117601342019623,11.28279966418128,0.07685435258709643,,,5.77642073518584,18.89674843846692
6.489398086549792,0.3747111390211313,7.41078420215859,7.188096235953168,11.29376854650996,0.07794412160399602,,,5.787389617514516,18.71779353187373
6.500366968878468,0.3640326005892019,7.421753084487267,7.257439740716134,11.30473742883863,0.07899087789451135,,,5.798358499843193,18.53699984852237
6.511335851207144,0.3534682527396363,7.432721966815943,7.32488848137406,11.31570631116731,0.07998897887290896,,,5.809327382171869,18.35571087544132
6.52230473353582,0.3430628747759879,7.443690849144619,7.389706117468469,11.32667519349598,0.08093220073379097,,,5.820296264500545,18.17515547299017
6.533273615864497,0.3328594242676157,7.454659731473295,7.451169814593806,11.33764407582466,0.08181482679863039,,,5.831265146829221,17.99644008461401
6.544242498193173,0.3228990134024947,7.465628613801971,7.50857616887925,11.34861295815334,0.08262790888874101,,,5.842234029157897,17.82319140102122
6.555211380521849,0.3132205349667456,7.476597496130648,7.561254382407867,11.35958184048201,0.08337119252597489,,,5.853202911486574,17.6562321612299
6.566180262850525,0.3038646375437316,7.487566378459324,7.610289760615994,11.37055072281069,0.084036871455483,,,5.86417179381525,17.49579687790583
6.577149145179201,0.2948577226968337,7.498535260788,7.655057670967575,11.38151960513937,0.08461050921409453,,,5.875140676143926,17.3423990644697
6.588118027507877,0.2862339158052578,7.509504143116676,7.693201925889791,11.39248848746804,0.0850841542965397,,,5.886109558472602,17.19418562984714
6.599086909836553,0.2780209595222632,7.520473025445352,7.724180426180835,11.40345736979672,0.08544968594175725,,,5.897078440801279,17.05139550482657
6.610055792165229,0.2702433712194304,7.531441907774028,7.747506684700958,11.41442625212539,0.08570036899843309,,,5.908047323129955,16.91414831556327
6.621024674493905,0.2629225396140065,7.542410790102704,7.763661489812053,11.42539513445407,0.08582875765595351,,,5.919016205458631,16.78239037782387
6.631993556822582,0.2560757277007447,7.55337967243138,7.77213587886325,11.43636401678275,0.08582843508644779,,,5.929985087787307,16.65615925700223
6.642962439151258,0.2497176828944381,7.564348554760056,7.771608006044958,11.44733289911142,0.0856941653948286,,,5.940953970115983,16.53747024851539
6.653931321479934,0.2438589984903631,7.575317437088733,7.761747239361594,11.4583017814401,0.08542038416682304,,,5.951922852444659,16.42604870154401
6.66490020380861,0.2385069172979839,7.586286319417409,7.742281046391872,11.46927066376877,0.08500362630804678,,,5.962891734773335,16.31915990887479
6.675869086137286,0.2336651647602597,7.597255201746085,7.712996893232166,11.48023954609745,0.08444840618340217,,,5.973860617102011,16.2163560794447
6.686837968465963,0.229333845243155,7.608224084074761,7.673743856361619,11.49120842842613,0.08375279338068253,,,5.984829499430687,16.11710974521561
6.697806850794639,0.2256194485715327,7.619192966403437,7.624373185047014,11.5021773107548,0.08299016372509602,,,5.995798381759363,16.02084480688039
6.708775733123315,0.2225094764601096,7.630161848732114,7.566479679920566,11.51314619308348,0.08216073089196943,,,6.00676726408804,15.92959273703473
6.719744615451991,0.2198873902023861,7.64113073106079,7.500013654030451,11.52411507541215,0.08118472824766496,,,6.017736146416716,15.84505629999002
6.730713497780667,0.2177382500290981,7.652099613389466,7.423573210114374,11.53508395774083,0.08006511894957839,,,6.028705028745392,15.76381757218365
6.741682380109344,0.2160442519121697,7.663068495718142,7.340093243308108,11.54605284006951,0.07880434468332102,,,6.039673911074068,15.68282164699889
6.75265126243802,0.2147843002403733,7.674037378046818,7.249762600670275,11.55702172239818,0.0774202612418317,,,6.050642793402744,15.60124576358562
6.763620144766696,0.2139349616873553,7.685006260375495,7.150021311501466,11.56799060472686,0.07591921175795768,,,6.061611675731421,15.51978607856295
6.774589027095372,0.2134703323946575,7.695975142704171,7.041165279144899,11.57895948705554,0.07429653085505072,,,6.072580558060097,15.43759448470903
6.785557909424048,0.21335989682107,7.706944025032847,6.923555202357925,11.58992836938421,0.07256103617804757,,,6.083549440388773,15.35270916576034
6.796526791752725,0.2135781328381016,7.717912907361523,6.797615800018892,11.60089725171289,0.07072271959416047,,,6.094518322717449,15.26420330982719
6.807495674081401,0.2140901288820309,7.728881789690199,6.663834455120211,11.61186613404156,0.06879264691402061,,,6.105487205046126,15.17149192705289
6.818464556410077,0.2148622152783723,7.739850672018876,6.522755915120894,11.62283501637024,0.06678284419944316,,,6.116456087374802,15.07395091108851
6.829433438738753,0.2158726080658131,7.750819554347552,6.376548109365616,11.63380389869892,0.06470617310227662,,,6.127424969703478,14.97100853102501
6.84040232106743,0.2170628457727141,7.761788436676228,6.225849918328152,11.64477278102759,0.06257619779677295,,,6.138393852032154,14.86508464441637
6.851371203396106,0.2184068430334996,7.772757319004904,6.069767717099551,11.65574166335627,0.06040704611150916,,,6.14936273436083,14.75567690005768
6.862340085724782,0.2198680482255004,7.78372620133358,5.909014994398709,11.66671054568495,0.05821326743795659,,,6.160331616689507,14.63951256311738
6.873308968053458,0.2214101162400948,7.794695083662257,5.745859359498453,11.67767942801362,0.05601387253955142,,,6.171300499018183,14.51612377917342
6.884277850382134,0.2229969598595345,7.805663965990933,5.581116978382624,11.6886483103423,0.05382378932883135,,,6.182269381346859,14.38525555917689
6.89524673271081,0.2245935858158307,7.816632848319609,5.41395581400903,11.69961719267097,0.05165372585900241,,,6.193238263675535,14.24669949070778
6.906215615039486,0.226166195958721,7.827601730648285,5.245205853808732,11.71058607499965,0.04951844236803161,,,6.204207146004211,14.10288808520855
6.917184497368162,0.227682640271034,7.838570612976961,5.075666038852043,11.72155495732833,0.0474324447718929,,,6.215176028332888,13.95632133403611
6.928153379696838,0.2291092291816951,7.849539495305637,4.906136301304889,11.732523839657,0.04540986908345845,,,6.226144910661564,13.80441160328944
6.939122262025514,0.2304261701069273,7.860508377634313,4.737977602580039,11.74349272198568,0.04346437501460024,,,6.23711379299024,13.64462654277167
6.950091144354191,0.2316039398254515,7.871477259962989,4.571963707038715,11.75446160431436,0.04160904934279959,,,6.248082675318916,13.4770867198203
6.961060026682867,0.2326206632202234,7.882446142291665,4.408273664515397,11.76543048664303,0.03985631931580615,,,6.259051557647592,13.30199871489987
6.972028909011543,0.2334578258931808,7.893415024620342,4.247625119402673,11.77639936897171,0.03822236640567082,,,6.270020439976268,13.11965390745875
6.982997791340219,0.2342419113652966,7.904383906949018,4.090679673158903,11.78736825130038,0.03671803840556793,,,6.280989322304944,12.93042630922209
6.993966673668895,0.2349606000962858,7.915352789277694,3.938121056162519,11.79833713362906,0.03534879250658937,,,6.29195820463362,12.73476944145132
7.004935555997572,0.2355039609527073,7.92632167160637,3.79043452550978,11.80930601595774,0.03412366868799475,,,6.302927086962296,12.53323050524818
7.015904438326248,0.2358662769475414,7.937290553935046,3.648335449359906,11.82027489828641,0.03305075949836315,,,6.313895969290972,12.32637759458241
7.026873320654924,0.2360047868528539,7.948259436263723,3.512201035699685,11.83124378061509,0.0321374562864548,,,6.324864851619649,12.11746402333143
7.0378422029836,0.2359221115635879,7.959228318592399,3.382449167963695,11.84221266294376,0.03138938411289141,,,6.335833733948325,11.91072743595965
7.048811085312276,0.2356252636979529,7.970197200921075,3.25943263888925,11.85318154527244,0.03081183999399824,,,6.346802616277001,11.70428817853848
7.059779967640953,0.2351209653403394,7.981166083249751,3.143437140014562,11.86415042760112,0.0304088490550555,,,6.357771498605677,11.49531531376825
7.070748849969629,0.2344350839152866,7.992134965578427,3.034680152076538,11.87511930992979,0.03018340630362573,,,6.368740380934354,11.28454186734655
7.081717732298305,0.2336792272019489,8.003103847907104,2.933284388041263,11.88608819225847,0.03013740518829565,,,6.37970926326303,11.07272312218186
7.092686614626981,0.2328760046065897,8.01407273023578,2.839389951677094,11.89705707458715,0.03027167295156517,,,6.390678145591706,10.86074458343598
7.103655496955658,0.2319528119384338,8.025041612564456,2.752978366409103,11.90802595691582,0.03058624476156129,,,6.401647027920382,10.64935968499666
7.114624379284334,0.230938163745938,8.036010494893132,2.674001352231169,11.9189948392445,0.03107955717001572,,,6.412615910249058,10.43938803598862
7.12559326161301,0.2298634728448353,8.046979377221808,2.602350003862647,11.92996372157317,0.03174893088732647,,,6.423584792577735,10.23163158662029
7.136562143941686,0.2287626381027252,8.057948259550484,2.537858687816938,11.94093260390185,0.03259107827000354,,,6.434553674906411,10.02680289322441
7.147531026270362,0.2276717580749534,8.06891714187916,2.480309568615641,11.95190148623053,0.03360128509814982,,,6.445522557235087,9.825969822935715
7.158499908599039,0.2266284910168928,8.079886024207838,2.429437676207664,11.9628703685592,0.03477401511639552,,,6.456491439563763,9.629770159348643
7.169468790927715,0.2256717433088543,8.090854906536514,2.384936419264241,11.97383925088788,0.03610281789818185,,,6.467460321892439,9.438935689509329
7.180437673256391,0.2248411650906481,8.10182378886519,2.346463443720391,11.98480813321656,0.03757970809151909,,,6.478429204221116,9.256687510263495
7.191406555585067,0.2241766810760921,8.112792671193866,2.313646732760275,11.99577701554523,0.03919594488426422,,,6.489398086549792,9.083677258162648
7.202375437913743,0.2237180245097117,8.123761553522542,2.286106150467093,12.00674589787391,0.04094191898304436,,,6.500366968878468,8.917957470941827
7.213344320242419,0.2235042804106958,8.134730435851218,2.263402794100218,12.01771478020258,0.04280679609115506,,,6.511335851207144,8.759950357775066
7.224313202571095,0.2236221321142304,8.145699318179894,2.245121220767399,12.02868366253126,0.0447791248134266,,,6.52230473353582,8.610246574628157
7.235282084899771,0.2241076234066324,8.15666820050857,2.230842180634998,12.03965254485994,0.04684649198107824,,,6.533273615864497,8.469186064986852
7.246250967228447,0.2249401085153235,8.167637082837246,2.220133283786585,12.05062142718861,0.04899589150142519,,,6.544242498193173,8.337124295027278
7.257219849557123,0.2261625470476134,8.178605965165923,2.212573684427306,12.06159030951729,0.05121310815898846,,,6.555211380521849,8.214314761218505
7.2681887318858,0.2277989433940346,8.189574847494599,2.207753963488632,12.07255919184596,0.05348451180221835,,,6.566180262850525,8.101091328995862
7.279157614214476,0.2298739489438347,8.200543729823275,2.20528071017208,12.08352807417464,0.05579505806370312,,,6.577149145179201,7.997616903141055
7.290126496543152,0.2324251020003751,8.211512612151951,2.206574612961289,12.09449695650332,0.05812938100850253,,,6.588118027507877,7.90398973092424
7.301095378871828,0.2354749270724161,8.222481494480627,2.211277591154922,12.10546583883199,0.06047167838962077,,,6.599086909836553,7.820282536701257
7.312064261200504,0.2390021159534319,8.233450376809303,2.21724013195469,12.11643472116067,0.06280620618616636,,,6.610055792165229,7.746517932143393
7.323033143529181,0.243041392981005,8.244419259137979,2.22412827933892,12.12740360348934,0.06511717727733859,,,6.621024674493905,7.682684550992084
7.334002025857857,0.2476015906839951,8.255388141466655,2.231647527222436,12.13837248581802,0.06738885252218159,,,6.631993556822582,7.628598566009436
7.344970908186533,0.2526876096455365,8.266357023795331,2.239538310817164,12.1493413681467,0.06960599294035953,,,6.642962439151258,7.584676038614068
7.355939790515209,0.2583003357594471,8.277325906124007,2.247573063751181,12.16031025047537,0.07175333728807776,,,6.653931321479934,7.550668633192158
7.366908672843886,0.264436581852613,8.288294788452685,2.255556420477726,12.17127913280405,0.07381617558961466,,,6.66490020380861,7.525905365299898
7.377877555172562,0.2710890529985886,8.299263670781361,2.263299376013134,12.18224801513273,0.07578081093861652,,,6.675869086137286,7.510096919113145
7.388846437501238,0.2782463354638545,8.310232553110037,2.270702690668343,12.1932168974614,0.07763390270431257,,,6.686837968465963,7.503157527372124
7.399815319829914,0.2858948484372077,8.321201435438713,2.277728825322017,12.20418577979008,0.07939508660987406,,,6.697806850794639,7.508746597446533
7.41078420215859,0.2940126510114116,8.332170317767389,2.284263801065245,12.21515466211875,0.08105277583551408,,,6.708775733123315,7.526101475212122
7.421753084487267,0.3025767653934655,8.343139200096065,2.290255248763447,12.22612354444743,0.08256427079832833,,,6.719744615451991,7.550664485678994
7.432721966815943,0.3115597908200191,8.354108082424741,2.29568736066478,12.23709242677611,0.08392003982565222,,,6.730713497780667,7.581879700424008
7.443690849144619,0.3209305669383772,8.365076964753417,2.300565008674895,12.24806130910478,0.0851118706429613,,,6.741682380109344,7.619193535256651
7.454659731473295,0.3306543486750234,8.376045847082093,2.304910384102163,12.25903019143346,0.08618169250132787,,,6.75265126243802,7.661845549908142
7.465628613801971,0.3406930256358789,8.387014729410769,2.308759459264412,12.26999907376213,0.08712371404083484,,,6.763620144766696,7.709160351686907
7.476597496130648,0.3510133987078004,8.397983611739447,2.312529056525625,12.28096795609081,0.08788436846305112,,,6.774589027095372,7.76052554408738
7.487566378459324,0.3617590750535718,8.408952494068123,2.316239774606296,12.29193683841949,0.0884607379938207,,,6.785557909424048,7.8151170592396
7.498535260788,0.3728882250861234,8.419921376396799,2.319633363089961,12.30290572074816,0.08885112274313492,,,6.796526791752725,7.872264409666466
7.509504143116676,0.3841477516493428,8.430890258725475,2.32272159531716,12.31387460307684,0.08905555353225136,,,6.807495674081401,7.931155711694929
7.520473025445352,0.3954847749859572,8.441859141054151,2.326716570724611,12.32484348540552,0.08907564473174455,,,6.818464556410077,7.991016868094166
7.531441907774028,0.4068452869598205,8.452828023382827,2.33164437586661,12.33581236773419,0.08891456414855321,,,6.829433438738753,8.05112614415196
7.542410790102704,0.4181856976432892,8.463796905711503,2.336332570868522,12.34678125006287,0.08857698436953818,,,6.84040232106743,8.110615938617315
7.55337967243138,0.4294531412275281,8.474765788040179,2.340833770918551,12.35775013239154,0.08806901614626197,,,6.851371203396106,8.168768305414385
7.564348554760056,0.4405864685992705,8.485734670368855,2.345069986839988,12.36871901472022,0.08741924491663797,,,6.862340085724782,8.224804134614805
7.575317437088733,0.4515370716271893,8.496703552697532,2.34904476891843,12.3796878970489,0.0866359131820834,,,6.873308968053458,8.279427460269529
7.586286319417409,0.4622599398750042,8.507672435026208,2.35268539801208,12.39065677937757,0.0857076875818019,,,6.884277850382134,8.331831247502725
7.597255201746085,0.4727146650500206,8.518641317354884,2.355943014808004,12.40162566170625,0.08465457558631168,,,6.89524673271081,8.380095957529145
7.608224084074761,0.4828664353583628,8.52961019968356,2.35874144653223,12.41259454403493,0.0834881453357755,,,6.906215615039486,8.423619004882925
7.619192966403437,0.4926855003350304,8.540579082012236,2.360990006859258,12.4235634263636,0.08220929003678645,,,6.917184497368162,8.461860185398109
7.630161848732114,0.5021552154015374,8.551547964340912,2.362560131856038,12.43453230869228,0.0808335207692821,,,6.928153379696838,8.494306692881132
7.64113073106079,0.5112616604043038,8.562516846669588,2.363389692737341,12.44550119102095,0.07937217425072084,,,6.939122262025514,8.520637414773169
7.652099613389466,0.5200027361613089,8.573485728998264,2.36332137371705,12.45647007334963,0.07787235035335764,,,6.950091144354191,8.540557210287334
7.663068495718142,0.5283942965941796,8.58445461132694,2.362175492512726,12.46743895567831,0.07634718998657335,,,6.961060026682867,8.553812817312364
7.674037378046818,0.5364948886754295,8.595423493655616,2.359963691444332,12.47840783800698,0.07477552167775331,,,6.972028909011543,8.560287575061073
7.685006260375495,0.5442612652010931,8.606392375984294,2.356461526160651,12.48937672033566,0.07317042762250246,,,6.982997791340219,8.56163182189233
7.695975142704171,0.5517679530820281,8.61736125831297,2.351502271787824,12.50034560266434,0.07154397542951425,,,6.993966673668895,8.557966066589001
7.706944025032847,0.5590718314975827,8.628330140641646,2.344947828412985,12.51131448499301,0.06990804083314803,,,7.004935555997572,8.552938593831581
7.717912907361523,0.5662425888218372,8.639299022970322,2.33666522091872,12.52228336732169,0.06827392399488243,,,7.015904438326248,8.546760624441822
7.728881789690199,0.5733777341005825,8.650267905298998,2.326564701844102,12.53325224965036,0.06665223328887361,,,7.026873320654924,8.534484625983456
7.739850672018876,0.5805459705164711,8.661236787627674,2.31453583976966,12.54422113197904,0.06505278066269247,,,7.0378422029836,8.516471177424187
7.750819554347552,0.5885065681206425,8.67220566995635,2.300431664351533,12.55519001430772,0.06348448994797531,,,7.048811085312276,8.493172956091593
7.761788436676228,0.5973425767132896,8.683174552285026,2.284231602183204,12.56615889663639,0.0619553604904195,,,7.059779967640953,8.465080361806818
7.772757319004904,0.6065594604381415,8.694143434613702,2.265839105055545,12.57712777896507,0.06047225152691277,,,7.070748849969629,8.432916639448367
7.78372620133358,0.6162823621011065,8.70511231694238,2.245219210979667,12.58809666129375,0.05904105094414076,,,7.081717732298305,8.399291087224972
7.794695083662257,0.6266478059932031,8.716081199271056,2.222335758215911,12.59906554362242,0.05766644108796461,,,7.092686614626981,8.364928882797484
7.805663965990933,0.6378063379576177,8.727050081599732,2.199673133810975,12.6100344259511,0.05635220651116148,,,7.103655496955658,8.328597780844047
7.816632848319609,0.6498737158084561,8.738018963928408,2.177216990872568,12.62100330827977,0.05510077606941518,,,7.114624379284334,8.291085220752533
7.827601730648285,0.6630030238999043,8.748987846257084,2.152573752363132,12.63197219060845,0.05391369122927186,,,7.12559326161301,8.253157937390801
7.838570612976961,0.6773368364218917,8.75995672858576,2.125791857191382,12.64294107293713,0.05279109949482588,,,7.136562143941686,8.215683871938394
7.849539495305637,0.6930146258344088,8.770925610914436,2.096952243326784,12.6539099552658,0.05173244078102763,,,7.147531026270362,8.179514653882206
7.860508377634313,0.7101702746066727,8.781894493243112,2.066136284341374,12.66487883759448,0.05073611008503313,,,7.158499908599039,8.145390232470412
7.871477259962989,0.7289295478871292,8.792863375571788,2.033495546133927,12.67584771992315,0.04979962766573946,,,7.169468790927715,8.11407324000705
7.882446142291665,0.7494075782561479,8.803832257900464,1.999168261652679,12.68681660225183,0.04891972533372672,,,7.180437673256391,8.086282837379182
7.893415024620342,0.7717064165029413,8.814801140229141,1.963327039466974,12.69778548458051,0.0480923683799518,,,7.191406555585067,8.062683474753335
7.904383906949018,0.7959103878119225,8.825770022557817,1.926164025732431,12.70875436690918,0.04731316923489153,,,7.202375437913743,8.043874714348414
7.915352789277694,0.8220937262482787,8.836738904886493,1.887889924679201,12.71972324923786,0.04657700131857324,,,7.213344320242419,8.030382288033286
7.92632167160637,0.8503024165265037,8.847707787215169,1.848730736748376,12.73069213156653,0.04587859878042352,,,7.224313202571095,8.023516405288031
7.937290553935046,0.8805664714677174,8.858676669543845,1.808925319434029,12.74166101389521,0.04521206876211868,,,7.235282084899771,8.02362610988216
7.948259436263723,0.9128911421557069,8.869645551872521,1.768722679693671,12.75262989622389,0.0445849731629097,,,7.246250967228447,8.030052664778102
7.959228318592399,0.9472592081897505,8.880614434201197,1.72837915855658,12.76359877855256,0.04399135880092957,,,7.257219849557123,8.042986588293823
7.970197200921075,0.9836296077991942,8.891583316529873,1.688155653878906,12.77456766088124,0.04341197129378453,,,7.2681887318858,8.062561928108222
7.981166083249751,1.02193737402531,8.902552198858549,1.648314923057409,12.78553654320991,0.04284099133845495,,,7.279157614214476,8.088668551939588
7.992134965578427,1.062094033399677,8.913521081187227,1.609118921721805,12.79650542553859,0.04227287408598073,,,7.290126496543152,8.121230117920335
8.003103847907104,1.104005858803041,8.924489963515903,1.570838680188357,12.80747430786727,0.0417024360141145,,,7.301095378871828,8.159962931314203
8.01407273023578,1.147511391801381,8.935458845844579,1.533727010631423,12.81844319019594,0.04112496298170031,,,7.312064261200504,8.204552896818209
8.025041612564456,1.192471748319586,8.946427728173255,1.498016293614675,12.82941207252462,0.04054998824491169,,,7.323033143529181,8.254634845843304
8.036010494893132,1.238718143538358,8.957396610501931,1.463941354723471,12.8403809548533,0.03998700340193141,,,7.334002025857857,8.30974642334626
8.046979377221808,1.286067251034291,8.968365492830607,1.431725204572913,12.85134983718197,0.03941872342585961,,,7.344970908186533,8.369363099936038
8.057948259550484,1.334324211192716,8.979334375159283,1.401577355567137,12.86231871951065,0.03882892916352385,,,7.355939790515209,8.432883496146644
8.06891714187916,1.383285939932993,8.990303257487959,1.373692306423792,12.87328760183932,0.03821700691324172,,,7.366908672843886,8.499668183683672
8.079886024207838,1.432744672027948,9.001272139816635,1.348248182382497,12.884256484168,0.03758141564499105,,,7.377877555172562,8.570840295666951
8.090854906536514,1.482491665103549,9.012241022145311,1.325405516157601,12.89522536649668,0.03691933390398712,,,7.388846437501238,8.648388234625743
8.10182378886519,1.532320983734133,9.023209904473989,1.305306153216754,12.90619424882535,0.03623050104307437,,,7.399815319829914,8.729655771818798
8.112792671193866,1.582033278145634,9.034178786802665,1.288072264879861,12.91716313115403,0.03551521043337622,,,7.41078420215859,8.811131540434777
8.123761553522542,1.631439469109436,9.045147669131341,1.274532253589193,12.92813201348271,0.03477942280838161,,,7.421753084487267,8.891901261088325
8.134730435851218,1.680364249812758,9.056116551460017,1.26475979221627,12.93910089581138,0.03402468723590564,,,7.432721966815943,8.971093553838505
8.145699318179894,1.728648519261072,9.067085433788693,1.258073178277421,12.95006977814006,0.03324751498525706,,,7.443690849144619,9.047841350929561
8.15666820050857,1.776155628263189,9.078054316117369,1.254494996143048,12.96103866046873,0.03245032987342149,,,7.454659731473295,9.121289156474095
8.167637082837246,1.822768460963459,9.089023198446045,1.25402489318203,12.97200754279741,0.03163582601971524,,,7.465628613801971,9.190599760898003
8.178605965165923,1.868395188936979,9.099992080774721,1.256639216690856,12.98297642512609,0.03080702671895156,,,7.476597496130648,9.254981019454608
8.189574847494599,1.912969624781631,9.110960963103397,1.262290719049143,12.99394530745476,0.02996722588751179,,,7.487566378459324,9.315674218238605
8.200543729823275,1.956451991613885,9.121929845432073,1.270908343516707,13.00491418978344,0.02912186873102026,,,7.498535260788,9.371929692062803
8.211512612151951,1.999527075749994,9.13289872776075,1.282367715878386,13.01588307211212,0.02827457722136318,,,7.509504143116676,9.420944049287579
8.222481494480627,2.043548341219498,9.143867610089426,1.296615183819252,13.02685195444079,0.02742704270219844,,,7.520473025445352,9.462046397503007
8.233450376809303,2.087830711167832,9.154836492418102,1.313470938152297,13.03782083676947,0.02658294713933383,,,7.531441907774028,9.494757088170422
8.244419259137979,2.131051427300227,9.165805374746778,1.332768973817252,13.04878971909814,0.02575229762398288,,,7.542410790102704,9.520016633838051
8.255388141466655,2.173256209044575,9.176774257075454,1.354320544769908,13.05975860142682,0.02493858998014162,,,7.55337967243138,9.537051647508292
8.266357023795331,2.214509741695605,9.18774313940413,1.377914365347004,13.0707274837555,0.02413879477253071,,,7.564348554760056,9.543831522757992
8.277325906124007,2.254892612468745,9.198712021732806,1.403318231313683,13.08169636608417,0.02335604267880501,,,7.575317437088733,9.539929652082584
8.288294788452685,2.294497771161315,9.209680904061482,1.430279764066523,13.09266524841285,0.02259322768657646,,,7.586286319417409,9.524963824858309
8.299263670781361,2.333457908447377,9.220649786390158,1.45854129726613,13.10363413074152,0.0218530422755459,,,7.597255201746085,9.498633201504278
8.310232553110037,2.371824787763342,9.231618668718836,1.487815311440922,13.1146030130702,0.02113792584045139,,,7.608224084074761,9.46070779182698
8.321201435438713,2.409912293076814,9.242587551047512,1.517786354910277,13.12557189539888,0.02044952637276404,,,7.619192966403437,9.410986136358078
8.332170317767389,2.4478198877314,9.253556433376188,1.548140707650288,13.13654077772755,0.01979090183322578,,,7.630161848732114,9.351023712416648
8.343139200096065,2.485452512373518,9.264525315704864,1.578554544523424,13.14750966005623,0.01916299811855441,,,7.64113073106079,9.28074187281077
8.354108082424741,2.522885422266979,9.27549419803354,1.608697875752719,13.15847854238491,0.01856715785668592,,,7.652099613389466,9.198734219859615
8.365076964753417,2.560176409074668,9.286463080362216,1.638237435854966,13.16944742471358,0.01800448692653035,,,7.663068495718142,9.108180761127384
8.376045847082093,2.597362124040043,9.297431962690892,1.666840019520755,13.18041630704226,0.0174749815018804,,,7.674037378046818,9.009345676993425
8.387014729410769,2.634454865762238,9.308400845019568,1.694175948749391,13.19138518937093,0.01698089266317627,,,7.685006260375495,8.899428951568467
8.397983611739447,2.671820119120786,9.319369727348244,1.719916544887497,13.20235407169961,0.01652150571068846,,,7.695975142704171,8.778837410528183
8.408952494068123,2.709407419062867,9.33033860967692,1.743763351845513,13.21332295402829,0.01609689327071116,,,7.706944025032847,8.648035802949684
8.419921376396799,2.746763012622805,9.341307492005598,1.765410836563006,13.22429183635696,0.01570690680904456,,,7.717912907361523,8.507576794349845
8.430890258725475,2.783771022689894,9.352276374334274,1.784578845743694,13.23526071868564,0.01535121872830018,,,7.728881789690199,8.358116229242587
8.441859141054151,2.820297634329096,9.36324525666295,1.800989006658168,13.24622960101432,0.01502933007353593,,,7.739850672018876,8.200344785851454
8.452828023382827,2.856171206263006,9.374214138991626,1.814448272433149,13.25719848334299,0.01474058958609456,,,7.750819554347552,8.037709237348855
8.463796905711503,2.891183943027484,9.385183021320302,1.824723500546239,13.26816736567167,0.01448421218565078,,,7.761788436676228,7.871028464090791
8.474765788040179,2.925111992025082,9.396151903648978,1.832780276913881,13.27913624800034,0.01425929654244061,,,7.772757319004904,7.698589491370551
8.485734670368855,2.957708814975901,9.407120785977654,1.838459628867271,13.29010513032902,0.01407247553573453,,,7.78372620133358,7.521342816117033
8.496703552697532,2.988712401111645,9.41808966830633,1.841221420304177,13.3010740126577,0.01392335481972137,,,7.794695083662257,7.342182017223132
8.507672435026208,3.017841930628272,9.429058550635006,1.840981907048484,13.31204289498637,0.01380221996265021,,,7.805663965990933,7.162245085150773
8.518641317354884,3.044812714876026,9.440027432963683,1.836875607994337,13.32301177731505,0.01370756044861927,,,7.816632848319609,6.980526245818301
8.52961019968356,3.069335076208842,9.450996315292359,1.828878071451485,13.33398065964372,0.01363832873767598,,,7.827601730648285,6.798142134657408
8.540579082012236,3.091121219187622,9.461965197621035,1.816983028399657,13.3449495419724,0.01359289232953428,,,7.838570612976961,6.616172477002297
8.551547964340912,3.109890708578877,9.472934079949711,1.80121835894054,13.35591842430108,0.01356979552924917,,,7.849539495305637,6.435698356118662
8.562516846669588,3.12537621292161,9.483902962278387,1.78164628647327,13.36688730662975,0.01356756435265719,,,7.860508377634313,6.2583700406289
8.573485728998264,3.137327721625243,9.494871844607063,1.758363326509853,13.37785618895843,0.01358415890664889,,,7.871477259962989,6.085231651544822
8.58445461132694,3.145518990760802,9.505840726935739,1.731496861537454,13.3888250712871,0.01361931579923145,,,7.882446142291665,5.916709696415038
8.595423493655616,3.151604686700669,9.516809609264415,1.701862823541095,13.39979395361578,0.01367083121492435,,,7.893415024620342,5.753765660243849
8.606392375984294,3.155401446242924,9.527778491593091,1.669641986763225,13.41076283594446,0.01373720885739876,,,7.904383906949018,5.597278307738666
8.61736125831297,3.154892371635257,9.538747373921767,1.634373316685902,13.42173171827313,0.01381695012876277,,,7.915352789277694,5.448150537706357
8.628330140641646,3.149992843416917,9.549716256250445,1.596299056362018,13.43270060060181,0.01390855510231823,,,7.92632167160637,5.307028505805674
8.639299022970322,3.140551780343593,9.560685138579121,1.555657288080906,13.44366948293049,0.01401052302602314,,,7.937290553935046,5.174786299493251
8.650267905298998,3.127281196607561,9.571654020907797,1.512678139122747,13.45463836525916,0.01412135258388429,,,7.948259436263723,5.051909153337882
8.661236787627674,3.110182631979287,9.582622903236473,1.467628202249795,13.46560724758784,0.0142395419711448,,,7.959228318592399,4.938895574970659
8.67220566995635,3.089372096572138,9.593591785565149,1.420783407366223,13.47657612991651,0.01436358923131216,,,7.970197200921075,4.836142950569044
8.683174552285026,3.064943060675684,9.604560667893825,1.372423966008765,13.48754501224519,0.01449394836920571,,,7.981166083249751,4.74394434161931
8.694143434613702,3.036206806254635,9.615529550222501,1.322829872198212,13.49851389457387,0.01462916244268096,,,7.992134965578427,4.662486783720384
8.70511231694238,3.003325362233034,9.626498432551177,1.272283349850055,13.50948277690254,0.01476563682066472,,,8.003103847907104,4.591838446157914
8.716081199271056,2.966502280145077,9.637467314879853,1.221063599391336,13.52045165923122,0.01490189155520948,,,8.01407273023578,4.532013597115599
8.727050081599732,2.926578923600217,9.648436197208531,1.169404472311549,13.53142054155989,0.01503640681769994,,,8.025041612564456,4.482860662205012
8.738018963928408,2.883827627880313,9.659405079537207,1.117659703624053,13.54238942388857,0.01516767414083374,,,8.036010494893132,4.444156850186837
8.748987846257084,2.837948223516177,9.670373961865883,1.066034708712145,13.55335830621725,0.01529998513169828,,,8.046979377221808,4.41558753694748
8.75995672858576,2.789266822352708,9.681342844194559,1.014774115988463,13.56432718854592,0.01543181487750973,,,8.057948259550484,4.396753290674272
8.770925610914436,2.738132660745623,9.692311726523235,0.9643942677613241,13.5752960708746,0.01555582803948527,,,8.06891714187916,4.387178031316439
8.781894493243112,2.684912990151563,9.703280608851911,0.9151100532206115,13.58626495320328,0.0156705075859056,,,8.079886024207838,4.386318168462379
8.792863375571788,2.629988809204776,9.714249491180587,0.8668341488261273,13.59723383553195,0.01577437807305471,,,8.090854906536514,4.39357254308375
8.803832257900464,2.573749597399175,9.725218373509263,0.8197486538753943,13.60820271786063,0.01586601391169502,,,8.10182378886519,4.408292983602863
8.814801140229141,2.516610426575384,9.736187255837939,0.7740316765140591,13.6191716001893,0.01594404792373962,,,8.112792671193866,4.42979527576125
8.825770022557817,2.458925758991815,9.747156138166615,0.7298342283492629,13.63014048251798,0.01600718312073097,,,8.123761553522542,4.457386450042534
8.836738904886493,2.401099393187545,9.758125020495292,0.6872804893887764,13.64110936484666,0.01605419028803808,,,8.134730435851218,4.490316048806139
8.847707787215169,2.343511940998535,9.769093902823968,0.6464914545339256,13.65207824717533,0.01609040049868462,,,8.145699318179894,4.527857154644688
8.858676669543845,2.286519843900571,9.780062785152644,0.6075739248128403,13.66304712950401,0.01611470993420067,,,8.15666820050857,4.569323934828106
8.869645551872521,2.230471430012571,9.79103166748132,0.5706212250655314,13.67401601183269,0.01611937442903064,,,8.167637082837246,4.613998778836715
8.880614434201197,2.175691288777408,9.802000549809996,0.5357140966294696,13.68498489416136,0.01610393081340183,,,8.178605965165923,4.661209299151186
8.891583316529873,2.122480394769099,9.812969432138672,0.5029214915604708,13.69595377649004,0.01606727858028776,,,8.189574847494599,4.710318353326193
8.902552198858549,2.071113759004458,9.823938314467348,0.4723014899539911,13.70692265881871,0.01600872692767701,,,8.200543729823275,4.76073123236867
8.913521081187227,2.021838553506059,9.834907196796024,0.4439021576002227,13.71789154114739,0.01592772366094489,,,8.211512612151951,4.814433058792456
8.924489963515903,1.975774164536998,9.8458760791247,0.4177621943102502,13.72886042347607,0.01582386236302782,,,8.222481494480627,4.872262797473479
8.935458845844579,1.933100256568367,9.856844961453376,0.393912582877793,13.73982930580474,0.0156983841041558,,,8.233450376809303,4.931195097559498
8.946427728173255,1.893056446019115,9.867813843782054,0.372375936991873,13.75079818813342,0.01555095112969537,,,8.244419259137979,4.989428799168929
8.957396610501931,1.855753567116217,9.87878272611073,0.3531680912283163,13.7617670704621,0.01538039034408135,,,8.255388141466655,5.04657918399425
8.968365492830607,1.821272896212792,9.889751608439406,0.3362983496260155,13.77273595279077,0.01518709651382468,,,8.266357023795331,5.102605372459792
8.979334375159283,1.789667219903202,9.900720490768082,0.3217698758812999,13.78370483511945,0.0149711588107414,,,8.277325906124007,5.157243007010315
8.990303257487959,1.760962262217719,9.911689373096758,0.3095799573361001,13.79467371744812,0.01473308170726256,,,8.288294788452685,5.210002037568843
9.001272139816635,1.73515843149859,9.922658255425434,0.2997203209214931,13.8056425997768,0.0144781056999104,,,8.299263670781361,5.260735981782104
9.012241022145311,1.712232844401347,9.93362713775411,0.292176467401482,13.81661148210548,0.01420700971407118,,,8.310232553110037,5.309302519884166
9.023209904473989,1.692141581878659,9.944596020082786,0.2869285015570134,13.82758036443415,0.01391622435035779,,,8.321201435438713,5.356230774662349
9.034178786802665,1.674822129956633,9.955564902411462,0.2839503069303983,13.83854924676283,0.01360682261869033,,,8.332170317767389,5.401443506847729
9.045147669131341,1.660195956587166,9.96653378474014,0.283197445817046,13.84951812909151,0.01327993133351645,,,8.343139200096065,5.444454139202272
9.056116551460017,1.648171174842608,9.977502667068816,0.2846570399571241,13.86048701142018,0.01294444941603046,,,8.354108082424741,5.485296883773672
9.067085433788693,1.638645242246934,9.988471549397492,0.2882672398852461,13.87145589374886,0.01260166491721538,,,8.365076964753417,5.524024352647704
9.078054316117369,1.631507646104997,9.999440431726168,0.2939736081310952,13.88242477607753,0.01224564115744547,,,8.376045847082093,5.560700189723065
9.089023198446045,1.626642525355607,10.01040931405484,0.3017132506818929,13.89339365840621,0.01187791188827783,,,8.387014729410769,5.595391804877986
9.099992080774721,1.623931180800752,10.02137819638352,0.3114142888785044,13.90436254073489,0.0115000948939773,,,8.397983611739447,5.629142084107122
9.110960963103397,1.623254427571396,10.0323470787122,0.322995181416658,13.91533142306356,0.01111413089581493,,,8.408952494068123,5.661962902014235
9.121929845432073,1.624494746453872,10.04331596104087,0.3363644557229201,13.92630030539224,0.01072172833308948,,,8.419921376396799,5.692971845696197
9.13289872776075,1.627526758311461,10.05428484336955,0.3514200435387044,13.93726918772091,0.01032448394974783,,,8.430890258725475,5.72212669520864
9.143867610089426,1.632245100377581,10.06525372569822,0.3680491683902455,13.94823807004959,0.009924157699556657,,,8.441859141054151,5.750736429874376
9.154836492418102,1.638582107688216,10.0762226080269,0.3861280414373811,13.95920695237827,0.009522557467704527,,,8.452828023382827,5.778734150412378
9.165805374746778,1.646415140106212,10.08719149035558,0.4055218423925568,13.97017583470694,0.009121376558793347,,,8.463796905711503,5.804665383096279
9.176774257075454,1.655691136366433,10.09816037268425,0.4260899984229168,13.98114471703562,0.008722617460232758,,,8.474765788040179,5.828469518549567
9.18774313940413,1.666275450958406,10.10912925501293,0.4476752854614067,13.99211359936429,0.008327874075833542,,,8.485734670368855,5.849907611117088
9.198712021732806,1.678124915801867,10.12009813734161,0.4701067306337056,14.00308248169297,0.007938816433170789,,,8.496703552697532,5.86882351755194
9.209680904061482,1.691178651731865,10.13106701967028,0.4932086736530056,14.01405136402165,0.007557038178547457,,,8.507672435026208,5.884964658423548
9.220649786390158,1.706869846705248,10.14203590199896,0.5167965573009292,14.02502024635032,0.007184044854952748,,,8.518641317354884,5.898102693325854
9.231618668718836,1.725137785173353,10.15300478432763,0.5406791904763129,14.035989128679,0.00682124025116621,,,8.52961019968356,5.907975818827456
9.242587551047512,1.744423702947222,10.16397366665631,0.5646586407626684,14.04695801100767,0.006469916935067052,,,8.540579082012236,5.914308386826376
9.253556433376188,1.764669239914048,10.17494254898499,0.5885327928197996,14.05792689333635,0.006131237688264861,,,8.551547964340912,5.916792036076519
9.264525315704864,1.785808051042606,10.18591143131366,0.6120967795174469,14.06889577566503,0.005806238503763769,,,8.562516846669588,5.915194866902027
9.27549419803354,1.807778639945045,10.19688031364234,0.6351449673420279,14.0798646579937,0.005496118871211665,,,8.573485728998264,5.909203238193163
9.286463080362216,1.830518818467694,10.20784919597101,0.6574724913362074,14.09083354032238,0.005201709454860201,,,8.58445461132694,5.898496731966516
9.297431962690892,1.853963974844059,10.21881807829969,0.6788780858094234,14.10180242265106,0.004923159320077987,,,8.595423493655616,5.884851003210846
9.308400845019568,1.878045337817272,10.22978696062837,0.6991654670451154,14.11277130497973,0.004660980518428766,,,8.606392375984294,5.867931885169159
9.319369727348244,1.902682066357376,10.24075584295704,0.7181461264433061,14.12374018730841,0.004415471021017206,,,8.61736125831297,5.845610668335851
9.33033860967692,1.927805994205163,10.25172472528572,0.7356411736015829,14.13470906963708,0.004186892630232759,,,8.628330140641646,5.817731341406658
9.341307492005598,1.953318360573881,10.26269360761439,0.7514835279449206,14.14567795196576,0.003975131348166038,,,8.639299022970322,5.784068197207677
9.352276374334274,1.979118409302639,10.27366248994307,0.7655199392733936,14.15664683429444,0.003780020456853854,,,8.650267905298998,5.745376949816412
9.36324525666295,2.00509637388409,10.28463137227175,0.7776166931654305,14.16761571662311,0.003601352280100471,,,8.661236787627674,5.701594779151541
9.374214138991626,2.031125894265553,10.29560025460042,0.7876532387637081,14.17858459895179,0.003438739883330133,,,8.67220566995635,5.652643409603369
9.385183021320302,2.057073486879274,10.3065691369291,0.7955249492811297,14.18955348128047,0.003291681297352547,,,8.683174552285026,5.598644256834324
9.396151903648978,2.082798595656389,10.31753801925778,0.8011320473185246,14.20052236360914,0.003159569765223254,,,8.694143434613702,5.538829871987762
9.407120785977654,2.108143515839672,10.32850690158645,0.8044564577285465,14.21149124593782,0.003041574219956017,,,8.70511231694238,5.473348843773413
9.41808966830633,2.133025135002595,10.33947578391513,0.8054247899692533,14.22246012826649,0.002937203337634753,,,8.716081199271056,5.402378388582425
9.429058550635006,2.157265673815238,10.3504446662438,0.8052475095336141,14.23342901059517,0.002845439573051665,,,8.727050081599732,5.329269736908661
9.440027432963683,2.180588372508014,10.36141354857248,0.8039057515967926,14.24439789292385,0.002765376947185132,,,8.738018963928408,5.254279387880518
9.450996315292359,2.20280201308494,10.37238243090116,0.8002074486437775,14.25536677525252,0.002696066380888398,,,8.748987846257084,5.174716059571399
9.461965197621035,2.223712375577002,10.38335131322983,0.7941823975072804,14.2663356575812,0.002636594604568717,,,8.75995672858576,5.090952861615883
9.472934079949711,2.243124802006882,10.39432019555851,0.7858820058865,14.27730453990988,0.002585854241426342,,,8.770925610914436,5.003418376214552
9.483902962278387,2.260860842969075,10.40528907788719,0.7753782509812744,14.28827342223855,0.002542899304240836,,,8.781894493243112,4.912546968879712
9.494871844607063,2.276733293525413,10.41625796021586,0.7627627497105604,14.29924230456723,0.00250674310302588,,,8.792863375571788,4.818863197777788
9.505840726935739,2.290549194423524,10.42722684254454,0.748145209076379,14.3102111868959,0.002476421684223009,,,8.803832257900464,4.722880852422566
9.516809609264415,2.302110596946252,10.43819572487321,0.7316410862928038,14.32118006922458,0.002451005792663054,,,8.814801140229141,4.625172130257972
9.527778491593091,2.311331451934945,10.44916460720189,0.7134152586376716,14.33214895155326,0.002429612152675179,,,8.825770022557817,4.526264600883069
9.538747373921767,2.318036408526529,10.46013348953057,0.6936075321268682,14.34311783388193,0.002411484107114261,,,8.836738904886493,4.426753186873182
9.549716256250445,2.324006836794735,10.47110237185924,0.6723816584401406,14.35408671621061,0.002395740424506089,,,8.847707787215169,4.327222957492915
9.560685138579121,2.329178826651066,10.48207125418792,0.6499118204599229,14.36505559853928,0.002381750764314973,,,8.858676669543845,4.228245712543099
9.571654020907797,2.331457296799864,10.4930401365166,0.6263760113436244,14.37602448086796,0.002368918355516464,,,8.869645551872521,4.130394271393654
9.582622903236473,2.330828926194902,10.50400901884527,0.6019546392866506,14.38699336319664,0.002356722450694386,,,8.880614434201197,4.034223644662926
9.593591785565149,2.327475910227772,10.51497790117395,0.5768310428002781,14.39796224552531,0.002344747189637767,,,8.891583316529873,3.940268599536141
9.604560667893825,2.321407855107605,10.52594678350262,0.5511876191829886,14.40893112785399,0.002332641245101704,,,8.902552198858549,3.849038699530261
9.615529550222501,2.312359759215364,10.5369156658313,0.5252036517123153,14.41990001018267,0.002323173266248087,,,8.913521081187227,3.761013843742002
9.626498432551177,2.300373037957697,10.54788454815998,0.4990535327362416,14.43086889251134,0.002316163190472689,,,8.924489963515903,3.677583284244012
9.637467314879853,2.285524316033257,10.55885343048865,0.4729078464982378,14.44183777484002,0.002308636569005949,,,8.935458845844579,3.599148169569406
9.648436197208531,2.267902292324912,10.56982231281733,0.446925829552871,14.45280665716869,0.002300679804131726,,,8.946427728173255,3.525119079748344
9.659405079537207,2.247666096163821,10.580791195146,0.4212708928540425,14.46377553949737,0.002292373130035577,,,8.957396610501931,3.455808549606902
9.670373961865883,2.224966462041898,10.59176007747468,0.3960525416806338,14.47474442182605,0.00228390720815637,,,8.968365492830607,3.391487109296128
9.681342844194559,2.199993236300932,10.60272895980336,0.3714107034054779,14.48571330415472,0.002275846293415378,,,8.979334375159283,3.332382774671055
9.692311726523235,2.172965498819732,10.61369784213203,0.347455089743622,14.4966821864834,0.002268518702236425,,,8.990303257487959,3.278681078670668
9.703280608851911,2.144118110289162,10.62466672446071,0.3242968256315081,14.50765106881208,0.002262464554575411,,,9.001272139816635,3.230525593933213
9.714249491180587,2.11369844722565,10.63563560678939,0.3020296610850752,14.51861995114075,0.002258307641185695,,,9.012241022145311,3.18801889023492
9.725218373509263,2.081973385499418,10.64660448911806,0.280707473233453,14.52958883346943,0.002256748129898521,,,9.023209904473989,3.15122386560311
9.736187255837939,2.05026016346985,10.65757337144674,0.2604004066665126,14.5405577157981,0.002258554339997941,,,9.034178786802665,3.120165387121876
9.747156138166615,2.018833317784326,10.66854225377541,0.2411570077664944,14.55152659812678,0.002264751674042132,,,9.045147669131341,3.095597147205702
9.758125020495292,1.98692081709647,10.67951113610409,0.2230126749693922,14.56249548045546,0.002276122163767897,,,9.056116551460017,3.077466897393695
9.769093902823968,1.954968378447862,10.69048001843277,0.2059911964885071,14.57346436278413,0.002293371583603976,,,9.067085433788693,3.064918736478591
9.780062785152644,1.923317955813258,10.70144890076144,0.1901052700799954,14.58443324511281,0.00231767648442233,,,9.078054316117369,3.057832392805492
9.79103166748132,1.89190126400395,10.71241778309012,0.1753573609055732,14.59540212744148,0.00234985857736787,,,9.089023198446045,3.056060704898892
9.802000549809996,1.861033455935601,10.7233866654188,0.1617409435764759,14.60637100977016,0.00239087997109576,,,9.099992080774721,3.059432023226768
9.812969432138672,1.83092090248838,10.73435554774747,0.1492409109685964,14.61733989209884,0.002441691065817584,,,9.110960963103397,3.067752518600718
9.823938314467348,1.801781781299365,10.74532443007615,0.1378346178203279,14.62830877442751,0.002503222411227667,,,9.121929845432073,3.080808361303193
9.834907196796024,1.773806171677775,10.75629331240482,0.1274938032968723,14.63927765675619,0.002576368756391107,,,9.13289872776075,3.098326270892233
9.8458760791247,1.747148328619165,10.7672621947335,0.1181843843801539,14.65024653908486,0.002661976691349643,,,9.143867610089426,3.120128363120917
9.856844961453376,1.721987664244219,10.77823107706218,0.1098688933249987,14.66121542141354,0.002760807159398337,,,9.154836492418102,3.145948806171463
9.867813843782054,1.698428549212626,10.78919995939085,0.1025066454044019,14.67218430374222,0.00287362618586939,,,9.165805374746778,3.175484345334877
9.87878272611073,1.676570489469574,10.80016884171953,0.09605494251067793,14.68315318607089,0.003001027735101663,,,9.176774257075454,3.208482388470346
9.889751608439406,1.656489229583546,10.8111377240482,0.09047002627685287,14.69412206839957,0.003143538897893392,,,9.18774313940413,3.244582635748932
9.900720490768082,1.638237344409662,10.82210660637688,0.08570797814108508,14.70509095072825,0.003301577097863835,,,9.198712021732806,3.28351527573999
9.911689373096758,1.621845319811813,10.83307548870556,0.08172556036197201,14.71605983305692,0.003475439594942304,,,9.209680904061482,3.324959137245429
9.922658255425434,1.607326588197863,10.84404437103423,0.07848958506152345,14.7270287153856,0.003665220445182546,,,9.220649786390158,3.370298998869262
9.93362713775411,1.594666524651339,10.85501325336291,0.07596179510497883,14.73799759771427,0.003871279505362151,,,9.231618668718836,3.419188898462367
9.944596020082786,1.583843058646262,10.86598213569158,0.07409418860119267,14.74896648004295,0.004093405889568243,,,9.242587551047512,3.469544912579341
9.955564902411462,1.574817895598712,10.87695101802026,0.07285433455031168,14.75993536237163,0.00433116367156234,,,9.253556433376188,3.521011987313534
9.96653378474014,1.56754219236559,10.88791990034894,0.07221258582459118,14.7709042447003,0.004584128677839734,,,9.264525315704864,3.573202514663167
9.977502667068816,1.56195971754697,10.89888878267761,0.07214362677550964,14.78187312702898,0.004851598429845182,,,9.27549419803354,3.625736282156066
9.988471549397492,1.558010137561509,10.90985766500629,0.07262683780453914,14.79284200935766,0.00513310194698898,,,9.286463080362216,3.678231284107569
9.999440431726168,1.5556323505711,10.92082654733497,0.0736465897276741,14.80381089168633,0.005427589115120942,,,9.297431962690892,3.730305039870645
10.01040931405484,1.554767788348931,10.93179542966364,0.07519246788209376,14.81477977401501,0.005734011565937188,,,9.308400845019568,3.781576006780659
10.02137819638352,1.555427331141664,10.94276431199232,0.07726116003943416,14.82574865634368,0.006051172840010877,,,9.319369727348244,3.83164906456632
10.0323470787122,1.557457355253607,10.95373319432099,0.07985305436940945,14.83671753867236,0.006377731728573554,,,9.33033860967692,3.880184881905017
10.04331596104087,1.560876819449319,10.96470207664967,0.08297385683884614,14.84768642100104,0.006712229263471468,,,9.341307492005598,3.926793881293024
10.05428484336955,1.565666177716574,10.97567095897835,0.08663478397093827,14.85865530332971,0.007053072303045406,,,9.352276374334274,3.971114747377818
10.06525372569822,1.57182478347763,10.98663984130702,0.09085069036795393,14.86962418565839,0.00739856661785352,,,9.36324525666295,4.012776103336164
10.0762226080269,1.579368862468075,10.9976087236357,0.09564308219330492,14.88059306798706,0.007746926559779809,,,9.374214138991626,4.051482785555065
10.08719149035558,1.588333497513899,11.00857760596437,0.1010382157917399,14.89156195031574,0.008096291596158212,,,9.385183021320302,4.086882486007014
10.09816037268425,1.600379861942988,11.01954648829305,0.1070980379567395,14.90253083264442,0.00844474417548218,,,9.396151903648978,4.119816424040216
10.10912925501293,1.615513043151954,11.03051537062173,0.1138705044308732,14.91349971497309,0.008790328684425716,,,9.407120785977654,4.149982402490464
10.12009813734161,1.632246085609761,11.0414842529504,0.1213613707816247,14.92446859730177,0.009131071227297621,,,9.41808966830633,4.176831405236727
10.13106701967028,1.650666157346541,11.05245313527908,0.1295969898096873,14.93543747963045,0.009464999935302013,,,9.429058550635006,4.20011283850474
10.14203590199896,1.670851691852907,11.06342201760776,0.1386193052343125,14.94640636195912,0.009790165494939225,,,9.440027432963683,4.218627395042086
10.15300478432763,1.692975376850801,11.07439089993643,0.1484715438241917,14.9573752442878,0.0101046832138717,,,9.450996315292359,4.232164596707356
10.16397366665631,1.717138884706437,11.08535978226511,0.1591973553770233,14.96834412661647,0.01040677866217928,,,9.461965197621035,4.24052560781176
10.17494254898499,1.743486860674535,11.09632866459378,0.170839878235328,14.97931300894515,0.01069470689869215,,,9.472934079949711,4.243542692769561
10.18591143131366,1.772172800656896,11.10729754692246,0.1834407370656278,14.99028189127383,0.01096669955527629,,,9.483902962278387,4.24109609465541
10.19688031364234,1.803356110725802,11.11826642925114,0.1970448115090828,15.0012507736025,0.01122120671245286,,,9.494871844607063,4.233089111509676
10.20784919597101,1.837198116314521,11.12923531157981,0.2116874148615236,15.01221965593118,0.01146082764358712,,,9.505840726935739,4.219447816020807
10.21881807829969,1.873859457516787,11.14020419390849,0.2273978454410696,15.02318853825986,0.01168425344859654,,,9.516809609264415,4.200779412645629
10.22978696062837,1.913495927291422,11.15117307623717,0.2442005053355056,15.03415742058853,0.0118863027101019,,,9.527778491593091,4.177166852813628
10.24075584295704,1.956255004122848,11.16214195856584,0.2621095924182115,15.04512630291721,0.01206596231054593,,,9.538747373921767,4.147959358775486
10.25172472528572,2.002272317269294,11.17311084089452,0.2811311197605907,15.05609518524588,0.01222766371833398,,,9.549716256250445,4.115200029521577
10.26269360761439,2.051668251268805,11.18407972322319,0.3012659265458628,15.06706406757456,0.01237406223268364,,,9.560685138579121,4.079046831820468
10.27366248994307,2.104544757106049,11.19504860555187,0.322503632294283,15.07803294990324,0.01249957981370753,,,9.571654020907797,4.037580381797911
10.28463137227175,2.161079037141371,11.20601748788055,0.3448327712540563,15.08900183223191,0.01259991728993136,,,9.582622903236473,3.991039416341299
10.29560025460042,2.221333488217725,11.21698637020922,0.3682198389077758,15.09997071456059,0.01267504708340824,,,9.593591785565149,3.939862791342564
10.3065691369291,2.285228828306375,11.2279552525379,0.3926051262031063,15.11093959688927,0.01272490140160353,,,9.604560667893825,3.88432330616483
10.31753801925778,2.35277098956183,11.23892413486658,0.4179266514977501,15.12190847921794,0.01274959228297337,,,9.615529550222501,3.824419852133532
10.32850690158645,2.423931712032616,11.24989301719525,0.4441097109866402,15.13287736154662,0.012749404820284,,,9.626498432551177,3.760461271010343
10.33947578391513,2.498653218925424,11.26086189952393,0.4710923985558581,15.14384624387529,0.01272478843423783,,,9.637467314879853,3.692790223207616
10.3504446662438,2.576844958735987,11.2718307818526,0.4987506830075117,15.15481512620397,0.01267634643039943,,,9.648436197208531,3.621718031180996
10.36141354857248,2.658386875854801,11.28279966418128,0.5269846616457075,15.16578400853265,0.01260482410054906,,,9.659405079537207,3.547748534182363
10.37238243090116,2.743128515916069,11.29376854650996,0.555634935918933,15.17675289086132,0.01251109565080706,,,9.670373961865883,3.471231282707971
10.38335131322983,2.830889956616105,11.30473742883863,0.5845591993207936,15.18772177319,0.01239925769028483,,,9.681342844194559,3.392596753563363
10.39432019555851,2.921463052317225,11.31570631116731,0.6136020471783188,15.19869065551867,0.01227037184134254,,,9.692311726523235,3.312740775427329
10.40528907788719,3.014612818224344,11.32667519349598,0.6425976015265987,15.20965953784735,0.01212245036350279,,,9.703280608851911,3.232113170804853
10.41625796021586,3.110080332465558,11.33764407582466,0.6713715485911629,15.22062842017603,0.01195668507555968,,,9.714249491180587,3.150713773446411
10.42722684254454,3.207583439300006,11.34861295815334,0.6997406803471719,15.2315973025047,0.01177432624637094,,,9.725218373509263,3.068995869667732
10.43819572487321,3.306820310320095,11.35958184048201,0.7275179921505492,15.24256618483338,0.01157666943632701,,,9.736187255837939,2.988487369206896
10.44916460720189,3.407471846420767,11.37055072281069,0.7545123738116342,15.25353506716205,0.01136504306692157,,,9.747156138166615,2.909623431289306
10.46013348953057,3.509204486375613,11.38151960513937,0.7805311596982345,15.26450394949073,0.01114412734259392,,,9.758125020495292,2.831742725690894
10.47110237185924,3.611642071764251,11.39248848746804,0.8053830630453189,15.27547283181941,0.01091525292148276,,,9.769093902823968,2.755433614612992
10.48207125418792,3.716754210104737,11.40345736979672,0.8288811219969552,15.28644171414808,0.01067639209728838,,,9.780062785152644,2.681161334295868
10.4930401365166,3.824159852832058,11.41442625212539,0.850855013357228,15.29741059647676,0.01042922548545993,,,9.79103166748132,2.608961983673432
10.50400901884527,3.931138188880025,11.42539513445407,0.8711301218519761,15.30837947880543,0.01017474498238877,,,9.802000549809996,2.539251451202408
10.51497790117395,4.037314753192493,11.43636401678275,0.8895309000766849,15.31934836113411,0.009914140949110001,,,9.812969432138672,2.472326398466605
10.52594678350262,4.142303884366733,11.44733289911142,0.9059066577912254,15.33031724346279,0.009648665388964073,,,9.823938314467348,2.408485445469764
10.5369156658313,4.245713101904086,11.4583017814401,0.920121630095057,15.34128612579146,0.009379502426829722,,,9.834907196796024,2.347989792450434
10.54788454815998,4.347166286400365,11.46927066376877,0.9320569099769865,15.35225500812014,0.009107969070566444,,,9.8458760791247,2.291055332737743
10.55885343048865,4.446464235785075,11.48023954609745,0.9416130630960683,15.36322389044882,0.008835194235274449,,,9.856844961453376,2.237916960460586
10.56982231281733,4.543259057870299,11.49120842842613,0.9487092980588528,15.37419277277749,0.008564284958633461,,,9.867813843782054,2.188724202494565
10.580791195146,4.637063222818072,11.5021773107548,0.9540870818724647,15.38516165510617,0.008296374663946282,,,9.87878272611073,2.14361495089245
10.59176007747468,4.727553426059625,11.51314619308348,0.9577070915903459,15.39613053743484,0.008030682671536806,,,9.889751608439406,2.102695916794139
10.60272895980336,4.814445101923898,11.52411507541215,0.9587315044308287,15.40709941976352,0.007768195385438293,,,9.900720490768082,2.06604334965427
10.61369784213203,4.897474844462486,11.53508395774083,0.9571678211763233,15.4180683020922,0.007510031849830194,,,9.911689373096758,2.033704147209795
10.62466672446071,4.976390354510285,11.54605284006951,0.9530339490150531,15.42903718442087,0.007257257938995041,,,9.922658255425434,2.005701002955746
10.63563560678939,5.050979016679421,11.55702172239818,0.9469254129755349,15.44000606674955,0.007010933377086331,,,9.93362713775411,1.982020565289198
10.64660448911806,5.121031837263243,11.56799060472686,0.9389007909183631,15.45097494907823,0.006772113678153888,,,9.944596020082786,1.962634742158227
10.65757337144674,5.186359877226449,11.57895948705554,0.9284720078704689,15.4619438314069,0.006541884141701229,,,9.955564902411462,1.947490994499877
10.66854225377541,5.246846142839575,11.58992836938421,0.9157350400677597,15.47291271373558,0.00632394262787816,,,9.96653378474014,1.936505217550869
10.67951113610409,5.302334541443715,11.60089725171289,0.9008052437434123,15.48388159606425,0.006119120742470262,,,9.977502667068816,1.929617387859964
10.69048001843277,5.352707088493476,11.61186613404156,0.8838157624081394,15.49485047839293,0.005925941444360146,,,9.988471549397492,1.926710110606692
10.70144890076144,5.4017416041152,11.62283501637024,0.864915706294013,15.50581936072161,0.005745400358279957,,,9.999440431726168,1.927671351014611
10.71241778309012,5.449318231538637,11.63380389869892,0.8442681396131518,15.51678824305028,0.005578485827466752,,,10.01040931405484,1.932381115297761
10.7233866654188,5.491975957670534,11.64477278102759,0.8220479094469423,15.52775712537896,0.005426217730663061,,,10.02137819638352,1.940777924168922
10.73435554774747,5.529588397172692,11.65574166335627,0.7984393871086474,15.53872600770764,0.005289557021822004,,,10.0323470787122,1.952624234698353
10.74532443007615,5.56149468344885,11.66671054568495,0.7736340854316721,15.54969489003631,0.005169399727665669,,,10.04331596104087,1.96784343168598
10.75629331240482,5.587605534177283,11.67767942801362,0.7478408229448041,15.56066377236499,0.005066724800550915,,,10.05428484336955,1.986308164421628
10.7672621947335,5.607806612697406,11.6886483103423,0.7212581962833208,15.57163265469366,0.004982285683492482,,,10.06525372569822,2.007897784809244
10.77823107706218,5.622032973499684,11.69961719267097,0.6940722650247614,15.58260153702234,0.004916964056522009,,,10.0762226080269,2.032496161182133
10.78919995939085,5.630222537007589,11.71058607499965,0.6664794792613142,15.59357041935102,0.004871532423882831,,,10.08719149035558,2.059993793973038
10.80016884171953,5.632327604973992,11.72155495732833,0.638672053680756,15.60453930167969,0.004846945959699232,,,10.09816037268425,2.09193759800861
10.8111377240482,5.628315530679068,11.732523839657,0.6108360410411239,15.61550818400837,0.004843409903554769,,,10.10912925501293,2.128163624709236
10.82210660637688,5.618169614866777,11.74349272198568,0.5831494434776154,15.62647706633704,0.004861793274846356,,,10.12009813734161,2.166963618369362
10.83307548870556,5.60189021935903,11.75446160431436,0.5557807788869203,15.63744594866572,0.004902329622743548,,,10.13106701967028,2.208235152435669
10.84404437103423,5.579661807159817,11.76543048664303,0.5288874698398784,15.6484148309944,0.004965466275213574,,,10.14203590199896,2.251854804268191
10.85501325336291,5.551557714865869,11.77639936897171,0.5026832266116722,15.65938371332307,0.00505143334010175,,,10.15300478432763,2.297797295290473
10.86598213569158,5.517407041536176,11.78736825130038,0.4772997231740339,15.67035259565175,0.005160345725603911,,,10.16397366665631,2.345947528130876
10.87695101802026,5.477318837404621,11.79833713362906,0.4527865801741378,15.68132147798043,0.005292182409038443,,,10.17494254898499,2.396233568190906
10.88791990034894,5.431399070167408,11.80930601595774,0.4292471785426673,15.6922903603091,0.005446773603911531,,,10.18591143131366,2.448589695337644
10.89888878267761,5.379780551390117,11.82027489828641,0.4067705001499591,15.70325924263778,0.005623819956028551,,,10.19688031364234,2.502955633864225
10.90985766500629,5.322624560989333,11.83124378061509,0.3854319710512926,15.71422812496645,0.005822872132298373,,,10.20784919597101,2.559273960260614
10.92082654733497,5.260122285395923,11.84221266294376,0.3652903546831454,15.72519700729513,0.006043335076160049,,,10.21881807829969,2.617491223952117
10.93179542966364,5.19249599485577,11.85318154527244,0.346392672689383,15.73616588962381,0.006284463672887847,,,10.22978696062837,2.677553392336276
10.94276431199232,5.123025634859108,11.86415042760112,0.3287717796911188,15.74713477195248,0.006545372940789179,,,10.24075584295704,2.739407640524937
10.95373319432099,5.051970516956362,11.87511930992979,0.3124477893076063,15.75810365428116,0.00682503866079049,,,10.25172472528572,2.802999279715332
10.96470207664967,4.976622224367765,11.88608819225847,0.2974285951220103,15.76907253660984,0.007122305878519287,,,10.26269360761439,2.868270972715091
10.97567095897835,4.897278126068175,11.89705707458715,0.2837109499456693,15.78004141893851,0.00743589856360977,,,10.27366248994307,2.935161632181904
10.98663984130702,4.81421532733588,11.90802595691582,0.2712817875040592,15.79101030126719,0.007764431438059922,,,10.28463137227175,3.003708099391758
10.9976087236357,4.7277952596573,11.9189948392445,0.2601171057218877,15.80197918359586,0.008106423859861198,,,10.29560025460042,3.073844151215515
11.00857760596437,4.638409590497654,11.92996372157317,0.2501856877671148,15.81294806592454,0.008460315598894746,,,10.3065691369291,3.145376743050642
11.01954648829305,4.548101648791789,11.94093260390185,0.2414482688160743,15.82391694825322,0.008824484294201212,,,10.31753801925778,3.218206275699172
11.03051537062173,4.457588620671435,11.95190148623053,0.2338643163830057,15.83488583058189,0.009197264336435324,,,10.32850690158645,3.292281759391551
11.0414842529504,4.365653549156986,11.9628703685592,0.2273764585943578,15.84585471291057,0.009576978556349569,,,10.33947578391513,3.367467048941151
11.05245313527908,4.272517361060042,11.97383925088788,0.2219323054760358,15.85682359523924,0.009961915603671262,,,10.3504446662438,3.444939442661084
11.06342201760776,4.178614259701919,11.98480813321656,0.2174732586512497,15.86779247756792,0.0103504122516766,,,10.36141354857248,3.524556740807427
11.07439089993643,4.084418298115212,11.99577701554523,0.2139380495599813,15.8787613598966,0.01074186382464299,,,10.37238243090116,3.604917425842266
11.08535978226511,3.990407975161561,12.00674589787391,0.2112635431565543,15.88973024222527,0.01113468816368583,,,10.38335131322983,3.685871108701454
11.09632866459378,3.897060972024712,12.01771478020258,0.2093854761200004,15.90069912455395,0.01152635326467025,,,10.39432019555851,3.767261898423169
11.10729754692246,3.804848702547293,12.02868366253126,0.2082391254471267,15.91166800688262,0.01191546657808499,,,10.40528907788719,3.848928726245031
11.11826642925114,3.714238999138803,12.03965254485994,0.2077598094724355,15.9226368892113,0.01230070868082922,,,10.41625796021586,3.930707288874437
11.12923531157981,3.625674138833835,12.05062142718861,0.2078838149505165,15.93360577153998,0.01268087235820634,,,10.42722684254454,4.012429162792591
11.14020419390849,3.539565522364456,12.06159030951729,0.2085481293772579,15.94457465386865,0.01305509715565873,,,10.43819572487321,4.093913112423763
11.15117307623717,3.456305120348165,12.07255919184596,0.2096916032931113,15.95554353619733,0.01342244762827044,,,10.44916460720189,4.175010597149456
11.16214195856584,3.376252599827455,12.08352807417464,0.2113347744268332,15.96651241852601,0.01378224247427243,,,10.46013348953057,4.255534732514424
11.17311084089452,3.299731135919462,12.09449695650332,0.2134192375315931,15.97748130085468,0.01413389874264183,,,10.47110237185924,4.335280078482799
11.18407972322319,3.227023801781495,12.10546583883199,0.2158084366978887,15.98845018318336,0.01447721460063028,,,10.48207125418792,4.416420287550247
11.19504860555187,3.158373250806599,12.11643472116067,0.2184737177606133,15.99941906551203,0.014825733698294,,,10.4930401365166,4.498760221916997
11.20601748788055,3.09396888075739,12.12740360348934,0.2213630398140498,16.01038794784071,0.01517926172248824,,,10.50400901884527,4.579748088721463
11.21698637020922,3.034280163405762,12.13837248581802,0.2244015972172864,16.02135683016939,0.01552399750977072,,,10.51497790117395,4.659202153561294
11.2279552525379,2.979401473307163,12.1493413681467,0.2275426625042068,16.03232571249806,0.0158600054294853,,,10.52594678350262,4.736928866496554
11.23892413486658,2.929063584217921,12.16031025047537,0.2307414517834965,16.04329459482674,0.01618749097788848,,,10.5369156658313,4.812724970891392
11.24989301719525,2.883266598212486,12.17127913280405,0.2339566680345209,16.05426347715542,0.01650678771036775,,,10.54788454815998,4.886398810994803
11.26086189952393,2.842087259451237,12.18224801513273,0.237148987470708,16.06523235948409,0.0168183384210683,,,10.55885343048865,4.957932024569971
11.2718307818526,2.805436379488398,12.1932168974614,0.2402831237451006,16.07620124181277,0.01712267964792185,,,10.56982231281733,5.027145752867511
11.28279966418128,2.773107550385504,12.20418577979008,0.2434101684130934,16.08717012414144,0.01742041860342779,,,10.580791195146,5.093727597037689
11.29376854650996,2.744854765908898,12.21515466211875,0.2464982139134169,16.09813900647012,0.01771221100651857,,,10.59176007747468,5.157470517118987
11.30473742883863,2.720514235289729,12.22612354444743,0.2494317578925145,16.1091078887988,0.01799868620959641,,,10.60272895980336,5.218240586849471
11.31570631116731,2.699857847475694,12.23709242677611,0.2521831939165448,16.12007677112747,0.01828063745646976,,,10.61369784213203,5.275890474404477
11.32667519349598,2.682633259420254,12.24806130910478,0.2547276389377688,16.13104565345615,0.01855865448979096,,,10.62466672446071,5.330293461086986
11.33764407582466,2.668584323651462,12.25903019143346,0.2570698806173955,16.14201453578482,0.01883334185490186,,,10.63563560678939,5.381335621448494
11.34861295815334,2.657430896526427,12.26999907376213,0.2591912153804606,16.1529834181135,0.01910522900138594,,,10.64660448911806,5.42886891415488
11.35958184048201,2.648829009857119,12.28096795609081,0.2610464350560732,16.16395230044218,0.01937476214341624,,,10.65757337144674,5.472781233402984
11.37055072281069,2.642502211927714,12.29193683841949,0.2626191531780097,16.17492118277085,0.01964222576389516,,,10.66854225377541,5.513011309153347
11.38151960513937,2.638145507572733,12.30290572074816,0.2638972223474538,16.18589006509953,0.01990774789317239,,,10.67951113610409,5.549443478912059
11.39248848746804,2.635455860839166,12.31387460307684,0.2648728110353362,16.1968589474282,0.02017146310046512,,,10.69048001843277,5.581988279499196
11.40345736979672,2.634115732488534,12.32484348540552,0.2655493556290178,16.20782782975688,0.02043314292850809,,,10.70144890076144,5.614440612217672
11.41442625212539,2.63570514544941,12.33581236773419,0.2659216894730402,16.21879671208556,0.02070053922995153,,,10.71241778309012,5.64668630324228
11.42539513445407,2.639877999288107,12.34678125006287,0.2659798508136788,16.22976559441424,0.02097305264496288,,,10.7233866654188,5.675260429255093
11.43636401678275,2.644540884651487,12.35775013239154,0.2657261522297126,16.24073447674291,0.02124170580137378,,,10.73435554774747,5.700023354880088
11.44733289911142,2.649438444716801,12.36871901472022,0.2651672451883151,16.25170335907159,0.0215054293516889,,,10.74532443007615,5.720292670573273
11.4583017814401,2.654265525232043,12.3796878970489,0.2643102290596919,16.26267224140026,0.02176296523721892,,,10.75629331240482,5.735951277175289
11.46927066376877,2.658798280941776,12.39065677937757,0.263167702995908,16.27364112372894,0.02201287573039193,,,10.7672621947335,5.746850226339255
11.48023954609745,2.662812605942467,12.40162566170625,0.2617710886463194,16.28461000605762,0.02225355619240278,,,10.77823107706218,5.752886081987223
11.49120842842613,2.666109086600884,12.41259454403493,0.260137920460668,16.29557888838629,0.02248344299865066,,,10.78919995939085,5.753954295745777
11.5021773107548,2.66883476225587,12.4235634263636,0.2582584939885212,16.30654777071497,0.02270033686588769,,,10.80016884171953,5.749962021236089
11.51314619308348,2.670826071399431,12.43453230869228,0.2564143698752695,16.31751665304364,0.02290510375590568,,,10.8111377240482,5.740829768447111
11.52411507541215,2.671606585486453,12.44550119102095,0.2546115242055652,16.32848553537232,0.02309564672578052,,,10.82210660637688,5.726493235007809
11.53508395774083,2.671276964697055,12.45647007334963,0.2526457252140786,16.339454417701,0.02326706731498802,,,10.83307548870556,5.706905300246713
11.54605284006951,2.6697026156804,12.46743895567831,0.2505416263983357,16.35042330002967,0.02341716795396303,,,10.84404437103423,5.682212477866675
11.55702172239818,2.666876308685204,12.47840783800698,0.2483123919527961,16.36139218235835,0.02354376067798709,,,10.85501325336291,5.652444711352159
11.56799060472686,2.66272685896206,12.48937672033566,0.24600518366713,16.37236106468702,0.02364470034192565,,,10.86598213569158,5.617377287146039
11.57895948705554,2.656921942560737,12.50034560266434,0.2436354888341722,16.3833299470157,0.02371946956590769,,,10.87695101802026,5.577080888754261
11.58992836938421,2.649427318194663,12.51131448499301,0.2412310957778836,16.39429882934438,0.0237722432057251,,,10.88791990034894,5.531625524001668
11.60089725171289,2.640228693425146,12.52228336732169,0.2388188131264191,16.40526771167305,0.02379966418977549,,,10.89888878267761,5.481112134586349
11.61186613404156,2.629332077286802,12.53325224965036,0.236425421862223,16.41623659400173,0.02379373800973987,,,10.90985766500629,5.425674649912408
11.62283501637024,2.616700909568285,12.54422113197904,0.2340763587780683,16.42720547633041,0.02375284307658439,,,10.92082654733497,5.365481786695027
11.63380389869892,2.602524471263262,12.55519001430772,0.2317971590115722,16.43817435865908,0.02367566658958374,,,10.93179542966364,5.300738519121262
11.64477278102759,2.586783720427577,12.56615889663639,0.2296068321192499,16.44914324098776,0.02356113547987896,,,10.94276431199232,5.234715180482775
11.65574166335627,2.569592789789271,12.57712777896507,0.2275261668406479,16.46011212331643,0.02340846464697144,,,10.95373319432099,5.167664711575916
11.66671054568495,2.551058599074587,12.58809666129375,0.225571939200102,16.47108100564511,0.02321727508216321,,,10.96470207664967,5.096877252715455
11.67767942801362,2.531999995379757,12.59906554362242,0.2237588658807126,16.48204988797379,0.02299051848361116,,,10.97567095897835,5.022655027919386
11.6886483103423,2.512579862321377,12.6100344259511,0.2220957198936878,16.49301877030246,0.0227284149721296,,,10.98663984130702,4.945283934522098
11.69961719267097,2.492305958610189,12.62100330827977,0.2205900742580851,16.50398765263114,0.02242815690148942,,,10.9976087236357,4.865141206478472
11.71058607499965,2.471388966608337,12.63197219060845,0.2192451828750493,16.51495653495981,0.02209046186357351,,,11.00857760596437,4.78263947723715
11.72155495732833,2.450067318970608,12.64294107293713,0.2180605431002736,16.52592541728849,0.02172825516460845,,,11.01954648829305,4.69987858522247
11.732523839657,2.42863053046926,12.6539099552658,0.2170333446511209,16.53689429961717,0.02134287814376368,,,11.03051537062173,4.617630884048449
11.74349272198568,2.407332466054049,12.66487883759448,0.2161557381459055,16.54786318194584,0.02093015859309821,,,11.0414842529504,4.534692520329951
11.75446160431436,2.386512051988189,12.67584771992315,0.2154149830914074,16.55883206427452,0.02049193845251947,,,11.05245313527908,4.45129705986077
11.76543048664303,2.366512865490761,12.68681660225183,0.2147964560920309,16.56980094660319,0.02002412952949678,,,11.06342201760776,4.367905573059557
11.77639936897171,2.349431399933959,12.69778548458051,0.2142814355973268,16.58076982893187,0.01952906425377297,,,11.07439089993643,4.285032845680633
11.78736825130038,2.335639541313606,12.70875436690918,0.2138521530474152,16.59173871126055,0.01900928702329534,,,11.08535978226511,4.203199097658992
11.79833713362906,2.323794639047186,12.71972324923786,0.2134847153756856,16.60270759358922,0.01846780985173078,,,11.09632866459378,4.122923764957355
11.80930601595774,2.314289465310949,12.73069213156653,0.2131548721784464,16.6136764759179,0.01790758143472743,,,11.10729754692246,4.04471901479079
11.82027489828641,2.307527656507562,12.74166101389521,0.2128370700465443,16.62464535824657,0.01733145644622327,,,11.11826642925114,3.969100308987446
11.83124378061509,2.303925896066472,12.75262989622389,0.2125482685541342,16.63561424057525,0.0167426655991665,,,11.12923531157981,3.89654521452718
11.84221266294376,2.303883845937237,12.76359877855256,0.2122586773311913,16.64658312290393,0.01614459824786097,,,11.14020419390849,3.827512671329644
11.85318154527244,2.307813663946767,12.77456766088124,0.211900826854217,16.65755200523261,0.01554063690361096,,,11.15117307623717,3.762419415428813
11.86415042760112,2.316062328817209,12.78553654320991,0.2114484639833888,16.66852088756128,0.01493412386559104,,,11.16214195856584,3.70161856541582
11.87511930992979,2.329119897028677,12.79650542553859,0.2108766677091879,16.67948976988996,0.01432846047196113,,,11.17311084089452,3.645439747338973
11.88608819225847,2.347278803752335,12.80747430786727,0.2101623404933963,16.69045865221863,0.01372700978106521,,,11.18407972322319,3.594167326007107
11.89705707458715,2.370867720036113,12.81844319019594,0.209292778061934,16.70142753454731,0.01313306646778512,,,11.19504860555187,3.548033928859328
11.90802595691582,2.400203316835157,12.82941207252462,0.2082658140159539,16.71239641687599,0.01254982860936555,,,11.20601748788055,3.507226142426877
11.9189948392445,2.43548377152402,12.8403809548533,0.2070792875227832,16.72336529920466,0.01198037166799812,,,11.21698637020922,3.4721878325987
11.92996372157317,2.476927083809389,12.85134983718197,0.205691062807409,16.73433418153334,0.01142762491341499,,,11.2279552525379,3.44294438498843
11.94093260390185,2.524647014878913,12.86231871951065,0.2040856866683281,16.74530306386201,0.01089435046272121,,,11.23892413486658,3.419155337231071
11.95190148623053,2.578779199835804,12.87328760183932,0.2024389180638216,16.75627194619069,0.01038312504874469,,,11.24989301719525,3.400751570273677
11.9628703685592,2.639310258809345,12.884256484168,0.2007482099199347,16.76724082851937,0.009896879073472253,,,11.26086189952393,3.387745661512412
11.97383925088788,2.706179766216631,12.89522536649668,0.1988323791082267,16.77820971084804,0.009437769902082862,,,11.2718307818526,3.379913127570729
11.98480813321656,2.779257037616286,12.90619424882535,0.196695117371665,16.78917859317672,0.009007171941179398,,,11.28279966418128,3.376946564618309
11.99577701554523,2.858336537642024,12.91716313115403,0.1943439312927613,16.80014747550539,0.008606766550429516,,,11.29376854650996,3.378433823431827
12.00674589787391,2.943136168069451,12.92813201348271,0.1917901041739995,16.81111635783407,0.008238072587712014,,,11.30473742883863,3.384064312505034
12.01771478020258,3.033297325432607,12.93910089581138,0.1890553706988829,16.82208524016275,0.007902354208503012,,,11.31570631116731,3.393448873526922
12.02868366253126,3.128386131471493,12.95006977814006,0.1861461963198176,16.83305412249142,0.007601279032917499,,,11.32667519349598,3.406163061680643
12.03965254485994,3.227895724644941,12.96103866046873,0.1830893383811391,16.8440230048201,0.007335662242388975,,,11.33764407582466,3.421770699041255
12.05062142718861,3.331250450102763,12.97200754279741,0.1799090493028989,16.85499188714878,0.007105177148599175,,,11.34861295815334,3.439799485762341
12.06159030951729,3.437809750356259,12.98297642512609,0.1766318820745288,16.86596076947745,0.00691016576758696,,,11.35958184048201,3.459718194533643
12.07255919184596,3.546874729938962,12.99394530745476,0.1732876646321608,16.87692965180613,0.006750673965398974,,,11.37055072281069,3.481051457194832
12.08352807417464,3.657695820629555,13.00491418978344,0.1699097841368729,16.88789853413481,0.006626457975438241,,,11.38151960513937,3.503287176485064
12.09449695650332,3.769477626405608,13.01588307211212,0.1665335829346301,16.89886741646348,0.006537134449731898,,,11.39248848746804,3.525923078181026
12.10546583883199,3.881391945884635,13.02685195444079,0.1631835163883145,16.90983629879216,0.006482118226462768,,,11.40345736979672,3.548446540427248
12.11643472116067,3.992711011830814,13.03782083676947,0.1598920325004274,16.92080518112083,0.006460404457873973,,,11.41442625212539,3.572260527805073
12.12740360348934,4.102571134602101,13.04878971909814,0.1566963966627855,16.93177406344951,0.006471527742481602,,,11.42539513445407,3.596836878796035
12.13837248581802,4.209953545067611,13.05975860142682,0.1536287665626938,16.94274294577819,0.006514060800746195,,,11.43636401678275,3.619900219814621
12.1493413681467,4.314006218315863,13.0707274837555,0.1507333248538789,16.95371182810686,0.006586698093080431,,,11.44733289911142,3.641039267902855
12.16031025047537,4.413868369719524,13.08169636608417,0.1480411643192673,16.96468071043554,0.006688061490979293,,,11.4583017814401,3.659807539493925
12.17127913280405,4.508716302340668,13.09266524841285,0.1455666706672574,16.97564959276421,0.006816426959993911,,,11.46927066376877,3.675858817226811
12.18224801513273,4.597762015294818,13.10363413074152,0.1433383550634484,16.98661847509289,0.006970115770294867,,,11.48023954609745,3.688874075221938
12.1932168974614,4.680272450450591,13.1146030130702,0.1413832276498675,16.99758735742157,0.007147271515080125,,,11.49120842842613,3.69857117804042
12.20418577979008,4.757743239256097,13.12557189539888,0.1397252654195896,17.00855623975024,0.00734583704602017,,,11.5021773107548,3.70591200785343
12.21515466211875,4.829541725165458,13.13654077772755,0.1383912254522348,17.01952512207892,0.007563763711794225,,,11.51314619308348,3.710693893881746
12.22612354444743,4.89291236036836,13.14750966005623,0.1374011878447189,17.03049400440759,0.007798881125402058,,,11.52411507541215,3.711522818164947
12.23709242677611,4.947359018252332,13.15847854238491,0.1367754210100589,17.04146288673627,0.008048944424762231,,,11.53508395774083,3.708509904822957
12.24806130910478,4.992473214629832,13.16944742471358,0.1365400561962813,17.05243176906495,0.008311648308766927,,,11.54605284006951,3.701540909378773
12.25903019143346,5.02869260644949,13.18041630704226,0.1367112353947491,17.06340065139362,0.008584641703836448,,,11.55702172239818,3.691221982902572
12.26999907376213,5.057416359532236,13.19138518937093,0.1372966121522098,17.0743695337223,0.008865543037510068,,,11.56799060472686,3.677546861638382
12.28096795609081,5.077739486076676,13.20235407169961,0.1383118132006609,17.08533841605098,0.009152679605526256,,,11.57895948705554,3.659690481286259
12.29193683841949,5.087968126345594,13.21332295402829,0.139768502324847,17.09630729837965,0.009443650306220212,,,11.58992836938421,3.637723394440472
12.30290572074816,5.08813298420276,13.22429183635696,0.1416733158153678,17.10727618070833,0.00973534244783111,,,11.60089725171289,3.611756656762721
12.31387460307684,5.078361008354127,13.23526071868564,0.1440350335857688,17.118245063037,0.01002540250558008,,,11.61186613404156,3.58194048660896
12.32484348540552,5.059573304445869,13.24622960101432,0.1468611741347232,17.12921394536568,0.01031152987865704,,,11.62283501637024,3.548399460061741
12.33581236773419,5.032441443944157,13.25719848334299,0.1501586126444571,17.14018282769436,0.01059136147142422,,,11.63380389869892,3.511498783978691
12.34678125006287,4.996704997370655,13.26816736567167,0.1539327046482238,17.15115171002303,0.01086304913984919,,,11.64477278102759,3.471407827671291
12.35775013239154,4.952375047365251,13.27913624800034,0.158188097262663,17.16212059235171,0.01112438453993072,,,11.65574166335627,3.428439223009429
12.36871901472022,4.901146154573554,13.29010513032902,0.1629748564509785,17.17308947468038,0.01137344930678836,,,11.66671054568495,3.382905951944216
12.3796878970489,4.84358427054632,13.3010740126577,0.1682955075148079,17.18405835700906,0.01160846073574515,,,11.67767942801362,3.335854690864113
12.39065677937757,4.77911779101554,13.31204289498637,0.174105038024728,17.19502723933774,0.01182778221711282,,,11.6886483103423,3.287661847933528
12.40162566170625,4.708474741703142,13.32301177731505,0.1804039625930963,17.20599612166641,0.01202994146302935,,,11.69961719267097,3.238031949493952
12.41259454403493,4.632334860858633,13.33398065964372,0.1871917432272718,17.21696500399509,0.01222425420717396,,,11.71058607499965,3.187386888237682
12.4235634263636,4.551314328940005,13.3449495419724,0.194466827844044,17.22793388632376,0.01240948916256931,,,11.72155495732833,3.136171817423256
12.43453230869228,4.466138952864056,13.35591842430108,0.2022228323708201,17.23890276865244,0.01257389198542549,,,11.732523839657,3.084876440593844
12.44550119102095,4.377518307883919,13.36688730662975,0.2104642414108512,17.24987165098112,0.01271664990608928,,,11.74349272198568,3.033946284546265
12.45647007334963,4.286926728116995,13.37785618895843,0.2191808420069462,17.2608405333098,0.01283700354013631,,,11.75446160431436,2.983901880217908
12.46743895567831,4.195059075966297,13.3888250712871,0.228365744970779,17.27180941563847,0.01293446518689521,,,11.76543048664303,2.935256654646447
12.47840783800698,4.101794810535362,13.39979395361578,0.2380099554166158,17.28277829796715,0.01300876417699842,,,11.77639936897171,2.890336992951301
12.48937672033566,4.007769002868202,13.41076283594446,0.248102357981647,17.29374718029582,0.0130598471992738,,,11.78736825130038,2.849657302893208
12.50034560266434,3.913562646861594,13.42173171827313,0.2586293801626682,17.3047160626245,0.01308785078834422,,,11.79833713362906,2.811930011727914
12.51131448499301,3.81972130502985,13.43270060060181,0.2695873444977103,17.31568494495318,0.01309310275435352,,,11.80930601595774,2.777660312541612
12.52228336732169,3.726734568039607,13.44366948293049,0.2809568094013435,17.32665382728185,0.01307637280714127,,,11.82027489828641,2.747348916155886
12.53325224965036,3.635046007955789,13.45463836525916,0.2927022980466696,17.33762270961053,0.01303968143359457,,,11.83124378061509,2.721495323404219
12.54422113197904,3.545041635241127,13.46560724758784,0.3047974188206999,17.3485915919392,0.01298395367573948,,,11.84221266294376,2.700563584733272
12.55519001430772,3.457050277600831,13.47657612991651,0.3172913726656948,17.35956047426788,0.01290892980906325,,,11.85318154527244,2.685018176630149
12.56615889663639,3.371342600062785,13.48754501224519,0.3301498423544145,17.37052935659656,0.01281588777081454,,,11.86415042760112,2.675242957563384
12.57712777896507,3.288130240905247,13.49851389457387,0.3432554023906146,17.38149823892523,0.01270617834735963,,,11.87511930992979,2.671751092639909
12.58809666129375,3.207568908303072,13.50948277690254,0.3565607934940928,17.39246712125391,0.01258625856163607,,,11.88608819225847,2.674844804062641
12.59906554362242,3.129761695546098,13.52045165923122,0.370076598379891,17.40343600358258,0.01245763951056306,,,11.89705707458715,2.684850342933346
12.6100344259511,3.054756769634947,13.53142054155989,0.3837499755880027,17.41440488591126,0.01231711238324781,,,11.90802595691582,2.702071349100777
12.62100330827977,2.982549626368154,13.54238942388857,0.3974660697194189,17.42537376823994,0.01216810508275837,,,11.9189948392445,2.726680434415924
12.63197219060845,2.913116009518609,13.55335830621725,0.4111640776322814,17.43634265056861,0.01201229628722041,,,11.92996372157317,2.75886170246383
12.64294107293713,2.846330838267713,13.56432718854592,0.4247790283070927,17.44731153289729,0.01184943169030749,,,11.94093260390185,2.798686361964991
12.6539099552658,2.783192041662174,13.5752960708746,0.4382420127629942,17.45828041522596,0.01168144287048125,,,11.95190148623053,2.846244801316959
12.66487883759448,2.723536410704818,13.58626495320328,0.4514820715801513,17.46924929755464,0.0115097121657901,,,11.9628703685592,2.901460732520098
12.67584771992315,2.666062291273046,13.59723383553195,0.4644256367283432,17.48021817988332,0.01133801016544298,,,11.97383925088788,2.96421488959085
12.68681660225183,2.610551957888963,13.60820271786063,0.4769972075421502,17.491187062212,0.0111677352446581,,,11.98480813321656,3.034310004359055
12.69778548458051,2.5567457672312,13.6191716001893,0.4891202642754827,17.50215594454067,0.01099836970058706,,,11.99577701554523,3.11147053208627
12.70875436690918,2.504466819546834,13.63014048251798,0.5007185761251207,17.51312482686935,0.01083124055397101,,,12.00674589787391,3.195341630209049
12.71972324923786,2.453436836495161,13.64110936484666,0.5117140880574973,17.52409370919802,0.01066755733995705,,,12.01771478020258,3.285489597643763
12.73069213156653,2.40341599526588,13.65207824717533,0.5220317337894098,17.5350625915267,0.01050842202181258,,,12.02868366253126,3.381404381732047
12.74166101389521,2.354171399634188,13.66304712950401,0.5315977321969169,17.54603147385538,0.01035476984728669,,,12.03965254485994,3.482502026098454
12.75262989622389,2.305810436187921,13.67401601183269,0.5404178000188022,17.55700035618405,0.01020740897526039,,,12.05062142718861,3.588130156554705
12.76359877855256,2.258106146864939,13.68498489416136,0.5484252433096257,17.56796923851273,0.01006698920768849,,,12.06159030951729,3.697570987892504
12.77456766088124,2.210553752804898,13.69595377649004,0.5554771885946989,17.5789381208414,0.00993400644689257,,,12.07255919184596,3.810050845034292
12.78553654320991,2.162980750710086,13.70692265881871,0.5615143496592013,17.58990700317008,0.009808793446176975,,,12.08352807417464,3.924825653120092
12.79650542553859,2.115238265808713,13.71789154114739,0.5664834551315922,17.60087588549876,0.009691525340215531,,,12.09449695650332,4.041026244945703
12.80747430786727,2.067202829848685,13.72886042347607,0.5703379860114769,17.61184476782743,0.009582221049563491,,,12.10546583883199,4.157672060972145
12.81844319019594,2.018777927424273,13.73982930580474,0.5734242155707663,17.62281365015611,0.009480748420812231,,,12.11643472116067,4.273990935777594
12.82941207252462,1.971223784159135,13.75079818813342,0.5757070998986495,17.63378253248478,0.009386831632869035,,,12.12740360348934,4.38905135169349
12.8403809548533,1.924495842496768,13.7617670704621,0.5767727887490248,17.64475141481346,0.009300060745673345,,,12.13837248581802,4.501743994807081
12.85134983718197,1.877225506903081,13.77273595279077,0.5766005105194313,17.65572029714214,0.00921990323139475,,,12.1493413681467,4.611154873760428
12.86231871951065,1.829392495011169,13.78370483511945,0.5751791874578129,17.66668917947081,0.0091457172942878,,,12.16031025047537,4.7163631587911
12.87328760183932,1.78101236152872,13.79467371744812,0.5725046424288517,17.67765806179949,0.009076766754430648,,,12.17127913280405,4.816489145964802
12.884256484168,1.732126036454129,13.8056425997768,0.5685970543559647,17.68862694412817,0.009012228158669255,,,12.18224801513273,4.910691813704143
12.89522536649668,1.682798210890254,13.81661148210548,0.5634715273409482,17.69959582645684,0.008951246390702329,,,12.1932168974614,4.998189476900002
12.90619424882535,1.633116631524474,13.82758036443415,0.5571505715175012,17.71056470878552,0.008892891581163213,,,12.20418577979008,5.080548494279064
12.91716313115403,1.583189828722682,13.83854924676283,0.5496721705688059,17.72153359111419,0.008836220950628538,,,12.21515466211875,5.157092714914388
12.92813201348271,1.533145229299306,13.84951812909151,0.5410830789688268,17.73250247344287,0.008781177660905928,,,12.22612354444743,5.224908389059204
12.93910089581138,1.483127798320023,13.86048701142018,0.5317640873735515,17.74347135577155,0.008731252935926566,,,12.23709242677611,5.283462251994528
12.95006977814006,1.433295247943462,13.87145589374886,0.5217755798583635,17.75444023810022,0.008684578981108809,,,12.24806130910478,5.332312724210561
12.96103866046873,1.383819559322901,13.88242477607753,0.5108568579186356,17.7654091204289,0.008635796028463701,,,12.25903019143346,5.371944179568213
12.97200754279741,1.334887377147169,13.89339365840621,0.4990814721651504,17.77637800275757,0.00858399822062089,,,12.26999907376213,5.403731288953531
12.98297642512609,1.286680025956622,13.90436254073489,0.4865264896389067,17.78734688508625,0.008528377380066728,,,12.28096795609081,5.426670289595799
12.99394530745476,1.239397177893397,13.91533142306356,0.4733241270521761,17.79831576741493,0.008468249501922428,,,12.29193683841949,5.439048017517425
13.00491418978344,1.193276793052563,13.92630030539224,0.4595597702662738,17.8092846497436,0.008402967366013522,,,12.30290572074816,5.440881329293349
13.01588307211212,1.148520075622435,13.93726918772091,0.4452691587870973,17.82025353207228,0.008332065598718824,,,12.31387460307684,5.432289372921717
13.02685195444079,1.105289489268481,13.94823807004959,0.4305422873340009,17.83122241440095,0.008255185911632067,,,12.32484348540552,5.414198304806633
13.03782083676947,1.063781801052491,13.95920695237827,0.4154703745122155,17.84219129672963,0.00817210188502542,,,12.33581236773419,5.387277697565751
13.04878971909814,1.024510822805817,13.97017583470694,0.4001452878853433,17.85316017905831,0.0080827220429559,,,12.34678125006287,5.35126183255387
13.05975860142682,0.9876608845077891,13.98114471703562,0.3846567759486508,17.86412906138698,0.007987090416292737,,,12.35775013239154,5.306170215741224
13.0707274837555,0.953142107302857,13.99211359936429,0.3690938467061383,17.87509794371566,0.007885384608609622,,,12.36871901472022,5.253732644678508
13.08169636608417,0.9211229550887713,14.00308248169297,0.3535434238598171,17.88606682604433,0.00778192356581855,,,12.3796878970489,5.194530412788097
13.09266524841285,0.8917148043209747,14.01405136402165,0.338088212451286,17.89703570837301,0.007677099948309762,,,12.39065677937757,5.12799318159325
13.10363413074152,0.8650649315819481,14.02502024635032,0.3228071967685848,17.90800459070169,0.00756737389424467,,,12.40162566170625,5.054900405935773
13.1146030130702,0.8413083082905239,14.035989128679,0.3077746184811944,17.91897347303037,0.007455386767196035,,,12.41259454403493,4.975960926655077
13.12557189539888,0.8205306918537911,14.04695801100767,0.2930602240025382,17.92994235535904,0.007341788115286018,,,12.4235634263636,4.891782112965312
13.13654077772755,0.8029181505632385,14.05792689333635,0.2787259664610967,17.94091123768772,0.007225222064492469,,,12.43453230869228,4.803386843508608
13.14750966005623,0.7885160675576254,14.06889577566503,0.2648295314415916,17.95188012001639,0.007106464931816743,,,12.44550119102095,4.711502006340204
13.15847854238491,0.7774034748342966,14.0798646579937,0.2514311467404265,17.96284900234507,0.006986343593266842,,,12.45647007334963,4.617444803684433
13.16944742471358,0.7696278641054465,14.09083354032238,0.2385767462534098,17.97381788467375,0.006865719563532916,,,12.46743895567831,4.521947892351204
13.18041630704226,0.765217441342654,14.10180242265106,0.2262904903131783,17.98478676700242,0.006745472565643664,,,12.47840783800698,4.424882724165912
13.19138518937093,0.7642255105151254,14.11277130497973,0.214614204336029,17.9957556493311,0.006626483891295516,,,12.48937672033566,4.326944614157834
13.20235407169961,0.7666291963796448,14.12374018730841,0.203571343111076,18.00672453165977,0.00650960800052387,,,12.50034560266434,4.228742111125278
13.21332295402829,0.7723966346108725,14.13470906963708,0.193169714850658,18.01769341398845,0.006395746709268233,,,12.51131448499301,4.130860441640884
13.22429183635696,0.781479594048204,14.14567795196576,0.1834182747220921,18.02866229631713,0.006285604313865715,,,12.52228336732169,4.033827305160909
13.23526071868564,0.7938066677289217,14.15664683429444,0.1743218716095773,18.0396311786458,0.006179940313414923,,,12.53325224965036,3.938123663106888
13.24622960101432,0.8092736882572994,14.16761571662311,0.1658791101593578,18.05060006097448,0.00607940857995386,,,12.54422113197904,3.844170774681888
13.25719848334299,0.82777707859981,14.17858459895179,0.1580830909806921,18.06156894330315,0.00598457686355318,,,12.55519001430772,3.752331926560376
13.26816736567167,0.8491761746621258,14.18955348128047,0.1509218912037765,18.07253782563183,0.005895920943192642,,,12.56615889663639,3.662904792672455
13.27913624800034,0.8732970121549471,14.20052236360914,0.1443790444298127,18.08350670796051,0.005813800273957195,,,12.57712777896507,3.576128659272808
13.29010513032902,0.8999318170532085,14.21149124593782,0.1384340401265936,18.09447559028918,0.005738474174906849,,,12.58809666129375,3.492181898447317
13.3010740126577,0.92891297138537,14.22246012826649,0.1330630485686455,18.10544447261786,0.005670146228842835,,,12.59906554362242,3.411187002514777
13.31204289498637,0.9599844054333797,14.23342901059517,0.1282385059387639,18.11641335494654,0.005608813648001561,,,12.6100344259511,3.333204696039799
13.32301177731505,0.9928987507041576,14.24439789292385,0.1239483876985882,18.12738223727521,0.00555434568744909,,,12.62100330827977,3.258240476695654
13.33398065964372,1.027382135423922,14.25536677525252,0.1201606727363875,18.13835111960389,0.005506893828790107,,,12.63197219060845,3.186274883622932
13.3449495419724,1.063153474189823,14.2663356575812,0.1168249671713255,18.14932000193257,0.005466519333384521,,,12.64294107293713,3.117182480862813
13.35591842430108,1.099913196491797,14.27730453990988,0.1139045637861603,18.16028888426124,0.005432031812084596,,,12.6539099552658,3.051957827094322
13.36688730662975,1.137353932274886,14.28827342223855,0.1113650801951289,18.17125776658992,0.005402902531258002,,,12.66487883759448,2.990428258935757
13.37785618895843,1.175147078489871,14.29924230456723,0.1091709638629529,18.18222664891859,0.005378516329343137,,,12.67584771992315,2.931276902030192
13.3888250712871,1.212999999538895,14.3102111868959,0.1072867487039132,18.19319553124727,0.005358183174434277,,,12.68681660225183,2.87426813931472
13.39979395361578,1.25057481058938,14.32118006922458,0.105677861217123,18.20416441357595,0.005341150974833246,,,12.69778548458051,2.819119571208478
13.41076283594446,1.287552032297162,14.33214895155326,0.1043107920797797,18.21513329590462,0.005326619393466972,,,12.70875436690918,2.765632141829141
13.42173171827313,1.323618037913552,14.34311783388193,0.1031557128151293,18.2261021782333,0.005313754399473236,,,12.71972324923786,2.71349855318942
13.43270060060181,1.358594211025143,14.35408671621061,0.1021781085145374,18.23707106056197,0.005301703278112108,,,12.73069213156653,2.662449466224752
13.44366948293049,1.392188516325677,14.36505559853928,0.1013518286730607,18.24803994289065,0.005289609813720841,,,12.74166101389521,2.612220538442853
13.45463836525916,1.423999124069447,14.37602448086796,0.1006511556665309,18.25900882521933,0.005277101207024205,,,12.75262989622389,2.562943677904966
13.46560724758784,1.453770027887782,14.38699336319664,0.100051203084807,18.269977707548,0.005263404456366109,,,12.76359877855256,2.51435618299706
13.47657612991651,1.481276960624208,14.39796224552531,0.09953000103378462,18.28094658987668,0.005247249362850371,,,12.77456766088124,2.465866550952899
13.48754501224519,1.506338117087929,14.40893112785399,0.09907199045922584,18.29191547220535,0.005228959128652563,,,12.78553654320991,2.417270206031931
13.49851389457387,1.5287705892663,14.41990001018267,0.09873760385463022,18.30288435453403,0.005207887381924961,,,12.79650542553859,2.368387807603881
13.50948277690254,1.548403370974823,14.43086889251134,0.09851334328223223,18.31385323686271,0.00518221831507111,,,12.80747430786727,2.319067606356197
13.52045165923122,1.56579274355378,14.44183777484002,0.09830923838244771,18.32482211919138,0.005151606956403402,,,12.81844319019594,2.269195668467909
13.53142054155989,1.580857908071831,14.45280665716869,0.09811934140036349,18.33579100152006,0.00511551989415173,,,12.82941207252462,2.220039586420001
13.54238942388857,1.592890418167654,14.46377553949737,0.09793749706704588,18.34675988384874,0.005073597138505993,,,12.8403809548533,2.171562133421484
13.55335830621725,1.602915824847436,14.47474442182605,0.09776120608525478,18.35772876617741,0.005025679795554948,,,12.85134983718197,2.122335293136348
13.56432718854592,1.610956075245162,14.48571330415472,0.0975890647257,18.36869764850609,0.00497633494938675,,,12.86231871951065,2.072307110843022
13.5752960708746,1.615988246488082,14.4966821864834,0.09742352011116116,18.37966653083476,0.004925507179689513,,,12.87328760183932,2.021668286505782
13.58626495320328,1.618134914016993,14.50765106881208,0.09726945521085645,18.39063541316344,0.0048684789548188,,,12.884256484168,1.970455662019056
13.59723383553195,1.617491799757275,14.51861995114075,0.09713401287412925,18.40160429549212,0.004805329613451597,,,12.89522536649668,1.918549923902469
13.60820271786063,1.614212604662393,14.52958883346943,0.09702645151460657,18.41257317782079,0.004736340951551106,,,12.90619424882535,1.866042249939214
13.6191716001893,1.608483680782933,14.5405577157981,0.09695767870990796,18.42354206014947,0.004661777823912669,,,12.91716313115403,1.81304897044882
13.63014048251798,1.600532961884347,14.55152659812678,0.09697690259267477,18.43451094247814,0.004582033525144594,,,12.92813201348271,1.759714756281687
13.64110936484666,1.590584133091608,14.56249548045546,0.09709774866693241,18.44547982480682,0.004497668042631147,,,12.93910089581138,1.706207856254813
13.65207824717533,1.578913510273111,14.57346436278413,0.09729811417455976,18.4564487071355,0.00440933736648209,,,12.95006977814006,1.652688959248538
13.66304712950401,1.565808160655064,14.58443324511281,0.09759353885535864,18.46741758946417,0.004317711315495776,,,12.96103866046873,1.599359227577461
13.67401601183269,1.552048270786266,14.59540212744148,0.09799852219531072,18.47838647179285,0.004223175993737524,,,12.97200754279741,1.546432252469783
13.68498489416136,1.537955328814846,14.60637100977016,0.09853244863940638,18.48935535412152,0.004126419131749741,,,12.98297642512609,1.494118934750102
13.69595377649004,1.523352433069729,14.61733989209884,0.09920829395528762,18.5003242364502,0.004028155657743049,,,12.99394530745476,1.44265206841307
13.70692265881871,1.508554595418421,14.62830877442751,0.1000424887186221,18.51129311877888,0.003929116343105492,,,13.00491418978344,1.392308445920457
13.71789154114739,1.493874765930707,14.63927765675619,0.1010502613539203,18.52226200110756,0.003830036638662671,,,13.01588307211212,1.343328235778429
13.72886042347607,1.479619331972404,14.65024653908486,0.1022460299685782,18.53323088343623,0.003731645894858548,,,13.02685195444079,1.295900048358995
13.73982930580474,1.466098308472746,14.66121542141354,0.1036368392735661,18.54419976576491,0.003634657141912009,,,13.03782083676947,1.250256780692252
13.75079818813342,1.453569962386822,14.67218430374222,0.1052487965269336,18.55516864809358,0.003539757585841457,,,13.04878971909814,1.206959517092586
13.7617670704621,1.442328698235609,14.68315318607089,0.1070844134412416,18.56613753042226,0.00344759995487791,,,13.05975860142682,1.166228241050625
13.77273595279077,1.432584774457995,14.69412206839957,0.1091525889471916,18.57710641275094,0.003358794806604324,,,13.0707274837555,1.128014226929267
13.78370483511945,1.424549475808337,14.70509095072825,0.1114603177128556,18.58807529507961,0.003273903880998304,,,13.08169636608417,1.092520162086844
13.79467371744812,1.418404783811348,14.71605983305692,0.1140125380189045,18.59904417740829,0.003193434560232741,,,13.09266524841285,1.05987470267481
13.8056425997768,1.414304326090858,14.7270287153856,0.1168119234072363,18.61001305973696,0.003117835470923221,,,13.10363413074152,1.030256328920943
13.81661148210548,1.412394744606683,14.73799759771427,0.1198788319144617,18.62098194206564,0.003047493240723203,,,13.1146030130702,1.003829461780843
13.82758036443415,1.412698901940767,14.74896648004295,0.1232110960877999,18.63195082439432,0.002982730398688009,,,13.12557189539888,0.9807054836461446
13.83854924676283,1.415284245657675,14.75993536237163,0.1267843694102476,18.64291970672299,0.002923804388163918,,,13.13654077772755,0.961100277848699
13.84951812909151,1.420156758121046,14.7709042447003,0.1305916030383718,18.65388858905167,0.002870894000180753,,,13.14750966005623,0.9450802535208983
13.86048701142018,1.427318813138543,14.78187312702898,0.1346180258019258,18.66485747138034,0.002824087555121802,,,13.15847854238491,0.9327460537010414
13.87145589374886,1.436701985306963,14.79284200935766,0.1388637155424045,18.67582635370902,0.002783593667004145,,,13.16944742471358,0.9241724072282583
13.88242477607753,1.448168190618489,14.80381089168633,0.1433078335611901,18.6867952360377,0.002749327370791373,,,13.18041630704226,0.9194036582392835
13.89339365840621,1.46181587014672,14.81477977401501,0.1479343122190827,18.69776411836637,0.002721241333671679,,,13.19138518937093,0.9185030153305118
13.90436254073489,1.477468701409675,14.82574865634368,0.1527250140486645,18.70873300069505,0.002699236639695014,,,13.20235407169961,0.9214625152909939
13.91533142306356,1.494691735123985,14.83671753867236,0.1576587772325045,18.71970188302372,0.002684341087543546,,,13.21332295402829,0.9282620302064311
13.92630030539224,1.513255299509913,14.84768642100104,0.1627166359625203,18.7306707653524,0.002676356573358999,,,13.22429183635696,0.9388598166726168
13.93726918772091,1.532908856565568,14.85865530332971,0.1678740921204547,18.74163964768108,0.002673864659060667,,,13.23526071868564,0.9531929200429906
13.94823807004959,1.553382057154348,14.86962418565839,0.1731055313459001,18.75260853000976,0.002676590216859112,,,13.24622960101432,0.9711641924655585
13.95920695237827,1.574391300120297,14.88059306798706,0.1783849128669184,18.76357741233843,0.002684233832446883,,,13.25719848334299,0.9926762808303616
13.97017583470694,1.595644300361443,14.89156195031574,0.1837119114283719,18.77454629466711,0.002696477759857247,,,13.26816736567167,1.017593091496
13.98114471703562,1.61684381078316,14.90253083264442,0.1890588602416508,18.78551517699578,0.00271299174860479,,,13.27913624800034,1.04574440596005
13.99211359936429,1.637688717864198,14.91349971497309,0.1943710685717537,18.79648405932446,0.002733438652042801,,,13.29010513032902,1.076979149039922
14.00308248169297,1.657886576081443,14.92446859730177,0.1996200193774623,18.80745294165314,0.002757414001596776,,,13.3010740126577,1.111131833719899
14.01405136402165,1.677151142104119,14.93543747963045,0.204777249578603,18.81842182398181,0.002784728615871304,,,13.31204289498637,1.147891663420758
14.02502024635032,1.695210486509939,14.94640636195912,0.2098151912581407,18.82939070631049,0.002814971242930652,,,13.32301177731505,1.187010273745873
14.035989128679,1.711810213918211,14.9573752442878,0.2147061851775399,18.84035958863916,0.002847792919741379,,,13.33398065964372,1.22821220738887
14.04695801100767,1.726717395851844,14.96834412661647,0.2194581165703103,18.85132847096784,0.002882968957582856,,,13.3449495419724,1.271213194363402
14.05792689333635,1.739724039637436,14.97931300894515,0.2240446542941043,18.86229735329652,0.002920174230895781,,,13.35591842430108,1.315705824391866
14.06889577566503,1.750650327975517,14.99028189127383,0.2284048035790661,18.87326623562519,0.002959147270787408,,,13.36688730662975,1.361385738038395
14.0798646579937,1.759580196843775,15.0012507736025,0.2325141705826353,18.88423511795387,0.002999648357274037,,,13.37785618895843,1.407912079403467
14.09083354032238,1.766431432620369,15.01221965593118,0.2364516140481335,18.89520400028254,0.003041460479478503,,,13.3888250712871,1.454985060308905
14.10180242265106,1.770823317256516,15.02318853825986,0.2401948584378875,18.90617288261122,0.00308438964205918,,,13.39979395361578,1.50225559722092
14.11277130497973,1.77444211173571,15.03415742058853,0.2436212192613304,18.9171417649399,0.003128264528932514,,,13.41076283594446,1.549391599136207
14.12374018730841,1.777258985351274,15.04512630291721,0.2467117086818092,18.92811064726857,0.003172935545738526,,,13.42173171827313,1.596064368204984
14.13470906963708,1.77755833981601,15.05609518524588,0.2494903433567009,18.93907952959725,0.003220185157831124,,,13.43270060060181,1.642090110625172
14.14567795196576,1.775368265904347,15.06706406757456,0.2519446806418282,18.95004841192593,0.003269884802760584,,,13.44366948293049,1.687155848753043
14.15664683429444,1.770752615906463,15.07803294990324,0.2540202812704021,18.9610172942546,0.00331999255736572,,,13.45463836525916,1.730822774700002
14.16761571662311,1.763917236485132,15.08900183223191,0.2557012620998673,18.97198617658328,0.003370391615341066,,,13.46560724758784,1.772806988679628
14.17858459895179,1.754991216179091,15.09997071456059,0.2569784068712722,18.98295505891195,0.003420975506465762,,,13.47657612991651,1.812931922521214
14.18955348128047,1.744024576188094,15.11093959688927,0.2578447105369382,18.99392394124063,0.00347184954324276,,,13.48754501224519,1.850981907811549
14.20052236360914,1.731202564099167,15.12190847921794,0.2582955114172525,19.00489282356931,0.003522916223488376,,,13.49851389457387,1.886655154099596
14.21149124593782,1.716740111635405,15.13287736154662,0.2583664240984335,19.01586170589798,0.003573871660161499,,,13.50948277690254,1.919729801289581
14.22246012826649,1.700857671398218,15.14384624387529,0.258057100899826,19.02683058822666,0.003625323930247104,,,13.52045165923122,1.95077123348888
14.23342901059517,1.683806743258182,15.15481512620397,0.2573311993412762,19.03779947055533,0.003677158565058365,,,13.53142054155989,1.979644290477532
14.24439789292385,1.666073341915967,15.16578400853265,0.2561922652304643,19.04876835288401,0.003728529915936752,,,13.54238942388857,2.005524162027906
14.25536677525252,1.647925098758864,15.17675289086132,0.2546469665741117,19.05973723521269,0.003779282669396209,,,13.55335830621725,2.029379887611415
14.2663356575812,1.629468462151256,15.18772177319,0.2527556985458786,19.07070611754136,0.003829273514174723,,,13.56432718854592,2.051166918429764
14.27730453990988,1.610964058585109,15.19869065551867,0.2505270587550122,19.08167499987004,0.003878309877422584,,,13.5752960708746,2.06978608729056
14.28827342223855,1.592631723458547,15.20965953784735,0.2479207087665727,19.09264388219871,0.003926189914866499,,,13.58626495320328,2.085287493183051
14.29924230456723,1.57473487451286,15.22062842017603,0.2449496599822791,19.10361276452739,0.003972689892259716,,,13.59723383553195,2.097691814558672
14.3102111868959,1.557527708859983,15.2315973025047,0.2416286689074743,19.11458164685607,0.004017563431335605,,,13.60820271786063,2.107075826116237
14.32118006922458,1.541252095064171,15.24256618483338,0.2379740318152405,19.12555052918474,0.004060541406327241,,,13.6191716001893,2.113547992982157
14.33214895155326,1.526134769689629,15.25353506716205,0.234003592825331,19.13651941151342,0.004101332527375463,,,13.63014048251798,2.117258721130198
14.34311783388193,1.51238649090946,15.26450394949073,0.2298446205249905,19.14748829384209,0.004139624631968352,,,13.64110936484666,2.118352411437144
14.35408671621061,1.500191854341683,15.27547283181941,0.2255164955515586,19.15845717617077,0.004175086689231711,,,13.65207824717533,2.117035644561204
14.36505559853928,1.489724722496348,15.28644171414808,0.2209305697285071,19.16942605849945,0.004207371504806148,,,13.66304712950401,2.113520602786183
14.37602448086796,1.481129877523251,15.29741059647676,0.216138948816245,19.18039494082813,0.004236110999074598,,,13.67401601183269,2.108585445234098
14.38699336319664,1.474525218032857,15.30837947880543,0.2111624361207114,19.1913638231568,0.004260954414469,,,13.68498489416136,2.102484502937871
14.39796224552531,1.470009577623839,15.31934836113411,0.2059905998589545,19.20233270548548,0.004283397128490426,,,13.69595377649004,2.094896900244715
14.40893112785399,1.467655673524753,15.33031724346279,0.2006451736514085,19.21330158781415,0.004303031693059157,,,13.70692265881871,2.0860776720053
14.41990001018267,1.467584757054426,15.34128612579146,0.1951469841273988,19.22427047014283,0.004317620929588113,,,13.71789154114739,2.076285944723244
14.43086889251134,1.469820274906487,15.35225500812014,0.1895213595541772,19.23523935247151,0.004326754610119281,,,13.72886042347607,2.065781180346908
14.44183777484002,1.474279437302344,15.36322389044882,0.1837887997336203,19.24620823480018,0.0043300652011741,,,13.73982930580474,2.055220908147666
14.45280665716869,1.480969369193868,15.37419277277749,0.1779906080685154,19.25717711712886,0.004327210573262308,,,13.75079818813342,2.044828013415168
14.46377553949737,1.49015901713431,15.38516165510617,0.1721488752658041,19.26814599945753,0.004317880270392052,,,13.7617670704621,2.034481877328715
14.47474442182605,1.50177011541967,15.39613053743484,0.1662662456279462,19.27911488178621,0.004301801522453754,,,13.77273595279077,2.024372381491251
14.48571330415472,1.515421995865407,15.40709941976352,0.1603638506482847,19.29008376411489,0.004278667453787226,,,13.78370483511945,2.014699822076893
14.4966821864834,1.530991638930477,15.4180683020922,0.1544622641879342,19.30105264644356,0.004248469215725804,,,13.79467371744812,2.005642507947464
14.50765106881208,1.548364268382009,15.42903718442087,0.1485814068380961,19.31202152877224,0.004210980093173998,,,13.8056425997768,1.997379486146733
14.51861995114075,1.567413235267044,15.44000606674955,0.1427404616102886,19.32299041110091,0.004166129312112275,,,13.81661148210548,1.990073281661702
14.52958883346943,1.588012417892173,15.45097494907823,0.1369611086467443,19.33395929342959,0.004113905460748439,,,13.82758036443415,1.983765697808626
14.5405577157981,1.609999555313124,15.4619438314069,0.1312632212442948,19.34492817575827,0.004054358521343677,,,13.83854924676283,1.978563238845171
14.55152659812678,1.633779047467759,15.47291271373558,0.1256557619340584,19.35589705808694,0.003987600945460367,,,13.84951812909151,1.974519768423389
14.56249548045546,1.659191720355899,15.48388159606425,0.1201573334420874,19.36686594041562,0.003917952362805357,,,13.86048701142018,1.972027349928125
14.57346436278413,1.685524744996556,15.49485047839293,0.1147811128631702,19.3778348227443,0.003845607787486763,,,13.87145589374886,1.971079230082541
14.58443324511281,1.7126113697542,15.50581936072161,0.1095404783740513,19.38880370507297,0.003766654495048357,,,13.88242477607753,1.971270689694571
14.59540212744148,1.740278129599019,15.51678824305028,0.104448896023506,19.39977258740165,0.003681367892291836,,,13.89339365840621,1.972775254200148
14.60637100977016,1.768379759667183,15.52775712537896,0.09955561914277548,19.41074146973033,0.003590084838606993,,,13.90436254073489,1.975495285942559
14.61733989209884,1.796747270975868,15.53872600770764,0.09487098071383614,19.421710352059,0.003493194563817524,,,13.91533142306356,1.979129993071976
14.62830877442751,1.825226954824065,15.54969489003631,0.09036367333161278,19.43267923438768,0.003391134315739153,,,13.92630030539224,1.983536798109277
14.63927765675619,1.853671083642101,15.56066377236499,0.08604122266728292,19.44364811671635,0.003284384282124673,,,13.93726918772091,1.988502499302414
14.65024653908486,1.881938645261187,15.57163265469366,0.08190958071695024,19.45461699904503,0.003173461886848717,,,13.94823807004959,1.993848502187904
14.66121542141354,1.909895627069822,15.58260153702234,0.07797424944967168,19.46558588137371,0.003058915571886116,,,13.95920695237827,1.999384232100218
14.67218430374222,1.937416355717332,15.59357041935102,0.07423963831005169,19.47655476370238,0.002941318185509548,,,13.97017583470694,2.00491096480558
14.68315318607089,1.964382032622345,15.60453930167969,0.0707092689113562,19.48752364603106,0.002821260102952348,,,13.98114471703562,2.010223204192043
14.69412206839957,1.99068184638903,15.61550818400837,0.06738581664889155,19.49849252835973,0.002699342208587777,,,13.99211359936429,2.01511043864617
14.70509095072825,2.016212475306927,15.62647706633704,0.06427141399084187,19.50946141068841,0.002576168868284769,,,14.00308248169297,2.019368816374432
14.71605983305692,2.040877756613667,15.63744594866572,0.06136673996428301,19.52043029301709,0.002452341017298757,,,14.01405136402165,2.022796392733954
14.7270287153856,2.064588175532952,15.6484148309944,0.05867240364843864,19.53139917534576,0.002328449482888319,,,14.02502024635032,2.025201728133478
14.73799759771427,2.088731492402468,15.65938371332307,0.05618782195101531,19.54236805767444,0.002205068652123112,,,14.035989128679,2.026406072650571
14.74896648004295,2.113216637202563,15.67035259565175,0.05391282434264962,19.55333694000311,0.00208275058436665,,,14.04695801100767,2.026247536789449
14.75993536237163,2.13647354173193,15.68132147798043,0.05184615943776751,19.56430582233179,0.00196201965504835,,,14.05792689333635,2.024581243786799
14.7709042447003,2.158407864273808,15.6922903603091,0.04998471246960639,19.57527470466047,0.001843367787081557,,,14.06889577566503,2.021286097920874
14.78187312702898,2.178929244732632,15.70325924263778,0.04832645696714143,19.58624358698914,0.001727250425825153,,,14.0798646579937,2.016507462455413
14.79284200935766,2.197953384333102,15.71422812496645,0.04686840371939925,19.59721246931782,0.001614083041195565,,,14.09083354032238,2.010209888328641
14.80381089168633,2.215398115695494,15.72519700729513,0.04560798483408398,19.6081813516465,0.001504238538785305,,,14.10180242265106,2.002036966889773
14.81477977401501,2.2312978672538,15.73616588962381,0.04453993619113876,19.61915023397517,0.001398045309304068,,,14.11277130497973,1.993717296590168
14.82574865634368,2.245586404310792,15.74713477195248,0.0436607884623984,19.63011911630385,0.001295786026857654,,,14.12374018730841,1.985245799483367
14.83671753867236,2.258071033714542,15.75810365428116,0.04296615131227351,19.64108799863252,0.001197677927860836,,,14.13470906963708,1.974914947296901
14.84768642100104,2.268683805238008,15.76907253660984,0.04245125245673165,19.6520568809612,0.001103954214773049,,,14.14567795196576,1.962761671974604
14.85865530332971,2.277360914291904,15.78004141893851,0.04211128057593427,19.66302576328988,0.001014735623201381,,,14.15664683429444,1.948854507972895
14.86962418565839,2.284045857833994,15.79101030126719,0.04194600605584951,19.67399464561855,0.0009301237213350156,,,14.16761571662311,1.933397698924591
14.88059306798706,2.288679527019406,15.80197918359586,0.04195026219088793,19.68496352794723,0.0008501780979976469,,,14.17858459895179,1.916513047043114
14.89156195031574,2.291503863149706,15.81294806592454,0.04211354983157779,19.6959324102759,0.0007749187102739365,,,14.18955348128047,1.898238148689223
14.90253083264442,2.292473484005944,15.82391694825322,0.04243160430474895,19.70690129260458,0.0007043286023478063,,,14.20052236360914,1.878741178294202
14.91349971497309,2.291258543933211,15.83488583058189,0.04289873275978959,19.71787017493326,0.000638356921987696,,,14.21149124593782,1.858215725981955
14.92446859730177,2.287825369924131,15.84585471291057,0.04351002308766405,19.72883905726193,0.0005769221609990595,,,14.22246012826649,1.836857923304497
14.93543747963045,2.282148642008746,15.85682359523924,0.04426053441569652,19.73980793959061,0.0005199155475223758,,,14.23342901059517,1.814890688769998
14.94640636195912,2.274212194499324,15.86779247756792,0.04514578506695936,19.75077682191928,0.0004672045211036818,,,14.24439789292385,1.79278710656174
14.9573752442878,2.264009784843541,15.8787613598966,0.04616202280573391,19.76174570424796,0.0004186362258117119,,,14.25536677525252,1.770781837876142
14.96834412661647,2.251546822084828,15.88973024222527,0.0473047822929364,19.77271458657664,0.0003740409620801269,,,14.2663356575812,1.748930023927151
14.97931300894515,2.236838936127563,15.90069912455395,0.04857142801894575,19.78368346890532,0.0003332355442009056,,,14.27730453990988,1.727454476612697
14.99028189127383,2.21991248104233,15.91166800688262,0.0499582402962791,19.79465235123399,0.0002960265172377866,,,14.28827342223855,1.706539702957916
15.0012507736025,2.200803130206552,15.9226368892113,0.05146253284707467,19.80562123356267,0.0002622131943456372,,,14.29924230456723,1.686412581478839
15.01221965593118,2.181281964736742,15.93360577153998,0.05308058353811976,19.81659011589134,0.0002315904828425637,,,14.3102111868959,1.66729087924812
15.02318853825986,2.161392854631357,15.94457465386865,0.05481453645695169,19.82755899822002,0.0002039514747134993,,,14.32118006922458,1.649380962073958
15.03415742058853,2.139442780425836,15.95554353619733,0.05666092483850445,19.8385278805487,0.0001790897843085879,,,14.33214895155326,1.632875173922083
15.04512630291721,2.115552186857598,15.96651241852601,0.05861911384410399,19.84949676287737,0.0001568016227154837,,,14.34311783388193,1.617953687831703
15.05609518524588,2.089770465021287,15.97748130085468,0.06071026914064936,19.86046564520605,0.0001368562816093335,,,14.35408671621061,1.604765703280727
15.06706406757456,2.062166988089861,15.98845018318336,0.06293560728834241,19.87143452753472,0.0001191299953421486,,,14.36505559853928,1.593458301933723
15.07803294990324,2.032835063553165,15.99941906551203,0.06527914406253477,19.8824034098634,0.0001033966724319415,,,14.37602448086796,1.584149951545298
15.08900183223191,2.001877461129499,16.01038794784071,0.06774071519819576,19.89337229219208,8.947866616502314e-05,,,14.38699336319664,1.576933143568358
15.09997071456059,1.96941215528833,16.02135683016939,0.07031306268801722,21.83486446436776,0,,,14.39796224552531,1.571884325847262
15.11093959688927,1.935559227038781,16.03232571249806,0.07299608114329949,,,,,14.40893112785399,1.569060305229079
15.12190847921794,1.900447957402904,16.04329459482674,0.07578951388287576,,,,,14.41990001018267,1.568645534175306
15.13287736154662,1.86447803100798,16.05426347715542,0.07869301640399584,,,,,14.43086889251134,1.570649781379192
15.14384624387529,1.827785586409,16.06523235948409,0.08170562876853427,,,,,14.44183777484002,1.574897312253798
15.15481512620397,1.790241584239264,16.07620124181277,0.08482570625901702,,,,,14.45280665716869,1.581389390398363
15.16578400853265,1.75197883436679,16.08717012414144,0.08805108369263043,,,,,14.46377553949737,1.59038888733139
15.17675289086132,1.713141020101361,16.09813900647012,0.09137877220211167,,,,,14.47474442182605,1.601815228713081
15.18772177319,1.67417118110665,16.1091078887988,0.09483424497472284,,,,,14.48571330415472,1.615286906884524
15.19869065551867,1.635191795567701,16.12007677112747,0.09841410658030335,,,,,14.4966821864834,1.630683677743875
15.20965953784735,1.596009416706112,16.13104565345615,0.1020802624917653,,,,,14.50765106881208,1.647896188147441
15.22062842017603,1.556735316798276,16.14201453578482,0.1058247155687805,,,,,14.51861995114075,1.66680555578236
15.2315973025047,1.517481472650541,16.1529834181135,0.1096394318154721,,,,,14.52958883346943,1.687295617536678
15.24256618483338,1.478329323153737,16.16395230044218,0.1135137638948147,,,,,14.5405577157981,1.70921578836303
15.25353506716205,1.439372070696747,16.17492118277085,0.1174341879517665,,,,,14.55152659812678,1.733020701734476
15.26450394949073,1.400764319640748,16.18589006509953,0.1213854813895836,,,,,14.56249548045546,1.7585655911866
15.27547283181941,1.36257379449001,16.1968589474282,0.1253567383346611,,,,,14.57346436278413,1.785116230754721
15.28644171414808,1.324781432830213,16.20782782975688,0.1293295456927705,,,,,14.58443324511281,1.812522585093981
15.29741059647676,1.287538821956949,16.21879671208556,0.1332879701557758,,,,,14.59540212744148,1.840626510371699
15.30837947880543,1.250883544882079,16.22976559441424,0.1372147399886353,,,,,14.60637100977016,1.869303088277684
15.31934836113411,1.214746286139347,16.24073447674291,0.1410879073455541,,,,,14.61733989209884,1.898397255996973
15.33031724346279,1.17915128609997,16.25170335907159,0.1448878372028332,,,,,14.62830877442751,1.927772665953914
15.34128612579146,1.144115698271377,16.26267224140026,0.1485929290496581,,,,,14.63927765675619,1.957297713752412
15.35225500812014,1.109655627990794,16.27364112372894,0.1521905718190936,,,,,14.65024653908486,1.986846651921117
15.36322389044882,1.075779272635001,16.28461000605762,0.1556594798621936,,,,,14.66121542141354,2.016293273502786
15.37419277277749,1.042717931467711,16.29557888838629,0.1589710106106616,,,,,14.67218430374222,2.045538778430134
15.38516165510617,1.010478159124885,16.30654777071497,0.1621076230114546,,,,,14.68315318607089,2.074467473798688
15.39613053743484,0.9788345264647911,16.31751665304364,0.1650499252612421,,,,,14.69412206839957,2.102977974234115
15.40709941976352,0.9477886295621264,16.32848553537232,0.1677740834242543,,,,,14.70509095072825,2.130974370117647
15.4180683020922,0.9173442205443232,16.339454417701,0.170261193954918,,,,,14.71605983305692,2.158365734227514
15.42903718442087,0.8875076525473189,16.35042330002967,0.172494251223255,,,,,14.7270287153856,2.18506531938537
15.44000606674955,0.8582886392195631,16.36139218235835,0.1744578275029053,,,,,14.73799759771427,2.212481603822292
15.45097494907823,0.8301944198584797,16.37236106468702,0.1761382229603304,,,,,14.74896648004295,2.240521139179931
15.4619438314069,0.8032413218013795,16.3833299470157,0.1776394643092863,,,,,14.75993536237163,2.26758907481374
15.47291271373558,0.7769362535706099,16.39429882934438,0.1789536962084669,,,,,14.7709042447003,2.293583595990019
15.48388159606425,0.7513202660776893,16.40526771167305,0.1799560112823767,,,,,14.78187312702898,2.318398868964402
15.49485047839293,0.726406141888493,16.41623659400173,0.1806372020159324,,,,,14.79284200935766,2.341950201822495
15.50581936072161,0.7022231885782643,16.42720547633041,0.1809914753455495,,,,,14.80381089168633,2.364133538371805
15.51678824305028,0.6788068525671261,16.43817435865908,0.1810721600657014,,,,,14.81477977401501,2.384966191038821
15.52775712537896,0.6562022551002049,16.44914324098776,0.1808883291488072,,,,,14.82574865634368,2.404362591199467
15.53872600770764,0.6344387302267127,16.46011212331643,0.180388830282994,,,,,14.83671753867236,2.42210754267562
15.54969489003631,0.6135676466727147,16.47108100564511,0.179569141230928,,,,,14.84768642100104,2.438112670463999
15.56066377236499,0.5936373664344472,16.48204988797379,0.1784439307266462,,,,,14.85865530332971,2.452288078715404
15.57163265469366,0.5746978599643413,16.49301877030246,0.1770236761777618,,,,,14.86962418565839,2.464549955797747
15.58260153702234,0.5568001427289838,16.50398765263114,0.1753101690254334,,,,,14.88059306798706,2.474811366446104
15.59357041935102,0.539995207247241,16.51495653495981,0.1733172128391581,,,,,14.89156195031574,2.483312066174237
15.60453930167969,0.5243333734948469,16.52592541728849,0.1710606490552293,,,,,14.90253083264442,2.489977088423076
15.61550818400837,0.5098626306929979,16.53689429961717,0.1685581001095509,,,,,14.91349971497309,2.49441994118939
15.62647706633704,0.496628850563391,16.54786318194584,0.1658409363419642,,,,,14.92446859730177,2.496576460528889
15.63744594866572,0.4846742879585316,16.55883206427452,0.1629297304622387,,,,,14.93543747963045,2.49639089152265
15.6484148309944,0.4740369781481877,16.56980094660319,0.1598338053931808,,,,,14.94640636195912,2.493817551252404
15.65938371332307,0.4647259468175717,16.58076982893187,0.1565757283170813,,,,,14.9573752442878,2.488820653234951
15.67035259565175,0.4568224027097895,16.59173871126055,0.1531787370757751,,,,,14.96834412661647,2.481411717317317
15.68132147798043,0.4503174100878611,16.60270759358922,0.1496967620223027,,,,,14.97931300894515,2.471578297320359
15.6922903603091,0.4452260059303091,16.6136764759179,0.1461535075729072,,,,,14.99028189127383,2.459283984176672
15.70325924263778,0.4415568396454008,16.62464535824657,0.1425422363621212,,,,,15.0012507736025,2.44453850750164
15.71422812496645,0.4393113730279439,16.63561424057525,0.1388868674444458,,,,,15.01221965593118,2.429194406428461
15.72519700729513,0.4384848846227239,16.64658312290393,0.1352496174960593,,,,,15.02318853825986,2.413271966517842
15.73616588962381,0.4390608971040944,16.65755200523261,0.131653030355905,,,,,15.03415742058853,2.394950302397268
15.74713477195248,0.4410243998851417,16.66852088756128,0.1280778179362316,,,,,15.04512630291721,2.374329857849952
15.75810365428116,0.4443557747515717,16.67948976988996,0.1245462522737128,,,,,15.05609518524588,2.351488472096322
15.76907253660984,0.4490045900810824,16.69045865221863,0.1210775614763882,,,,,15.06706406757456,2.326485730964373
15.78004141893851,0.4549384769144551,16.70142753454731,0.1176878256824062,,,,,15.07803294990324,2.299354924637274
15.79101030126719,0.4622432171566889,16.71239641687599,0.1143939873898765,,,,,15.08900183223191,2.270178640519297
15.80197918359586,0.4708660132108055,16.72336529920466,0.1112120351402603,,,,,15.09997071456059,2.23906560924301
15.81294806592454,0.4806112420553935,16.73433418153334,0.1081564175094295,,,,,15.11093959688927,2.206128838977323
15.82391694825322,0.4914257057881241,16.74530306386201,0.1052403805304377,,,,,15.12190847921794,2.171493061103129
15.83488583058189,0.5032356291406227,16.75627194619069,0.1024758404178306,,,,,15.13287736154662,2.135593859926697
15.84585471291057,0.5159701739864632,16.76724082851937,0.0998773755605982,,,,,15.14384624387529,2.098567475743064
15.85682359523924,0.529554700200594,16.77820971084804,0.09745418124426253,,,,,15.15481512620397,2.060249130010938
15.86779247756792,0.543913096695563,16.78917859317672,0.0952100809085322,,,,,15.16578400853265,2.020775923697804
15.8787613598966,0.5589672549633675,16.80014747550539,0.09315158525917701,,,,,15.17675289086132,1.980299082326278
15.88973024222527,0.5746378698387329,16.81111635783407,0.09128403977537218,,,,,15.18772177319,1.939326137342812
15.90069912455395,0.5908450460578204,16.82208524016275,0.0896116100861465,,,,,15.19869065551867,1.897989226164056
15.91166800688262,0.6075087189986836,16.83305412249142,0.08813953192550061,,,,,15.20965953784735,1.856052575836188
15.9226368892113,0.6245491267014568,16.8440230048201,0.08686968838870186,,,,,15.22062842017603,1.813641661856114
15.93360577153998,0.6418593282033951,16.85499188714878,0.0857996280999188,,,,,15.2315973025047,1.770884467804385
15.94457465386865,0.6594322484046862,16.86596076947745,0.08493336391699036,,,,,15.24256618483338,1.727880024405304
15.95554353619733,0.6771417677192141,16.87692965180613,0.08426930628656064,,,,,15.25353506716205,1.684740706588999
15.96651241852601,0.694921988578742,16.88789853413481,0.0838019999754011,,,,,15.26450394949073,1.641753067508332
15.97748130085468,0.7130663368426311,16.89886741646348,0.08352760758832596,,,,,15.27547283181941,1.59900554296305
15.98845018318336,0.7315036725858078,16.90983629879216,0.08344093549825361,,,,,15.28644171414808,1.556388394656008
15.99941906551203,0.7497929205277019,16.92080518112083,0.08353629377111256,,,,,15.29741059647676,1.514106996258654
16.01038794784071,0.7678639391665248,16.93177406344951,0.08380810110127741,,,,,15.30837947880543,1.472220725985179
16.02135683016939,0.7856498377127146,16.94274294577819,0.08424966749733973,,,,,15.31934836113411,1.43065102694741
16.03232571249806,0.8030871854055798,16.95371182810686,0.08485379648185284,,,,,15.33031724346279,1.389445125140342
16.04329459482674,0.8201161826704516,16.96468071043554,0.08561363945027764,,,,,15.34128612579146,1.348642184825605
16.05426347715542,0.8366764543423374,16.97564959276421,0.08655767862781176,,,,,15.35225500812014,1.308284956615537
16.06523235948409,0.8527254886495416,16.98661847509289,0.08767736767454892,,,,,15.36322389044882,1.268403266603895
16.07620124181277,0.8682095233265205,16.99758735742157,0.08892435955486303,,,,,15.37419277277749,1.229272824494859
16.08717012414144,0.8830843368767066,17.00855623975024,0.09028733725104213,,,,,15.38516165510617,1.190923409054636
16.09813900647012,0.8973096813824802,17.01952512207892,0.09175549028294464,,,,,15.39613053743484,1.153131454764274
16.1091078887988,0.9109959089413945,17.03049400440759,0.0933167981175594,,,,,15.40709941976352,1.115920675595849
16.12007677112747,0.9241206957328326,17.04146288673627,0.09496045739716449,,,,,15.4180683020922,1.079316516582087
16.13104565345615,0.9364945934299285,17.05243176906495,0.09667358493679623,,,,,15.42903718442087,1.04334631732441
16.14201453578482,0.9480903777615919,17.06340065139362,0.09844362653324013,,,,,15.44000606674955,1.008040034206938
16.1529834181135,0.9592738625057982,17.0743695337223,0.1002577394823966,,,,,15.45097494907823,0.973927642183378
16.16395230044218,0.9700221547455323,17.08533841605098,0.1021060428476904,,,,,15.4619438314069,0.9410464271873754
16.17492118277085,0.9799231346633499,17.09630729837965,0.1039752635727708,,,,,15.47291271373558,0.9089159581325464
16.18589006509953,0.9889568800630918,17.10727618070833,0.1058488917877279,,,,,15.48388159606425,0.8775967202622468
16.1968589474282,0.9971113990121284,17.118245063037,0.1077138802801416,,,,,15.49485047839293,0.8471131961960233
16.20782782975688,1.004374328145132,17.12921394536568,0.109556776146307,,,,,15.50581936072161,0.8175090673105955
16.21879671208556,1.010795721092854,17.14018282769436,0.1113637603291535,,,,,15.51678824305028,0.7888342344180987
16.22976559441424,1.016376203967809,17.15115171002303,0.1131216730400093,,,,,15.52775712537896,0.7611840919736435
16.24073447674291,1.021055844797414,17.16212059235171,0.1148174786889063,,,,,15.53872600770764,0.7345992679623706
16.25170335907159,1.024855846561222,17.17308947468038,0.1164627617402801,,,,,15.54969489003631,0.7091007197319932
16.26267224140026,1.027756874118177,17.18405835700906,0.1180453923905656,,,,,15.56066377236499,0.684745313902281
16.27364112372894,1.029785354842461,17.19502723933774,0.1195281699116142,,,,,15.57163265469366,0.6615897263647837
16.28461000605762,1.03095878512619,17.20599612166641,0.1209000804055034,,,,,15.58260153702234,0.6396913562351775
16.29557888838629,1.03129574267939,17.21696500399509,0.1221969292521621,,,,,15.59357041935102,0.6191063779811754
16.30654777071497,1.031229937134593,17.22793388632376,0.123408134742897,,,,,15.60453930167969,0.599889588365902
16.31751665304364,1.030783281808376,17.23890276865244,0.1244770468691781,,,,,15.61550818400837,0.5820918572454441
16.32848553537232,1.029580132340718,17.24987165098112,0.1253947396053665,,,,,15.62647706633704,0.5657620578290792
16.339454417701,1.027650029448634,17.2608405333098,0.126153369311878,,,,,15.63744594866572,0.5509433575455582
16.35042330002967,1.025025967587891,17.27180941563847,0.1267462176872181,,,,,15.6484148309944,0.5376748480718397
16.36139218235835,1.021744630619674,17.28277829796715,0.1271679958229977,,,,,15.65938371332307,0.5259652021086886
16.37236106468702,1.017836305386405,17.29374718029582,0.1274147629662958,,,,,15.67035259565175,0.5158955727780432
16.3833299470157,1.013487675553854,17.3047160626245,0.1274820898051909,,,,,15.68132147798043,0.5074557519346671
16.39429882934438,1.008731431668032,17.31568494495318,0.127373101474033,,,,,15.6922903603091,0.5006574920038269
16.40526771167305,1.003486063313169,17.32665382728185,0.1270886432723794,,,,,15.70325924263778,0.4955071165685708
16.41623659400173,0.9977982774483476,17.33762270961053,0.1266665723980637,,,,,15.71422812496645,0.4920026488796416
16.42720547633041,0.9917095450259262,17.3485915919392,0.1261070591269456,,,,,15.72519700729513,0.490136204532968
16.43817435865908,0.9853340522007986,17.35956047426788,0.1253777373540854,,,,,15.73616588962381,0.4898852969681212
16.44914324098776,0.9791080225201155,17.37052935659656,0.1244865382530124,,,,,15.74713477195248,0.4912305612883293
16.46011212331643,0.9730090368769633,17.38149823892523,0.1234390356897941,,,,,15.75810365428116,0.4941469647246356
16.47108100564511,0.9666852667224936,17.39246712125391,0.1223071015950171,,,,,15.76907253660984,0.4985781484163333
16.48204988797379,0.9601758871462511,17.40343600358258,0.1210996173554731,,,,,15.78004141893851,0.5044856560539991
16.49301877030246,0.9535161345094338,17.41440488591126,0.1197631756768177,,,,,15.79101030126719,0.5119536546505985
16.50398765263114,0.9467407343395936,17.42537376823994,0.1183085007735215,,,,,15.80197918359586,0.5209226992615547
16.51495653495981,0.9398742195159951,17.43634265056861,0.1167470231530658,,,,,15.81294806592454,0.5311851074858661
16.52592541728849,0.932958606790861,17.44731153289729,0.1150908386173751,,,,,15.82391694825322,0.542681794387074
16.53689429961717,0.9260205224322713,17.45828041522596,0.1133528048740526,,,,,15.83488583058189,0.5553316262368476
16.54786318194584,0.9190741724674918,17.46924929755464,0.1115461490096021,,,,,15.84585471291057,0.5690571756304769
16.55883206427452,0.912157865787269,17.48021817988332,0.1096876152707522,,,,,15.85682359523924,0.5837771502199618
16.56980094660319,0.9052613816708681,17.491187062212,0.1077908132669991,,,,,15.86779247756792,0.5994092940141991
16.58076982893187,0.8984144423662197,17.50215594454067,0.1058670071840578,,,,,15.8787613598966,0.6158711415937445
16.59173871126055,0.8916313172441331,17.51312482686935,0.1039298742863353,,,,,15.88973024222527,0.633077340295355
16.60270759358922,0.8849326479707501,17.52409370919802,0.1019922721927344,,,,,15.90069912455395,0.6509428273414364
16.6136764759179,0.8783287285060634,17.5350625915267,0.1000681742910772,,,,,15.91166800688262,0.6693824258730475
16.62464535824657,0.871819836822473,17.54603147385538,0.0981691933715176,,,,,15.9226368892113,0.6883123682293606
16.63561424057525,0.8654350399651223,17.55700035618405,0.09633572273375965,,,,,15.93360577153998,0.7076207840997213
16.64658312290393,0.859191122136778,17.56796923851273,0.09457745065166055,,,,,15.94457465386865,0.7273018820172966
16.65755200523261,0.8531113678411637,17.5789381208414,0.092875947288558,,,,,15.95554353619733,0.7472251401859892
16.66852088756128,0.847155620609762,17.58990700317008,0.09123835157552496,,,,,15.96651241852601,0.7673233448971185
16.67948976988996,0.8417943480918356,17.60087588549876,0.08967142460084124,,,,,15.97748130085468,0.7879105047259222
16.69045865221863,0.8370319370613133,17.61184476782743,0.08818080730085912,,,,,15.98845018318336,0.8089164944747805
16.70142753454731,0.8324072168462767,17.62281365015611,0.08677082670032715,,,,,15.99941906551203,0.8298977982885311
16.71239641687599,0.8279223861444928,17.63378253248478,0.08544436461380021,,,,,16.01038794784071,0.8507839160872089
16.72336529920466,0.823589451304104,17.64475141481346,0.08420319850942763,,,,,16.02135683016939,0.8714868979105027
16.73433418153334,0.8194161489403509,17.65572029714214,0.08304777689921401,,,,,16.03232571249806,0.8919432719783646
16.74530306386201,0.8154166238277396,17.66668917947081,0.08197731274852205,,,,,16.04329459482674,0.9120931875312162
16.75627194619069,0.8116089231128808,17.67765806179949,0.08098983706846005,,,,,16.05426347715542,0.9318762584567011
16.76724082851937,0.8080310518341801,17.68862694412817,0.08008220342028793,,,,,16.06523235948409,0.9512494558391441
16.77820971084804,0.8047091314568587,17.69959582645684,0.07925045038158998,,,,,16.07620124181277,0.9701579092334598
16.78917859317672,0.8016573629934777,17.71056470878552,0.07848945950582444,,,,,16.08717012414144,0.9885558391727656
16.80014747550539,0.7989097937763086,17.72153359111419,0.07779337975262547,,,,,16.09813900647012,1.006400664591111
16.81111635783407,0.7965046429827728,17.73250247344287,0.07715997352703707,,,,,16.1091078887988,1.023828840125714
16.82208524016275,0.7944878176532689,17.74347135577155,0.0765980265636334,,,,,16.12007677112747,1.040815439769606
16.83305412249142,0.7928952587099686,17.75444023810022,0.07609541102509111,,,,,16.13104565345615,1.057133510411485
16.8440230048201,0.7917778079310694,17.7654091204289,0.07562808735088548,,,,,16.14201453578482,1.072748435185274
16.85499188714878,0.791182656121315,17.77637800275757,0.07518763638212965,,,,,16.1529834181135,1.088018523322656
16.86596076947745,0.7915537980049989,17.78734688508625,0.07476561619612522,,,,,16.16395230044218,1.102910680783763
16.87692965180613,0.79293759175168,17.79831576741493,0.07435399171315354,,,,,16.17492118277085,1.116999548379011
16.88789853413481,0.79505295440493,17.8092846497436,0.07394458828920489,,,,,16.18589006509953,1.130250109345848
16.89886741646348,0.7979349888393441,17.82025353207228,0.07352989124275154,,,,,16.1968589474282,1.142639600447255
16.90983629879216,0.8015652976028855,17.83122241440095,0.07310274553002749,,,,,16.20782782975688,1.15413701676641
16.92080518112083,0.8059732711668329,17.84219129672963,0.07265661505590847,,,,,16.21879671208556,1.16478423047858
16.93177406344951,0.8111935002774819,17.85316017905831,0.07218563014865367,,,,,16.22976559441424,1.174563996601407
16.94274294577819,0.817257549712345,17.86412906138698,0.071684712144174,,,,,16.24073447674291,1.183385457944342
16.95371182810686,0.8241935371107005,17.87509794371566,0.07114941269602378,,,,,16.25170335907159,1.191249113115744
16.96468071043554,0.832034175240392,17.88606682604433,0.07062229652039702,,,,,16.26267224140026,1.198112768405054
16.97564959276421,0.8407852714732252,17.89703570837301,0.07009962489255847,,,,,16.27364112372894,1.203988802391947
16.98661847509289,0.8504694296321472,17.90800459070169,0.06953407834138052,,,,,16.28461000605762,1.208871821180787
16.99758735742157,0.8610983344103957,17.91897347303037,0.06894116169158625,,,,,16.29557888838629,1.212750196288703
17.00855623975024,0.872679231753817,17.92994235535904,0.06831971025427885,,,,,16.30654777071497,1.216037897011935
17.01952512207892,0.8852149455035419,17.94091123768772,0.06765104780023085,,,,,16.31751665304364,1.218738310825523
17.03049400440759,0.8987014667220397,17.95188012001639,0.06693549005011969,,,,,16.32848553537232,1.220449862490752
17.04146288673627,0.9131385803395673,17.96284900234507,0.06617378527009186,,,,,16.339454417701,1.221178290718541
17.05243176906495,0.9285133110501458,17.97381788467375,0.06536756347867596,,,,,16.35042330002967,1.220937386765109
17.06340065139362,0.9448119876545384,17.98478676700242,0.06451894174367565,,,,,16.36139218235835,1.219746218800567
17.0743695337223,0.9620108553950192,17.9957556493311,0.06363052128365847,,,,,16.37236106468702,1.217619228688662
17.08533841605098,0.980110061937189,18.00672453165977,0.06270525242211467,,,,,16.3833299470157,1.214846609429049
17.09630729837965,0.9990771277065009,18.01769341398845,0.06174675272230495,,,,,16.39429882934438,1.211457371082224
17.10727618070833,1.018877532928059,18.02866229631713,0.06075817280975998,,,,,16.40526771167305,1.207241738785322
17.118245063037,1.039480395380211,18.0396311786458,0.05974333705247089,,,,,16.41623659400173,1.20222921747402
17.12921394536568,1.060851584965761,18.05060006097448,0.05870600139061505,,,,,16.42720547633041,1.19645386344806
17.14018282769436,1.082952688272065,18.06156894330315,0.05764987769141895,,,,,16.43817435865908,1.190081878856084
17.15115171002303,1.105744894692165,18.07253782563183,0.0565786083419314,,,,,16.44914324098776,1.183557487148802
17.16212059235171,1.129182338557781,18.08350670796051,0.05549564053301433,,,,,16.46011212331643,1.176806331806928
17.17308947468038,1.1539974306015,18.09447559028918,0.05440384872155234,,,,,16.47108100564511,1.169471683035585
17.18405835700906,1.180143259033412,18.10544447261786,0.05332398963079805,,,,,16.48204988797379,1.161610336356509
17.19502723933774,1.206744396405312,18.11641335494654,0.05225811728392759,,,,,16.49301877030246,1.153268225659326
17.20599612166641,1.233734584939129,18.12738223727521,0.05119146213786058,,,,,16.50398765263114,1.144479060266516
17.21696500399509,1.261077746559853,18.13835111960389,0.05012585087980467,,,,,16.51495653495981,1.135281894218727
17.22793388632376,1.288679888427599,18.14932000193257,0.04906443210546839,,,,,16.52592541728849,1.125747511010698
17.23890276865244,1.316416667974726,18.16028888426124,0.04800652915075078,,,,,16.53689429961717,1.115921500685586
17.24987165098112,1.344180506355339,18.17125776658992,0.04695297274000862,,,,,16.54786318194584,1.105845267402555
17.2608405333098,1.371866379785284,18.18222664891859,0.04590432828262291,,,,,16.55883206427452,1.095579534702027
17.27180941563847,1.399363346802968,18.19319553124727,0.04486091745354445,,,,,16.56980094660319,1.085119316593546
17.28277829796715,1.426576843272342,18.20416441357595,0.04382286412983483,,,,,16.58076982893187,1.074519234937074
17.29374718029582,1.453384310267588,18.21513329590462,0.04279013582861921,,,,,16.59173871126055,1.063819341343204
17.3047160626245,1.479633502194978,18.2261021782333,0.04176258551396394,,,,,16.60270759358922,1.053097219844783
17.31568494495318,1.505196389335739,18.23707106056197,0.0407399989584637,,,,,16.6136764759179,1.042389817513698
17.32665382728185,1.529988734748925,18.24803994289065,0.03972209529917475,,,,,16.62464535824657,1.031693529630818
17.33762270961053,1.554035091858206,18.25900882521933,0.03871460494847308,,,,,16.63561424057525,1.021064573008734
17.3485915919392,1.577129351932722,18.269977707548,0.03771856632306941,,,,,16.64658312290393,1.010585337880699
17.35956047426788,1.598967071401455,18.28094658987668,0.03672670048011355,,,,,16.65755200523261,1.00030503510068
17.37052935659656,1.619399157027043,18.29191547220535,0.03575827326463972,,,,,16.66852088756128,0.9901675624115844
17.38149823892523,1.638295173963706,18.30288435453403,0.03481330221591133,,,,,16.67948976988996,0.98066906083751
17.39246712125391,1.655511749440437,18.31385323686271,0.03387131344330583,,,,,16.69045865221863,0.9718365083187671
17.40343600358258,1.670915989597369,18.32482211919138,0.03293480595628715,,,,,16.70142753454731,0.9632281089964682
17.41440488591126,1.684379475081548,18.33579100152006,0.03200287615582283,,,,,16.71239641687599,0.9548662021437346
17.42537376823994,1.695975500167231,18.34675988384874,0.03107856180570177,,,,,16.72336529920466,0.9467818581123627
17.43634265056861,1.705597049852842,18.35772876617741,0.03016275348245662,,,,,16.73433418153334,0.9390001913631951
17.44731153289729,1.712961812759642,18.36869764850609,0.02925584665086521,,,,,16.74530306386201,0.9315513548208989
17.45828041522596,1.717990577922486,18.37966653083476,0.02835914239004754,,,,,16.75627194619069,0.9244678885794558
17.46924929755464,1.720619993586451,18.39063541316344,0.02747244954801292,,,,,16.76724082851937,0.9178053064682509
17.48021817988332,1.72160722431994,18.40160429549212,0.02659740718710977,,,,,16.77820971084804,0.9116010826032044
17.491187062212,1.72091844208098,18.41257317782079,0.02573595271920586,,,,,16.78917859317672,0.9058746158431892
17.50215594454067,1.717729785764301,18.42354206014947,0.02489000893324167,,,,,16.80014747550539,0.900668145585915
17.51312482686935,1.71204056638268,18.43451094247814,0.02406165353105754,,,,,16.81111635783407,0.8960267553458575
17.52409370919802,1.703871006746924,18.44547982480682,0.02325310584235658,,,,,16.82208524016275,0.8920017819479181
17.5350625915267,1.693262977733363,18.4564487071355,0.022466421900368,,,,,16.83305412249142,0.8886360696683867
17.54603147385538,1.680278884568722,18.46741758946417,0.02170382770833495,,,,,16.8440230048201,0.8859831585621604
17.55700035618405,1.666019298851014,18.47838647179285,0.02096695995636074,,,,,16.85499188714878,0.8840874613698331
17.56796923851273,1.650577299915701,18.48935535412152,0.02026010275139296,,,,,16.86596076947745,0.8833973276895761
17.5789381208414,1.633039728487278,18.5003242364502,0.01958456997480936,,,,,16.87692965180613,0.8839575720036404
17.58990700317008,1.61352636093581,18.51129311877888,0.01894093702576864,,,,,16.88789853413481,0.8854814123557696
17.60087588549876,1.59216620017129,18.52226200110756,0.0183307881671779,,,,,16.89886741646348,0.8879997308774024
17.61184476782743,1.569127065203475,18.53323088343623,0.01775550193639745,,,,,16.90983629879216,0.8914883513276023
17.62281365015611,1.544563752202074,18.54419976576491,0.01721972930403693,,,,,16.92080518112083,0.8959699693958199
17.63378253248478,1.518648276688958,18.55516864809358,0.01672433869144071,,,,,16.93177406344951,0.9014731291212412
17.64475141481346,1.491563491078302,18.56613753042226,0.01626640031069579,,,,,16.94274294577819,0.9080212780104313
17.65572029714214,1.463497286643806,18.57710641275094,0.0158462099653236,,,,,16.95371182810686,0.9156340316856343
17.66668917947081,1.434641076652569,18.58807529507961,0.01546378012860516,,,,,16.96468071043554,0.9243358761816495
17.67765806179949,1.405187441346938,18.59904417740829,0.01511883678310477,,,,,16.97564959276421,0.9341593770610314
17.68862694412817,1.375327544722317,18.61001305973696,0.01481082022166728,,,,,16.98661847509289,0.9451169130769911
17.69959582645684,1.345249981595393,18.62098194206564,0.01453888969477154,,,,,16.99758735742157,0.9571699654803391
17.71056470878552,1.315136882758043,18.63195082439432,0.01430193174349535,,,,,17.00855623975024,0.9703124060508797
17.72153359111419,1.285163151970911,18.64291970672299,0.01409857201760334,,,,,17.01952512207892,0.9845341994982816
17.73250247344287,1.255516059688692,18.65388858905167,0.01392712269927472,,,,,17.03049400440759,0.9998171459650017
17.74347135577155,1.226614426693772,18.66485747138034,0.01378563173230302,,,,,17.04146288673627,1.016147982161494
17.75444023810022,1.198575648907834,18.67582635370902,0.01367253216807982,,,,,17.05243176906495,1.033498544295709
17.7654091204289,1.171258328970434,18.6867952360377,0.01358525338957244,,,,,17.06340065139362,1.051840255891616
17.77637800275757,1.144770989771177,18.69776411836637,0.01352140103319629,,,,,17.0743695337223,1.071134137914926
17.78734688508625,1.119200449400452,18.70873300069505,0.01347844833594645,,,,,17.08533841605098,1.091368784390406
17.79831576741493,1.094640742335923,18.71970188302372,0.01345562318871098,,,,,17.09630729837965,1.112496041585493
17.8092846497436,1.071140514065293,18.7306707653524,0.01345020343326452,,,,,17.10727618070833,1.134461767163618
17.82025353207228,1.048749740932269,18.74163964768108,0.01345754708046838,,,,,17.118245063037,1.157219678165933
17.83122241440095,1.027496947275123,18.75260853000976,0.01347485706835194,,,,,17.12921394536568,1.180719890990725
17.84219129672963,1.007396765263435,18.76357741233843,0.01349935312282365,,,,,17.14018282769436,1.204907810072643
17.85316017905831,0.9884490000681272,18.77454629466711,0.01352830172422499,,,,,17.15115171002303,1.229729616872025
17.86412906138698,0.97064061130473,18.78551517699578,0.01356175290707376,,,,,17.16212059235171,1.255124201786618
17.87509794371566,0.9539418440375492,18.79648405932446,0.0135971280312268,,,,,17.17308947468038,1.281833641648568
17.88606682604433,0.9387127076479229,18.80745294165314,0.0136285131122723,,,,,17.18405835700906,1.309797112159723
17.89703570837301,0.924898158869814,18.81842182398181,0.01365526764212831,,,,,17.19502723933774,1.338100348534039
17.90800459070169,0.9120314287937538,18.82939070631049,0.01367426794039105,,,,,17.20599612166641,1.366664606807662
17.91897347303037,0.9000355376433646,18.84035958863916,0.01368327919731236,,,,,17.21696500399509,1.39549893001919
17.92994235535904,0.8888261707489187,18.85132847096784,0.0136812369451068,,,,,17.22793388632376,1.424497512333066
17.94091123768772,0.8783130698297487,18.86229735329652,0.0136662630910261,,,,,17.23890276865244,1.45346760682933
17.95188012001639,0.8684023694487836,18.87326623562519,0.01364175432969709,,,,,17.24987165098112,1.482291895866796
17.96284900234507,0.8589945094731372,18.88423511795387,0.01360665112669268,,,,,17.2608405333098,1.510856752637299
17.97381788467375,0.849990502313528,18.89520400028254,0.01355544187459895,,,,,17.27180941563847,1.539044029677081
17.98478676700242,0.8412901934981593,18.90617288261122,0.01348752012674275,,,,,17.28277829796715,1.566753603272338
17.9957556493311,0.8327942790652298,18.9171417649399,0.01340252512531365,,,,,17.29374718029582,1.593858920433158
18.00672453165977,0.8244054228177384,18.92811064726857,0.01330033588968976,,,,,17.3047160626245,1.620203442788514
18.01769341398845,0.8160306536185541,18.93907952959725,0.01319004604673906,,,,,17.31568494495318,1.645662593564125
18.02866229631713,0.8075788594094857,18.95004841192593,0.01307190233201932,,,,,17.32665382728185,1.670153750828446
18.0396311786458,0.7989662990909321,18.9610172942546,0.01293729053629239,,,,,17.33762270961053,1.693741345689865
18.05060006097448,0.7901148557344668,18.97198617658328,0.01278676918747107,,,,,17.3485915919392,1.716220364735408
18.06156894330315,0.7809534257971464,18.98295505891195,0.01262106776848254,,,,,17.35956047426788,1.737253738564603
18.07253782563183,0.7714199878900878,18.99392394124063,0.01244174764449316,,,,,17.37052935659656,1.75670158305087
18.08350670796051,0.7614570540168991,19.00489282356931,0.01224981368956489,,,,,17.38149823892523,1.77444038800086
18.09447559028918,0.7510065464211347,19.01586170589798,0.0120456920898176,,,,,17.39246712125391,1.790405109597091
18.10544447261786,0.7406838726931344,19.02683058822666,0.01183031169891666,,,,,17.40343600358258,1.804473246463406
18.11641335494654,0.7304391739777286,19.03779947055533,0.01160554109576658,,,,,17.41440488591126,1.816459763141614
18.12738223727521,0.7196187125193538,19.04876835288401,0.01137230799728845,,,,,17.42537376823994,1.826452106023511
18.13835111960389,0.7082018458985331,19.05973723521269,0.01113191126411651,,,,,17.43634265056861,1.834356369293129
18.14932000193257,0.6961800265867695,19.07070611754136,0.01088568775114913,,,,,17.44731153289729,1.839902083067324
18.16028888426124,0.6835517079668013,19.08167499987004,0.01063490189895031,,,,,17.45828041522596,1.843024825667022
18.17125776658992,0.6703257167601135,19.09264388219871,0.01038079151025485,,,,,17.46924929755464,1.843675854761844
18.18222664891859,0.6565199849466968,19.10361276452739,0.01012453390216854,,,,,17.48021817988332,1.842632849756135
18.19319553124727,0.6421611327153688,19.11458164685607,0.00986723145830495,,,,,17.491187062212,1.839876990592637
18.20416441357595,0.6272835864546833,19.12555052918474,0.009609899487156808,,,,,17.50215594454067,1.834595162648947
18.21513329590462,0.6119305041855686,19.13651941151342,0.009353456513244436,,,,,17.51312482686935,1.826801681222987
18.2261021782333,0.5961506369181666,19.14748829384209,0.009098717070853848,,,,,17.52409370919802,1.816530836279617
18.23707106056197,0.5799993017421919,19.15845717617077,0.008846387013745313,,,,,17.5350625915267,1.803839574046253
18.24803994289065,0.5635361882518072,19.16942605849945,0.008597061299478443,,,,,17.54603147385538,1.788802847787526
18.25900882521933,0.5470220789683192,19.18039494082813,0.008351118738833711,,,,,17.55700035618405,1.772562430560034
18.269977707548,0.5305283951539023,19.1913638231568,0.008109169727896404,,,,,17.56796923851273,1.755221739775051
18.28094658987668,0.5139229265446172,19.20233270548548,0.007874694086002649,,,,,17.5789381208414,1.735849682222729
18.29191547220535,0.497285824284862,19.21330158781415,0.007647519205548091,,,,,17.58990700317008,1.714573505957512
18.30288435453403,0.4806871228662193,19.22427047014283,0.007425036536022994,,,,,17.60087588549876,1.691529150112347
18.31385323686271,0.4641858307785776,19.23523935247151,0.007206787842285148,,,,,17.61184476782743,1.666890093553898
18.32482211919138,0.4478511457662426,19.24620823480018,0.00699265485189284,,,,,17.62281365015611,1.640815327323214
18.33579100152006,0.4317504433893772,19.25717711712886,0.0067824623646037,,,,,17.63378253248478,1.613479472935627
18.34675988384874,0.4159769649552292,19.26814599945753,0.006575951643611156,,,,,17.64475141481346,1.585066750333402
18.35772876617741,0.4005993141291634,19.27911488178621,0.006372957303835249,,,,,17.65572029714214,1.555764966774416
18.36869764850609,0.3856407350816666,19.29008376411489,0.006173130123544966,,,,,17.66668917947081,1.525764106695379
18.37966653083476,0.3711548278973596,19.30105264644356,0.005976251498085726,,,,,17.67765806179949,1.49525404516983
18.39063541316344,0.3571898625002817,19.31202152877224,0.005782008794313192,,,,,17.68862694412817,1.464421976301274
18.40160429549212,0.3437764966600192,19.32299041110091,0.005590137370843414,,,,,17.69959582645684,1.433451678367686
18.41257317782079,0.3309823728538528,19.33395929342959,0.005400394050439899,,,,,17.71056470878552,1.402519233845031
18.42354206014947,0.31882348609734,19.34492817575827,0.005212564843015819,,,,,17.72153359111419,1.371792752674166
18.43451094247814,0.3073268739390919,19.35589705808694,0.005026471333111078,,,,,17.73250247344287,1.341457210876635
18.44547982480682,0.2965175941974862,19.36686594041562,0.004845568038352565,,,,,17.74347135577155,1.311943706193333
18.4564487071355,0.2864039406848116,19.3778348227443,0.00466972867854479,,,,,17.75444023810022,1.283355638914035
18.46741758946417,0.2769982497052415,19.38880370507297,0.004495249695400768,,,,,17.7654091204289,1.255522212349784
18.47838647179285,0.2682872891360452,19.39977258740165,0.00432206770884332,,,,,17.77637800275757,1.228542624373928
18.48935535412152,0.2603182013910705,19.41074146973033,0.004150149108015399,,,,,17.78734688508625,1.202494442976644
18.5003242364502,0.2530620437362966,19.421710352059,0.003979571166155975,,,,,17.79831576741493,1.177462983551
18.51129311877888,0.246493748046076,19.43267923438768,0.003810389277946902,,,,,17.8092846497436,1.153488069720512
18.52226200110756,0.2405956369970118,19.44364811671635,0.003642726989814531,,,,,17.82025353207228,1.13061169777374
18.53323088343623,0.2353455224736611,19.45461699904503,0.003476747113802975,,,,,17.83122241440095,1.108854878716783
18.54419976576491,0.2307677050225903,19.46558588137371,0.003312589741023075,,,,,17.84219129672963,1.08822548220437
18.55516864809358,0.2268316970698264,19.47655476370238,0.003150609389135428,,,,,17.85316017905831,1.068717352259737
18.56613753042226,0.2234526566914195,19.48752364603106,0.00299098372635109,,,,,17.86412906138698,1.050312413865197
18.57710641275094,0.2205935266329425,19.49849252835973,0.002833981906999693,,,,,17.87509794371566,1.032976641342183
18.58807529507961,0.218214881230748,19.50946141068841,0.002679884795841671,,,,,17.88606682604433,1.017116927734138
18.59904417740829,0.2162753910028308,19.52043029301709,0.00252897895188117,,,,,17.89703570837301,1.002674883710682
18.61001305973696,0.2147322856246623,19.53139917534576,0.002381550754934314,,,,,17.90800459070169,0.9891328810293791
18.62098194206564,0.2135418110361033,19.54236805767444,0.002237880795201888,,,,,17.91897347303037,0.9764320861021474
18.63195082439432,0.2126596767824707,19.55333694000311,0.002098238631409589,,,,,17.92994235535904,0.9644876691184834
18.64291970672299,0.2120414900561929,19.56430582233179,0.00196287800705234,,,,,17.94091123768772,0.9531893396944716
18.65388858905167,0.2116428168478068,19.57527470466047,0.001832032548880436,,,,,17.95188012001639,0.9424443244307207
18.66485747138034,0.2114167519239256,19.58624358698914,0.001705912304981906,,,,,17.96284900234507,0.9321546383364958
18.67582635370902,0.2113302087900413,19.59721246931782,0.001584700376111061,,,,,17.97381788467375,0.9222237853557372
18.6867952360377,0.2113368418879547,19.6081813516465,0.001468550750764518,,,,,17.98478676700242,0.9125546078074784
18.69776411836637,0.2113976360694352,19.61915023397517,0.001357586497206722,,,,,17.9957556493311,0.903051284240184
18.70873300069505,0.2114756363246837,19.63011911630385,0.001251898659819528,,,,,18.00672453165977,0.8936202832403772
18.71970188302372,0.2116354258132011,19.64108799863252,0.00115151532388081,,,,,18.01769341398845,0.8841731530501272
18.7306707653524,0.2118440651353522,19.6520568809612,0.001056530354439075,,,,,18.02866229631713,0.8746226365331113
18.74163964768108,0.2119713183204187,19.66302576328988,0.0009668993502965202,,,,,18.0396311786458,0.8648895764568179
18.75260853000976,0.2119891647083687,19.67399464561855,0.0008825863455705983,,,,,18.05060006097448,0.8549002657050357
18.76357741233843,0.2118727695897447,19.68496352794723,0.0008035262382226236,,,,,18.06156894330315,0.8445878803521188
18.77454629466711,0.2116006269273609,19.6959324102759,0.0007296267288073309,,,,,18.07253782563183,0.8338945171752116
18.78551517699578,0.2112149188357235,19.70690129260458,0.0006607261973171208,,,,,18.08350670796051,0.8227664948238711
18.79648405932446,0.2107005472452805,19.71787017493326,0.0005967835819885785,,,,,18.09447559028918,0.8111488693175946
18.80745294165314,0.2099889658130149,19.72883905726193,0.0005375824756588101,,,,,18.10544447261786,0.799678008552775
18.81842182398181,0.2090861158493709,19.73980793959061,0.0004829474302540244,,,,,18.11641335494654,0.7883061049096581
18.82939070631049,0.2079682625531244,19.75077682191928,0.0004326873942290351,,,,,18.12738223727521,0.7763645203446642
18.84035958863916,0.2066338954530413,19.76174570424796,0.0003866001961964802,,,,,18.13835111960389,0.7638345906071284
18.85132847096784,0.2050849422667989,19.77271458657664,0.0003444748467096552,,,,,18.14932000193257,0.7507109780256228
18.86229735329652,0.2033266582692147,19.78368346890532,0.0003060941891432898,,,,,18.16028888426124,0.7369902689296367
18.87326623562519,0.2014119310755401,19.79465235123399,0.0002711611152074473,,,,,18.17125776658992,0.7226815920313798
18.88423511795387,0.1993518030558515,19.80562123356267,0.0002396232254479348,,,,,18.18222664891859,0.707802829558663
18.89520400028254,0.1971152672816857,19.81659011589134,0.000211162118637789,,,,,18.19319553124727,0.692380233343348
18.90617288261122,0.1947183384008998,19.82755899822002,0.0001855600797258969,,,,,18.20416441357595,0.6764476015593516
18.9171417649399,0.1921793488323272,19.8385278805487,0.000162603756020207,,,,,18.21513329590462,0.660047259407655
18.92811064726857,0.1895186510852687,19.84949676287737,0.0001420856829723403,,,,,18.2261021782333,0.6432269768316039
18.93907952959725,0.1867944603048579,19.86046564520605,0.0001236583894699057,,,,,18.23707106056197,0.6260410039787679
18.95004841192593,0.1840299182620663,19.87143452753472,0.0001074572534820024,,,,,18.24803994289065,0.6085478933647027
18.9610172942546,0.1812127507264218,19.8824034098634,9.31119647375402e-05,,,,,18.25900882521933,0.5910137851238167
18.97198617658328,0.1783675048673371,21.83486446436776,0,,,,,18.269977707548,0.573510365933338
18.98295505891195,0.1755190480944335,,,,,,,18.28094658987668,0.5558968763875815
18.99392394124063,0.1727576608559649,,,,,,,18.29191547220535,0.5382730566781544
19.00489282356931,0.170107134347872,,,,,,,18.30288435453403,0.5207083124640557
19.01586170589798,0.1675244037889814,,,,,,,18.31385323686271,0.5032393625369546
19.02683058822666,0.1650206949428444,,,,,,,18.32482211919138,0.4859375586789332
19.03779947055533,0.1626385182592139,,,,,,,18.33579100152006,0.468868839439352
19.04876835288401,0.1603826060482121,,,,,,,18.34675988384874,0.4521291238994372
19.05973723521269,0.1582689002039719,,,,,,,18.35772876617741,0.4357877474071753
19.07070611754136,0.1563109385429575,,,,,,,18.36869764850609,0.4198729166819186
19.08167499987004,0.1545196178294966,,,,,,,18.37966653083476,0.4044394774670967
19.09264388219871,0.1529029928843415,,,,,,,18.39063541316344,0.3895307910031137
19.10361276452739,0.1514661161442573,,,,,,,18.40160429549212,0.3751792334605807
19.11458164685607,0.1502109215252146,,,,,,,18.41257317782079,0.3614546665246099
19.12555052918474,0.1491361558110547,,,,,,,18.42354206014947,0.3483752728544944
19.13651941151342,0.1482373600525808,,,,,,,18.43451094247814,0.3359705609952941
19.14748829384209,0.147506902629119,,,,,,,18.44547982480682,0.3242683680824741
19.15845717617077,0.1469340647103807,,,,,,,18.4564487071355,0.3132796999516617
19.16942605849945,0.1465051778791349,,,,,,,18.46741758946417,0.3030197887290724
19.18039494082813,0.1462005947107798,,,,,,,18.47838647179285,0.2934774250861436
19.1913638231568,0.1460085199185767,,,,,,,18.48935535412152,0.2847047232742134
19.20233270548548,0.1459036621442278,,,,,,,18.5003242364502,0.276674769368849
19.21330158781415,0.1458627629160952,,,,,,,18.51129311877888,0.2693638014149503
19.22427047014283,0.1458615717407474,,,,,,,18.52226200110756,0.2627564618028525
19.23523935247151,0.1458740406553743,,,,,,,18.53323088343623,0.2568326703049171
19.24620823480018,0.1458735869188446,,,,,,,18.54419976576491,0.2516220914685394
19.25717711712886,0.1458332922673855,,,,,,,18.55516864809358,0.2470957933471087
19.26814599945753,0.1457258262658243,,,,,,,18.56613753042226,0.2431666569569935
19.27911488178621,0.1455260437388778,,,,,,,18.57710641275094,0.2397985314048705
19.29008376411489,0.1452079590652899,,,,,,,18.58807529507961,0.2369525652403515
19.30105264644356,0.1447476463399643,,,,,,,18.59904417740829,0.2345876623461685
19.31202152877224,0.1441228968313747,,,,,,,18.61001305973696,0.2326609413172529
19.32299041110091,0.1433136214351704,,,,,,,18.62098194206564,0.2311281939715982
19.33395929342959,0.1423021522730682,,,,,,,18.63195082439432,0.2299443389246542
19.34492817575827,0.1410735135049837,,,,,,,18.64291970672299,0.2290638664619603
19.35589705808694,0.1396156433177311,,,,,,,18.65388858905167,0.2284408335472626
19.36686594041562,0.1381081392620311,,,,,,,18.66485747138034,0.2280264712113505
19.3778348227443,0.1365435220935684,,,,,,,18.67582635370902,0.2277863346251254
19.38880370507297,0.1347273194288287,,,,,,,18.6867952360377,0.2276714226483185
19.39977258740165,0.1326569674535184,,,,,,,18.69776411836637,0.2276402784363033
19.41074146973033,0.1303330291498219,,,,,,,18.70873300069505,0.2276533213003253
19.421710352059,0.1277599812349674,,,,,,,18.71970188302372,0.2277753900894558
19.43267923438768,0.1249447495321058,,,,,,,18.7306707653524,0.2279706251419757
19.44364811671635,0.1218975041113783,,,,,,,18.74163964768108,0.2281027300599478
19.45461699904503,0.1186311907864362,,,,,,,18.75260853000976,0.2281406119935798
19.46558588137371,0.1151604511935885,,,,,,,18.76357741233843,0.2280563565450153
19.47655476370238,0.1115048408091867,,,,,,,18.77454629466711,0.2278254064114432
19.48752364603106,0.1076829421015924,,,,,,,18.78551517699578,0.2274896634914022
19.49849252835973,0.1037159949430401,,,,,,,18.79648405932446,0.2270311139285502
19.50946141068841,0.09962648339094013,,,,,,,18.80745294165314,0.2263748929268842
19.52043029301709,0.09543778166083443,,,,,,,18.81842182398181,0.2255261121073707
19.53139917534576,0.09117380025046137,,,,,,,18.82939070631049,0.2244575017364462
19.54236805767444,0.08685863885370033,,,,,,,18.84035958863916,0.223164967570095
19.55333694000311,0.08251625224664456,,,,,,,18.85132847096784,0.2216491481694886
19.56430582233179,0.07817013474697831,,,,,,,18.86229735329652,0.2199130955911367
19.57527470466047,0.07384302815983824,,,,,,,18.87326623562519,0.2180128326760246
19.58624358698914,0.06955665738471485,,,,,,,18.88423511795387,0.2159581025398183
19.59721246931782,0.06533149695721555,,,,,,,18.89520400028254,0.2137121696357632
19.6081813516465,0.06118657108656088,,,,,,,18.90617288261122,0.2112902481697018
19.61915023397517,0.05713928874751564,,,,,,,18.9171417649399,0.2087101384865734
19.63011911630385,0.05320531463222507,,,,,,,18.92811064726857,0.205991922520697
19.64108799863252,0.04939685062837334,,,,,,,18.93907952959725,0.203204691509428
19.6520568809612,0.04572944364207859,,,,,,,18.95004841192593,0.2003717053968462
19.66302576328988,0.0422110359353744,,,,,,,18.9610172942546,0.1974700338200799
19.67399464561855,0.03884974190123316,,,,,,,18.97198617658328,0.1945246656701492
19.68496352794723,0.03565179540480607,,,,,,,18.98295505891195,0.1915610913693818
19.6959324102759,0.03262161239695194,,,,,,,18.99392394124063,0.1886712580437008
19.70690129260458,0.02976088911488984,,,,,,,19.00489282356931,0.1858798642609253
19.71787017493326,0.02707287655700928,,,,,,,19.01586170589798,0.1831439675389606
19.72883905726193,0.02455569660465816,,,,,,,19.02683058822666,0.1804763305720082
19.73980793959061,0.02220790711834065,,,,,,,19.03779947055533,0.177921217920039
19.75077682191928,0.02002623866547289,,,,,,,19.04876835288401,0.1754834439614374
19.76174570424796,0.01800654913207314,,,,,,,19.05973723521269,0.1731800941374846
19.77271458657664,0.01614375553155191,,,,,,,19.07070611754136,0.1710258998082813
19.78368346890532,0.0144319823454685,,,,,,,19.08167499987004,0.1690328296058694
19.79465235123399,0.01286397839701115,,,,,,,19.09264388219871,0.1672099743094629
19.80562123356267,0.01143433285768574,,,,,,,19.10361276452739,0.1655633399386856
19.81659011589134,0.01013471250791777,,,,,,,19.11458164685607,0.1640957164148551
19.82755899822002,0.008957466542837854,,,,,,,19.12555052918474,0.1628065967045387
19.8385278805487,0.007894969217200511,,,,,,,19.13651941151342,0.1616921490932008
19.84949676287737,0.006939391296265821,,,,,,,19.14748829384209,0.1607452443319413
19.86046564520605,0.006082199595294225,,,,,,,19.15845717617077,0.1599555384133577
19.87143452753472,0.00531706919115971,,,,,,,19.16942605849945,0.1593096106834195
19.8824034098634,0.004635807486357454,,,,,,,19.18039494082813,0.1587878244486881
19.89337229219208,0.004031241245994951,,,,,,,19.1913638231568,0.1583786440609421
19.90434117452075,0.003496501997103232,,,,,,,19.20233270548548,0.1580617533587208
19.91531005684943,0.003023989574067641,,,,,,,19.21330158781415,0.1578133138147023
19.9262789391781,0.00260992969195975,,,,,,,19.22427047014283,0.1576042292063586
19.93724782150678,0.002247182098837084,,,,,,,19.23523935247151,0.1574075831077788
19.94821670383546,0.001930374783453604,,,,,,,19.24620823480018,0.1571963069719115
19.95918558616413,0.001654542544013359,,,,,,,19.25717711712886,0.1569429652052515
19.97015446849281,0.001415102589950281,,,,,,,19.26814599945753,0.1566196581798275
19.98112335082148,0.001207862540310124,,,,,,,19.27911488178621,0.1562008025651669
19.99209223315016,0.001029004384595297,,,,,,,19.29008376411489,0.1556597566426222
20.00306111547884,0.0008750692293835452,,,,,,,19.30105264644356,0.1549723670537758
20.01402999780752,0.0007429394131767749,,,,,,,19.31202152877224,0.1541158857188619
20.02499888013619,0.0006298186975761266,,,,,,,19.32299041110091,0.153069888118126
20.03596776246487,0.0005332111691323021,,,,,,,19.33395929342959,0.1518164517842566
20.04693664479354,0.0004508994101401336,,,,,,,19.34492817575827,0.1503404368693431
20.05790552712222,0.000380922420478771,,,,,,,19.35589705808694,0.1486297155963026
20.0688744094509,0.0003215536982324658,,,,,,,19.36686594041562,0.146871659663189
20.07984329177957,0.0002712798157945534,,,,,,,19.3778348227443,0.1450588585595999
20.09081217410825,0.0002287797616484644,,,,,,,19.38880370507297,0.1429892236192778
20.10178105643692,0.000192905256902265,,,,,,,19.39977258740165,0.1406604030546536
20.1127499387656,0.0001626622005017438,,,,,,,19.41074146973033,0.1380732630964444
20.12371882109428,0.0001371933477465865,,,,,,,19.421710352059,0.1352327469649409
20.13468770342295,0.0001157622873321871,,,,,,,19.43267923438768,0.1321462731257918
20.14565658575163,9.773873630109474e-05,,,,,,,19.44364811671635,0.1288246153833175
21.83486446436776,0,,,,,,,19.45461699904503,0.1252813997870879
,,,,,,,,19.46558588137371,0.1215319565064976
,,,,,,,,19.47655476370238,0.1175967683838317
,,,,,,,,19.48752364603106,0.1134951859308959
,,,,,,,,19.49849252835973,0.1092493190586276
,,,,,,,,19.50946141068841,0.1048825370550666
,,,,,,,,19.52043029301709,0.1004191016300144
,,,,,,,,19.53139917534576,0.09588380048828403
,,,,,,,,19.54236805767444,0.09130158830102535
,,,,,,,,19.55333694000311,0.0866972414624208
,,,,,,,,19.56430582233179,0.08209503240907899
,,,,,,,,19.57527470466047,0.07751842849580022
,,,,,,,,19.58624358698914,0.07298982011552192
,,,,,,,,19.59721246931782,0.06853028037452218
,,,,,,,,19.6081813516465,0.06415936037611068
,,,,,,,,19.61915023397517,0.05989492055402641
,,,,,,,,19.63011911630385,0.05575299931890226
,,,,,,,,19.64108799863252,0.05174604388011498
,,,,,,,,19.6520568809612,0.04788992821129073
,,,,,,,,19.66302576328988,0.04419267090887229
,,,,,,,,19.67399464561855,0.04066245196813876
,,,,,,,,19.68496352794723,0.03730549974102635
,,,,,,,,19.6959324102759,0.03412615783603321
,,,,,,,,19.70690129260458,0.03112594391455476
,,,,,,,,19.71787017493326,0.02830801706098555
,,,,,,,,19.72883905726193,0.02567020124131602
,,,,,,,,19.73980793959061,0.02321077009611704
,,,,,,,,19.75077682191928,0.0209261305808056
,,,,,,,,19.76174570424796,0.01881178555408133
,,,,,,,,19.77271458657664,0.01686227134034169
,,,,,,,,19.78368346890532,0.0150713120788127
,,,,,,,,19.79465235123399,0.01343116602945638
,,,,,,,,19.80562123356267,0.01193616927747932
,,,,,,,,19.81659011589134,0.01057746510939812
,,,,,,,,19.82755899822002,0.009346978097277249
,,,,,,,,19.8385278805487,0.008236662757529305
,,,,,,,,19.84949676287737,0.007238278601953645
,,,,,,,,19.86046564520605,0.006342714266373463
,,,,,,,,19.87143452753472,0.00554365643998386
,,,,,,,,19.8824034098634,0.004832316123526935
,,,,,,,,19.89337229219208,0.004201170715106979
,,,,,,,,19.90434117452075,0.003643021250359077
,,,,,,,,19.91531005684943,0.003149942355761319
,,,,,,,,19.9262789391781,0.002717901625034473
,,,,,,,,19.93724782150678,0.002339470494481793
,,,,,,,,19.94821670383546,0.002009015819455515
,,,,,,,,19.95918558616413,0.001721369642136139
,,,,,,,,19.97015446849281,0.001471724423507842
,,,,,,,,19.98112335082148,0.00125569710324156
,,,,,,,,19.99209223315016,0.001069296948658603
,,,,,,,,20.00306111547884,0.0009089093515705373
,,,,,,,,20.01402999780752,0.0007712769188527916
,,,,,,,,20.02499888013619,0.0006534785920548901
,,,,,,,,20.03596776246487,0.0005529074543095168
,,,,,,,,20.04693664479354,0.00046724780343454
,,,,,,,,20.05790552712222,0.0003944519907489001
,,,,,,,,20.0688744094509,0.0003327174476961774
,,,,,,,,20.07984329177957,0.0002804642484706273
,,,,,,,,20.09081217410825,0.0002363134876951101
,,,,,,,,20.10178105643692,0.000199066688700666
,,,,,,,,20.1127499387656,0.0001676864006914086
,,,,,,,,20.12371882109428,0.0001411925606425744
,,,,,,,,20.13468770342295,0.0001190070703911881
,,,,,,,,20.14565658575163,0.0001003635019115251
,,,,,,,,20.1566254680803,8.470200391649113e-05
,,,,,,,,21.83486446436776,0
