-34.76639769137665,0,-34.76639769137665,0,-34.76639769137665,0,-34.76639769137665,0,-34.76639769137665,0
-34.755656921732,0,-34.755656921732,0,-34.755656921732,0,-34.755656921732,0,-34.755656921732,0
-33.68157995726746,0.0001187180221497995,-33.28417148041557,0.0001068580239524943,-20.68524868724637,0.0001070973766454514,23.50227763082529,0,-33.68157995726746,0.000118809216656625
-33.67083918762281,0.0001514806432595226,-33.27343071077092,0.0001225471656804542,-20.67450791760173,0.0001159375082369326,,,-33.67083918762281,0.0001515970047209545
-33.66009841797816,0.0001927281171391313,-33.26268994112628,0.000140135075987625,-20.66376714795708,0.0001251458755983931,,,-33.66009841797816,0.0001928761632847429
-33.64935764833352,0.0002445009023849598,-33.25194917148163,0.0001597856910937718,-20.65302637831244,0.0001346965803820421,,,-33.64935764833352,0.0002446887183442187
-33.63861687868887,0.0003092881664216509,-33.24120840183699,0.0001816671350417302,-20.64228560866779,0.0001445586384079099,,,-33.63861687868887,0.0003095257494043609
-33.62787610904423,0.0003901158461827146,-33.23046763219234,0.0002059502383830274,-20.63154483902315,0.0001546959620218729,,,-33.62787610904423,0.0003904155178042023
-33.61713533939958,0.0004906494638763888,-33.2197268625477,0.0002328068102791677,-20.6208040693785,0.0001650674172444946,,,-33.61713533939958,0.0004910263614617103
-33.60639456975494,0.0006153136022016235,-33.20898609290305,0.000262407662104313,-20.61006329973386,0.0001756269601569837,,,-33.60639456975494,0.0006157862618659243
-33.59565380011029,0.0007694300661504453,-33.1982453232584,0.000294920385705837,-20.59932253008921,0.0001863238556383811,,,-33.59565380011029,0.0007700211120097738
-33.58491303046564,0.0009593768608991388,-33.18750455361376,0.0003305068951491112,-20.58858176044457,0.0001971029800686195,,,-33.58491303046564,0.0009601138164018096
-33.574172260821,0.001192770188994636,-33.17676378396911,0.0003693207469648919,-20.57784099079992,0.0002079052079739712,,,-33.574172260821,0.001193686428055663
-33.56343149117635,0.001478671705629286,-33.16602301432447,0.0004115042605287994,-20.56710022115528,0.0002186678808492471,,,-33.56343149117635,0.001479807562970149
-33.55269072153171,0.001827823257643044,-33.15528224467982,0.0004571854671038302,-20.55635945151063,0.0002293253545848455,,,-33.55269072153171,0.001829227319448712
-33.54194995188706,0.00225291125828673,-33.14454147503518,0.0005064749231150115,-20.54561868186599,0.0002398096201006241,,,-33.54194995188706,0.002254641855944951
-33.53120918224242,0.002768862703069735,-33.13380070539053,0.0005594624302240101,-20.53487791222134,0.0002500509899899677,,,-33.53120918224242,0.002770989634298048
-33.52046841259777,0.003393174598820514,-33.12305993574589,0.0006162137115350538,-20.52413714257669,0.0002599788422554924,,,-33.52046841259777,0.003395781101847677
-33.50972764295313,0.004146278244597111,-33.11231916610124,0.0006767670995811173,-20.51339637293205,0.0002695224106220329,,,-33.50972764295313,0.004149463252170774
-33.49898687330848,0.005051939355439478,-33.1015783964566,0.000741130297390258,-20.5026556032874,0.0002786116094910245,,,-33.49898687330848,0.005055820056193153
-33.48824610366383,0.006137694444725199,-33.09083762681195,0.0008092772786920318,-20.49191483364276,0.0002871778803983421,,,-33.48824610366383,0.006142409179756971
-33.47750533401919,0.007435323165642339,-33.08009685716731,0.0008811453969722381,-20.48117406399811,0.0002951550458958211,,,-33.47750533401919,0.007441034687927666
-33.46676456437454,0.008981355446253279,-33.06935608752266,0.0009566327754112294,-20.47043329435347,0.0003024801561297673,,,-33.46676456437454,0.008988254569618997
-33.4560237947299,0.01081761122742216,-33.05861531787802,0.001035596050556198,-20.45969252470882,0.000309094313065132,,,-33.4560237947299,0.01082592089012586
-33.44528302508525,0.01299176942337205,-33.04787454823337,0.001117848541718168,-20.44895175506418,0.0003149434573205907,,,-33.44528302508525,0.01300174918873455
-33.43454225544061,0.01555796136978355,-33.03713377858872,0.001203158915421925,-20.43821098541953,0.0003199791029470155,,,-33.43454225544061,0.01556991238268483
-33.42380148579596,0.01857738250811016,-33.02639300894408,0.00129125040968686,-20.42747021577489,0.0003241590061993994,,,-33.42380148579596,0.01859165292135709
-33.41306071615132,0.02211891438705416,-33.01565223929943,0.001381800676442429,-20.41672944613024,0.0003274477554095438,,,-33.41306071615132,0.02213590526554518
-33.40231994650667,0.02625974725959522,-33.00491146965479,0.001474442292002405,-20.40598867648559,0.0003298172704430935,,,-33.40231994650667,0.02627991896273966
-33.39157917686202,0.03108599164086237,-32.99417070001014,0.00156876397531394,-20.39524790684095,0.0003312472018894826,,,-33.39157917686202,0.03110987067477428
-33.38083840721738,0.03669326520100544,-32.9834299303655,0.001664312541797783,-20.3845071371963,0.0003317252220478849,,,-33.38083840721738,0.0367214515215255
-33.37009763757273,0.04318723933932559,-32.97268916072085,0.00176059560720226,-20.37376636755166,0.0003317252220478849,,,-33.37009763757273,0.04322041407489974
-33.35935686792809,0.05068412777152864,-32.96194839107621,0.001857085041261242,-20.36302559790701,0.0003312472018894826,,,-33.35935686792809,0.05072306132140006
-33.34861609828344,0.05931109752029942,-32.95120762143156,0.001953221155384778,-20.35228482826237,0.0003298172704430935,,,-33.34861609828344,0.05935665796840744
-33.3378753286388,0.06920658089827139,-32.94046685178692,0.002048417592476878,-20.34154405861772,0.0003274477554095438,,,-33.3378753286388,0.06925974266680332
-33.32713455899415,0.08052046548751123,-32.92972608214227,0.002142066870663316,-20.33080328897308,0.0003241590061993994,,,-33.32713455899415,0.08058231813638897
-33.3163937893495,0.09341413783309403,-32.91898531249763,0.00223354651664652,-20.32006251932843,0.0003199791029470155,,,-33.3163937893495,0.09348589489302439
-33.30565301970486,0.1080603556674024,-32.90824454285298,0.002322225709023777,-20.30932174968378,0.0003149434573205907,,,-33.30565301970486,0.1081433633747751
-33.29491225006021,0.1246429230564653,-32.89750377320834,0.00240747233765068,-20.29858098003914,0.000309094313065132,,,-33.29491225006021,0.1247386688387113
-33.28417148041557,0.1433561430001964,-32.88676300356369,0.002488660372434139,-20.28784021039449,0.0003024801561297673,,,-33.28417148041557,0.1434662635406549
-33.27343071077092,0.1644040228122323,-32.87602223391904,0.00256517742420209,-20.27709944074985,0.0002951550458958211,,,-33.27343071077092,0.1645303115046228
-33.26268994112628,0.187999209133386,-32.8652814642744,0.002636432371884248,-20.2663586711052,0.0002871778803983421,,,-33.26268994112628,0.1881436227181985
-33.25194917148163,0.2143616317667202,-32.85454069462975,0.002701862924459699,-20.25561790146056,0.0002786116094910245,,,-33.25194917148163,0.2145262959258535
-33.24120840183699,0.2437168387191606,-32.84379992498511,0.002760942983227432,-20.24487713181591,0.0002695224106220329,,,-33.24120840183699,0.2439040523916055
-33.23046763219234,0.276294008933642,-32.83305915534046,0.002813189670103846,-20.23413636217126,0.0002599788422554924,,,-33.23046763219234,0.2765062471046229
-33.2197268625477,0.3123236342142831,-32.82231838569582,0.00285816989093168,-20.22339559252662,0.0002500509899899677,,,-33.2197268625477,0.3125635489237464
-33.20898609290305,0.3520348677764878,-32.81157761605117,0.002895506309194435,-20.21265482288197,0.0002398096201006241,,,-33.20898609290305,0.3523052870908506
-33.1982453232584,0.3956525436565698,-32.80083684640653,0.002924882614974056,-20.20191405323733,0.0002293253545848455,,,-33.1982453232584,0.3959564683508969
-33.18750455361376,0.4433938788219648,-32.79009607676188,0.002946047986283078,-20.19117328359268,0.0002186678808492471,,,-33.18750455361376,0.4437344765288369
-33.17676378396911,0.4954648781300295,-32.77935530711724,0.00295882065477463,-20.18043251394804,0.0002079052079739712,,,-33.17676378396911,0.495845474726841
-33.16602301432447,0.5520564711526244,-32.76861453747259,0.002963090504934906,-20.16969174430339,0.0001971029800686195,,,-33.16602301432447,0.5524805391813441
-33.15528224467982,0.6133404191423696,-32.75787376782794,0.002963090504934906,-20.15895097465875,0.0001863238556383811,,,-33.15528224467982,0.6138115630851928
-33.14454147503518,0.679465039858565,-32.7471329981833,0.00295882065477463,-20.1482102050141,0.0001756269601569837,,,-33.14454147503518,0.679986978129545
-33.13380070539053,0.7505508073599225,-32.73639222853865,0.002946047986283078,-20.13746943536945,0.0001650674172444946,,,-33.13380070539053,0.7511273509165385
-33.12305993574589,0.8266858929449526,-32.72565145889401,0.002924882614974056,-20.12672866572481,0.0001546959620218729,,,-33.12305993574589,0.8273209204744004
-33.11231916610124,0.9079217218962442,-32.71491068924936,0.002895506309194435,-20.11598789608016,0.0001445586384079099,,,-33.11231916610124,0.9086191515885956
-33.1015783964566,0.9942686282659435,-32.70416991960472,0.00285816989093168,-20.10524712643552,0.0001346965803820421,,,-33.1015783964566,0.9950323862494819
-33.09083762681195,1.085691696325595,-32.69342914996007,0.002813189670103846,-20.09450635679087,0.0001251458755983931,,,-33.09083762681195,1.086525681907717
-33.08009685716731,1.18210688219795,-32.68268838031542,0.002760942983227432,-20.08376558714623,0.0001159375082369326,,,-33.08009685716731,1.183014930126857
-33.06935608752266,1.283377512310115,-32.67194761067078,0.002701862924459699,-20.07302481750158,0.0001070973766454514,,,-33.06935608752266,1.284363352346756
-33.05861531787802,1.389311256401045,-32.66120684102613,0.002636432371884248,-20.06228404785694,9.864638018321639e-05,,,-33.05861531787802,1.39037847056584
-33.04787454823337,1.499657671663037,-32.65046607138149,0.00256517742420209,-16.303014672231,0.0001011743463804195,,,-33.04787454823337,1.500809649596107
-33.03713377858872,1.614106411025024,-32.63972530173684,0.002488660372434139,-16.29227390258636,0.0001057998214516691,,,-33.03713377858872,1.615346303970103
-33.02639300894408,1.732286182481019,-32.6289845320922,0.00240747233765068,-16.28153313294171,0.0001103181352093007,,,-33.02639300894408,1.73361685646995
-33.01565223929943,1.85376453768145,-32.61824376244755,0.002322225709023777,-16.27079236329707,0.0001146981304599096,,,-33.01565223929943,1.855188526556291
-33.00491146965479,1.97804855676353,-32.60750299280291,0.00223354651664652,-16.26005159365242,0.0001189085863572506,,,-33.00491146965479,1.979568015724725
-32.99417070001014,2.104586482701958,-32.59676222315826,0.002142066870663316,-16.24931082400778,0.0001229185823577218,,,-32.99417070001014,2.106203143111946
-32.9834299303655,2.232770342497186,-32.58602145351361,0.002048417592476878,-16.23857005436313,0.0001266978716627986,,,-32.9834299303655,2.2344854686975
-32.97268916072085,2.361939574549968,-32.57528068386897,0.001953221155384778,-16.22782928471849,0.0001302172579366669,,,-32.97268916072085,2.36375392346475
-32.96194839107621,2.491385661940811,-32.56453991422432,0.001857085041261242,-16.21708851507384,0.0001334489688018945,,,-32.96194839107621,2.493299446239425
-32.95120762143156,2.620357750456164,-32.55379914457968,0.00176059560720226,-16.20634774542919,0.0001363670194727612,,,-32.95120762143156,2.622370606031349
-32.94046685178692,2.748069208558284,-32.54305837493503,0.001664312541797783,-16.19560697578455,0.0001389475598931702,,,-32.94046685178692,2.75018016704343
-32.92972608214227,2.87370506461275,-32.53231760529039,0.00156876397531394,-16.1848662061399,0.0001411691989080941,,,-32.92972608214227,2.875912531612145
-32.91898531249763,2.996430235134392,-32.52157683564574,0.001474442292002405,-16.17412543649526,0.0001430132993140824,,,-32.91898531249763,2.9987319747741
-32.90824454285298,3.115398437178138,-32.5108360660011,0.001381800676442429,-16.16338466685061,0.0001444642381008025,,,-32.90824454285298,3.11779156350301
-32.89750377320834,3.229761658878326,-32.50009529635645,0.00129125040968686,-16.15264389720597,0.0001455096268027712,,,-32.89750377320834,3.232242634523908
-32.88676300356369,3.338680045105425,-32.4893545267118,0.001203158915421925,-16.14190312756132,0.0001461404876149964,,,-32.88676300356369,3.341244687563647
-32.87602223391904,3.441332040804656,-32.47861375706716,0.001117848541718168,-16.13116235791668,0.0001463513817709024,,,-32.87602223391904,3.443975536481226
-32.8652814642744,3.536924623294635,-32.46787298742251,0.001035596050556198,-16.12042158827203,0.0001463513817709024,,,-32.8652814642744,3.539641549426484
-32.85454069462975,3.624703447052017,-32.45713221777787,0.0009566327754112294,-16.10968081862739,0.0001461404876149964,,,-32.85454069462975,3.627487801417571
-32.84379992498511,3.703962720617965,-32.44639144813322,0.0008811453969722381,-16.09894004898274,0.0001455096268027712,,,-32.84379992498511,3.706807958834455
-32.83305915534046,3.774054635460704,-32.43565067848858,0.0008092772786920318,-16.0881992793381,0.0001444642381008025,,,-32.83305915534046,3.776953715524378
-32.82231838569582,3.834398171029376,-32.42490990884393,0.000741130297390258,-16.07745850969345,0.0001430132993140824,,,-32.82231838569582,3.837343604619387
-32.81157761605117,3.88448710883315,-32.41416913919929,0.0006767670995811173,-16.0667177400488,0.0001411691989080941,,,-32.81157761605117,3.887471018771551
-32.80083684640653,3.923897101048924,-32.40342836955464,0.0006162137115350538,-16.05597697040416,0.0001389475598931702,,,-32.80083684640653,3.926911284190491
-32.79009607676188,3.952291655653241,-32.39268759990999,0.0005594624302240101,-16.04523620075951,0.0001363670194727612,,,-32.79009607676188,3.955327650372838
-32.77935530711724,3.969426920025927,-32.38194683026535,0.0005064749231150115,-16.03449543111487,0.0001334489688018945,,,-32.77935530711724,3.972476077380443
-32.76861453747259,3.975155167915278,-32.3712060606207,0.0004571854671038302,-16.02375466147022,0.0001302172579366669,,,-32.76861453747259,3.978208725484114
-32.75787376782794,3.975155167915278,-32.36046529097606,0.0004115042605287994,-16.01301389182558,0.0001266978716627986,,,-32.75787376782794,3.978208725484114
-32.7471329981833,3.969426920025927,-32.34972452133141,0.0003693207469648919,-16.00227312218093,0.0001229185823577218,,,-32.7471329981833,3.972476077380443
-32.73639222853865,3.952291655653241,-32.33898375168677,0.0003305068951491112,-15.99153235253628,0.0001189085863572506,,,-32.73639222853865,3.955327650372838
-32.72565145889401,3.923897101048924,-32.32824298204212,0.000294920385705837,-15.98079158289164,0.0001146981304599096,,,-32.72565145889401,3.926911284190491
-32.71491068924936,3.88448710883315,-32.31750221239747,0.000262407662104313,-15.97005081324699,0.0001103181352093007,,,-32.71491068924936,3.887471018771551
-32.70416991960472,3.834398171029376,-32.30676144275283,0.0002328068102791677,-15.95931004360235,0.0001057998214516691,,,-32.70416991960472,3.837343604619387
-32.69342914996007,3.774054635460704,-32.29602067310818,0.0002059502383830274,-15.9485692739577,0.0001011743463804195,,,-32.69342914996007,3.776953715524378
-32.68268838031542,3.703962720617965,-32.28527990346354,0.0001816671350417302,-15.93782850431306,9.64724548638113e-05,,,-32.68268838031542,3.706807958834455
-32.67194761067078,3.624703447052017,-32.27453913381889,0.0001597856910937718,-12.64041222340688,0.0001096901958905279,,,-32.67194761067078,3.627487801417571
-32.66120684102613,3.536924623294635,-32.26379836417425,0.000140135075987625,-12.62967145376224,0.0001317610358423058,,,-32.66120684102613,3.539641549426484
-32.65046607138149,3.441332040804656,-32.2530575945296,0.0001225471656804542,-12.61893068411759,0.0001581235496482734,,,-32.65046607138149,3.443975536481226
-32.63972530173684,3.338680045105425,-32.24231682488496,0.0001068580239524943,-12.60818991447294,0.0001889201883533536,,,-32.63972530173684,3.341244687563647
-32.6289845320922,3.229761658878326,-32.23157605524031,9.290914347115518e-05,-12.5974491448283,0.0002250985849193136,,,-32.6289845320922,3.232242634523908
-32.61824376244755,3.115398437178138,-20.82487869262677,0.000100671305447875,-12.58670837518365,0.0002674749918576718,,,-32.61824376244755,3.11779156350301
-32.60750299280291,2.996430235134392,-20.81413792298212,0.0001131446391241234,-12.57596760553901,0.0003173921980207532,,,-32.60750299280291,2.9987319747741
-32.59676222315826,2.87370506461275,-20.80339715333748,0.0001267972144081614,-12.56522683589436,0.0003758106579757538,,,-32.59676222315826,2.875912531612145
-32.58602145351361,2.748069208558284,-20.79265638369283,0.0001416879424471991,-12.55448606624972,0.0004430611217165013,,,-32.58602145351361,2.75018016704343
-32.57528068386897,2.620357750456164,-20.78191561404819,0.0001578714233135793,-12.54374529660507,0.0005212761310470763,,,-32.57528068386897,2.622370606031349
-32.56453991422432,2.491385661940811,-20.77117484440354,0.0001753967755211466,-12.53300452696043,0.0006113248234783385,,,-32.56453991422432,2.493299446239425
-32.55379914457968,2.361939574549968,-20.76043407475889,0.0001943064134549989,-12.52226375731578,0.0007150377475183679,,,-32.55379914457968,2.36375392346475
-32.54305837493503,2.232770342497186,-20.74969330511425,0.0002146347890455368,-12.51152298767114,0.0008341503211685415,,,-32.54305837493503,2.2344854686975
-32.53231760529039,2.104586482701958,-20.7389525354696,0.0002364071166125239,-12.50078221802649,0.0009705636530484511,,,-32.53231760529039,2.106203143111946
-32.52157683564574,1.97804855676353,-20.72821176582496,0.0002596381022285829,-12.49004144838185,0.001126352390853951,,,-32.52157683564574,1.979568015724725
-32.5108360660011,1.85376453768145,-20.71747099618031,0.0002843307011195033,-12.4793006787372,0.001303771844777284,,,-32.5108360660011,1.855188526556291
-32.50009529635645,1.732286182481019,-20.70673022653567,0.0003104749284449017,-12.46855990909255,0.001505264219144578,,,-32.50009529635645,1.73361685646995
-32.4893545267118,1.614106411025024,-20.69598945689102,0.0003380467502024332,-12.45781913944791,0.001733463782451222,,,-32.4893545267118,1.615346303970103
-32.47861375706716,1.499657671663037,-20.68524868724637,0.0003670070818914906,-12.44707836980326,0.001991200805659519,,,-32.47861375706716,1.500809649596107
-32.46787298742251,1.389311256401045,-20.67450791760173,0.0003973009228850654,-12.43633760015862,0.002281504101215108,,,-32.46787298742251,1.39037847056584
-32.45713221777787,1.283377512310115,-20.66376714795708,0.000428856654128628,-12.42559683051397,0.002607602000793148,,,-32.45713221777787,1.284363352346756
-32.44639144813322,1.18210688219795,-20.65302637831244,0.0004615855257634405,-12.41485606086933,0.002972921618248412,,,-32.44639144813322,1.183014930126857
-32.43565067848858,1.085691696325595,-20.64228560866779,0.0004953813595260221,-12.40411529122468,0.003381086255444007,,,-32.43565067848858,1.086525681907717
-32.42490990884393,0.9942686282659435,-20.63154483902315,0.0005301204882916778,-12.39337452158004,0.003835910822278274,,,-32.42490990884393,0.9950323862494819
-32.41416913919929,0.9079217218962442,-20.6208040693785,0.0005656619519152343,-12.38263375193539,0.004341395157904572,,,-32.41416913919929,0.9086191515885956
-32.40342836955464,0.8266858929449526,-20.61006329973386,0.0006018479646058187,-12.37189298229074,0.004901715157316428,,,-32.40342836955464,0.8273209204744004
-32.39268759990999,0.7505508073599225,-20.59932253008921,0.0006385046645072788,-12.3611522126461,0.005521211625525137,,,-32.39268759990999,0.7511273509165385
-32.38194683026535,0.679465039858565,-20.58858176044457,0.0006754431510173969,-12.35041144300145,0.006204376799784805,,,-32.38194683026535,0.679986978129545
-32.3712060606207,0.6133404191423696,-20.57784099079992,0.0007124608097654212,-12.33967067335681,0.006955838497971181,,,-32.3712060606207,0.6138115630851928
-32.36046529097606,0.5520564711526244,-20.56710022115528,0.0007493429191973287,-12.32892990371216,0.007780341867533356,,,-32.36046529097606,0.5524805391813441
-32.34972452133141,0.4954648781300295,-20.55635945151063,0.0007858645265284384,-12.31818913406752,0.008682728723681497,,,-32.34972452133141,0.495845474726841
-32.33898375168677,0.4433938788219648,-20.54561868186599,0.0008217925745651307,-12.30744836442287,0.009667914476996553,,,-32.33898375168677,0.4437344765288369
-32.32824298204212,0.3956525436565698,-20.53487791222134,0.0008568882547338664,-12.29670759477823,0.01074086265892478,,,-32.32824298204212,0.3959564683508969
-32.31750221239747,0.3520348677764878,-20.52413714257669,0.0008909095557549197,-12.28596682513358,0.01190655705830403,,,-32.31750221239747,0.3523052870908506
-32.30676144275283,0.3123236342142831,-20.51339637293205,0.0009236139719296619,-12.27522605548893,0.01316997148303943,,,-32.30676144275283,0.3125635489237464
-32.29602067310818,0.276294008933642,-20.5026556032874,0.0009547613301388486,-12.26448528584429,0.01453603715845088,,,-32.29602067310818,0.2765062471046229
-32.28527990346354,0.2437168387191606,-20.49191483364276,0.0009841166905301168,-12.25374451619964,0.01600960776810584,,,-32.28527990346354,0.2439040523916055
-32.27453913381889,0.2143616317667202,-20.48117406399811,0.001011453272645358,-12.243003746555,0.0175954221349057,,,-32.27453913381889,0.2145262959258535
-32.26379836417425,0.187999209133386,-20.47043329435347,0.001036555356521734,-12.23226297691035,0.01929806453092826,,,-32.26379836417425,0.1881436227181985
-32.2530575945296,0.1644040228122323,-20.45969252470882,0.00105922110718766,-12.22152220726571,0.02112192259548347,,,-32.2530575945296,0.1645303115046228
-32.24231682488496,0.1433561430001964,-20.44895175506418,0.001079265271031794,-12.21078143762106,0.02307114283376032,,,-32.24231682488496,0.1434662635406549
-32.23157605524031,0.1246429230564653,-20.43821098541953,0.001096521693781644,-12.20004066797642,0.02514958366532509,,,-32.23157605524031,0.1247386688387113
-32.22083528559566,0.1080603556674024,-20.42747021577489,0.001110845612287367,-12.18929989833177,0.02736076599476102,,,-32.22083528559566,0.1081433633747751
-32.21009451595102,0.09341413783309403,-20.41672944613024,0.001122115675929391,-12.17855912868712,0.0297078212881969,,,-32.21009451595102,0.09348589489302439
-32.19935374630637,0.08052046548751123,-20.40598867648559,0.001130235658184792,-12.16781835904248,0.03219343716162947,,,-32.19935374630637,0.08058231813638897
-32.18861297666173,0.06920658089827139,-20.39524790684095,0.00113513582459299,-12.15707758939783,0.03481980052194213,,,-32.18861297666173,0.06925974266680332
-32.17787220701708,0.05931109752029942,-20.3845071371963,0.001136773929922136,-12.14633681975319,0.0375885383512363,,,-32.17787220701708,0.05935665796840744
-32.16713143737244,0.05068412777152864,-20.37376636755166,0.001136773929922136,-12.13559605010854,0.04050065629098935,,,-32.16713143737244,0.05072306132140006
-32.15639066772779,0.04318723933932559,-20.36302559790701,0.00113513582459299,-12.1248552804639,0.04355647526555929,,,-32.15639066772779,0.04322041407489974
-32.14564989808315,0.03669326520100544,-20.35228482826237,0.001130235658184792,-12.11411451081925,0.04675556648491699,,,-32.14564989808315,0.0367214515215255
-32.1349091284385,0.03108599164086237,-20.34154405861772,0.001122115675929391,-12.10337374117461,0.0500966852836482,,,-32.1349091284385,0.03110987067477428
-32.12416835879385,0.02625974725959522,-20.33080328897308,0.001110845612287367,-12.09263297152996,0.05357770438578789,,,-32.12416835879385,0.02627991896273966
-32.11342758914921,0.02211891438705416,-20.32006251932843,0.001096521693781644,-12.08189220188532,0.05719554733052366,,,-32.11342758914921,0.02213590526554518
-32.10268681950456,0.01857738250811016,-20.30932174968378,0.001079265271031794,-12.07115143224067,0.06094612294884039,,,-32.10268681950456,0.01859165292135709
-32.09194604985992,0.01555796136978355,-20.29858098003914,0.00105922110718766,-12.06041066259602,0.0648242619414071,,,-32.09194604985992,0.01556991238268483
-32.08120528021527,0.01299176942337205,-20.28784021039449,0.001036555356521734,-12.04966989295138,0.06882365676814049,,,-32.08120528021527,0.01300174918873455
-32.07046451057063,0.01081761122742216,-20.27709944074985,0.001011453272645358,-12.03892912330673,0.07293680621382199,,,-32.07046451057063,0.01082592089012586
-32.05972374092598,0.008981355446253279,-20.2663586711052,0.0009841166905301168,-12.02818835366209,0.07715496613514382,,,-32.05972374092598,0.008988254569618997
-32.04898297128133,0.007435323165642339,-20.25561790146056,0.0009547613301388486,-12.01744758401744,0.08146810801541672,,,-32.04898297128133,0.007441034687927666
-32.03824220163669,0.006137694444725199,-20.24487713181591,0.0009236139719296619,-12.0067068143728,0.08586488704648047,,,-32.03824220163669,0.006142409179756971
-32.02750143199204,0.005051939355439478,-20.23413636217126,0.0008909095557549197,-11.99596604472815,0.09033262151579588,,,-32.02750143199204,0.005055820056193153
-32.0167606623474,0.004146278244597111,-20.22339559252662,0.0008568882547338664,-11.98522527508351,0.09485728529332045,,,-32.0167606623474,0.004149463252170774
-32.00601989270275,0.003393174598820514,-20.21265482288197,0.0008217925745651307,-11.97448450543886,0.09942351518134993,,,-32.00601989270275,0.003395781101847677
-31.99527912305811,0.002768862703069735,-20.20191405323733,0.0007858645265284384,-11.96374373579421,0.1040266597968313,,,-31.99527912305811,0.002770989634298048
-31.98453835341346,0.00225291125828673,-20.19117328359268,0.0007493429191973287,-11.95300296614957,0.1086508808687555,,,-31.98453835341346,0.002254641855944951
-31.97379758376882,0.001827823257643044,-20.18043251394804,0.0007124608097654212,-11.94226219650492,0.1133008380116043,,,-31.97379758376882,0.001829227319448712
-31.96305681412417,0.001478671705629286,-20.16969174430339,0.0006754431510173969,-11.93152142686028,0.1179534813977384,,,-31.96305681412417,0.001479807562970149
-31.95231604447953,0.001192770188994636,-20.15895097465875,0.0006385046645072788,-11.92078065721563,0.1225505832515431,,,-31.95231604447953,0.001193686428055663
-31.94157527483488,0.0009593768608991388,-20.1482102050141,0.0006018479646058187,-11.91003988757099,0.1270691078198494,,,-31.94157527483488,0.0009601138164018096
-31.93083450519024,0.0007694300661504453,-20.13746943536945,0.0005656619519152343,-11.89929911792634,0.1314853019617456,,,-31.93083450519024,0.0007700211120097738
-31.92009373554559,0.0006153136022016235,-20.12672866572481,0.0005301204882916778,-11.8885583482817,0.1357748734760701,,,-31.92009373554559,0.0006157862618659243
-31.90935296590094,0.0004906494638763888,-20.11598789608016,0.0004953813595260221,-11.87781757863705,0.1399131885952583,,,-31.90935296590094,0.0004910263614617103
-31.8986121962563,0.0003901158461827146,-20.10524712643552,0.0004615855257634405,-11.8670768089924,0.1438754869604195,,,-31.8986121962563,0.0003904155178042023
-31.88787142661165,0.0003092881664216509,-20.09450635679087,0.000428856654128628,-11.85633603934776,0.1476371119080853,,,-31.88787142661165,0.0003095257494043609
-31.87713065696701,0.0002445009023849598,-20.08376558714623,0.0003973009228850654,-11.84559526970311,0.1511737534286395,,,-31.87713065696701,0.0002446887183442187
-31.86638988732236,0.0001927281171391313,-20.07302481750158,0.0003670070818914906,-11.83485450005847,0.1544617007142522,,,-31.86638988732236,0.0001928761632847429
-31.85564911767772,0.0001514806432595226,-20.06228404785694,0.0003380467502024332,-11.82411373041382,0.1574781008145413,,,-31.85564911767772,0.0001515970047209545
-31.84490834803307,0.0001187180221497995,-20.05154327821229,0.0003104749284449017,-11.81337296076918,0.1602012195750477,,,-31.84490834803307,0.000118809216656625
-31.83416757838843,0,-20.04080250856764,0.0002843307011195033,-11.80263219112453,0.1626107007599143,,,-31.83416757838843,0
-21.29747255699117,0.0002375152982964176,-20.030061738923,0.0002596381022285829,-11.79189142147989,0.1646878190674319,,,-21.29747255699117,0.0002375591550284158
-21.28673178734653,0.0003030624122470651,-20.01932096927835,0.0002364071166125239,-11.78115065183524,0.1664213104691956,,,-21.28673178734653,0.0003031183721245465
-21.27599101770188,0.0003855848960711904,-20.00858019963371,0.0002146347890455368,-11.7704098821906,0.1677963759119573,,,-21.27599101770188,0.0003856560935627658
-21.26525024805724,0.0004891650291345855,-19.99783942998906,0.0001943064134549989,-11.75966911254595,0.1688009961211655,,,-21.26525024805724,0.0004892553524937101
-21.25450947841259,0.0006187828080095298,-19.98709866034442,0.0001753967755211466,-11.7489283429013,0.1694445359403816,,,-21.25450947841259,0.0006188970650362164
-21.24376870876794,0.0007804921266236185,-19.97635789069977,0.0001578714233135793,-11.73818757325666,0.1697132324717978,,,-21.24376870876794,0.0007806362429574696
-21.2330279391233,0.0009816264764294235,-19.96561712105512,0.0001416879424471991,-11.72744680361201,0.1695825919469895,,,-21.2330279391233,0.0009818077318247929
-21.22228716947865,0.001231037976595946,-19.95487635141048,0.0001267972144081614,-11.71670603396737,0.1691595079415094,,,-21.22228716947865,0.001231265285333557
-21.21154639983401,0.001539373789847661,-19.94413558176583,0.0001131446391241234,-11.70596526432272,0.1684438508363648,,,-21.21154639983401,0.001539658032185862
-21.20080563018936,0.00191939418437763,-19.93339481212119,0.000100671305447875,-11.69522449467808,0.1673423276797801,,,-21.20080563018936,0.001919748596733158
-21.19006486054472,0.002386336649718301,-19.92265404247654,8.931509590845267e-05,-11.68448372503343,0.1658597594791696,,,-21.19006486054472,0.002386777282080321
-21.17932409090007,0.002958330545650904,-17.04412777771154,0.0003536979471888013,-11.67374295538879,0.1639900203358437,,,-21.17932409090007,0.002958876795559155
-21.16858332125543,0.003656866736917339,-17.0333870080669,0.0004513079951090035,-11.66300218574414,0.161743732608632,,,-21.16858332125543,0.003657541970157404
-21.15784255161078,0.004507326519238462,-17.02264623842225,0.0005741970609286193,-11.65226141609949,0.1591548921010289,,,-21.15784255161078,0.004508158788202188
-21.14710178196614,0.005539573848624332,-17.01190546877761,0.0007284443060401495,-11.64152064645485,0.1562717063446119,,,-21.14710178196614,0.00554059672002422
-21.13636101232149,0.00678861441941604,-17.00116469913296,0.0009214657351273186,-11.6307798768102,0.1530916547579265,,,-21.13636101232149,0.006789867923697099
-21.12562024267684,0.008295324469294096,-16.99042392948832,0.001162276556347442,-11.62003910716556,0.1496181408647163,,,-21.12562024267684,0.008296856184618106
-21.1148794730322,0.0101072512938984,-16.97968315984367,0.001461797501506453,-11.60929833752091,0.1458731850440843,,,-21.1148794730322,0.01010911757794163
-21.10413870338755,0.01227948630286066,-16.96894239019903,0.001833210779922251,-11.59855756787627,0.1418649307278843,,,-21.10413870338755,0.01228175368581966
-21.09339793374291,0.01487561001807666,-16.95820162055438,0.002292371705446373,-11.58781679823162,0.1376186793379337,,,-21.09339793374291,0.01487835677016611
-21.08265716409826,0.01796870668238812,-16.94746085090974,0.002858282341094703,-11.57707602858698,0.1331610188670851,,,-21.08265716409826,0.01797202456868419
-21.07191639445362,0.02164244409575679,-16.93672008126509,0.003553633725324947,-11.56633525894233,0.1285195250155637,,,-21.07191639445362,0.02164644033043009
-21.06117562480897,0.02599221191620655,-16.92597931162044,0.004405423350022726,-11.55559448929768,0.1237224550841226,,,-21.06117562480897,0.02599701132694019
-21.05043485516432,0.03112630895219579,-16.9152385419758,0.00544565452106788,-11.54485371965304,0.1187984397189719,,,-21.05043485516432,0.03113205636383453
-21.03969408551968,0.03716716693959756,-16.90449777233115,0.006712124013059137,-11.53411295000839,0.1137761775325466,,,-21.03969408551968,0.03717402978376503
-21.02895331587503,0.04425259495988804,-16.89375700268651,0.008249303992679894,-11.52337218036375,0.1086841374435925,,,-21.02895331587503,0.04426076611438334
-21.01821254623039,0.05253702504983849,-16.88301623304186,0.01010932349042699,-11.5126314107191,0.1035502732973109,,,-21.01821254623039,0.05254672590803212
-21.00747177658574,0.06219273572552391,-16.87227546339722,0.01235305370685088,-11.50189064107446,0.09840175495151719,,,-21.00747177658574,0.062204219491675
-20.9967310069411,0.07341102615986506,-16.86153469375257,0.01505130010577992,-11.49114987142981,0.09326471956036421,,,-20.9967310069411,0.07342458136124827
-20.98599023729645,0.08640330969577249,-16.85079392410793,0.01828610253321239,-11.48040910178517,0.08816404626728172,,,-20.98599023729645,0.08641926389671981
-20.97524946765181,0.1014020913468251,-16.84005315446328,0.02215214246961304,-11.46966833214052,0.08312315694885804,,,-20.97524946765181,0.1014208150432613
-20.96450869800716,0.1186617900527888,-16.82931238481864,0.0267582539431492,-11.45892756249587,0.07816384504760578,,,-20.96450869800716,0.1186837007185947
-20.95376792836251,0.1384593628538298,-16.81857161517399,0.03222903157700737,-11.44818679285123,0.0733061339103281,,,-20.95376792836251,0.1384849291024583
-20.94302715871787,0.1610946849763108,-16.80783084552935,0.03870652570002148,-11.43744602320658,0.06856816542625629,,,-20.94302715871787,0.1611244307925845
-20.93228638907322,0.1868906372491101,-16.7970900758847,0.04635201041331033,-11.42670525356194,0.06396611915062556,,,-20.93228638907322,0.186925146237161
-20.92154561942858,0.2161928504669199,-16.78634930624005,0.05534780598828237,-11.41596448391729,0.05951416151906611,,,-20.92154561942858,0.2162327700509249
-20.91080484978393,0.2493690554660559,-16.77560853659541,0.06589913200267304,-11.40522371427265,0.05522442421873988,,,-20.91080484978393,0.2494151009709672
-20.90006408013929,0.2868079879595017,-16.76486776695076,0.07823596225091989,-11.394482944628,0.05110701029433175,,,-20.90006408013929,0.2868609464895547
-20.88932331049464,0.3289177987661105,-16.75412699730612,0.09261484676545235,-11.38374217498336,0.04717002613954523,,,-20.88932331049464,0.3289785327897856
-20.87858254085,0.3761239231265461,-16.74338622766147,0.1093206603532674,-11.37300140533871,0.04341963716419978,,,-20.87858254085,0.3761933736681027
-20.86784177120535,0.4288663674680784,-16.73264545801683,0.1286682310104229,-11.36226063569407,0.03986014463769402,,,-20.86784177120535,0.4289455567980962
-20.8571010015607,0.4875963783763146,-16.72190468837218,0.1510037955755724,-11.35151986604942,0.0364940809935771,,,-20.8571010015607,0.4876864120871666
-20.84636023191606,0.5527724667328272,-16.71116391872754,0.1767062241988349,-11.34077909640477,0.03332232073723854,,,-20.84636023191606,0.5528745350800173
-20.83561946227141,0.624855770017998,-16.70042314908289,0.2061879498361879,-11.33003832676013,0.03034420402729189,,,-20.83561946227141,0.6249711484051577
-20.82487869262677,0.7043047476411625,-16.68968237943824,0.2398955342574965,-11.31929755711548,0.02755766999734277,,,-20.82487869262677,0.70443479612555
-20.81413792298212,0.7915692177700698,-16.6789416097936,0.278309798223276,-11.30855678747084,0.02495939694324228,,,-20.81413792298212,0.7917153794669823
-20.80339715333748,0.8870837593496963,-16.66820084014895,0.3219454408011004,-11.29781601782619,0.02254494661514045,,,-20.80339715333748,0.8872475576185774
-20.79265638369283,0.9912605196198593,-16.65746007050431,0.3713500715254122,-11.28707524818155,0.02030891001624308,,,-20.79265638369283,0.9914435539223277
-20.78191561404819,1.104481485185396,-16.64671930085966,0.4271025795232165,-11.2763344785369,0.01824505231306741,,,-20.78191561404819,1.104685425516145
-20.77117484440354,1.227090293216242,-16.63597853121502,0.4898107660932392,-11.26559370889226,0.01634645469676714,,,-20.77117484440354,1.227316873021893
-20.76043407475889,1.35938367824524,-16.62523776157037,0.5601081717794529,-11.25485293924761,0.01460565129326247,,,-20.76043407475889,1.35963468576386
-20.74969330511425,1.501602668816111,-16.61449699192572,0.6386500359335603,-11.24411216960296,0.013014759493155,,,-20.74969330511425,1.501879936791212
-20.7389525354696,1.653923666387433,-16.60375622228108,0.7261083362856283,-11.23337139995832,0.01156560235282459,,,-20.7389525354696,1.654229060134709
-20.72821176582496,1.816449555854969,-16.59301545263643,0.8231658682544738,-11.22263063031367,0.01024982199838386,,,-20.72821176582496,1.816784959687609
-20.71747099618031,1.989201012221837,-16.58227468299179,0.9305093386810992,-11.21188986066903,0.009058983237739938,,,-20.71747099618031,1.989568314270628
-20.70673022653567,2.17210818072202,-16.57153391334714,1.048821466333999,-11.20114909102438,0.007984666847173832,,,-20.70673022653567,2.172509256219203
-20.69598945689102,2.365002917494853,-16.5607931437025,1.178772101802512,-11.19040832137974,0.007018552242818953,,,-20.69598945689102,2.365439610625239
-20.68524868724637,2.567611784153754,-16.55005237405785,1.321008402056452,-11.17966755173509,0.0061524894703926,,,-20.68524868724637,2.56808588861229
-20.67450791760173,2.779549991780439,-16.53931160441321,1.476144119699159,-11.16892678209045,0.005378560645668161,,,-20.67450791760173,2.780063230211561
-20.66376714795708,3.000316487568429,-16.52857083476856,1.644748093365256,-11.1581860124458,0.004689131151573752,,,-20.66376714795708,3.000870490098156
-20.65302637831244,3.229290370193521,-16.51783006512391,1.827332053298881,-11.14744524280115,0.004076891044453792,,,-20.65302637831244,3.229886652299666
-20.64228560866779,3.465728807775938,-16.50708929547927,2.024337884279159,-11.13670447315651,0.003534887241733212,,,-20.64228560866779,3.46636874777387
-20.63154483902315,3.708766614921862,-16.49634852583462,2.236124516032889,-11.12596370351186,0.003056547156498858,,,-20.63154483902315,3.709451431372174
-20.6208040693785,3.957417622841367,-16.48560775618998,2.462954638307751,-11.11522293386722,0.002635694512493887,,,-20.6208040693785,3.958148352210526
-20.61006329973386,4.210577949140879,-16.47486698654533,2.70498146303026,-11.10448216422257,0.002266558117350609,,,-20.61006329973386,4.211355424065641
-20.59932253008921,4.467031241949556,-16.46412621690069,2.962235778558948,-11.09374139457793,0.00194377439460266,,,-20.59932253008921,4.467856070469701
-20.58858176044457,4.725455937089978,-16.45338544725604,3.234613560068809,-11.08300062493328,0.001662384478443184,,,-20.58858176044457,4.726328483221062
-20.57784099079992,4.98443452773012,-16.4426446776114,3.52186441468504,-11.07225985528864,0.001417826661839571,,,-20.57784099079992,4.985354893747859
-20.56710022115528,5.242464804186237,-16.43190390796675,3.823581149284883,-11.06151908564399,0.001205924961073122,,,-20.56710022115528,5.243432814986281
-20.55635945151063,5.497972978241904,-16.4211631383221,4.13919075214457,-11.05077831599935,0.001022874520643059,,,-20.55635945151063,5.498988168123016
-20.54561868186599,5.749328562568006,-16.41042236867746,4.467947076172288,-11.0400375463547,0.0008650297802050822,,,-20.54561868186599,5.750390164762671
-20.53487791222134,5.994860832707632,-16.39968159903281,4.808925500826319,-11.02929677671005,0.0007296717045822176,,,-20.53487791222134,5.995967771952354
-20.52413714257669,6.2328766578075,-16.38894082938817,5.161019831630481,-11.01855600706541,0.0006132480147305532,,,-20.52413714257669,6.234027546205509
-20.51339637293205,6.461679448018955,-16.37820005974352,5.522941670321902,-11.00781523742076,0.0005145053707315727,,,-20.51339637293205,6.462872584401505
-20.5026556032874,6.679588932410897,-16.36745929009888,5.893222455173907,-10.99707446777612,0.0004304704507891899,,,-20.5026556032874,6.680822305350524
-20.49191483364276,6.884961452418521,-16.35671852045423,6.270218330235548,-10.98633369813147,0.0003591667529124882,,,-20.49191483364276,6.886232746989448
-20.48117406399811,7.076210433271517,-16.34597775080959,6.652117954667471,-10.97559292848683,0.0002988463360415418,,,-20.48117406399811,7.077517041590055
-20.47043329435347,7.251826680335808,-16.33523698116494,7.036953309819991,-10.96485215884218,0.0002479695954091425,,,-20.47043329435347,7.253165715848459
-20.45969252470882,7.410398139520156,-16.32449621152029,7.42261350321499,-10.95411138919754,0.0002051857907675126,,,-20.45969252470882,7.411766454940406
-20.44895175506418,7.550628761295794,-16.31375544187565,7.806861506394933,-10.94337061955289,0.0001693144939124237,,,-20.44895175506418,7.552022970024145
-20.43821098541953,7.671356116682232,-16.303014672231,8.187353699115354,-10.93262984990824,0.0001393280778121537,,,-20.43821098541953,7.672772617478959
-20.42747021577489,7.771567430755526,-16.29227390258636,8.561662027160953,-10.9218890802636,0.0001143353305622824,,,-20.42747021577489,7.773002435374011
-20.41672944613024,7.850413724582574,-16.28153313294171,8.927298516851861,-10.91114831061895,9.356624335649093e-05,,,-20.41672944613024,7.851863288013909
-20.40598867648559,7.907221789480491,-16.27079236329707,9.281741827830547,-7.602991260068134,0.0001057807881437077,,,-20.40598867648559,7.908681842409119
-20.39524790684095,7.941503757417348,-16.26005159365242,9.622465468746785,-7.592250490423488,0.000122669468882911,,,-20.39524790684095,7.942970140443828
-20.3845071371963,7.952964077270371,-16.24931082400778,9.946967249706645,-7.581509720778842,0.0001418455934766439,,,-20.3845071371963,7.95443257642234
-20.37376636755166,7.952964077270371,-16.23857005436313,10.25279950243604,-7.570768951134196,0.0001635478695199427,,,-20.37376636755166,7.95443257642234
-20.36302559790701,7.941503757417348,-16.22782928471849,10.53759956548391,-7.560028181489551,0.0001880284705063556,,,-20.36302559790701,7.942970140443828
-20.35228482826237,7.907221789480491,-16.21708851507384,10.79912000869395,-7.549287411844905,0.0002155519800849726,,,-20.35228482826237,7.908681842409119
-20.34154405861772,7.850413724582574,-16.20634774542919,11.03525805958379,-7.53854664220026,0.0002463939854315033,,,-20.34154405861772,7.851863288013909
-20.33080328897308,7.771567430755526,-16.19560697578455,11.24408369486204,-7.527805872555614,0.0002808392932827179,,,-20.33080328897308,7.773002435374011
-20.32006251932843,7.671356116682232,-16.1848662061399,11.42386587342481,-7.517065102910969,0.0003191797463990147,,,-20.32006251932843,7.672772617478959
-20.30932174968378,7.550628761295794,-16.17412543649526,11.57309641279235,-7.506324333266323,0.0003617116235975311,,,-20.30932174968378,7.552022970024145
-20.29858098003914,7.410398139520156,-16.16338466685061,11.690511048692,-7.495583563621678,0.0004087326130573917,,,-20.29858098003914,7.411766454940406
-20.28784021039449,7.251826680335808,-16.15264389720597,11.77510726662945,-7.484842793977032,0.0004605383563252647,,,-20.28784021039449,7.253165715848459
-20.27709944074985,7.076210433271517,-16.14190312756132,11.82615855373319,-7.474102024332387,0.0005174185692915549,,,-20.27709944074985,7.077517041590055
-20.2663586711052,6.884961452418521,-16.13116235791668,11.84322478750934,-7.463361254687742,0.0005796527562723536,,,-20.2663586711052,6.886232746989448
-20.25561790146056,6.679588932410897,-16.12042158827203,11.84322478750934,-7.452620485043096,0.0006475055440831676,,,-20.25561790146056,6.680822305350524
-20.24487713181591,6.461679448018955,-16.10968081862739,11.82615855373319,-7.441879715398451,0.0007212216744462831,,,-20.24487713181591,6.462872584401505
-20.23413636217126,6.2328766578075,-16.09894004898274,11.77510726662945,-7.431138945753805,0.0008010207050087918,,,-20.23413636217126,6.234027546205509
-20.22339559252662,5.994860832707632,-16.0881992793381,11.690511048692,-7.42039817610916,0.0008870914813949693,,,-20.22339559252662,5.995967771952354
-20.21265482288197,5.749328562568006,-16.07745850969345,11.57309641279235,-7.409657406464514,0.0009795864547683282,,,-20.21265482288197,5.750390164762671
-20.20191405323733,5.497972978241904,-16.0667177400488,11.42386587342481,-7.398916636819869,0.001078615930995997,,,-20.20191405323733,5.498988168123016
-20.19117328359268,5.242464804186237,-16.05597697040416,11.24408369486204,-7.388175867175223,0.001184242348326238,,,-20.19117328359268,5.243432814986281
-20.18043251394804,4.98443452773012,-16.04523620075951,11.03525805958379,-7.377435097530578,0.001296474690128141,,,-20.18043251394804,4.985354893747859
-20.16969174430339,4.725455937089978,-16.03449543111487,10.79912000869395,-7.366694327885932,0.001415263147314589,,,-20.16969174430339,4.726328483221062
-20.15895097465875,4.467031241949556,-16.02375466147022,10.53759956548391,-7.355953558241286,0.001540494151196445,,,-20.15895097465875,4.467856070469701
-20.1482102050141,4.210577949140879,-16.01301389182558,10.25279950243604,-7.345212788596641,0.001671985901338631,,,-20.1482102050141,4.211355424065641
-20.13746943536945,3.957417622841367,-16.00227312218093,9.946967249706645,-7.334472018951995,0.001809484514182616,,,-20.13746943536945,3.958148352210526
-20.12672866572481,3.708766614921862,-15.99153235253628,9.622465468746785,-7.323731249307349,0.001952660916488175,,,-20.12672866572481,3.709451431372174
-20.11598789608016,3.465728807775938,-15.98079158289164,9.281741827830547,-7.312990479662704,0.002101108602815163,,,-20.11598789608016,3.46636874777387
-20.10524712643552,3.229290370193521,-15.97005081324699,8.927298516851861,-7.302249710018058,0.002254342368172812,,,-20.10524712643552,3.229886652299666
-20.09450635679087,3.000316487568429,-15.95931004360235,8.561662027160953,-7.291508940373413,0.002411798115554397,,,-20.09450635679087,3.000870490098156
-20.08376558714623,2.779549991780439,-15.9485692739577,8.187353699115354,-7.280768170728767,0.002572833823388085,,,-20.08376558714623,2.780063230211561
-20.07302481750158,2.567611784153754,-15.93782850431306,7.806861506394933,-7.270027401084122,0.00273673174010996,,,-20.07302481750158,2.56808588861229
-20.06228404785694,2.365002917494853,-15.92708773466841,7.42261350321499,-7.259286631439477,0.002902701852346082,,,-20.06228404785694,2.365439610625239
-20.05154327821229,2.17210818072202,-15.91634696502377,7.036953309819991,-7.248545861794831,0.00306988664992409,,,-20.05154327821229,2.172509256219203
-20.04080250856764,1.989201012221837,-15.90560619537912,6.652117954667471,-7.237805092150186,0.003237367185567918,,,-20.04080250856764,1.989568314270628
-20.030061738923,1.816449555854969,-15.89486542573447,6.270218330235548,-7.22706432250554,0.003404170400200401,,,-20.030061738923,1.816784959687609
-20.01932096927835,1.653923666387433,-15.88412465608983,5.893222455173907,-7.216323552860895,0.003569277656906746,,,-20.01932096927835,1.654229060134709
-20.00858019963371,1.501602668816111,-15.87338388644518,5.522941670321902,-7.205582783216249,0.003731634398481462,,,-20.00858019963371,1.501879936791212
-19.99783942998906,1.35938367824524,-15.86264311680054,5.161019831630481,-7.194842013571604,0.003890160815823354,,,-19.99783942998906,1.35963468576386
-19.98709866034442,1.227090293216242,-15.85190234715589,4.808925500826319,-7.184101243926958,0.004043763388014862,,,-19.98709866034442,1.227316873021893
-19.97635789069977,1.104481485185396,-15.84116157751125,4.467947076172288,-7.173360474282313,0.004191347130483143,,,-19.97635789069977,1.104685425516145
-19.96561712105512,0.9912605196198593,-15.8304208078666,4.13919075214457,-7.162619704637667,0.004331828365929043,,,-19.96561712105512,0.9914435539223277
-19.95487635141048,0.8870837593496963,-15.81968003822196,3.823581149284883,-7.151878934993022,0.004464147814418573,,,-19.95487635141048,0.8872475576185774
-19.94413558176583,0.7915692177700698,-15.80893926857731,3.52186441468504,-7.141138165348376,0.004587283784780695,,,-19.94413558176583,0.7917153794669823
-19.93339481212119,0.7043047476411625,-15.79819849893267,3.234613560068809,-7.130397395703731,0.004700265239772814,,,-19.93339481212119,0.70443479612555
-19.92265404247654,0.624855770017998,-15.78745772928802,2.962235778558948,-7.119656626059085,0.004802184502775093,,,-19.92265404247654,0.6249711484051577
-19.9119132728319,0.5527724667328272,-15.77671695964337,2.70498146303026,-7.108915856414439,0.0048922093743388,,,-19.9119132728319,0.5528745350800173
-19.90117250318725,0.4875963783763146,-15.76597618999873,2.462954638307751,-7.098175086769793,0.004969594432880345,,,-19.90117250318725,0.4876864120871666
-19.89043173354261,0.4288663674680784,-15.75523542035408,2.236124516032889,-7.087434317125148,0.005033691305166213,,,-19.89043173354261,0.4289455567980962
-19.87969096389796,0.3761239231265461,-15.74449465070944,2.024337884279159,-7.076693547480502,0.005083957708803061,,,-19.87969096389796,0.3761933736681027
-19.86895019425332,0.3289177987661105,-15.73375388106479,1.827332053298881,-7.065952777835857,0.005119965090405134,,,-19.86895019425332,0.3289785327897856
-19.85820942460867,0.2868079879595017,-15.72301311142015,1.644748093365256,-7.055212008191212,0.005141404708984226,,,-19.85820942460867,0.2868609464895547
-19.84746865496403,0.2493690554660559,-15.7122723417755,1.476144119699159,-7.044471238546566,0.005150616359918446,,,-19.84746865496403,0.2494151009709672
-19.83672788531938,0.2161928504669199,-15.70153157213086,1.321008402056452,-7.033730468901921,0.005150256765789346,,,-19.83672788531938,0.2162327700509249
-19.82598711567474,0.1868906372491101,-15.69079080248621,1.178772101802512,-7.022989699257275,0.00514025814730498,,,-19.82598711567474,0.186925146237161
-19.81524634603009,0.1610946849763108,-15.68005003284156,1.048821466333999,-7.01224892961263,0.005117722902069186,,,-19.81524634603009,0.1611244307925845
-19.80450557638544,0.1384593628538298,-15.66930926319692,0.9305093386810992,-7.001508159967984,0.005080485847683889,,,-19.80450557638544,0.1384849291024583
-19.7937648067408,0.1186617900527888,-15.65856849355227,0.8231658682544738,-6.990767390323339,0.005029069494452693,,,-19.7937648067408,0.1186837007185947
-19.78302403709615,0.1014020913468251,-15.64782772390763,0.7261083362856283,-6.980026620678693,0.004963924035248496,,,-19.78302403709615,0.1014208150432613
-19.77228326745151,0.08640330969577249,-15.63708695426298,0.6386500359335603,-6.969285851034048,0.004885614957092883,,,-19.77228326745151,0.08641926389671981
-19.76154249780686,0.07341102615986506,-15.62634618461834,0.5601081717794529,-6.958545081389402,0.004794815693235045,,,-19.76154249780686,0.07342458136124827
-19.75080172816222,0.06219273572552391,-15.61560541497369,0.4898107660932392,-6.947804311744757,0.00469229895826805,,,-19.75080172816222,0.062204219491675
-19.74006095851757,0.05253702504983849,-15.60486464532905,0.4271025795232165,-6.937063542100111,0.004578926953799554,,,-19.74006095851757,0.05254672590803212
-19.72932018887293,0.04425259495988804,-15.5941238756844,0.3713500715254122,-6.926322772455466,0.004455640653699606,,,-19.72932018887293,0.04426076611438334
-19.71857941922828,0.03716716693959756,-15.58338310603975,0.3219454408011004,-6.91558200281082,0.004323448394414579,,,-19.71857941922828,0.03717402978376503
-19.70783864958364,0.03112630895219579,-15.57264233639511,0.278309798223276,-6.904841233166175,0.004183414006910926,,,-19.70783864958364,0.03113205636383453
-19.69709787993899,0.02599221191620655,-15.56190156675046,0.2398955342574965,-6.894100463521529,0.004036644732293837,,,-19.69709787993899,0.02599701132694019
-19.68635711029434,0.02164244409575679,-15.55116079710582,0.2061879498361879,-6.883359693876884,0.003884279162983119,,,-19.68635711029434,0.02164644033043009
-19.6756163406497,0.01796870668238812,-15.54042002746117,0.1767062241988349,-6.872618924232238,0.003727475445618764,,,-19.6756163406497,0.01797202456868419
-19.66487557100505,0.01487561001807666,-15.52967925781653,0.1510037955755724,-6.861878154587592,0.003567399970849106,,,-19.66487557100505,0.01487835677016611
-19.65413480136041,0.01227948630286066,-15.51893848817188,0.1286682310104229,-6.851137384942946,0.003405216759188586,,,-19.65413480136041,0.01228175368581966
-19.64339403171576,0.0101072512938984,-15.50819771852724,0.1093206603532674,-6.840396615298301,0.003242077731695643,,,-19.64339403171576,0.01010911757794163
-19.63265326207112,0.008295324469294096,-15.49745694888259,0.09261484676545235,-6.829655845653656,0.00307911402988134,,,-19.63265326207112,0.008296856184618106
-19.62191249242647,0.00678861441941604,-15.48671617923794,0.07823596225091989,-6.81891507600901,0.002917428521655486,,,-19.62191249242647,0.006789867923697099
-19.61117172278183,0.005539573848624332,-15.4759754095933,0.06589913200267304,-6.808174306364365,0.002758089599938187,,,-19.61117172278183,0.00554059672002422
-19.60043095313718,0.004507326519238462,-15.46523463994865,0.05534780598828237,-6.797433536719719,0.002602126348529276,,,-19.60043095313718,0.004508158788202188
-19.58969018349253,0.003656866736917339,-15.45449387030401,0.04635201041331033,-6.786692767075074,0.00245052511666093,,,-19.58969018349253,0.003657541970157404
-19.57894941384789,0.002958330545650904,-15.44375310065936,0.03870652570002148,-6.775951997430428,0.002304227510074665,,,-19.57894941384789,0.002958876795559155
-19.56820864420324,0.002386336649718301,-15.43301233101472,0.03222903157700737,-6.765211227785783,0.002164129773148623,,,-19.56820864420324,0.002386777282080321
-19.5574678745586,0.00191939418437763,-15.42227156137007,0.0267582539431492,-6.754470458141137,0.002031083504198871,,,-19.5574678745586,0.001919748596733158
-19.54672710491395,0.001539373789847661,-15.41153079172543,0.02215214246961304,-6.743729688496492,0.001905897615180477,,,-19.54672710491395,0.001539658032185862
-19.53598633526931,0.001231037976595946,-15.40079002208078,0.01828610253321239,-6.732988918851846,0.001789341418151602,,,-19.53598633526931,0.001231265285333557
-19.52524556562466,0.0009816264764294235,-15.39004925243614,0.01505130010577992,-6.722248149207201,0.001682148694503445,,,-19.52524556562466,0.0009818077318247929
-19.51450479598002,0.0007804921266236185,-15.37930848279149,0.01235305370685088,-6.711507379562555,0.001585022579502125,,,-19.51450479598002,0.0007806362429574696
-19.50376402633537,0.0006187828080095298,-15.36856771314684,0.01010932349042699,-6.70076660991791,0.001498641074473404,,,-19.50376402633537,0.0006188970650362164
-19.49302325669072,0.0004891650291345855,-15.3578269435022,0.008249303992679894,-6.690025840273264,0.001423662982265986,,,-19.49302325669072,0.0004892553524937101
-19.48228248704608,0.0003855848960711904,-15.34708617385755,0.006712124013059137,-6.679285070628619,0.001360734048678265,,,-19.48228248704608,0.0003856560935627658
-19.47154171740143,0.0003030624122470651,-15.33634540421291,0.00544565452106788,-6.668544300983973,0.001310493083503916,,,-19.47154171740143,0.0003031183721245465
-19.46080094775679,0.0002375152982964176,-15.32560463456826,0.004405423350022726,-6.657803531339328,0.001273577829879777,,,-19.46080094775679,0.0002375591550284158
-19.45006017811214,0,-15.31486386492362,0.003553633725324947,-6.647062761694682,0.001250630349806651,,,-19.45006017811214,0
-16.87227546339722,0.0001063646520063558,-15.30412309527897,0.002858282341094703,-6.636321992050036,0.001242301697132192,,,-17.04412777771154,0.000356747796440476
-16.86153469375257,0.0001295976149692161,-15.29338232563433,0.002292371705446373,-6.625581222405391,0.001249255656980478,,,-17.0333870080669,0.0004551995114779784
-16.85079392410793,0.0001574505364142474,-15.28264155598968,0.001833210779922251,-6.614840452760745,0.00127217134260597,,,-17.02264623842225,0.0005791482190863231
-16.84005315446328,0.0001907386611351718,-15.27190078634503,0.001461797501506453,-6.6040996831161,0.001311744456933632,,,-17.01190546877761,0.000734725499751679
-16.82931238481864,0.0002303990929289271,-15.26116001670039,0.001162276556347442,-6.593358913471454,0.001368687046585033,,,-17.00116469913296,0.0009294113045179768
-16.81857161517399,0.0002775046405156559,-15.25041924705574,0.0009214657351273186,-6.582618143826809,0.001443725600907126,,,-16.99042392948832,0.001172298577435745
-16.80783084552935,0.0003332784131080562,-15.2396784774111,0.0007284443060401495,-6.571877374182163,0.001537597377294588,,,-16.97968315984367,0.001474402217059664
-16.7970900758847,0.0003991090441606748,-15.22893770776645,0.0005741970609286193,-6.561136604537518,0.001651044866748956,,,-16.96894239019903,0.001849018099613375
-16.78634930624005,0.0004765663829336429,-15.21819693812181,0.0004513079951090035,-6.550395834892872,0.001784808349899714,,,-16.95820162055438,0.002312138255368372
-16.77560853659541,0.0005674174507229672,-15.20745616847716,0.0003536979471888013,-6.539655065248227,0.0019396165332934,,,-16.94746085090974,0.002882928597394317
-16.76486776695076,0.0006736424123685662,-15.19671539883252,0,-6.528914295603581,0.002116175298212419,,,-16.93672008126509,0.003584275823318587
-16.75412699730612,0.0007974502645743437,-12.68337530198546,0.0001170782154721216,-6.518173525958936,0.002315154639087117,,,-16.92597931162044,0.004443410217671142
-16.74338622766147,0.000941293891495964,-12.67263453234082,0.0001427521150044383,-6.50743275631429,0.002537173915072402,,,-16.9152385419758,0.00549261104286271
-16.73264545801683,0.001107884086030247,-12.66189376269617,0.0001728712690595325,-6.496691986669645,0.002782785585817498,,,-16.90449777233115,0.006770000985659853
-16.72190468837218,0.001300202083564741,-12.65115299305153,0.0002087607638983009,-6.485951217024999,0.003052457649992032,,,-16.89375700268651,0.008320435685156138
-16.71116391872754,0.001521510105136392,-12.64041222340688,0.0002543335928024946,-6.475210447380354,0.00334655505176139,,,-16.88301623304186,0.01019649366748702
-16.70042314908289,0.001775359360743919,-12.62967145376224,0.0003056465851863025,-6.464469677735708,0.003665320365048241,,,-16.87227546339722,0.01245957101039527
-16.68968237943824,0.002065594922899614,-12.61893068411759,0.0003730402051381275,-6.453728908091063,0.004008854106913617,,,-16.86153469375257,0.01518108371557803
-16.6789416097936,0.002396356847502469,-12.60818991447294,0.0004463988627058568,-6.442988138446417,0.004377095068521505,,,-16.85079392410793,0.01844377903818005
-16.66820084014895,0.002772076896002704,-12.5974491448283,0.0005327699360614837,-6.432247368801772,0.004769801083670826,,,-16.84005315446328,0.02234315487347604
-16.65746007050431,0.003197470201916984,-12.58670837518365,0.0006341771594478347,-6.421506599157127,0.005186530679552101,,,-16.82931238481864,0.02698898369833512
-16.64671930085966,0.003677521228359073,-12.57596760553901,0.000754498911532657,-6.410765829512481,0.005626626071027402,,,-16.81857161517399,0.03250693448432865
-16.63597853121502,0.004217463383615066,-12.56522683589436,0.000893563070827758,-6.400025059867835,0.006089197967248817,,,-16.80783084552935,0.03904028242487497
-16.62523776157037,0.004822751700998239,-12.55448606624972,0.001055523103644079,-6.389284290223189,0.006573112656869567,,,-16.7970900758847,0.04675169224747488
-16.61449699192572,0.005499028049092561,-12.54374529660507,0.001246352710316884,-6.378543520578544,0.007076981824695458,,,-16.78634930624005,0.05582505632580014
-16.60375622228108,0.006252078420504447,-12.53300452696043,0.001464993790440245,-6.367802750933898,0.007599155527833806,,,-16.77560853659541,0.06646736379486121
-16.59301545263643,0.007087781952396055,-12.52226375731578,0.001717642439165547,-6.357061981289253,0.008137718722954181,,,-16.76486776695076,0.07891057145581203
-16.58227468299179,0.008012051460813276,-12.51152298767114,0.002008812521769866,-6.346321211644607,0.008690491688215523,,,-16.75412699730612,0.09341344150807554
-16.57153391334714,0.009030765422928824,-12.50078221802649,0.002343492137437683,-6.335580441999962,0.009255034624104734,,,-16.74338622766147,0.1102633051631142
-16.5607931437025,0.01014969151583066,-12.49004144838185,0.002727175560287666,-6.324839672355316,0.00982865664758766,,,-16.73264545801683,0.1297777051003361
-16.55005237405785,0.01137440201561514,-12.4793006787372,0.003165895036770422,-6.314098902710671,0.01040842931466354,,,-16.72190468837218,0.1523058636723668
-16.53931160441321,0.01271018157364229,-12.46855990909255,0.003666252117370704,-6.303358133066025,0.01099120471905612,,,-16.71116391872754,0.1782299179322097
-16.52857083476856,0.01416192811433266,-12.45781913944791,0.004235448173623658,-6.29261736342138,0.01157363812111424,,,-16.70042314908289,0.2079658571424369
-16.51783006512391,0.01573404783639879,-12.44707836980326,0.00488131372553522,-6.281876593776734,0.01215221496307312,,,-16.68968237943824,0.2419640936637651
-16.50708929547927,0.01743034554162282,-12.43633760015862,0.005612336179448224,-6.271135824132089,0.01272328202693818,,,-16.6789416097936,0.2807095942542999
-16.49634852583462,0.01925391175615248,-12.42559683051397,0.006437685551936233,-6.260395054487443,0.01328308239187976,,,-16.66820084014895,0.324721496103404
-16.48560775618998,0.02120700834205532,-12.41485606086933,0.007367237731005126,-6.249654284842798,0.01382779375178081,,,-16.65746007050431,0.3745521306460623
-16.47486698654533,0.02329095451429094,-12.40411529122468,0.008411594801166577,-6.238913515198152,0.01435356956311947,,,-16.64671930085966,0.4307853786259546
-16.46412621690069,0.02550601537273819,-12.39337452158004,0.009582101933126738,-6.228172745553507,0.01485658241131834,,,-16.63597853121502,0.494034282260932
-16.45338544725604,0.02785129522273126,-12.38263375193539,0.01089086031113482,-6.217431975908861,0.01533306891255797,,,-16.62523776157037,0.56493784495719
-16.4426446776114,0.03032463808311559,-12.37189298229074,0.01235073554065268,-6.206691206264216,0.01577937541013303,,,-16.61449699192572,0.6441569560320655
-16.43190390796675,0.03292253786091777,-12.3611522126461,0.01397536094516378,-6.195950436619571,0.01619200368173731,,,-16.60375622228108,0.7323693875121242
-16.4211631383221,0.03564006069977804,-12.35041144300145,0.01577913512297397,-6.185209666974925,0.01656765584824499,,,-16.59301545263643,0.8302638223909163
-16.41042236867746,0.03847078197970772,-12.33967067335681,0.01777721309230566,-6.174468897330279,0.01690327766682948,,,-16.58227468299179,0.9385328888113976
-16.39968159903281,0.04140674035410445,-12.32892990371216,0.0199854903056921,-6.163728127685633,0.01719609940235835,,,-16.57153391334714,1.057865192455857
-16.38894082938817,0.04443841105336045,-12.31818913406752,0.02242057876288876,-6.152987358040988,0.01744367350113753,,,-16.5607931437025,1.188936359868331
-16.37820005974352,0.04755470046158703,-12.30744836442287,0.02509977439599958,-6.142246588396342,0.01764390833991462,,,-16.55005237405785,1.332399128291901
-16.36745929009888,0.05074296368459734,-12.29670759477823,0.02804101484264785,-6.131505818751697,0.01779509738971202,,,-16.53931160441321,1.488872542565649
-16.35671852045423,0.05398904647597422,-12.28596682513358,0.03126282666489353,-6.120765049107051,0.01789590233386999,,,-16.52857083476856,1.658930346277982
-16.34597775080959,0.05727735247852413,-12.27522605548893,0.03478426101607032,-6.110024279462406,0.01794549967210738,,,-16.51783006512391,1.843088682195401
-16.33523698116494,0.06059093627747089,-12.26448528584429,0.03862481670846801,-6.09928350981776,0.01795740119778712,,,-16.50708929547927,2.041793245359358
-16.32449621152029,0.06391162225817003,-12.25374451619964,0.04280434959631775,-6.088542740173115,0.01794347074956247,,,-16.49634852583462,2.255406060458234
-16.31375544187565,0.0672201487255734,-12.243003746555,0.04734296716614117,-6.077801970528469,0.01788985334333971,,,-16.48560775618998,2.48419208234794
-16.303014672231,0.07049633618741517,-12.23226297691035,0.05226090722618983,-6.067061200883824,0.01778506503318943,,,-16.47486698654533,2.728305844063247
-16.29227390258636,0.07371927814172489,-12.22152220726571,0.05757839961499059,-6.056320431239178,0.01763000692740041,,,-16.46412621690069,2.987778399443031
-16.28153313294171,0.07686755215637044,-12.21078143762106,0.06331550991285882,-6.045579661594533,0.01742600589646727,,,-16.45338544725604,3.262504826682144
-16.27079236329707,0.07991944849899867,-12.20004066797642,0.06949196424670594,-6.034838891949887,0.01717479566776563,,,-16.4426446776114,3.55223257383043
-16.26005159365242,0.08285321308518315,-12.18929989833177,0.07612695443444044,-6.024098122305242,0.01687849229407832,,,-16.43190390796675,3.856550936640304
-16.24931082400778,0.08564730107559609,-12.17855912868712,0.08323892292710669,-6.013357352660596,0.01653956448141739,,,-16.4211631383221,4.174881962450715
-16.23857005436313,0.08828063708350495,-12.16781835904248,0.09084532728008872,-6.002616583015951,0.01616079935795386,,,-16.41042236867746,4.506473070329422
-16.22782928471849,0.09073287766436436,-12.15707758939783,0.09896238422336941,-5.991875813371306,0.01574526434758504,,,-16.39968159903281,4.85039166696221
-16.21708851507384,0.09298467156040774,-12.14633681975319,0.1076047938073959,-5.98113504372666,0.01529626587687425,,,-16.38894082938817,5.205522019433609
-16.20634774542919,0.0950179130733486,-12.13559605010854,0.1167854445758226,-5.970394274082015,0.01481730569143159,,,-16.37820005974352,5.570564619943613
-16.19560697578455,0.09681598394339258,-12.1248552804639,0.1265151012570344,-5.959653504437369,0.01431203558643984,,,-16.36745929009888,5.944038243723765
-16.1848662061399,0.09836397922565776,-12.11411451081925,0.1368020770677799,-5.948912734792724,0.01378421136569026,,,-16.35671852045423,6.324284860262927
-16.17412543649526,0.09964891287568683,-12.10337374117461,0.1476518933762583,-5.938171965148078,0.0132376468344466,,,-16.34597775080959,6.709477509981103
-16.16338466685061,0.100659899080741,-12.09263297152996,0.1590669301671267,-5.927431195503432,0.01267616860449049,,,-16.33523698116494,7.09763120449425
-16.15264389720597,0.1013883057966432,-12.08189220188532,0.1710460714723426,-5.916690425858786,0.01210357244608643,,,-16.32449621152029,7.486616849624481
-16.14190312756132,0.1018278774617654,-12.07115143224067,0.1835843506615398,-5.905949656214141,0.01152358186303723,,,-16.31375544187565,7.87417812757537
-16.13116235791668,0.1019748244482951,-12.06041066259602,0.1966726012027903,-5.895208886569495,0.01093980949553335,,,-16.303014672231,8.257951209649148
-16.12042158827203,0.1019748244482951,-12.04966989295138,0.2102971191855834,-5.88446811692485,0.01035572187346871,,,-16.29227390258636,8.635487105124129
-16.10968081862739,0.1018278774617654,-12.03892912330673,0.2244393445170889,-5.873727347280204,0.009774607952834122,,,-16.28153313294171,9.004276387143443
-16.09894004898274,0.1013883057966432,-12.02818835366209,0.2390755682333579,-5.862986577635559,0.009199551772351305,,,-16.27079236329707,9.361775974460006
-16.0881992793381,0.100659899080741,-12.01744758401744,0.2541769054062422,-5.852245807990913,0.008633409469343795,,,-16.26005159365242,9.705437590418324
-16.07745850969345,0.09964891287568683,-12.0067068143728,0.2697086132746754,-5.841505038346268,0.008078790795565727,,,-16.24931082400778,10.0327374693646
-16.0667177400488,0.09836397922565776,-11.99596604472815,0.2856299249843195,-5.830764268701622,0.007538045177798645,,,-16.23857005436313,10.34120683739121
-16.05597697040416,0.09681598394339258,-11.98522527508351,0.301894407077591,-5.820023499056977,0.007013252276749258,,,-16.22782928471849,10.62846266040622
-16.04523620075951,0.0950179130733486,-11.97448450543886,0.3184496864235984,-5.809282729412331,0.006506216913144689,,,-16.21708851507384,10.89223812922316
-16.03449543111487,0.09298467156040774,-11.96374373579421,0.335249810742385,-5.798541959767686,0.006018468153625218,,,-16.20634774542919,11.13041233967661
-16.02375466147022,0.09073287766436436,-11.95300296614957,0.3522724642841262,-5.787801190123041,0.005551262282436815,,,-16.19560697578455,11.34103862636532
-16.01301389182558,0.08828063708350495,-11.94226219650492,0.3694940730458717,-5.777060420478395,0.00510558932902657,,,-16.1848662061399,11.52237102184938
-16.00227312218093,0.08564730107559609,-11.93152142686028,0.386796354619008,-5.76631965083375,0.004682182777077029,,,-16.17412543649526,11.67288833896735
-15.99153235253628,0.08285321308518315,-11.92078065721563,0.4040384862372287,-5.755578881189104,0.004281532047556209,,,-16.16338466685061,11.79131541201085
-15.98079158289164,0.07991944849899867,-11.91003988757099,0.4211342509548666,-5.744838111544459,0.003903897326942643,,,-16.15264389720597,11.8766410820529
-15.97005081324699,0.07686755215637044,-11.89929911792634,0.4379936329737859,-5.734097341899813,0.003549326301530874,,,-16.14190312756132,11.92813257168256
-15.95931004360235,0.07371927814172489,-11.8885583482817,0.4545235026421412,-5.723356572255168,0.003217672358977025,,,-16.13116235791668,11.94534596333941
-15.9485692739577,0.07049633618741517,-11.87781757863705,0.4706283860555576,-5.712615802610522,0.002908613828116682,,,-16.12042158827203,11.94534596333941
-15.93782850431306,0.0672201487255734,-11.8670768089924,0.4862113122633128,-5.701875032965876,0.002621673846500555,,,-16.10968081862739,11.92813257168256
-15.92708773466841,0.06391162225817003,-11.85633603934776,0.5011747290896379,-5.691134263321231,0.002356240470830534,,,-16.09894004898274,11.8766410820529
-15.91634696502377,0.06059093627747089,-11.84559526970311,0.5154214766647673,-5.680393493676585,0.0021115866772329,,,-16.0881992793381,11.79131541201085
-15.90560619537912,0.05727735247852413,-11.83485450005847,0.5288558059773361,-5.669652724031939,0.001886889934727134,,,-16.07745850969345,11.67288833896735
-15.89486542573447,0.05398904647597422,-11.82411373041382,0.5413844281640369,-5.658911954387294,0.001681251074990599,,,-16.0667177400488,11.52237102184938
-15.88412465608983,0.05074296368459734,-11.81337296076918,0.5529175788965086,-5.648171184742648,0.001493712223276126,,,-16.05597697040416,11.34103862636532
-15.87338388644518,0.04755470046158703,-11.80263219112453,0.563370081157347,-5.637430415098003,0.001323273597882928,,,-16.04523620075951,11.13041233967661
-15.86264311680054,0.04443841105336045,-11.79189142147989,0.5726623889589052,-5.626689645453357,0.001168909027789112,,,-16.03449543111487,10.89223812922316
-15.85190234715589,0.04140674035410445,-11.78115065183524,0.5807860725149986,-5.615948875808712,0.001029580078932115,,,-16.02375466147022,10.62846266040622
-15.84116157751125,0.03847078197970772,-11.7704098821906,0.5876752567891458,-5.605208106164066,0.0009042487183218341,,,-16.01301389182558,10.34120683739121
-15.8304208078666,0.03564006069977804,-11.75966911254595,0.5932684078652208,-5.594467336519421,0.000791888480993596,,,-16.00227312218093,10.0327374693646
-15.81968003822196,0.03292253786091777,-11.7489283429013,0.597545526341979,-5.583726566874775,0.0006914941372149413,,,-15.99153235253628,9.705437590418324
-15.80893926857731,0.03032463808311559,-11.73818757325666,0.6004057372082278,-5.57298579723013,0.0006020898859670331,,,-15.98079158289164,9.361775974460006
-15.79819849893267,0.02785129522273126,-11.72744680361201,0.6017902154242432,-5.562245027585485,0.0005227361252918129,,,-15.97005081324699,9.004276387143443
-15.78745772928802,0.02550601537273819,-11.71670603396737,0.601822035763096,-5.551504257940839,0.0004525348705307162,,,-15.95931004360235,8.635487105124129
-15.77671695964337,0.02329095451429094,-11.70596526432272,0.6004928281667884,-5.540763488296194,0.0003906339078040027,,,-15.9485692739577,8.257951209649148
-15.76597618999873,0.02120700834205532,-11.69522449467808,0.5979878727472753,-5.530022718651548,0.0003362297824229864,,,-15.93782850431306,7.87417812757537
-15.75523542035408,0.01925391175615248,-11.68448372503343,0.5943180600083785,-5.519281949006903,0.0002885697305117331,,,-15.92708773466841,7.486616849624481
-15.74449465070944,0.01743034554162282,-11.67374295538879,0.5891782107767064,-5.508541179362257,0.0002469526672326556,,,-15.91634696502377,7.09763120449425
-15.73375388106479,0.01573404783639879,-11.66300218574414,0.5825994999526796,-5.497800409717612,0.0002107293470077945,,,-15.90560619537912,6.709477509981103
-15.72301311142015,0.01416192811433266,-11.65226141609949,0.5747010801745758,-5.487059640072966,0.0001793018103863586,,,-15.89486542573447,6.324284860262927
-15.7122723417755,0.01271018157364229,-11.64152064645485,0.5655352744760067,-5.476318870428321,0.0001521222291310989,,,-15.88412465608983,5.944038243723765
-15.70153157213086,0.01137440201561514,-11.6307798768102,0.5550869644323896,-5.465578100783675,0.0001286912560884266,,,-15.87338388644518,5.570564619943613
-15.69079080248621,0.01014969151583066,-11.62003910716556,0.5435583876713149,-5.454837331139029,0.0001085559798696398,,,-15.86264311680054,5.205522019433609
-15.68005003284156,0.009030765422928824,-11.60929833752091,0.5310279528591825,-5.444096561494383,9.130757668503462e-05,,,-15.85190234715589,4.85039166696221
-15.66930926319692,0.008012051460813276,-11.59855756787627,0.5174493006472534,-2.98446031287056,0.0001148040797165928,,,-15.84116157751125,4.506473070329422
-15.65856849355227,0.007087781952396055,-11.58781679823162,0.502913802906171,-2.973719543225914,0.0001382528504532389,,,-15.8304208078666,4.174881962450715
-15.64782772390763,0.006252078420504447,-11.57707602858698,0.4875182975743208,-2.962978773581268,0.0001660683978503748,,,-15.81968003822196,3.856550936640304
-15.63708695426298,0.005499028049092561,-11.56633525894233,0.4713639583708836,-2.952238003936623,0.0001989758453660015,,,-15.80893926857731,3.55223257383043
-15.62634618461834,0.004822751700998239,-11.55559448929768,0.4545551317917249,-2.941497234291977,0.0002378037020339566,,,-15.79819849893267,3.262504826682144
-15.61560541497369,0.004217463383615066,-11.54485371965304,0.4371981608709768,-2.930756464647332,0.0002834955691739697,,,-15.78745772928802,2.987778399443031
-15.60486464532905,0.003677521228359073,-11.53411295000839,0.4194002149634852,-2.920015695002687,0.0003373534847021015,,,-15.77671695964337,2.728305844063247
-15.5941238756844,0.003197470201916984,-11.52337218036375,0.401268144161686,-2.909274925358041,0.0004001917048191259,,,-15.76597618999873,2.48419208234794
-15.58338310603975,0.002772076896002704,-11.5126314107191,0.3829073759325562,-2.898534155713396,0.0004735610817598936,,,-15.75523542035408,2.255406060458234
-15.57264233639511,0.002396356847502469,-11.50189064107446,0.3644208701833673,-2.88779338606875,0.0005590026850709665,,,-15.74449465070944,2.041793245359358
-15.56190156675046,0.002065594922899614,-11.49114987142981,0.3459081472847408,-2.877052616424105,0.0006582437519229091,,,-15.73375388106479,1.843088682195401
-15.55116079710582,0.001775359360743919,-11.48040910178517,0.3274644016482252,-2.866311846779459,0.0007732138196662743,,,-15.72301311142015,1.658930346277982
-15.54042002746117,0.001521510105136392,-11.46966833214052,0.3091797113303834,-2.855571077134814,0.0009060612892361595,,,-15.7122723417755,1.488872542565649
-15.52967925781653,0.001300202083564741,-11.45892756249587,0.2911383518761835,-2.844830307490168,0.001059170270530538,,,-15.70153157213086,1.332399128291901
-15.51893848817188,0.001107884086030247,-11.44818679285123,0.2734182202822837,-2.834089537845522,0.00123517753236894,,,-15.69079080248621,1.188936359868331
-15.50819771852724,0.000941293891495964,-11.43744602320658,0.2560903726156684,-2.823348768200877,0.001436989349416085,,,-15.68005003284156,1.057865192455857
-15.49745694888259,0.0007974502645743437,-11.42670525356194,0.2392186765224662,-2.812607998556231,0.001667798006763009,,,-15.66930926319692,0.9385328888113976
-15.48671617923794,0.0006736424123685662,-11.41596448391729,0.2228595776588821,-2.801867228911586,0.001931097689988504,,,-15.65856849355227,0.8302638223909163
-15.4759754095933,0.0005674174507229672,-11.40522371427265,0.2070619770186879,-2.79112645926694,0.002230699454832167,,,-15.64782772390763,0.7323693875121242
-15.46523463994865,0.0004765663829336429,-11.394482944628,0.1918672142606561,-2.780385689622295,0.002570744936522487,,,-15.63708695426298,0.6441569560320655
-15.45449387030401,0.0003991090441606748,-11.38374217498336,0.1773091504882475,-2.769644919977649,0.00295571842481874,,,-15.62634618461834,0.56493784495719
-15.44375310065936,0.0003332784131080562,-11.37300140533871,0.1634143425283461,-2.758904150333004,0.003390456897523968,,,-15.61560541497369,0.494034282260932
-15.43301233101472,0.0002775046405156559,-11.36226063569407,0.1502022996132006,-2.748163380688358,0.00388015757327309,,,-15.60486464532905,0.4307853786259546
-15.42227156137007,0.0002303990929289271,-11.35151986604942,0.1376858124991779,-2.737422611043713,0.004430382514550733,,,-15.5941238756844,0.3745521306460623
-15.41153079172543,0.0001907386611351718,-11.34077909640477,0.1258713444587001,-2.726681841399067,0.005047059784997458,,,-15.58338310603975,0.324721496103404
-15.40079002208078,0.0001574505364142474,-11.33003832676013,0.1147594732518162,-2.715941071754422,0.005736480642067146,,,-15.57264233639511,0.2807095942542999
-15.39004925243614,0.0001295976149692161,-11.31929755711548,0.104345373108549,-2.705200302109776,0.006505292228046606,,,-15.56190156675046,0.2419640936637651
-15.37930848279149,0.0001063646520063558,-11.30855678747084,0.09461932591407653,-2.694459532465131,0.007360485210479511,,,-15.55116079710582,0.2079658571424369
-15.36856771314684,8.704525217781652e-05,-11.29781601782619,0.08556725116280717,-2.683718762820485,0.008309375818378479,,,-15.54042002746117,0.1782299179322097
-12.86596838594444,0.0001686827531052614,-11.28707524818155,0.07717124480767561,-2.67297799317584,0.009359581724566697,,,-15.52967925781653,0.1523058636723668
-12.85522761629979,0.0002141121054677449,-11.2763344785369,0.06941011784813311,-2.662237223531194,0.01051899123843083,,,-15.51893848817188,0.1297777051003361
-12.84448684665515,0.0002710052511050306,-11.26559370889226,0.0622599263434042,-2.651496453886549,0.01179572529869475,,,-15.50819771852724,0.1102633051631142
-12.8337460770105,0.000342042398595835,-11.25485293924761,0.05569448547525913,-2.640755684241903,0.01319809179395103,,,-15.49745694888259,0.09341344150807554
-12.82300530736586,0.0004304748128427805,-11.24411216960296,0.04968586128587239,-2.630014914597258,0.01473453179099483,,,-15.48671617923794,0.07891057145581203
-12.81226453772121,0.0005402327726886291,-11.23337139995832,0.04420483475169584,-2.619274144952612,0.01641355731879521,,,-15.4759754095933,0.06646736379486121
-12.80152376807657,0.0006760507510765866,-11.22263063031367,0.03922133389608262,-2.608533375307966,0.01824368044037926,,,-15.46523463994865,0.05582505632580014
-12.79078299843192,0.0008436118655988819,-11.21188986066903,0.03470483066670448,-2.597792605663321,0.02023333344696504,,,-15.45449387030401,0.04675169224747488
-12.78004222878727,0.00104971374159737,-11.20114909102438,0.03062470028669875,-2.587051836018675,0.02239078012906021,,,-15.44375310065936,0.03904028242487497
-12.76930145914263,0.001302457993583085,-11.19040832137974,0.02695054171244278,-2.57631106637403,0.02472401821829964,,,-15.43301233101472,0.03250693448432865
-12.75856068949798,0.001611465554021398,-11.17966755173509,0.02365245868087643,-2.565570296729384,0.02724067325145711,,,-15.42227156137007,0.02698898369833512
-12.74781991985334,0.001988120050748528,-11.16892678209045,0.02070130159395346,-2.554829527084739,0.02994788428375663,,,-15.41153079172543,0.02234315487347604
-12.73707915020869,0.002445841343669859,-11.1581860124458,0.01806887115916649,-2.544088757440093,0.03285218207116817,,,-15.40079002208078,0.01844377903818005
-12.72633838056405,0.003000391165288078,-11.14744524280115,0.01572808527854111,-2.533347987795448,0.03595936054898665,,,-15.39004925243614,0.01518108371557803
-12.7155976109194,0.003670212554715532,-11.13670447315651,0.01365311115247854,-2.522607218150802,0.03927434265413141,,,-15.37930848279149,0.01245957101039527
-12.70485684127476,0.004528540871013164,-11.12596370351186,0.01181946494052448,-2.511866448506157,0.04280104176798084,,,-15.36856771314684,0.01019649366748702
-12.69411607163011,0.00551114623650742,-11.11522293386722,0.01020408160210711,-2.501125678861511,0.04654222029110218,,,-15.3578269435022,0.008320435685156138
-12.68337530198546,0.006722031062818152,-11.10448216422257,0.008785357732048455,-2.490384909216866,0.05049934709610265,,,-15.34708617385755,0.006770000985659853
-12.67263453234082,0.008162394268141398,-11.09374139457793,0.007543166563966442,-2.47964413957222,0.05467245583441765,,,-15.33634540421291,0.00549261104286271
-12.66189376269617,0.009854399612338414,-11.08300062493328,0.006458871438141093,-2.468903369927575,0.05906000629088588,,,-15.32560463456826,0.004443410217671142
-12.65115299305153,0.01186396000048818,-11.07225985528864,0.005515280077421718,-2.458162600282929,0.06365875117957583,,,-15.31486386492362,0.003584275823318587
-12.64041222340688,0.01436212876621902,-11.06151908564399,0.004696626568801055,-2.447421830638284,0.06846361094821901,,,-15.30412309527897,0.002882928597394317
-12.62967145376224,0.01720406381093558,-11.05077831599935,0.00398851804207967,-2.436681060993638,0.0734675592991938,,,-15.29338232563433,0.002312138255368372
-12.61893068411759,0.02066396714061535,-11.0400375463547,0.003377676406982925,-2.425940291348993,0.07866152223465429,,,-15.28264155598968,0.001849018099613375
-12.60818991447294,0.02462667232912773,-11.02929677671005,0.002852036731762854,-2.415199521704347,0.08403429348465856,,,-15.27190078634503,0.001474402217059664
-12.5974491448283,0.0292697181917724,-11.01855600706541,0.002401242111327175,-2.404458752059702,0.08957246917301502,,,-15.26116001670039,0.001172298577435745
-12.58670837518365,0.03469406346891946,-11.00781523742076,0.002017003561639264,-2.393717982415056,0.09526040450976653,,,-15.25041924705574,0.0009294113045179768
-12.57596760553901,0.04109199233267884,-10.99707446777612,0.001689587545132591,-2.382977212770411,0.1010801951665361,,,-15.2396784774111,0.000734725499751679
-12.56522683589436,0.04848903396795268,-10.98633369813147,0.001411424755482291,-2.372236443125765,0.1070116857874488,,,-15.22893770776645,0.0005791482190863231
-12.55448606624972,0.05702605835134482,-10.97559292848683,0.001175810756908291,-2.361495673481119,0.1130325078117227,,,-15.21819693812181,0.0004551995114779784
-12.54374529660507,0.06701474776767227,-10.96485215884218,0.0009768310619953783,-2.350754903836474,0.1191225366638584,,,-15.20745616847716,0.000356747796440476
-12.53300452696043,0.07840986128234581,-10.95411138919754,0.0008092887211841315,-2.340014134191828,0.1252551788905412,,,-15.19671539883252,0
-12.52226375731578,0.09150240022256421,-10.94337061955289,0.0006686350904592142,-2.329273364547183,0.1313975076621585,,,-12.86596838594444,0.00017266294485763
-12.51152298767114,0.1065028659777019,-10.93262984990824,0.0005509042767821001,-2.318532594902537,0.1375192469893457,,,-12.85522761629979,0.0002191797797527842
-12.50078221802649,0.1236411108023917,-10.9218890802636,0.0004526516120046215,-2.307791825257892,0.1435885868843892,,,-12.84448684665515,0.0002774389975307845
-12.49004144838185,0.1431671483791501,-10.91114831061895,0.0003708963756085211,-2.297051055613247,0.1495724193790451,,,-12.8337460770105,0.0003501869977850624
-12.4793006787372,0.1653518665161355,-10.90040754097431,0.0003030688743952881,-2.286310285968601,0.1554758681343787,,,-12.82300530736586,0.0004407555914410147
-12.46855990909255,0.1904876231388738,-10.88966677132966,0.0002469618925435408,-2.275569516323956,0.1612637200010968,,,-12.81226453772121,0.0005531727284648262
-12.45781913944791,0.2188887068055923,-10.87892600168502,0.0002006864472827374,-2.26482874667931,0.1668625300865547,,,-12.80152376807657,0.0006922909018355381
-12.44707836980326,0.2508916434145801,-10.86818523204037,0.0001626317225907194,-2.254087977034664,0.1722348719957827,,,-12.79078299843192,0.0008639353319635156
-12.43633760015862,0.2868553315908163,-10.85744446239573,0.0001303847277198406,-2.243347207390019,0.1773436050329847,,,-12.78004222878727,0.001075074133187213
-12.42559683051397,0.3271609904368716,-10.84670369275108,0.0001051056940242029,-2.232606437745373,0.1821550761298957,,,-12.76930145914263,0.001334012729987163
-12.41485606086933,0.3722119048940083,-10.83596292310643,8.350661522617756e-05,-2.221865668100728,0.1866359290451788,,,-12.75856068949798,0.001650614815258898
-12.40411529122468,0.4224329558517872,-7.957436658341435,0.0003693183109708052,-2.211124898456082,0.1907529710008212,,,-12.74781991985334,0.002036552115358767
-12.39337452158004,0.4782699243202834,-7.94669588869679,0.0008344804274624083,-2.200384128811437,0.1944761270219172,,,-12.73707915020869,0.002505585134583991
-12.38263375193539,0.5401885613738958,-7.935955119052144,0.001062546184025713,-2.189643359166791,0.1977772052242153,,,-12.72633838056405,0.003073876882268864
-12.37189298229074,0.6086734181102326,-7.925214349407499,0.001349052385351939,-2.178902589522146,0.2006587604268115,,,-12.7155976109194,0.003760341325096832
-12.3611522126461,0.6842264324488178,-7.914473579762853,0.001707887058899398,-2.1681618198775,0.2030979494384703,,,-12.70485684127476,0.004640216517120772
-12.35041144300145,0.7673652721191131,-7.903732810118208,0.002155950646510032,-2.157421050232855,0.2050474133060153,,,-12.69411607163011,0.005647410300905209
-12.33967067335681,0.858621435545596,-7.892992040473563,0.00271373735971981,-2.146680280588209,0.2064926800345222,,,-12.68337530198546,0.0068892128130148
-12.32892990371216,0.9585381144173657,-7.882251270828917,0.003406011751406073,-2.135939510943563,0.2074181251172433,,,-12.67263453234082,0.008366321819420392
-12.31818913406752,1.067667823422413,-7.871510501184272,0.004262592322227054,-2.125198741298918,0.2078155299629053,,,-12.66189376269617,0.01010128724631956
-12.30744836442287,1.18656980383316,-7.860769731539626,0.00531925463486268,-2.114457971654272,0.2076815392106044,,,-12.65115299305153,0.01216201926643557
-12.29670759477823,1.315807208267169,-7.850028961894981,0.006618766910869343,-2.103717202009627,0.2071406750431051,,,-12.64041222340688,0.01472615255491204
-12.28596682513358,1.455944073954495,-7.839288192250335,0.008212071380321248,-2.092976432364981,0.2061961653043151,,,-12.62967145376224,0.01764147143196419
-12.27522605548893,1.607542091189657,-7.828547422605689,0.01015962468261249,-2.082235662720336,0.2047299505598776,,,-12.61893068411759,0.02119513089540176
-12.26448528584429,1.771157172335154,-7.817806652961043,0.01253291031047376,-2.071494893075691,0.2028572746428824,,,-12.60818991447294,0.02526199138018695
-12.25374451619964,1.947335824818318,-7.807065883316398,0.01541613537512309,-2.060754123431045,0.2005957710677131,,,-12.5974491448283,0.03002758671275321
-12.243003746555,2.136611329111234,-7.796325113671752,0.01890812277043039,-2.0500133537864,0.1978662694911943,,,-12.58670837518365,0.03559571562022498
-12.23226297691035,2.339499719837048,-7.785584344027107,0.023124408046723,-2.039272584141754,0.1946772899753127,,,-12.57596760553901,0.04216388344223226
-12.22152220726571,2.5564955650838,-7.774843574382461,0.02819954788796456,-2.028531814497109,0.1910548855086799,,,-12.56522683589436,0.04975840769675619
-12.21078143762106,2.78806753595044,-7.764102804737816,0.03428964393857549,-2.017791044852463,0.1870284417511101,,,-12.55448606624972,0.05852464257670542
-12.20004066797642,3.034653755559448,-7.75336203509317,0.04157508177188618,-2.007050275207817,0.1826275530299949,,,-12.54374529660507,0.06878237660903624
-12.18929989833177,3.296656914537827,-7.742621265448525,0.05026347996330072,-1.996309505563172,0.1778986063326487,,,-12.53300452696043,0.08048617989626441
-12.17855912868712,3.574439138606201,-7.731880495803879,0.06059283847254546,-1.985568735918526,0.1728784522762675,,,-12.52226375731578,0.09393508040924815
-12.16781835904248,3.868316593746107,-7.721139726159234,0.0728348688131201,-1.974827966273881,0.1675982456467413,,,-12.51152298767114,0.1093458288206404
-12.15707758939783,4.178553815754668,-7.710398956514588,0.0872984807779788,-1.964087196629235,0.1620930231599363,,,-12.50078221802649,0.1269551665928779
-12.14633681975319,4.505357754138445,-7.699658186869943,0.1043333918110735,-1.95334642698459,0.1564076915505349,,,-12.49004144838185,0.1470206763302918
-12.13559605010854,4.848871525500069,-7.688917417225298,0.124333815510448,-1.942605657339944,0.1505856518400397,,,-12.4793006787372,0.1698215333976832
-12.1248552804639,5.209167879031464,-7.678176647580652,0.1477421753043379,-1.931864887695299,0.1446726201835585,,,-12.46855990909255,0.1956591394753892
-12.11411451081925,5.586242386570883,-7.667435877936007,0.1750527781848642,-1.921124118050653,0.1387104100219303,,,-12.45781913944791,0.2248576187616673
-12.10337374117461,5.980006381942592,-7.656695108291361,0.2068153716897668,-1.910383348406008,0.1327448636694054,,,-12.44707836980326,0.257764157945775
-12.09263297152996,6.390279688908332,-7.645954338646716,0.2436384953174916,-1.899642578761362,0.1268224689833192,,,-12.43633760015862,0.2947491718714797
-12.08189220188532,6.816783193833714,-7.63521356900207,0.286192525524172,-1.888901809116717,0.1209834105847432,,,-12.42559683051397,0.3362062779896012
-12.07115143224067,7.259131337803845,-7.624472799357425,0.3352123017153804,-1.878161039472071,0.1152724441796135,,,-12.41485606086933,0.3825520642432617
-12.06041066259602,7.716824622978066,-7.613732029712779,0.3914992095957079,-1.867420269827426,0.109731683607983,,,-12.40411529122468,0.4342256369083979
-12.04966989295138,8.189242248900413,-7.602991260068134,0.4559225883082083,-1.85667950018278,0.1044020772195237,,,-12.39337452158004,0.4916879370756885
-12.03892912330673,8.675635015611517,-7.592250490423488,0.5294203194585699,-1.845938730538135,0.09932326110650819,,,-12.38263375193539,0.5554208168429353
-12.02818835366209,9.175118650972788,-7.581509720778842,0.6129984498837954,-1.835197960893489,0.09453344651121992,,,-12.37189298229074,0.6259258688082019
-12.01744758401744,9.686897432300759,-7.570768951134196,0.70772969642199,-1.824457191248843,0.09007033119436605,,,-12.3611522126461,0.7037230050195069
-12.0067068143728,10.20979753754523,-7.560028181489551,0.8147506805056347,-1.813716421604198,0.08596735909141645,,,-12.35041144300145,0.7893487840418724
-11.99596604472815,10.74226279730731,-7.549287411844905,0.9352577436624677,-1.802975651959553,0.08225889598055322,,,-12.33967067335681,0.8833544871358729
-11.98522527508351,11.28281306359569,-7.53854664220026,1.070501202463477,-1.792234882314907,0.07897696322873918,,,-12.32892990371216,0.9863039465905912
-11.97448450543886,11.82981295082315,-7.527805872555614,1.221777913553082,-1.781494112670261,0.07615208208245081,,,-12.31818913406752,1.098771130908984
-11.96374373579421,12.38277518048681,-7.517065102910969,1.390422036504754,-1.770753343025616,0.07381313793920856,,,-12.30744836442287,1.221337492706157
-11.95300296614957,12.94150477935364,-7.506324333266323,1.577793904640576,-1.76001257338097,0.07198767453457915,,,-12.29670759477823,1.354589085768742
-11.94226219650492,13.50515519426924,-7.495583563621678,1.785266941787913,-1.749271803736325,0.07070179432915252,,,-12.28596682513358,1.499113457677692
-11.93152142686028,14.06965619550121,-7.484842793977032,2.014212596228166,-1.738531034091679,0.06998025024390073,,,-12.27522605548893,1.655496323688767
-11.92078065721563,14.62995554413977,-7.474102024332387,2.265983301663225,-1.727790264447034,0.0698464965132939,,,-12.26448528584429,1.824318026202072
-11.91003988757099,15.18346811893489,-7.463361254687742,2.541893518543031,-1.717049494802388,0.07032273051013191,,,-12.25374451619964,2.006149782182743
-11.89929911792634,15.72750373379922,-7.452620485043096,2.843198957023767,-1.706308725157743,0.07143254290870803,,,-12.243003746555,2.201549718412281
-11.8885583482817,16.25928459643153,-7.441879715398451,3.171074134416903,-1.695567955513097,0.07319116556748886,,,-12.23226297691035,2.411058691594167
-11.87781757863705,16.77596519287343,-7.431138945753805,3.526588474293664,-1.684827185868452,0.07561920920661144,,,-12.22152220726571,2.635195887294275
-11.8670768089924,17.27465448280348,-7.42039817610916,3.910681210276183,-1.674086416223806,0.07873398470375584,,,-12.21078143762106,2.874454188697059
-11.85633603934776,17.75244023323694,-7.409657406464514,4.324135413636281,-1.663345646579161,0.08255422557692371,,,-12.20004066797642,3.129295303471479
-11.84559526970311,18.20641526062218,-7.398916636819869,4.767551518631517,-1.652604876934515,0.08708983805480153,,,-12.18929989833177,3.400144634967029
-11.83485450005847,18.63370529470076,-7.388175867175223,5.241320771397639,-1.64186410728987,0.09235907217823988,,,-12.17855912868712,3.687385882821505
-11.82411373041382,19.03149812359983,-7.377435097530578,5.745599075453138,-1.631123337645224,0.09836919339177129,,,-12.16781835904248,3.991355358187826
-11.81337296076918,19.39707363014619,-7.366694327885932,6.280281747674529,-1.620382568000579,0.1051308251269791,,,-12.15707758939783,4.312336000499981
-11.80263219112453,19.7278342859893,-7.355953558241286,6.84497973119464,-1.609641798355933,0.1126524623229302,,,-12.14633681975319,4.650551086297077
-11.79189142147989,20.02133563436031,-7.345212788596641,7.438997834351277,-1.598901028711288,0.1209437045689467,,,-12.13559605010854,5.006157626366883
-11.78115065183524,20.27781259449693,-7.334472018951995,8.061315575988845,-1.588160259066642,0.1300010564743935,,,-12.1248552804639,5.379239455554059
-11.7704098821906,20.49519419705589,-7.323731249307349,8.710571215703407,-1.577419489421997,0.1398283192927965,,,-12.11411451081925,5.769800030123578
-11.75966911254595,20.67077027546197,-7.312990479662704,9.385049531891534,-1.566678719777351,0.150423378550283,,,-12.10337374117461,6.177754960602496
-11.7489283429013,20.80417464144502,-7.302249710018058,10.08267387990352,-1.555937950132706,0.1617821007575026,,,-12.09263297152996,6.602924323461245
-11.73818757325666,20.89243161356169,-7.291508940373413,10.80100301677179,-1.54519718048806,0.173895102058485,,,-12.08189220188532,7.045024812636583
-11.72744680361201,20.93326904975433,-7.280768170728767,11.53723311786608,-1.534456410843414,0.1867494615692218,,,-12.07115143224067,7.503661811414228
-11.71670603396737,20.93170114614952,-7.270027401084122,12.28820533485029,-1.523715641198769,0.2003301145176291,,,-12.06041066259602,7.978321486122266
-11.70596526432272,20.8873109873439,-7.259286631439477,13.0504191543921,-1.512974871554123,0.2146172607797161,,,-12.04966989295138,8.468363024854138
-11.69522449467808,20.79967649696359,-7.248545861794831,13.82005171459442,-1.502234101909478,0.2295869553681008,,,-12.03892912330673,8.973011166342429
-11.68448372503343,20.66899503232231,-7.237805092150186,14.59298312294072,-1.491493332264832,0.2452109660853417,,,-12.02818835366209,9.491349185341289
-11.67374295538879,20.49036259508867,-7.22706432250554,15.36482769797831,-1.480752562620187,0.2614566679989606,,,-12.01744758401744,10.02254244572242
-11.66300218574414,20.26465042077974,-7.216323552860895,16.13097092970926,-1.470011792975541,0.2782869799402761,,,-12.0067068143728,10.56537103786639
-11.65226141609949,19.99690684746996,-7.205582783216249,16.8866118237544,-1.459271023330896,0.2956603477756808,,,-11.99596604472815,11.11822534380743
-11.64152064645485,19.69040695228633,-7.194842013571604,17.62681016509891,-1.44853025368625,0.3135320125624448,,,-11.98522527508351,11.6795647559666
-11.6307798768102,19.34313935017027,-7.184101243926958,18.34653811207715,-1.437789484041605,0.3318495041608399,,,-11.97448450543886,12.2476861524281
-11.62003910716556,18.96157833989538,-7.173360474282313,19.04073541373165,-1.427048714396959,0.3505602223412445,,,-11.96374373579421,12.82205165102603
-11.60929833752091,18.54806190296275,-7.162619704637667,19.70436743726117,-1.416307944752314,0.3696040148840242,,,-11.95300296614957,13.40242812450653
-11.59855756787627,18.09902452740096,-7.151878934993022,20.33248510026268,-1.405567175107668,0.3889193638326129,,,-11.94226219650492,13.98795010532672
-11.58781679823162,17.61724235818095,-7.141138165348376,20.9202857279082,-1.394826405463023,0.4084420796134613,,,-11.93152142686028,14.57440603151796
-11.57707602858698,17.10569189756993,-7.130397395703731,21.46317380072269,-1.384085635818377,0.4281010293627194,,,-11.92078065721563,15.15654461362855
-11.56633525894233,16.56751673198256,-7.119656626059085,21.95682052640592,-1.373344866173732,0.4478281950427179,,,-11.91003988757099,15.73167147770961
-11.55559448929768,16.00599255646513,-7.108915856414439,22.39722116075426,-1.362604096529086,0.4675461761486553,,,-11.89929911792634,16.29698266873476
-11.54485371965304,15.42449108494637,-7.098175086769793,22.78074901913028,-1.351863326884441,0.4871832608648755,,,-11.8885583482817,16.84958297254974
-11.53411295000839,14.82644344531129,-7.087434317125148,23.10420516134986,-1.341122557239795,0.5067488438118931,,,-11.87781757863705,17.38650676752425
-11.52337218036375,14.21530365588485,-7.076693547480502,23.364863706776,-1.33038178759515,0.5262462244751037,,,-11.8670768089924,17.90474128202722
-11.5126314107191,13.59451276441678,-7.065952777835857,23.56050672073993,-1.319641017950504,0.5455128445992327,,,-11.85633603934776,18.40125207423468
-11.50189064107446,12.9674642028565,-7.055212008191212,23.68946035246917,-1.308900248305858,0.5643901502900809,,,-11.84559526970311,18.87301049071559
-11.49114987142981,12.33747087213667,-7.044471238546566,23.75463601308825,-1.298159478661213,0.5828272144131219,,,-11.83485450005847,19.31702280139235
-11.48040910178517,11.70773442216004,-7.033730468901921,23.76816176184965,-1.287418709016568,0.6007513068639465,,,-11.82411373041382,19.73036065257841
-11.46966833214052,11.08131713475176,-7.022989699257275,23.74345915598546,-1.276677939371922,0.6180693378842294,,,-11.81337296076918,20.11019242861776
-11.45892756249587,10.46111675321546,-7.01224892961263,23.66804088012386,-1.265937169727277,0.6347160143647118,,,-11.80263219112453,20.45381506790656
-11.44818679285123,9.849844533148858,-7.001508159967984,23.52500094078282,-1.255196400082631,0.6506305019159188,,,-11.79189142147989,20.75868584238665
-11.43744602320658,9.250006717220213,-6.990767390323339,23.31557809882226,-1.244455630437985,0.6657590267267977,,,-11.78115065183524,21.02501997748112
-11.42670525356194,8.663889563565982,-6.980026620678693,23.04156307893578,-1.23371486079334,0.6800812086114874,,,-11.7704098821906,21.250665829757
-11.41596448391729,8.093547985164907,-6.969285851034048,22.70528256611757,-1.222974091148694,0.6936862012957494,,,-11.75966911254595,21.43283967944836
-11.40522371427265,7.540797787689074,-6.958545081389402,22.30956635519799,-1.212233321504049,0.7065667748821647,,,-11.7489283429013,21.57116470372739
-11.394482944628,7.007211427483875,-6.947804311744757,21.85770775980602,-1.201492551859403,0.7185588844826986,,,-11.73818757325666,21.66255058324172
-11.38374217498336,6.494117150850337,-6.937063542100111,21.35341805694791,-1.190751782214758,0.7295854562625578,,,-11.72744680361201,21.70464185712557
-11.37300140533871,6.002601321835285,-6.926322772455466,20.80077584995448,-1.180011012570112,0.739630414840226,,,-11.71670603396737,21.70268268985413
-11.36226063569407,5.53351369917424,-6.91558200281082,20.20417231718426,-1.169270242925467,0.7486926846153552,,,-11.70596526432272,21.65624766634706
-11.35151986604942,5.087475384522868,-6.904841233166175,19.56825337482299,-1.158529473280821,0.7567727034097559,,,-11.69522449467808,21.56500669739065
-11.34077909640477,4.66488913404105,-6.894100463521529,18.89785981834513,-1.147788703636176,0.7640961896366655,,,-11.68448372503343,21.42917285180987
-11.33003832676013,4.2659517038961,-6.883359693876884,18.19796651837902,-1.13704793399153,0.7707249435829917,,,-11.67374295538879,21.24353082620122
-11.31929755711548,3.890667887227093,-6.872618924232238,17.47362173323711,-1.126307164346885,0.7765420250594346,,,-11.66300218574414,21.00899365334104
-11.30855678747084,3.538865895243443,-6.861878154587592,16.72988756331419,-1.115566394702239,0.7815370356012235,,,-11.65226141609949,20.73076281974557
-11.29781601782619,3.210213737909017,-6.851137384942946,15.9717825136315,-1.104825625057594,0.7856698215456323,,,-11.64152064645485,20.41221393310695
-11.28707524818155,2.904236269417731,-6.840396615298301,15.2042270522743,-1.094084855412948,0.789036860185477,,,-11.6307798768102,20.05131796936058
-11.2763344785369,2.620332579598373,-6.829655845653656,14.43199295707222,-1.083344085768303,0.7916866201656264,,,-11.62003910716556,19.65475486843141
-11.26559370889226,2.357793433600188,-6.81891507600901,13.65965713369871,-1.072603316123657,0.7936194747611041,,,-11.60929833752091,19.22496304086603
-11.25485293924761,2.115818487750176,-6.808174306364365,12.89156046877266,-1.061862546479012,0.7948935244369142,,,-11.59855756787627,18.75833875877611
-11.24411216960296,1.893533038353129,-6.797433536719719,12.13177215502064,-1.051121776834366,0.7957322597533577,,,-11.58781679823162,18.25777484042506
-11.23337139995832,1.690004091443585,-6.786692767075074,11.38405979562059,-1.040381007189721,0.7961949599717064,,,-11.57707602858698,17.72637121401134
-11.22263063031367,1.504255574142786,-6.775951997430428,10.65186546493134,-1.029640237545075,0.7961840721756639,,,-11.56633525894233,17.16740021536901
-11.21188986066903,1.335282541426082,-6.765211227785783,9.938287776166016,-1.01889946790043,0.7957622300231418,,,-11.55559448929768,16.58427014334098
-11.20114909102438,1.182064264944421,-6.754470458141137,9.246069886169556,-1.008158698255784,0.7950675791015148,,,-11.54485371965304,15.98048768553632
-11.19040832137974,1.043576122336557,-6.743729688496492,8.577593255938648,-0.9974179286111385,0.7941600838280327,,,-11.53411295000839,15.35961983780732
-11.17966755173509,0.9188002355873557,-6.732988918851846,7.934876885098743,-0.986677158966493,0.7930205979729702,,,-11.52337218036375,14.72525593749013
-11.16892678209045,0.8067348349133242,-6.722248149207201,7.31958165099915,-0.9759363893218475,0.7918050764024969,,,-11.5126314107191,14.08097041364665
-11.1581860124458,0.7064023499828314,-6.711507379562555,6.733019309703272,-0.9651956196772019,0.7905621274471061,,,-11.50189064107446,13.43028682799139
-11.14744524280115,0.6168562527109073,-6.70076660991791,6.176165657755988,-0.9544548500325564,0.7892322953696845,,,-11.49114987142981,12.77664373898177
-11.13670447315651,0.5371866952203669,-6.690025840273264,5.649677310552944,-0.9437140803879109,0.787853171039214,,,-11.48040910178517,12.12336287007555
-11.12596370351186,0.4665250027459731,-6.679285070628619,5.153911525320423,-0.9329733107432654,0.7864560802500281,,,-11.46966833214052,11.473620003031
-11.11522293386722,0.4040470942816115,-6.668544300983973,4.688948483633921,-0.9222325410986199,0.785068902453284,,,-11.45892756249587,10.83041895013925
-11.10448216422257,0.3489759137172889,-6.657803531339328,4.254615449192673,-0.9114917714539743,0.7837057285540521,,,-11.44818679285123,10.19656888734147
-11.09374139457793,0.3005792411711142,-6.647062761694682,3.850512230055353,-0.9007510018093288,0.7824282398099566,,,-11.43744602320658,9.574665255262142
-11.08300062493328,0.2581861203428781,-6.636321992050036,3.476037399314546,-0.8900102321646833,0.7812410483524698,,,-11.42670525356194,8.967074359239072
-11.07225985528864,0.2211619152222851,-6.625581222405391,3.13041476265044,-0.8792694625200378,0.7800938268635311,,,-11.41596448391729,8.375921724342854
-11.06151908564399,0.1889254416453942,-6.614840452760745,2.812719603647456,-0.8685286928753922,0.7789775982151474,,,-11.40522371427265,7.803084188926505
-11.05077831599935,0.1609430895038944,-6.6040996831161,2.521904286417703,-0.8577879232307467,0.7778795095829465,,,-11.394482944628,7.250185652038864
-11.0400375463547,0.1367061666838816,-6.593358913471454,2.256822848191809,-0.8470471535861012,0.7767787501749079,,,-11.38374217498336,6.718596327478131
-11.02929677671005,0.1157895877831436,-6.582618143826809,2.016254270406655,-0.8363063839414557,0.7756470977998409,,,-11.37300140533871,6.209435301527832
-11.01855600706541,0.09778650521131971,-6.571877374182163,1.798924173836181,-0.8255656142968102,0.7744540820080298,,,-11.36226063569407,5.723576143425137
-11.00781523742076,0.08239215125205963,-6.561136604537518,1.603524740008381,-0.8148248446521646,0.7731654296995932,,,-11.35151986604942,5.261655278015625
-10.99707446777612,0.06922906697686879,-6.550395834892872,1.428732716226517,-0.8040840750075191,0.7717438224349937,,,-11.34077909640477,4.824082799236989
-10.98633369813147,0.05800777557820234,-6.539655065248227,1.273225413848,-0.7933433053628736,0.7701496933338702,,,-11.33003832676013,4.411055381175208
-10.97559292848683,0.04847060322646347,-6.528914295603581,1.135694658148969,-0.7826025357182281,0.768468546839344,,,-11.31929755711548,4.022570930332985
-10.96485215884218,0.04038913039346419,-6.518173525958936,1.01485869239503,-0.7718617660735826,0.7666576936186593,,,-11.30855678747084,3.658444618100762
-10.95411138919754,0.03356169109020667,-6.50743275631429,0.9094720781240249,-0.761120996428937,0.7645470838030369,,,-11.29781601782619,3.318325935686966
-10.94337061955289,0.02781094960460132,-6.496691986669645,0.8183336677874073,-0.7503802267842915,0.7620942228174492,,,-11.28707524818155,3.001716424241651
-10.93262984990824,0.02298157813093008,-6.485951217024999,0.7402927546282633,-0.7396394571396461,0.7593901872781303,,,-11.2763344785369,2.707987749759574
-10.9218890802636,0.01893805304304482,-6.475210447380354,0.6742535279863996,-0.7288986874950005,0.7563957534174248,,,-11.26559370889226,2.43639981464036
-10.91114831061895,0.01556258251191629,-6.464469677735708,0.6191779802391411,-0.718157917850355,0.7530851456473096,,,-11.25485293924761,2.186118624518698
-10.90040754097431,0.01275317371932686,-6.453728908091063,0.5740874245474542,-0.7074171482057094,0.7494650691531728,,,-11.24411216960296,1.956233659132157
-10.88966677132966,0.01042184407003443,-6.442988138446417,0.5380627908076743,-0.6966763785610639,0.745360811258542,,,-11.23337139995832,1.745774528548105
-10.87892600168502,0.008492977537119214,-6.432247368801772,0.5102438711040314,-0.6859356089164185,0.7407040977240021,,,-11.22263063031367,1.553726730037253
-10.86818523204037,0.006901824560598289,-6.421506599157127,0.4898276859577556,-0.6751948392717729,0.7356629187303496,,,-11.21188986066903,1.379046355330526
-10.85744446239573,0.005552711731882456,-6.410765829512481,0.4760661392441115,-0.6644540696271274,0.7302194373649035,,,-11.20114909102438,1.220673632078294
-10.84670369275108,0.004488462233145678,-6.400025059867835,0.4682631232795685,-0.6537132999824818,0.7241702049183874,,,-11.19040832137974,1.077545216291819
-10.83596292310643,0.003591493204719624,-6.389284290223189,0.4657712267446827,-0.6429725303378363,0.7175075016040497,,,-11.17966755173509,0.9486051837386248
-10.82522215346179,0.002867559873179633,-6.378543520578544,0.4679881872666352,-0.6322317606931909,0.7102810148442325,,,-11.16892678209045,0.832814697152946
-10.81448138381714,0.002299499691461013,-6.367802750933898,0.4743532180777298,-0.6214909910485453,0.702541686425279,,,-11.1581860124458,0.7291603522935713
-10.8037406141725,0.001838785337882668,-6.357061981289253,0.4843433246015691,-0.6107502214038998,0.6942468134005896,,,-11.14744524280115,0.6366612290339021
-10.79299984452785,0.001373546210292224,-6.346321211644607,0.4974697124723065,-0.6000094517592542,0.6853631270570291,,,-11.13670447315651,0.5543746936145787
-10.78225907488321,0.00109365634360025,-6.335580441999962,0.5132743737036174,-0.5892686821146087,0.675909872837974,,,-11.12596370351186,0.4814010148429965
-10.77151830523856,0.0007806167792170975,-6.324839672355316,0.5313269227958823,-0.5785279124699633,0.6659112988641172,,,-11.11522293386722,0.4168868703962124
-10.76077753559392,0.0006191211386030763,-6.314098902710671,0.5512217397703866,-0.5677871428253177,0.6553962687638848,,,-11.10448216422257,0.3600278295666879
-10.75003676594927,0.0004896284330644406,-6.303358133066025,0.5725754626824816,-0.5570463731806722,0.6443978289715748,,,-11.09374139457793,0.3100661821296833
-10.73929599630462,0.000386109827386413,-6.29261736342138,0.5950248582951922,-0.5463056035360266,0.6329527399914634,,,-11.08300062493328,0.2663073762594624
-10.72855522665998,0.0002416741383419271,-6.281876593776734,0.6182250864659445,-0.5355648338913811,0.6211009809628341,,,-11.07225985528864,0.2280950219615465
-10.71781445701533,0.0001615836263291357,-6.271135824132089,0.6418483615617719,-0.5248240642467357,0.6089447740525502,,,-11.06151908564399,0.1948279931752684
-10.70707368737069,0.0001266359061911453,-6.260395054487443,0.6655830029991745,-0.5140832946020901,0.5965284726360003,,,-11.05077831599935,0.1659544820666171
-10.69633291772604,0,-6.249654284842798,0.68913285690944,-0.5033425249574446,0.5838880316407847,,,-11.0400375463547,0.1409488728710696
-7.764102804737816,0.000120760263035151,-6.238913515198152,0.7122170620447841,-0.492601755312799,0.5710696875994109,,,-11.02929677671005,0.1193712962194887
-7.75336203509317,0.0001464986813608494,-6.228172745553507,0.7345701254327438,-0.4818609856681536,0.5580699348039713,,,-11.01855600706541,0.1008009953373774
-7.742621265448525,0.0001772116630351324,-6.217431975908861,0.7559422670053777,-0.471120216023508,0.5450051678620517,,,-11.00781523742076,0.08492366018443047
-7.731880495803879,0.0002137468901280557,-6.206691206264216,0.7760999875075314,-0.4603794463788625,0.5319213109004491,,,-10.99707446777612,0.07134912497279057
-7.721139726159234,0.0002570728568341459,-6.195950436619571,0.7948268104378636,-0.449638676734217,0.5188918230182028,,,-10.98633369813147,0.05977836708659712
-7.710398956514588,0.0003082915037884368,-6.185209666974925,0.8119241465917951,-0.4388979070895714,0.5059593837135816,,,-10.97559292848683,0.04994526031941328
-7.699658186869943,0.0003686513250827161,-6.174468897330279,0.8272122289318711,-0.428157137444926,0.4930659818026628,,,-10.96485215884218,0.04161393105086871
-7.688917417225298,0.0004395607956406113,-6.163728127685633,0.8405310659630236,-0.4174163678002804,0.4802491050223178,,,-10.95411138919754,0.03457616560215832
-7.678176647580652,0.0005226019289863443,-6.152987358040988,0.8517851723562688,-0.4066755981556349,0.4675474973257658,,,-10.94337061955289,0.02864889918897296
-7.667435877936007,0.0006195437351182183,-6.142246588396342,0.860856415562275,-0.3959348285109894,0.4550391394289479,,,-10.93262984990824,0.02367181048552432
-7.656695108291361,0.0007323553057824235,-6.131505818751697,0.867604741652183,-0.3851940588663438,0.4427544391643017,,,-10.9218890802636,0.01950503998561173
-7.645954338646716,0.0008632182107281217,-6.120765049107051,0.8718916296170544,-0.3744532892216983,0.4306800556932762,,,-10.91114831061895,0.01602704513088129
-7.63521356900207,0.001014537844496431,-6.110024279462406,0.8736059555376926,-0.3637125195770528,0.4188432408742613,,,-10.90040754097431,0.0131326005862988
-7.624472799357425,0.001188953320134753,-6.09928350981776,0.8734431208688097,-0.3529717499324073,0.4072670625341249,,,-10.88966677132966,0.0107309480743255
-7.613732029712779,0.001389345465306182,-6.088542740173115,0.872349107663224,-0.3422309802877618,0.3959721248865778,,,-10.87892600168502,0.008744096813579764
-7.602991260068134,0.001618842439133146,-6.077801970528469,0.8693371051166348,-0.3314902106431162,0.3849760025580733,,,-10.86818523204037,0.007105272814457264
-7.592250490423488,0.001880822456485218,-6.067061200883824,0.8638490411818632,-0.3207494409984707,0.3742931880636754,,,-10.85744446239573,0.00571594825976223
-7.581509720778842,0.002178913082131092,-6.056320431239178,0.8559318539427705,-0.3100086713538252,0.3639948461796241,,,-10.84670369275108,0.004620010868145629
-7.570768951134196,0.002516986542149597,-6.045579661594533,0.845652952185923,-0.2992679017091797,0.3540875554901155,,,-10.83596292310643,0.00369612621770903
-7.560028181489551,0.002899150496195786,-6.034838891949887,0.8330992596631732,-0.2885271320645342,0.3445386071347073,,,-10.82522215346179,0.002950650462126413
-7.549287411844905,0.003329733723583045,-6.024098122305242,0.8183759910905386,-0.2777863624198886,0.3353481923810925,,,-10.81448138381714,0.002365939581181304
-7.53854664220026,0.003813266200513682,-6.013357352660596,0.8016051839910471,-0.2670455927752431,0.3264930083023564,,,-10.8037406141725,0.001891763167134732
-7.527805872555614,0.004354453086839649,-6.002616583015951,0.7829240150323165,-0.2563048231305976,0.3179681041643342,,,-10.79299984452785,0.001411612163925956
-7.517065102910969,0.004958142199877312,-5.991875813371306,0.7624829333346125,-0.2455640534859521,0.3097658475910094,,,-10.78225907488321,0.001123896148891834
-7.506324333266323,0.005629284631108363,-5.98113504372666,0.7404436462458363,-0.2348232838413066,0.3018760913539518,,,-10.77151830523856,0.0007990861740780482
-7.495583563621678,0.006372888259715748,-5.970394274082015,0.716976995234414,-0.2240825141966611,0.2942828675572645,,,-10.76077753559392,0.0006337697373875261
-7.484842793977032,0.007193964034956536,-5.959653504437369,0.6922607608033119,-0.2133417445520155,0.2869786996772602,,,-10.75003676594927,0.0005012133497919451
-7.474102024332387,0.008097465036897645,-5.948912734792724,0.6664774356686128,-0.20260097490737,0.2799429012304149,,,-10.73929599630462,0.0003952455550192969
-7.463361254687742,0.009088218480910045,-5.938171965148078,0.6398120048905144,-0.1918602052627245,0.2731593484727916,,,-10.72855522665998,0.0002472806359920255
-7.452620485043096,0.01017085100369398,-5.927431195503432,0.6124497702342936,-0.181119435618079,0.266607042263948,,,-10.71781445701533,0.0001654649306577509
-7.441879715398451,0.01134970775490846,-5.916690425858786,0.5845742538375372,-0.1703786659734335,0.2602725164497928,,,-10.70707368737069,0.0001296777520886784
-7.431138945753805,0.01262876601536183,-5.905949656214141,0.5563652133516449,-0.1596378963287879,0.2541363206605387,,,-10.69633291772604,0
-7.42039817610916,0.01401154426610612,-5.895208886569495,0.527996797210877,-0.1488971266841424,0.2481675633854309,,,-7.957436658341435,0.0003704574498434932
-7.409657406464514,0.01550100783788979,-5.88446811692485,0.4996358646747007,-0.1381563570394969,0.2423441463355971,,,-7.94669588869679,0.0008375936105586817
-7.398916636819869,0.01709947247186452,-5.873727347280204,0.4714404909114421,-0.1274155873948514,0.2367205095165141,,,-7.935955119052144,0.001066511958640048
-7.388175867175223,0.01880850731430301,-5.862986577635559,0.443558672770709,-0.1166748177502059,0.2312801888594382,,,-7.925214349407499,0.001354089716416656
-7.377435097530578,0.020628839044083,-5.852245807990913,0.4161272461567575,-0.1059340481055603,0.2259186196008513,,,-7.914473579762853,0.001714267079186537
-7.366694327885932,0.0225602589853356,-5.841505038346268,0.3892710211897102,-0.09519327846091483,0.2206146055000514,,,-7.903732810118208,0.002164008005638353
-7.355953558241286,0.02460153518244029,-5.830764268701622,0.3631021367441119,-0.0844525088162693,0.2153469950553502,,,-7.892992040473563,0.00272388377133731
-7.345212788596641,0.02675033150416806,-5.820023499056977,0.3377196315923942,-0.07371173917162378,0.2101001326232977,,,-7.882251270828917,0.003418752100369511
-7.334472018951995,0.02900313589235215,-5.809282729412331,0.3132092253491783,-0.06297096952697825,0.20485582289188,,,-7.871510501184272,0.004278543738902274
-7.323731249307349,0.03135519987279162,-5.798541959767686,0.2896432987907759,-0.05223019988233274,0.1995977379798088,,,-7.860769731539626,0.005339168991573372
-7.312990479662704,0.03380049139785528,-5.787801190123041,0.2670810599760534,-0.04148943023768722,0.1943170020100337,,,-7.850028961894981,0.006643557245464252
-7.302249710018058,0.03633166298826501,-5.777060420478395,0.2455688799659894,-0.0307486605930417,0.1890011954914205,,,-7.839288192250335,0.008242842803043634
-7.291508940373413,0.03894003698394266,-5.76631965083375,0.2251407798582342,-0.02000789094839618,0.1836480531126976,,,-7.828547422605689,0.01019771037394342
-7.280768170728767,0.04161560950024807,-5.755578881189104,0.2058190493310432,-0.00926712130375066,0.1782519311047115,,,-7.817806652961043,0.01257991326812703
-7.270027401084122,0.04434707441770638,-5.744838111544459,0.1876149759231744,0.00147364834089486,0.1729291392940101,,,-7.807065883316398,0.0154739766163598
-7.259286631439477,0.04712186841343204,-5.734097341899813,0.1705296638428953,0.01221441798554038,0.1676776620419408,,,-7.796325113671752,0.01897909673949908
-7.248545861794831,0.04992623767568129,-5.723356572255168,0.1545549211672581,0.0229551876301859,0.1623706316624509,,,-7.785584344027107,0.02321124601436965
-7.237805092150186,0.05274532653581291,-5.712615802610522,0.1396741948183801,0.03369595727483142,0.1570112514065953,,,-7.774843574382461,0.0283054901581279
-7.22706432250554,0.05556328781255631,-5.701875032965876,0.1258635336339099,0.04443672691947694,0.1516021820999937,,,-7.764102804737816,0.034418521693805
-7.216323552860895,0.05836341420152107,-5.691134263321231,0.1130925611250855,0.05517749656412246,0.1461491041872748,,,-7.75336203509317,0.04173140939061314
-7.205582783216249,0.06112828956923459,-5.680393493676585,0.1013254410745997,0.06591826620876798,0.1406595329245693,,,-7.742621265448525,0.05045255862550837
-7.194842013571604,0.06383995853756758,-5.669652724031939,0.09052182090289838,0.07665903585341349,0.1351427910240724,,,-7.731880495803879,0.0608208718320526
-7.184101243926958,0.06648011228376523,-5.658911954387294,0.08063773966087098,0.08739980549805902,0.1296095613106932,,,-7.721139726159234,0.07310909145088741
-7.173360474282313,0.06903028804630061,-5.648171184742648,0.07162648952668341,0.09814057514270454,0.1240718422881318,,,-7.710398956514588,0.08762730005776866
-7.162619704637667,0.07147207943015704,-5.637430415098003,0.06343942173614822,0.1088813447873501,0.1185426707617102,,,-7.699658186869943,0.1047265436326745
-7.151878934993022,0.07378735425915739,-5.626689645453357,0.05602668990613987,0.1196221144319956,0.1130358836232866,,,-7.688917417225298,0.124802534292906
-7.141138165348376,0.07595847643887192,-5.615948875808712,0.04933792567200333,0.1303628840766411,0.1075658764766243,,,-7.678176647580652,0.1482993783289044
-7.130397395703731,0.0779685280813948,-5.605208106164066,0.04332284341253009,0.1411036537212866,0.1021453146734614,,,-7.667435877936007,0.175713264181851
-7.119656626059085,0.07980152801110535,-5.594467336519421,0.03793177254714353,0.1518444233659322,0.09679354580153431,,,-7.656695108291361,0.2075960332629855
-7.108915856414439,0.08144264272459631,-5.583726566874775,0.03311611743425612,0.1625851930105777,0.09152262805364621,,,-7.645954338646716,0.2445585444631264
-7.098175086769793,0.08287838592212783,-5.57298579723013,0.02882874625956199,0.1733259626552232,0.08634688146830186,,,-7.63521356900207,0.2872737311174881
-7.087434317125148,0.08409680286360346,-5.562245027585485,0.02502431146761745,0.1840667322998687,0.08127793624455742,,,-7.624472799357425,0.3364792374095865
-7.076693547480502,0.08509115175260319,-5.551504257940839,0.02165950525528518,0.1948075019445142,0.0763335595733915,,,-7.613732029712779,0.3929795101049857
-7.065952777835857,0.08584695482605052,-5.540763488296194,0.01869325441318023,0.2055482715891597,0.07152086630148193,,,-7.602991260068134,0.457647211535485
-7.055212008191212,0.08636055229998399,-5.530022718651548,0.01608685937794144,0.2162890412338053,0.06685546438488267,,,-7.592250490423488,0.5314238113839382
-7.044471238546566,0.08663494035745381,-5.519281949006903,0.01380408275496928,0.2270298108784508,0.06234588198776475,,,-7.581509720778842,0.6153192085594033
-7.033730468901921,0.08670748097081546,-5.508541179362257,0.01181119280258374,0.2377705805230963,0.05800004766577656,,,-7.570768951134196,0.7104102308336593
-7.022989699257275,0.08669881440498574,-5.497800409717612,0.01007696745121537,0.2485113501677418,0.05382236713609376,,,-7.560028181489551,0.8178378594723369
-7.01224892961263,0.0865258510967202,-5.487059640072966,0.008572664383754432,0.2592521198123873,0.04982580328684972,,,-7.549287411844905,0.9388030293661358
-7.001508159967984,0.08607876647352003,-5.476318870428321,0.007271962544943267,0.2699928894570329,0.04601123661674494,,,-7.53854664220026,1.074560862649422
-6.990767390323339,0.0853969556904913,-5.465578100783675,0.006150880198296212,0.2807336591016784,0.04238211820190704,,,-7.527805872555614,1.226413205933204
-6.980026620678693,0.08448859832104695,-5.454837331139029,0.005187674327656967,0.2914744287463239,0.03893972884409626,,,-7.517065102910969,1.39569935845103
-6.969285851034048,0.08336427552958374,-5.444096561494383,0.004362725805440207,0.3022151983909694,0.03568597281325621,,,-7.506324333266323,1.583784900895282
-6.958545081389402,0.08203693632239706,-5.433355791849738,0.00365841433783396,0.3129559680356149,0.03262107454074745,,,-7.495583563621678,1.792048562660687
-6.947804311744757,0.08052185199146182,-5.422615022205092,0.003058986764144072,0.3236967376802605,0.02974249339945112,,,-7.484842793977032,2.021867098619448
-6.937063542100111,0.07883656312792522,-5.411874252560447,0.002550421846621466,0.334437507324906,0.02704758415047195,,,-7.474102024332387,2.274598185269415
-6.926322772455466,0.07700082406781537,-5.401133482915801,0.002120294250189667,0.3451782769695515,0.02453271299116564,,,-7.463361254687742,2.551561389780213
-6.91558200281082,0.07503655001721141,-5.390392713271156,0.001757639988194929,0.355919046614197,0.02219335819994584,,,-7.452620485043096,2.854017313571545
-6.904841233166175,0.07296777237369173,-5.37965194362651,0.001452825208423399,0.3666598162588425,0.02002421536898872,,,-7.441879715398451,3.183145063846257
-6.894100463521529,0.07082060790266527,-5.368911173981865,0.001197419819124185,0.3774005859034881,0.01801930510480512,,,-7.431138945753805,3.540018261014032
-6.883359693876884,0.06862324743033708,-5.35817040433722,0.0009840771118949049,0.3881413555481336,0.01617208121223158,,,-7.42039817610916,3.925579846023684
-6.872618924232238,0.06640596957058335,-5.347429634692574,0.0008064202297363659,0.3988821251927791,0.01447457328721989,,,-7.409657406464514,4.340616007928938
-6.861878154587592,0.06420118470384682,-5.336688865047929,0.0006589360557159201,0.4096228948374246,0.01292156053223585,,,-7.398916636819869,4.785729607034377
-6.851137384942946,0.06204351396721709,-5.325948095403283,0.0005368768606812869,0.4203636644820701,0.01150339213266799,,,-7.388175867175223,5.261313521060267
-6.840396615298301,0.05996990739304147,-5.315207325758638,0.0004361698465578652,0.4311044341267157,0.01021409385462629,,,-7.377435097530578,5.767524389187349
-6.829655845653656,0.05801980454767895,-5.304466556113992,0.0003533345533887681,0.4418452037713612,0.009044790151691497,,,-7.366694327885932,6.304257269807176
-6.81891507600901,0.05623534007345247,-5.293725786469347,0.000285407961292858,0.4525859734160067,0.007986514115049029,,,-7.355953558241286,6.871121760528276
-6.808174306364365,0.05466159542879311,-5.282985016824701,0.0002298770103541279,0.4633267430606522,0.00703400797135174,,,-7.345212788596641,7.467420151756782
-6.797433536719719,0.05334689685973983,-5.272244247180056,0.0001846181792760419,0.4740675127052977,0.006176622020514074,,,-7.334472018951995,8.092128196395382
-6.786692767075074,0.05234315822872133,-5.26150347753541,0.0001478437044565031,0.4848082823499433,0.005410480381639029,,,-7.323731249307349,8.743879076492687
-6.775951997430428,0.0517062657851826,-5.250762707890765,0.0001180539819530421,0.4955490519945888,0.004726381325481336,,,-7.312990479662704,9.420951131892206
-6.765211227785783,0.051496500301672,-5.240021938246119,9.399567266531255e-05,0.5062898216392343,0.004117442426818664,,,-7.302249710018058,10.12125988525995
-6.754470458141137,0.05177899023666714,-3.220757245052761,0.0001097694776800084,0.5170305912838798,0.00357709086954433,,,-7.291508940373413,10.84235485187129
-6.743729688496492,0.05262418774394892,-3.210016475408116,0.0001881493261342401,0.5277713609285254,0.003098406865859995,,,-7.280768170728767,11.58142156118973
-6.732988918851846,0.05410835745448149,-3.19927570576347,0.0002370508034608582,0.5385121305731708,0.002677018555766332,,,-7.270027401084122,12.33528914100811
-6.722248149207201,0.05631406604213239,-3.188534936118824,0.0002978195865657489,0.5492529002178164,0.002306540265371818,,,-7.259286631439477,13.10044372465788
-6.711507379562555,0.05933065868597909,-3.177794166474179,0.0003731112507739411,0.5599936698624619,0.00198182665990584,,,-7.248545861794831,13.87304783892003
-6.70076660991791,0.06325470670158147,-3.167053396829533,0.0004661190999954257,0.5707344395071074,0.001698101201456557,,,-7.237805092150186,14.6489658166621
-6.690025840273264,0.06819040887907146,-3.156312627184888,0.0005806696399534154,0.581475209151753,0.001450952262566692,,,-7.22706432250554,15.42379515619107
-6.679285070628619,0.07424992749009249,-3.145571857540243,0.0007213320104710759,0.5922159787963984,0.00123632533004474,,,-7.216323552860895,16.19290362156769
-6.668544300983973,0.08155363856621115,-3.134831087895597,0.000893542785878878,0.602956748441044,0.001050511943812323,,,-7.205582783216249,16.95147174772211
-6.657803531339328,0.09023027497024064,-3.124090318250952,0.001103747563126243,0.6136975180856895,0.0008891605435461291,,,-7.194842013571604,17.69454028445231
-6.647062761694682,0.1004169400438163,-3.113349548606306,0.00135956073475802,0.6244382877303351,0.0007513778127544263,,,-7.184101243926958,18.41706198774893
-6.636321992050036,0.1122589692860825,-3.102608778961661,0.001695132283024657,0.6351790573749805,0.0006328422360692849,,,-7.173360474282313,19.11395704890845
-6.625581222405391,0.1259096176658904,-3.091868009317015,0.00207754880422612,0.645919827019626,0.0005318043122680202,,,-7.162619704637667,19.78017134505725
-6.614840452760745,0.1415295508576562,-3.081127239672369,0.002539127530401257,0.6566605966642716,0.0004456424147310308,,,-7.151878934993022,20.41073660233625
-6.6040996831161,0.1592861199785005,-3.070386470027724,0.003094596343482891,0.6674013663089171,0.0003723904365446645,,,-7.141138165348376,21.00083148813185
-6.593358913471454,0.1793524013436052,-3.059645700383078,0.00376106033506977,0.6781421359535627,0.0003103036976131518,,,-7.130397395703731,21.54584259404385
-6.582618143826809,0.2019059853896831,-3.048904930738433,0.004558311358958692,0.6888829055982081,0.0002578403799114543,,,-7.119656626059085,22.0414242389198
-6.571877374182163,0.2271275022714973,-3.038164161093787,0.005509163642151507,0.6996236752428536,0.0002136434621738373,,,-7.108915856414439,22.48355601285319
-6.561136604537518,0.2551988757254903,-3.027423391449142,0.006721251320448062,0.7103644448874992,0.0001765233422276431,,,-7.098175086769793,22.86859699948528
-6.550395834892872,0.2863013016104484,-3.016682621804496,0.008084142490100086,0.7211052145321447,0.0001454412923137491,,,-7.087434317125148,23.19333565551863
-6.539655065248227,0.3206129530483464,-3.005941852159851,0.009696763813581208,0.7318459841767903,0.0001194938540254042,,,-7.076693547480502,23.45503881623741
-6.528914295603581,0.3583064202454255,-2.995201082515205,0.01165051343170762,0.7425867538214357,9.789824512855129e-05,,,-7.065952777835857,23.65147364065638
-6.518173525958936,0.3995458997945036,-2.98446031287056,0.01395572337581175,2.761851447014794,0.0001081130819143481,,,-7.055212008191212,23.78096230947813
-6.50743275631429,0.4444841554379175,-2.973719543225914,0.01661285103681442,2.772592216659439,0.0001309210739059106,,,-7.044471238546566,23.84642156980562
-6.496691986669645,0.4932592797726953,-2.962978773581268,0.01972286387823826,2.783332986304084,0.0001581030049186192,,,-7.033730468901921,23.86001949958625
-6.485951217024999,0.545991294045738,-2.952238003936623,0.02335247329063193,2.79407375594873,0.0001904023311462886,,,-7.022989699257275,23.83529822853775
-6.475210447380354,0.6027786308329049,-2.941497234291977,0.02757630920728417,2.804814525593375,0.0002286695713386735,,,-7.01224892961263,23.75968445412264
-6.464469677735708,0.6636945518167316,-2.930756464647332,0.03247754076200614,2.815555295238021,0.0002738741058382332,,,-7.001508159967984,23.61616019310403
-6.453728908091063,0.7287835598509618,-2.920015695002687,0.03820149500529444,2.826296064882666,0.0003271166419919737,,,-6.990767390323339,23.40600412400721
-6.442988138446417,0.7980578707924624,-2.909274925358041,0.04475889172965104,2.837036834527312,0.000389642271343886,,,-6.980026620678693,23.13101560129207
-6.432247368801772,0.8714940159535727,-2.898534155713396,0.05230433780546739,2.847777604171958,0.0004628540196524544,,,-6.969285851034048,22.79353245660425
-6.421506599157127,0.9490296502437562,-2.88779338606875,0.06096209544885191,2.858518373816603,0.0005483267642701915,,,-6.958545081389402,22.39639810721362
-6.410765829512481,1.030560643901996,-2.877052616424105,0.07086804097635445,2.869259143461249,0.0006478213650403949,,,-6.947804311744757,21.94292191075575
-6.400025059867835,1.115938536962625,-2.866311846779459,0.08217015303814934,2.879999913105894,0.000763298824976394,,,-6.937063542100111,21.43683354702964
-6.389284290223189,1.204968435066458,-2.855571077134814,0.09502893409332637,2.89074068275054,0.0009068593080781009,,,-6.926322772455466,20.88223231467598
-6.378543520578544,1.297407422781107,-2.844830307490168,0.1096177510589268,2.901481452395185,0.001066501554142874,,,-6.91558200281082,20.28353231559588
-6.367802750933898,1.392963566128026,-2.834089537845522,0.126123080723753,2.912222222039831,0.001248333604620218,,,-6.904841233166175,19.6454045612036
-6.357061981289253,1.491295569478857,-2.823348768200877,0.1447446454161061,2.922962991684476,0.001457167584956239,,,-6.894100463521529,18.97271707098009
-6.346321211644607,1.592013143386851,-2.812607998556231,0.1656954245762985,2.933703761329122,0.001696604548215604,,,-6.883359693876884,18.27047404497236
-6.335580441999962,1.694678129328629,-2.801867228911586,0.189201528329474,2.944444530973767,0.001970388228513392,,,-6.872618924232238,17.54375517825331
-6.324839672355316,1.79880641487985,-2.79112645926694,0.2155019198947142,2.955185300618413,0.00228260716184031,,,-6.861878154587592,16.79765614798889
-6.314098902710671,1.903870658732302,-2.780385689622295,0.244847974707605,2.965926070263059,0.002637711348315215,,,-6.851137384942946,16.0372312443579
-6.303358133066025,2.009303829439729,-2.769644919977649,0.2775028654716571,2.976666839907704,0.003047417867393259,,,-6.840396615298301,15.26743903739904
-6.29261736342138,2.114503545174187,-2.758904150333004,0.313740763976123,2.98740760955235,0.003505067276950787,,,-6.829655845653656,14.49309187564978
-6.281876593776734,2.218837184455449,-2.748163380688358,0.3538458524010589,2.998148379196995,0.004021764468552271,,,-6.81891507600901,13.71880990229381
-6.271135824132089,2.321647720198396,-2.737422611043713,0.3981111389425177,3.00888914884164,0.004603668643090031,,,-6.808174306364365,12.9489801538014
-6.260395054487443,2.422260211955605,-2.726681841399067,0.446837074890012,3.019629918486286,0.005257391994407465,,,-6.797433536719719,12.18772117822891
-6.249654284842798,2.519988874383715,-2.715941071754422,0.5003299727251256,3.030370688130931,0.005990013205018795,,,-6.786692767075074,11.43885347896597
-6.238913515198152,2.614144624207712,-2.705200302109776,0.5589002273279936,3.041111457775577,0.006809089935743806,,,-6.775951997430428,10.7058759582266
-6.228172745553507,2.704042993764099,-2.694459532465131,0.6228603449160238,3.051852227420222,0.007722670342679173,,,-6.765211227785783,9.991948406240837
-6.217431975908861,2.789012287014894,-2.683718762820485,0.6925227868329941,3.062592997064868,0.008739699140492451,,,-6.754470458141137,9.29987995991042
-6.206691206264216,2.868401844143353,-2.67297799317584,0.7681976376929148,3.073333766709514,0.009868554717380558,,,-6.743729688496492,8.632123341297774
-6.195950436619571,2.941590273819103,-2.662237223531194,0.8501901096013599,3.084074536354159,0.0111191318194978,,,-6.732988918851846,7.990774583971371
-6.185209666974925,3.007993508237898,-2.651496453886549,0.9387978961730107,3.094815305998805,0.0125015459399635,,,-6.722248149207201,7.377577865735785
-6.174468897330279,3.067072535303623,-2.640755684241903,1.034308391792975,3.10555607564345,0.0140264507014491,,,-6.711507379562555,6.793934990968753
-6.163728127685633,3.118340664944,-2.630014914597258,1.136995792998062,3.116296845288096,0.01570504594131565,,,-6.70076660991791,6.240919005532042
-6.152987358040988,3.161539829335426,-2.619274144952612,1.247118099964662,3.127037614932741,0.01754908563144198,,,-6.690025840273264,5.719291382414282
-6.142246588396342,3.196305776963088,-2.608533375307966,1.364914036880761,3.137778384577387,0.01957088568667631,,,-6.679285070628619,5.229522186859193
-6.131505818751697,3.222173180808593,-2.597792605663321,1.490599910467997,3.148519154222032,0.0217833316473442,,,-6.668544300983973,4.771812615283635
-6.120765049107051,3.238920441450222,-2.587051836018675,1.624366426141217,3.159259923866678,0.02419988612936597,,,-6.657803531339328,4.346119301992792
-6.110024279462406,3.246403064169382,-2.57631106637403,1.766375481301883,3.170000693511323,0.02683459581920933,,,-6.647062761694682,3.952179800448975
-6.09928350981776,3.246994905608743,-2.565570296729384,1.91675695512909,3.180741463155969,0.02970329680221684,,,-6.636321992050036,3.589538670297761
-6.088542740173115,3.242769352521444,-2.554829527084739,2.075605514043394,3.191482232800614,0.03281915371164233,,,-6.625581222405391,3.25757363597331
-6.077801970528469,3.23132230888393,-2.544088757440093,2.242977451870647,3.20222300244526,0.03619895032091746,,,-6.614840452760745,2.955521325847718
-6.067061200883824,3.210675012648205,-2.533347987795448,2.418887583728098,3.212963772089905,0.03985913470541368,,,-6.6040996831161,2.682502150853137
-6.056320431239178,3.181004015603463,-2.522607218150802,2.603306212896519,3.223704541734551,0.04381675274040298,,,-6.593358913471454,2.437543936582
-6.045579661594533,3.142561874491763,-2.511866448506157,2.796156190527764,3.234445311379196,0.04808943913794721,,,-6.582618143826809,2.219603981397245
-6.034838891949887,3.095673571173772,-2.501125678861511,2.997310089052397,3.245186081023842,0.05269540152541273,,,-6.571877374182163,2.027589273484974
-6.024098122305242,3.040731937930873,-2.490384909216866,3.20658751166334,3.255926850668487,0.05765339575394578,,,-6.561136604537518,1.860374660600621
-6.013357352660596,2.97819217797693,-2.47964413957222,3.423752562299539,3.266667620313133,0.06298269041660344,,,-6.550395834892872,1.716818826186865
-6.002616583015951,2.908565588070291,-2.468903369927575,3.64851150314719,3.277408389957778,0.0687030183732964,,,-6.539655065248227,1.59577798342964
-5.991875813371306,2.832412604255834,-2.458162600282929,3.88051062978731,3.288149159602424,0.07483451293442139,,,-6.528914295603581,1.496117253692607
-5.98113504372666,2.750335302910054,-2.447421830638284,4.119334397678247,3.298889929247069,0.08139762625864823,,,-6.518173525958936,1.416719746828621
-5.970394274082015,2.662969497181728,-2.436681060993638,4.364503837558537,3.309630698891715,0.08841302748445359,,,-6.50743275631429,1.356493407477015
-5.959653504437369,2.570976573485208,-2.425940291348993,4.6154753014343,3.320371468536361,0.09590147815102107,,,-6.496691986669645,1.31437573314592
-5.948912734792724,2.475035213878911,-2.415199521704347,4.871639584879902,3.331112238181006,0.1038836825826165,,,-6.485951217024999,1.289336506323993
-5.938171965148078,2.375833148011192,-2.404458752059702,5.132321475197895,3.341853007825652,0.1123801111208053,,,-6.475210447380354,1.280378713871066
-5.927431195503432,2.274059072994225,-2.393717982415056,5.396779778290491,3.352593777470297,0.1214107943984415,,,-6.464469677735708,1.286537852420921
-5.916690425858786,2.170394871312988,-2.382977212770411,5.664207879605005,3.363334547114943,0.1309950872634989,,,-6.453728908091063,1.306879838505329
-5.905949656214141,2.065508246004532,-2.372236443125765,5.933734895933821,3.374075316759588,0.1411514014820821,,,-6.442988138446417,1.340497756668658
-5.895208886569495,1.960045879227583,-2.361495673481119,6.204427474881163,3.384816086404234,0.1518969069777049,,,-6.432247368801772,1.386507688141275
-5.88446811692485,1.854627205407668,-2.350754903836474,6.476904092197707,3.395556856048879,0.1632472020940006,,,-6.421506599157127,1.444043866881064
-5.873727347280204,1.749838873844441,-2.340014134191828,6.750100796211059,3.406297625693525,0.1752159541924208,,,-6.410765829512481,1.512253409217134
-5.862986577635559,1.646229958479468,-2.329273364547183,7.021275465300673,3.41703839533817,0.1878145128031889,,,-6.400025059867835,1.590290858209442
-5.852245807990913,1.544307954920149,-2.318532594902537,7.289250612430442,3.427779164982816,0.201051498520713,,,-6.389284290223189,1.67731277446801
-5.841505038346268,1.444535587261814,-2.307791825257892,7.552807736584482,3.438519934627461,0.2149323718537631,,,-6.378543520578544,1.772472591872438
-5.830764268701622,1.347328430182415,-2.297051055613247,7.810694331053453,3.449260704272107,0.2294589872821397,,,-6.367802750933898,1.874915939733589
-5.820023499056977,1.253053335601429,-2.286310285968601,8.064048731254593,3.460001473916752,0.2446291388080782,,,-6.357061981289253,1.98377661280338
-5.809282729412331,1.162027638247632,-2.275569516323956,8.311553963861007,3.470742243561398,0.2604361042921808,,,-6.346321211644607,2.098173347547373
-5.798541959767686,1.074519101064102,-2.26482874667931,8.549471615088212,3.481483013206043,0.2769473257583863,,,-6.335580441999962,2.217207537656352
-5.787801190123041,0.9907465497268967,-2.254087977034664,8.776468450456251,3.492223782850689,0.2941450353865712,,,-6.324839672355316,2.33996199432332
-5.777060420478395,0.9108811358355409,-2.243347207390019,8.991148565949269,3.502964552495334,0.3119258585775668,,,-6.314098902710671,2.465500827817352
-5.76631965083375,0.8350481606527247,-2.232606437745373,9.192251473491465,3.51370532213998,0.3302594041812119,,,-6.303358133066025,2.592870496841268
-5.755578881189104,0.7633293856678959,-2.221865668100728,9.378541098721179,3.524446091784625,0.3491088304900482,,,-6.29261736342138,2.721102041590493
-5.744838111544459,0.6957657527147824,-2.211124898456082,9.548765652404819,3.535186861429271,0.3684305966887927,,,-6.281876593776734,2.849214485884467
-5.734097341899813,0.6323604348114281,-2.200384128811437,9.701800426183537,3.545927631073917,0.388174281029002,,,-6.271135824132089,2.976219363787105
-5.723356572255168,0.5730821391897192,-2.189643359166791,9.836578665059498,3.556668400718562,0.4082824755765343,,,-6.260395054487443,3.101126297346659
-5.712615802610522,0.5178685859755419,-2.178902589522146,9.953338672829734,3.567409170363208,0.4286907667229761,,,-6.249654284842798,3.222949525044934
-5.701875032965876,0.4666300894741453,-2.1681618198775,10.05119461744304,3.578149940007853,0.4493278097152306,,,-6.238913515198152,3.340715255815615
-5.691134263321231,0.4192531737878866,-2.157421050232855,10.12816055113883,3.588890709652499,0.4701155042416053,,,-6.228172745553507,3.453469701608161
-5.680393493676585,0.3756041603102147,-2.146680280588209,10.1836039219475,3.599631479297144,0.4909692766280046,,,-6.217431975908861,3.56028762293283
-5.669652724031939,0.3355326712589558,-2.135939510943563,10.21695813693889,3.61037224894179,0.5117984724629621,,,-6.206691206264216,3.660281207061016
-5.658911954387294,0.2988750005934467,-2.125198741298918,10.22782120625161,3.621113018586435,0.5325068615127201,,,-6.195950436619571,3.752609087938704
-5.648171184742648,0.2654573111720173,-2.114457971654272,10.21598539938001,3.63185378823108,0.5529932546433263,,,-6.185209666974925,3.836485310677939
-5.637430415098003,0.2350986246313815,-2.103717202009627,10.18530130114691,3.642594557875726,0.573152230179608,,,-6.174468897330279,3.911188041902325
-5.626689645453357,0.2076135780098151,-2.092976432364981,10.13581469778023,3.653335327520371,0.5928749647517449,,,-6.163728127685633,3.976067830309383
-5.615948875808712,0.1828149284170295,-2.082235662720336,10.06376909581607,3.664076097165017,0.612210745729531,,,-6.152987358040988,4.030768675192833
-5.605208106164066,0.1605157939268951,-2.071494893075691,9.972066841161126,3.674816866809663,0.6310454305441857,,,-6.142246588396342,4.074806100865279
-5.594467336519421,0.1405316252136393,-2.060754123431045,9.863594308411036,3.685557636454308,0.6491025572984693,,,-6.131505818751697,4.107573019850488
-5.583726566874775,0.1226819081749523,-2.0500133537864,9.736580818750229,3.696298406098954,0.6662670920657441,,,-6.120765049107051,4.128707973401147
-5.57298579723013,0.1067916028211966,-2.039272584141754,9.58910551103286,3.707039175743599,0.6824260795059677,,,-6.110024279462406,4.137954519379182
-5.562245027585485,0.09269232801954495,-2.028531814497109,9.42208420645982,3.717779945388245,0.6974699032063379,,,-6.09928350981776,4.13839542767534
-5.551504257940839,0.08022330525049649,-2.017791044852463,9.236589570782568,3.72852071503289,0.7112935514736012,,,-6.088542740173115,4.133061930934232
-5.540763488296194,0.06923207736869751,-2.007050275207817,9.033686225448276,3.739261484677536,0.7237978678969852,,,-6.077801970528469,4.118549267343905
-5.530022718651548,0.05957502048594907,-1.996309505563172,8.817252881997643,3.750002254322181,0.7348907655626586,,,-6.067061200883824,4.092309118863258
-5.519281949006903,0.05111766855299122,-1.985568735918526,8.588660983718455,3.760743023966827,0.7444883838219827,,,-6.056320431239178,4.054565876473634
-5.508541179362257,0.0437348710617512,-1.974827966273881,8.346870287576719,3.771483793611472,0.7525161670099905,,,-6.045579661594533,4.005640832574153
-5.497800409717612,0.03731080458404434,-1.964087196629235,8.093302439567294,3.782224563256118,0.7589098454780485,,,-6.034838891949887,3.945947626504711
-5.487059640072966,0.03173885867511122,-1.95334642698459,7.829621582517024,3.792965332900764,0.7636163007328002,,,-6.024098122305242,3.875986421315489
-5.476318870428321,0.02692141607298583,-1.942605657339944,7.55749855714714,3.803706102545409,0.7665942983364376,,,-6.013357352660596,3.796336926449395
-5.465578100783675,0.0227695461903092,-1.931864887695299,7.27870087524083,3.814446872190055,0.7682939663980031,,,-6.002616583015951,3.70765040246056
-5.454837331139029,0.01920262969507598,-1.921124118050653,6.994883184580414,3.8251876418347,0.7688259201957703,,,-5.991875813371306,3.610640801938032
-5.444096561494383,0.01614793057877176,-1.910383348406008,6.70784683734069,3.835928411479345,0.7677106283146423,,,-5.98113504372666,3.506075215032764
-5.433355791849738,0.01354013057740073,-1.899642578761362,6.419403730185169,3.846669181123991,0.764817649075251,,,-5.970394274082015,3.394763798107574
-5.422615022205092,0.01132083920002257,-1.888901809116717,6.131215584265147,3.857409950768636,0.7601491634989009,,,-5.959653504437369,3.27754936987496
-5.411874252560447,0.00943809098090732,-1.878161039472071,5.845045962069913,3.868150720413282,0.7537321532607494,,,-5.948912734792724,3.155296860913213
-5.401133482915801,0.007845839948440672,-1.867420269827426,5.562581999117036,3.878891490057927,0.745606703122458,,,-5.938171965148078,3.028882799736153
-5.390392713271156,0.006503459732379892,-1.85667950018278,5.285463253397534,3.889632259702573,0.7358255350422599,,,-5.927431195503432,2.899185011833009
-5.37965194362651,0.005375256239746508,-1.845938730538135,5.015272326848224,3.900373029347219,0.7247858208168322,,,-5.916690425858786,2.767072697596612
-5.368911173981865,0.004429998440514859,-1.835197960893489,4.753526790595689,3.911113798991864,0.712560638988425,,,-5.905949656214141,2.633397041219214
-5.35817040433722,0.003640471532965745,-1.824457191248843,4.50170435323897,3.92185456863651,0.698898092357224,,,-5.895208886569495,2.498982485933993
-5.347429634692574,0.002983055615056722,-1.813716421604198,4.261118700543672,3.932595338281155,0.6838881020104477,,,-5.88446811692485,2.364618791955837
-5.336688865047929,0.002437331977320146,-1.802975651959553,4.033082709002207,3.943336107925801,0.6676288929694268,,,-5.873727347280204,2.231053972708717
-5.325948095403283,0.001985718255232894,-1.792234882314907,3.818800491660451,3.954076877570446,0.6502258360283287,,,-5.862986577635559,2.098988183022529
-5.315207325758638,0.001613132931729561,-1.781494112670261,3.619416432703837,3.964817647215092,0.6317902224021299,,,-5.852245807990913,1.96906861054625
-5.304466556113992,0.001306689057717231,-1.770753343025616,3.43591921847579,3.975558416859737,0.6124379921258669,,,-5.841505038346268,1.84188539924709
-5.293725786469347,0.001055416552077217,-1.76001257338097,3.269276866566663,3.986299186504383,0.5923075184539898,,,-5.830764268701622,1.717968612104325
-5.282985016824701,0.0008500120431338472,-1.749271803736325,3.120353491910488,3.997039956149028,0.5715199806343948,,,-5.820023499056977,1.597786219470572
-5.272244247180056,0.0006826149103605805,-1.738531034091679,2.989931402406258,4.007780725793674,0.5501780825054343,,,-5.809282729412331,1.481743080509955
-5.26150347753541,0.000546607967096226,-1.727790264447034,2.878713665966353,4.018521495438319,0.5284031363832943,,,-5.798541959767686,1.370180868008503
-5.250762707890765,0.0004364410810747995,-1.717049494802388,2.787327028668651,4.029262265082965,0.5063147933456426,,,-5.787801190123041,1.263378871985387
-5.240021938246119,0.0003474759486839802,-1.706308725157743,2.716375034247866,4.040003034727611,0.4840299249582239,,,-5.777060420478395,1.161555605130557
-5.229281168601474,0.000273102811068896,-1.695567955513097,2.666254901455415,4.050743804372256,0.4616615897581672,,,-5.76631965083375,1.064871123288036
-5.218540398956828,0.0002162183104969247,-1.684827185868452,2.63742278933666,4.061484574016902,0.4393180965735859,,,-5.755578881189104,0.9734299670464953
-5.207799629312182,0.0001706896234526193,-1.674086416223806,2.630231609896274,4.072225343661547,0.4171021743906954,,,-5.744838111544459,0.8872846259648993
-5.197058859667536,0.0001343600394766645,-1.663345646579161,2.645040312980932,4.082966113306193,0.3951102560246738,,,-5.734097341899813,0.8064394249558542
-5.186318090022891,0.0001054584725412523,-1.652604876934515,2.681963342789207,4.093706882950838,0.3734318803726572,,,-5.723356572255168,0.7308547327159544
-5.175577320378245,4.30416048161577e-05,-1.64186410728987,2.741277271764885,4.104447652595484,0.3522070757315879,,,-5.712615802610522,0.6604513946220387
-3.102608778961661,0.0001148882003486037,-1.631123337645224,2.823066114226248,4.115188422240129,0.3315097838165837,,,-5.701875032965876,0.5951152969545558
-3.091868009317015,0.0001408470205044443,-1.620382568000579,2.92733623790026,4.125929191884775,0.3113476297475846,,,-5.691134263321231,0.5347019753838026
-3.081127239672369,0.0001721884977824585,-1.609641798355933,3.054132190614227,4.13666996152942,0.2917780336441786,,,-5.680393493676585,0.4790411880620474
-3.070386470027724,0.0002099158850769599,-1.598901028711288,3.203499448006555,4.147410731174066,0.2728503500691815,,,-5.669652724031939,0.4279413820965813
-3.059645700383078,0.0002551946891450107,-1.588160259066642,3.375146972890401,4.158151500818711,0.2546059678706698,,,-5.658911954387294,0.3811939913293083
-3.048904930738433,0.0003093738434183443,-1.577419489421997,3.568976561305281,4.168892270463356,0.2370785012252085,,,-5.648171184742648,0.3385775129219768
-3.038164161093787,0.0003740086666865494,-1.566678719777351,3.784745789832453,4.179633040108002,0.2202969621627508,,,-5.637430415098003,0.2998613199654127
-3.027423391449142,0.0004511182441108131,-1.555937950132706,4.022198688424399,4.190373809752647,0.2042753025361156,,,-5.626689645453357,0.264809176943744
-3.016682621804496,0.0005423453296047669,-1.54519718048806,4.280884703304059,4.201114579397293,0.1890280240560433,,,-5.615948875808712,0.2331824341679649
-3.005941852159851,0.0006502042933019544,-1.534456410843414,4.560347290946391,4.211855349041938,0.1745610640094435,,,-5.605208106164066,0.204742886057747
-2.995201082515205,0.000777499214690065,-1.523715641198769,4.860072661504582,4.222596118686584,0.1608745511597336,,,-5.594467336519421,0.1792552862417764
-2.98446031287056,0.0009272292893741794,-1.512974871554123,5.17944901316136,4.233336888331229,0.1479633219553366,,,-5.583726566874775,0.1564895197464234
-2.973719543225914,0.00110241638363215,-1.502234101909478,5.517772491547641,4.244077657975875,0.1358174533681081,,,-5.57298579723013,0.1362224389667256
-2.962978773581268,0.001307061440818961,-1.491493332264832,5.874259676497253,4.254818427620521,0.1244228029240092,,,-5.562245027585485,0.1182393756124542
-2.952238003936623,0.00154539267813445,-1.480752562620187,6.248036089880522,4.265559197265167,0.1137615473204213,,,-5.551504257940839,0.1023353453763124
-2.941497234291977,0.001822111271635966,-1.470011792975541,6.638150254718092,4.276299966909812,0.1038127119520465,,,-5.540763488296194,0.08831596568968174
-2.930756464647332,0.002142421150407076,-1.459271023330896,7.043524257906792,4.287040736554458,0.09455268465797007,,,-5.530022718651548,0.0759981096463135
-2.920015695002687,0.002513080986902124,-1.44853025368625,7.463074564928723,4.297781506199103,0.08595570802540974,,,-5.519281949006903,0.06521032103847223
-2.909274925358041,0.002938614451137209,-1.437789484041605,7.895478396825698,4.308522275843749,0.07799434561256874,,,-5.508541179362257,0.05579301653156759
-2.898534155713396,0.003426702000489409,-1.427048714396959,8.339482803391316,4.319263045488394,0.07063991845836268,,,-5.497800409717612,0.04759850138226751
-2.88779338606875,0.003984818863281917,-1.416307944752314,8.793653985929041,4.33000381513304,0.06386290920857127,,,-5.487059640072966,0.04049082486925201
-2.877052616424105,0.004621046059984379,-1.405567175107668,9.256521786299057,4.340744584777685,0.05763333208774447,,,-5.476318870428321,0.0343455008470602
-2.866311846779459,0.005344073938711115,-1.394826405463023,9.726589217005552,4.351485354422331,0.05192400461072214,,,-5.465578100783675,0.02904911764469384
-2.855571077134814,0.006163197500318253,-1.384085635818377,10.20220469987819,4.362226124066976,0.04669991025397761,,,-5.454837331139029,0.02449886000260259
-2.844830307490168,0.007088302331153282,-1.373344866173732,10.68178342570851,4.372966893711621,0.04193386263278161,,,-5.444096561494383,0.02060196396089701
-2.834089537845522,0.008129839973294398,-1.362604096529086,11.16340438867261,4.383707663356267,0.03759705101640688,,,-5.433355791849738,0.01727512365842918
-2.823348768200877,0.009298791603050433,-1.351863326884441,11.64551229231651,4.394448433000912,0.03366153547054059,,,-5.422615022205092,0.01444386694945654
-2.812607998556231,0.01060661896182447,-1.341122557239795,12.12746184372321,4.405189202645558,0.03009913500206863,,,-5.411874252560447,0.01204191465612107
-2.801867228911586,0.01206520159194821,-1.33038178759515,12.60992333676509,4.415929972290203,0.0268869780728957,,,-5.401133482915801,0.01001053620600511
-2.79112645926694,0.01368675957590703,-1.319641017950504,13.08999093893483,4.426670741934849,0.02399901937555101,,,-5.390392713271156,0.008297912400392533
-2.780385689622295,0.0154837611618386,-1.308900248305858,13.56333964229855,4.437411511579494,0.02141223905923592,,,-5.37965194362651,0.006858514157298924
-2.769644919977649,0.01746881488169312,-1.298159478661213,14.02945565886542,4.44815228122414,0.0191050731983676,,,-5.368911173981865,0.005652504301886383
-2.758904150333004,0.01965454603028998,-1.287418709016568,14.48663552168534,4.458893050868785,0.0170697951360162,,,-5.35817040433722,0.004645167855541371
-2.748163380688358,0.02205345767178148,-1.276677939371922,14.93204355422206,4.469633820513431,0.01526663145501389,,,-5.347429634692574,0.003806374816369253
-2.737422611043713,0.02467777667151344,-1.265937169727277,15.36413258721155,4.480374590158076,0.0136884352263816,,,-5.336688865047929,0.003110078134433329
-2.726681841399067,0.02753928561136435,-1.255196400082631,15.78144419378895,4.491115359802722,0.01232002880841147,,,-5.325948095403283,0.002533848465527307
-2.715941071754422,0.03064914182935814,-1.244455630437985,16.18270768025841,4.501856129447368,0.01114784169562415,,,-5.315207325758638,0.002058446333845089
-2.705200302109776,0.03401768522233148,-1.23371486079334,16.56739984830604,4.512596899092014,0.01015990419073884,,,-5.304466556113992,0.001667431539178717
-2.694459532465131,0.03765423685504767,-1.222974091148694,16.93671615575562,4.523337668736659,0.009345833911108157,,,-5.293725786469347,0.001346808998028073
-2.683718762820485,0.04156689082058422,-1.212233321504049,17.29085998653972,4.534078438381305,0.008696816359033783,,,-5.282985016824701,0.001084709698050422
-2.67297799317584,0.04576230218429969,-1.201492551859403,17.62665622419204,4.54481920802595,0.008205580579447969,,,-5.272244247180056,0.0008711050581437823
-2.662237223531194,0.05024547420569891,-1.190751782214758,17.94198455434504,4.555559977670596,0.00786637073114627,,,-5.26150347753541,0.0006975527080200148
-2.651496453886549,0.0550195483571068,-1.180011012570112,18.2364407123659,4.566300747315241,0.007674914213083265,,,-5.250762707890765,0.0005569715171251233
-2.640755684241903,0.06008560093317349,-1.169270242925467,18.50992969175302,4.577041516959886,0.007628386818353076,,,-5.240021938246119,0.0004434435992481918
-2.630014914597258,0.06544245025907616,-1.158529473280821,18.76242565937109,4.587782286604532,0.007746787370371067,,,-5.229281168601474,0.0003485840643160386
-2.619274144952612,0.07108647864673895,-1.147788703636176,18.99867698830282,4.598523056249177,0.007994450313312076,,,-5.218540398956828,0.0002759809903638292
-2.608533375307966,0.07701147330742972,-1.13704793399153,19.21950851425066,4.609263825893823,0.008388466924181366,,,-5.207799629312182,0.000217870865871328
-2.597792605663321,0.08320849039718185,-1.126307164346885,19.42337179873008,4.620004595538468,0.008931844995166447,,,-5.197058859667536,0.0001715013333977856
-2.587051836018675,0.08966574624201216,-1.115566394702239,19.61054329721478,4.630745365183114,0.009628914923934393,,,-5.186318090022891,0.0001346121291051893
-2.57631106637403,0.0963685395585019,-1.104825625057594,19.77947749226412,4.641486134827759,0.01048529862657726,,,-5.175577320378245,5.53899271392473e-05
-2.565570296729384,0.1032992081502245,-1.094084855412948,19.93377681837383,4.652226904472405,0.01150787852866696,,,-3.220757245052761,0.0001172665546833596
-2.554829527084739,0.1104371231228243,-1.083344085768303,20.07458891357516,4.66296767411705,0.01270476686505214,,,-3.210016475408116,0.0002020814401059738
-2.544088757440093,0.1177587231243829,-1.072603316123657,20.20063787505549,4.673708443761696,0.014085275537268,,,-3.19927570576347,0.0002546213590148861
-2.533347987795448,0.1252375904902761,-1.061862546479012,20.3134493611003,4.684449213406341,0.01565988680203614,,,-3.188534936118824,0.0003199164198198984
-2.522607218150802,0.1328445704633243,-1.051121776834366,20.41775631354237,4.695189983050987,0.01744022509047917,,,-3.177794166474179,0.0004008221630515895
-2.511866448506157,0.1405479338839468,-1.040381007189721,20.51510941258302,4.705930752695632,0.019439030280117,,,-3.167053396829533,0.0005007726726835996
-2.501125678861511,0.1483135829172442,-1.029640237545075,20.60390483740353,4.716671522340278,0.02173580672774248,,,-3.156312627184888,0.000623883372482216
-2.490384909216866,0.1561052985228265,-1.01889946790043,20.68580109576769,4.727412291984924,0.02423222861058393,,,-3.145571857540243,0.0007750688692514928
-2.47964413957222,0.1638850274991138,-1.008158698255784,20.7649966302549,4.73815306162957,0.02698872895815533,,,-3.134831087895597,0.0009601773656262797
-2.468903369927575,0.1716132060684533,-0.9974179286111385,20.84313877204665,4.748893831274215,0.03003852060041305,,,-3.124090318250952,0.001186143177424413
-2.458162600282929,0.179249116135249,-0.986677158966493,20.91930100660507,4.759634600918861,0.03339565051625634,,,-3.113349548606306,0.001461158867547544
-2.447421830638284,0.1867512695689816,-0.9759363893218475,20.9974651578186,4.770375370563506,0.03711842954388281,,,-3.102608778961661,0.001821955086858301
-2.436681060993638,0.1940778151595318,-0.9651956196772019,21.07908369898733,4.781116140208152,0.04118776379150974,,,-3.091868009317015,0.002233144684052277
-2.425940291348993,0.201186962284321,-0.9544548500325564,21.1630601035004,4.791856909852797,0.0456110217049573,,,-3.081127239672369,0.002729492288077975
-2.415199521704347,0.2080374148341226,-0.9437140803879109,21.25065291932508,4.802597679497442,0.05043590451637012,,,-3.070386470027724,0.003326850350950383
-2.404458752059702,0.2145888085830145,-0.9329733107432654,21.34291753933143,4.813338449142088,0.05569023226043519,,,-3.059645700383078,0.004043631987353666
-2.393717982415056,0.2208021449705599,-0.9222325410986199,21.44088147386534,4.824079218786733,0.06139837919649718,,,-3.048904930738433,0.004901144803722873
-2.382977212770411,0.2266402141999407,-0.9114917714539743,21.54528819878176,4.834819988431379,0.06760416651041924,,,-3.038164161093787,0.005923952905372371
-2.372236443125765,0.2320680006492324,-0.9007510018093288,21.65836059758206,4.845560758076024,0.07433492587232175,,,-3.027423391449142,0.007224516196633291
-2.361495673481119,0.237053063844776,-0.8900102321646833,21.7805691021501,4.85630152772067,0.08162736924902159,,,-3.016682621804496,0.00868985824158758
-2.350754903836474,0.24167158340317,-0.8792694625200378,21.91065875386675,4.867042297365315,0.08952093091981693,,,-3.005941852159851,0.01042377484313193
-2.340014134191828,0.2458963701751231,-0.8685286928753922,22.04873882549233,4.877783067009961,0.09811441665151215,,,-2.995201082515205,0.01252293282135204
-2.329273364547183,0.2495971513052647,-0.8577879232307467,22.1959820647183,4.888523836654606,0.1074050014566075,,,-2.98446031287056,0.01499775674490252
-2.318532594902537,0.2527531246359646,-0.8470471535861012,22.35214166694328,4.899264606299252,0.1174026778103202,,,-2.973719543225914,0.01785352027089981
-2.307791825257892,0.2553474657001541,-0.8363063839414557,22.51555666698176,4.910005375943897,0.1281999033525038,,,-2.962978773581268,0.02119599371690759
-2.297051055613247,0.257367476334896,-0.8255656142968102,22.6856455765151,4.920746145588543,0.1398565409744178,,,-2.952238003936623,0.02509684181413237
-2.286310285968601,0.2589826906202252,-0.8148248446521646,22.86167816638886,4.931486915233188,0.1524771719944077,,,-2.941497234291977,0.02963622418095408
-2.275569516323956,0.260187350323678,-0.8040840750075191,23.04278653688861,4.942227684877834,0.1660606821961177,,,-2.930756464647332,0.03490345748158716
-2.26482874667931,0.2608008672969041,-0.7933433053628736,23.22797755204451,4.952968454522479,0.1807147207038916,,,-2.920015695002687,0.04105192947689866
-2.254087977034664,0.2608276971323599,-0.7826025357182281,23.41855961741568,4.963709224167125,0.1965212613753301,,,-2.909274925358041,0.04809769788560738
-2.243347207390019,0.2602665824548043,-0.7718617660735826,23.61330971310418,4.974449993811771,0.2135690156355784,,,-2.898534155713396,0.05620460088771669
-2.232606437745373,0.2591301222225426,-0.761120996428937,23.80848862344798,4.985190763456417,0.2319538890064758,,,-2.88779338606875,0.06550591699720477
-2.221865668100728,0.2574342136560669,-0.7503802267842915,24.00270409969751,4.995931533101062,0.2517794334391432,,,-2.877052616424105,0.07614733078826172
-2.211124898456082,0.2551912973927829,-0.7396394571396461,24.19778468429098,5.006672302745707,0.2731572890678878,,,-2.866311846779459,0.08828744079652671
-2.200384128811437,0.2524237533633699,-0.7288986874950005,24.39222476033507,5.017413072390353,0.296207608277025,,,-2.855571077134814,0.1020981928828808
-2.189643359166791,0.2491550243464257,-0.718157917850355,24.58360180321643,5.028153842034998,0.3210585171253744,,,-2.844830307490168,0.1177652236606106
-2.178902589522146,0.2454748518519993,-0.7074171482057094,24.77291962218935,5.038894611679644,0.3478504349165215,,,-2.834089537845522,0.1354880982294164
-2.1681618198775,0.2414113625123153,-0.6966763785610639,24.95616804870904,5.049635381324289,0.3767301075518796,,,-2.823348768200877,0.1554804263685725
-2.157421050232855,0.2369307282241584,-0.6859356089164185,25.12916157349736,5.060376150968935,0.4078553403240542,,,-2.812607998556231,0.1779698415448859
-2.146680280588209,0.2320671906785392,-0.6751948392717729,25.2952277282376,5.07111692061358,0.4414376525480059,,,-2.801867228911586,0.2031978276114107
-2.135939510943563,0.2268498122721971,-0.6644540696271274,25.45281352745004,5.081857690258226,0.4775921322658501,,,-2.79112645926694,0.2314193789254534
-2.125198741298918,0.2213131027507024,-0.6537132999824818,25.5954978830445,5.092598459902871,0.5165205901882957,,,-2.780385689622295,0.2629024808059661
-2.114457971654272,0.2154926299449846,-0.6429725303378363,25.72182900377511,5.103339229547517,0.5585719234550099,,,-2.769644919977649,0.2979273987781689
-2.103717202009627,0.209434889707209,-0.6322317606931909,25.83307205099173,5.114079999192162,0.6039544424146411,,,-2.758904150333004,0.3367857669039369
-2.092976432364981,0.203175226143646,-0.6214909910485453,25.92915155448114,5.124820768836808,0.6527452124269335,,,-2.748163380688358,0.3797794676461133
-2.082235662720336,0.1967375624437668,-0.6107502214038998,26.00622261745247,5.135561538481453,0.7051707576637689,,,-2.737422611043713,0.4272192981285819
-2.071494893075691,0.1901645231255885,-0.6000094517592542,26.06195881185285,5.146302308126099,0.7614665731396892,,,-2.726681841399067,0.4794234202863737
-2.060754123431045,0.1835031166754512,-0.5892686821146087,26.09550582089085,5.157043077770744,0.8218764043496095,,,-2.715941071754422,0.536715595196551
-2.0500133537864,0.176782031967616,-0.5785279124699633,26.10599513460422,5.16778384741539,0.8866513373955583,,,-2.705200302109776,0.5994232047783717
-2.039272584141754,0.1700154612556998,-0.5677871428253177,26.09254841370161,5.178524617060035,0.956048684674215,,,-2.694459532465131,0.6678750669815509
-2.028531814497109,0.1632369055830199,-0.5570463731806722,26.0545592114069,5.189265386704681,1.030330652178782,,,-2.683718762820485,0.7423990534719566
-2.017791044852463,0.1564767417414358,-0.5463056035360266,25.99219062336347,5.200006156349327,1.109762775882528,,,-2.67297799317584,0.8233195216017812
-2.007050275207817,0.1497637030981635,-0.5355648338913811,25.90510314994786,5.210746925993972,1.194612116558509,,,-2.662237223531194,0.9109545750454895
-1.996309505563172,0.1431752073889866,-0.5248240642467357,25.79493962021955,5.221487695638618,1.285145204784535,,,-2.651496453886549,1.005613169828812
-1.985568735918526,0.1367374869714482,-0.5140832946020901,25.66160774720382,5.232228465283263,1.381625730809147,,,-2.640755684241903,1.107592084520099
-1.974827966273881,0.1304258913616332,-0.5033425249574446,25.50516954972077,5.242969234927909,1.484311977425613,,,-2.630014914597258,1.217172775048132
-1.964087196629235,0.1242636889903825,-0.492601755312799,25.32575967126889,5.253710004572554,1.593453998015449,,,-2.619274144952612,1.334618135930196
-1.95334642698459,0.1182734462921722,-0.4818609856681536,25.12109877615649,5.2644507742172,1.709290546462708,,,-2.608533375307966,1.46016919062857
-1.942605657339944,0.1124766494646459,-0.471120216023508,24.894037620418,5.275191543861845,1.832187475821942,,,-2.597792605663321,1.594041734312145
-1.931864887695299,0.1068939447697014,-0.4603794463788625,24.64738140529087,5.285932313506491,1.96237107927038,,,-2.587051836018675,1.736422952512289
-1.921124118050653,0.1015451091277416,-0.449638676734217,24.38514155767511,5.296673083151136,2.09984431561275,,,-2.57631106637403,1.887468039078684
-1.910383348406008,0.09644934654524037,-0.4388979070895714,24.10559825030353,5.307413852795782,2.244848661126942,,,-2.565570296729384,2.047296836530772
-1.899642578761362,0.09162528114372545,-0.428157137444926,23.80349198626412,5.318154622440427,2.397393047647952,,,-2.554829527084739,2.215990521449975
-1.888901809116717,0.08709109478351533,-0.4174163678002804,23.47958127031102,5.328895392085073,2.557624892218598,,,-2.544088757440093,2.393588357066199
-1.878161039472071,0.08286463234904509,-0.4066755981556349,23.13474938918103,5.339636161729718,2.725600647817975,,,-2.533347987795448,2.58008453476736
-1.867420269827426,0.07896349959939419,-0.3959348285109894,22.77253505572029,5.350376931374364,2.901335147202757,,,-2.522607218150802,2.775425126013974
-1.85667950018278,0.0754051506763171,-0.3851940588663438,22.39393574928283,5.361117701019009,3.084797626768058,,,-2.511866448506157,2.979505166179691
-1.845938730538135,0.07220696250644562,-0.3744532892216983,21.99754519089844,5.371858470663655,3.275907892323542,,,-2.501125678861511,3.192165892260741
-1.835197960893489,0.06938629349658428,-0.3637125195770528,21.58459007442418,5.3825992403083,3.475127639075512,,,-2.490384909216866,3.413192157282269
-1.824457191248843,0.06696419628355189,-0.3529717499324073,21.15629502498044,5.393340009952946,3.682262084898159,,,-2.47964413957222,3.64231004563307
-1.813716421604198,0.06495176264420764,-0.3422309802877618,20.71396536842493,5.404080779597591,3.896457060102122,,,-2.468903369927575,3.87918471550653
-1.802975651959553,0.0633693766875978,-0.3314902106431162,20.25895216323687,5.414821549242237,4.117391626859205,,,-2.458162600282929,4.123418497102135
-1.792234882314907,0.06223457838690141,-0.3207494409984707,19.79264157819193,5.425562318886882,4.344681229994444,,,-2.447421830638284,4.374549278195449
-1.781494112670261,0.06156757877930524,-0.3100086713538252,19.31978159739934,5.436303088531528,4.577900997389972,,,-2.436681060993638,4.632049212017263
-1.770753343025616,0.0613811483180963,-0.2992679017091797,18.84175061148317,5.447043858176174,4.816493291077045,,,-2.425940291348993,4.895323785953274
-1.76001257338097,0.06169464526809874,-0.2885271320645342,18.35912109689358,5.457784627820819,5.059896883450297,,,-2.415199521704347,5.163711293198683
-1.749271803736325,0.06252499833386116,-0.2777863624198886,17.87324069007019,5.468525397465465,5.307466449728505,,,-2.404458752059702,5.436482752953925
-1.738531034091679,0.06388865727019104,-0.2670455927752431,17.38287045221841,5.47926616711011,5.558524245138207,,,-2.393717982415056,5.712842327770817
-1.727790264447034,0.06580141127086982,-0.2563048231305976,16.89097611906373,5.490006936754756,5.812247492203898,,,-2.382977212770411,5.991928288971483
-1.717049494802388,0.06827818230150869,-0.2455640534859521,16.39878204253656,5.500747706399401,6.067833516556197,,,-2.372236443125765,6.272814582370503
-1.706308725157743,0.07133320999081889,-0.2348232838413066,15.90576374371923,5.511488476044047,6.32556065321404,,,-2.361495673481119,6.554513046537664
-1.695567955513097,0.07497825570368871,-0.2240825141966611,15.41296633282881,5.522229245688692,6.584490049737108,,,-2.350754903836474,6.837698212264735
-1.684827185868452,0.0792245089347207,-0.2133417445520155,14.921612059849,5.532970015333338,6.84247233597213,,,-2.340014134191828,7.121252345276721
-1.674086416223806,0.08408093566269921,-0.20260097490737,14.432587412626,5.543710784977983,7.098492325752776,,,-2.329273364547183,7.402270124268096
-1.663345646579161,0.08955431833115071,-0.1918602052627245,13.9469146410671,5.554451554622629,7.35147287784202,,,-2.318532594902537,7.679522984055752
-1.652604876934515,0.09564892187627029,-0.181119435618079,13.46542111835267,5.565192324267274,7.600349761303424,,,-2.307791825257892,7.951743789169026
-1.64186410728987,0.1023662432237846,-0.1703786659734335,12.99013817859741,5.57593309391192,7.844037895121427,,,-2.297051055613247,8.217634226767393
-1.631123337645224,0.1097064798361857,-0.1596378963287879,12.52252135366916,5.586673863556565,8.08145110778568,,,-2.286310285968601,8.478507290009199
-1.620382568000579,0.1176615751782934,-0.1488971266841424,12.06189952664856,5.597414633201211,8.311512045990279,,,-2.275569516323956,8.733005034185782
-1.609641798355933,0.1262243583338787,-0.1381563570394969,11.60820833308241,5.608155402845856,8.533162372058888,,,-2.26482874667931,8.977135012471669
-1.598901028711288,0.1353825217513716,-0.1274155873948514,11.1628432698658,5.618896172490502,8.745373121618083,,,-2.254087977034664,9.209531019584396
-1.588160259066642,0.1451193193479349,-0.1166748177502059,10.72635423708002,5.629636942135147,8.947155085498068,,,-2.243347207390019,9.42875875343706
-1.577419489421997,0.1554140930998673,-0.1059340481055603,10.2980971711632,5.640377711779792,9.140771982691538,,,-2.232606437745373,9.633536671843904
-1.566678719777351,0.1662417079192584,-0.09519327846091483,9.87838241124224,5.651118481424438,9.325258516795159,,,-2.221865668100728,9.822611241422425
-1.555937950132706,0.177572746850142,-0.0844525088162693,9.46742811043546,5.661859251069083,9.49660907608764,,,-2.211124898456082,9.994709920798426
-1.54519718048806,0.1893730654235142,-0.07371173917162378,9.065537459084336,5.672600020713729,9.654040185387505,,,-2.200384128811437,10.14870030656882
-1.534456410843414,0.2016039600095214,-0.06297096952697825,8.672829419820921,5.683340790358375,9.796922837137878,,,-2.189643359166791,10.28351089463014
-1.523715641198769,0.2142227722446002,-0.05223019988233274,8.289398952882163,5.694081560003021,9.926469634559327,,,-2.178902589522146,10.39947228510854
-1.512974871554123,0.2271842102939541,-0.04148943023768722,7.915436140136232,5.704822329647666,10.04356174637805,,,-2.1681618198775,10.49570392939382
-1.502234101909478,0.2404344583227984,-0.0307486605930417,7.550966153404815,5.715563099292312,10.14585175856004,,,-2.157421050232855,10.57013869266901
-1.491493332264832,0.2539203263284569,-0.02000789094839618,7.197413194881016,5.726303868936957,10.23168177074427,,,-2.146680280588209,10.62216379266057
-1.480752562620187,0.2675840554165166,-0.00926712130375066,6.854799351606018,5.737044638581603,10.30085336217444,,,-2.135939510943563,10.65122607432833
-1.470011792975541,0.2813650708110549,0.00147364834089486,6.523697488323648,5.747785408226248,10.35329246003273,,,-2.125198741298918,10.65694983896521
-1.459271023330896,0.2952004766450304,0.01221441798554038,6.204074695405472,5.758526177870894,10.38905089814376,,,-2.114457971654272,10.6391595685356
-1.44853025368625,0.3090256181326386,0.0229551876301859,5.893899216856469,5.769266947515539,10.40830645427752,,,-2.103717202009627,10.60187686589723
-1.437789484041605,0.3227746331770396,0.03369595727483142,5.593163564394465,5.780007717160185,10.41140747035129,,,-2.092976432364981,10.54518608922819
-1.427048714396959,0.3363798447620822,0.04443672691947694,5.301770711084999,5.79074848680483,10.39869806280233,,,-2.082235662720336,10.46523660881972
-1.416307944752314,0.3497781223884491,0.05517749656412246,5.01965478656423,5.801489256449476,10.37347666910885,,,-2.071494893075691,10.3650886389296
-1.405567175107668,0.3629021980781311,0.06591826620876798,4.746730486121434,5.812230026094121,10.33872444055823,,,-2.060754123431045,10.24769319615421
-1.394826405463023,0.3756882317438043,0.07665903585341349,4.482978492238492,5.822970795738767,10.29240911714437,,,-2.0500133537864,10.11122912020904
-1.384085635818377,0.3880745348211912,0.08739980549805902,4.228311298406078,5.833711565383412,10.2329434141284,,,-2.039272584141754,9.95379826226387
-1.373344866173732,0.4000025179572264,0.09814057514270454,3.982668598783714,5.844452335028057,10.16118053879948,,,-2.028531814497109,9.776375997551519
-1.362604096529086,0.411413911980445,0.1088813447873501,3.745991096542044,5.855193104672703,10.08002548025293,,,-2.017791044852463,9.580094754275112
-1.351863326884441,0.4222642549135243,0.1196221144319956,3.518219616808515,5.865933874317348,9.990461145494296,,,-2.007050275207817,9.366077481576436
-1.341122557239795,0.4325257969639184,0.1303628840766411,3.299293938582318,5.876674643961994,9.891537471718506,,,-1.996309505563172,9.138326695719279
-1.33038178759515,0.442352655022181,0.1411036537212866,3.089112329319524,5.887415413606639,9.78432367254257,,,-1.985568735918526,8.898276922966172
-1.319641017950504,0.4516855069910402,0.1518444233659322,2.887694986798942,5.898156183251285,9.669961701944171,,,-1.974827966273881,8.644894424585095
-1.308900248305858,0.460296384149855,0.1625851930105777,2.694920206848042,5.908896952895931,9.549584215118715,,,-1.964087196629235,8.379659151717615
-1.298159478661213,0.4682846072272384,0.1733259626552232,2.510709046689693,5.919637722540577,9.424232986248922,,,-1.95334642698459,8.10430272035973
-1.287418709016568,0.4756294831645397,0.1840667322998687,2.334920786436153,5.930378492185222,9.295101596921008,,,-1.942605657339944,7.820560858451825
-1.276677939371922,0.4821904647545624,0.1948075019445142,2.167575103576423,5.941119261829868,9.163351131908618,,,-1.931864887695299,7.530267440194092
-1.265937169727277,0.4879595794454626,0.2055482715891597,2.008456430991237,5.951860031474513,9.030017931064085,,,-1.921124118050653,7.235138703730088
-1.255196400082631,0.4929347345302973,0.2162890412338053,1.857487729257058,5.962600801119159,8.896197166884942,,,-1.910383348406008,6.937041047555338
-1.244455630437985,0.4971239243137098,0.2270298108784508,1.714577316312948,5.973341570763804,8.762910927152296,,,-1.899642578761362,6.637851480312213
-1.23371486079334,0.5005381618741774,0.2377705805230963,1.579523190321093,5.98408234040845,8.631128233363881,,,-1.888901809116717,6.339290089633406
-1.222974091148694,0.5033301415447302,0.2485113501677418,1.452082937856761,5.994823110053095,8.5038633686903,,,-1.878161039472071,6.04318303859857
-1.212233321504049,0.5055707042825662,0.2592521198123873,1.332254606913058,6.005563879697741,8.382531439180319,,,-1.867420269827426,5.751277182324413
-1.201492551859403,0.5071512947267266,0.2699928894570329,1.219745402394016,6.016304649342386,8.265751780956673,,,-1.85667950018278,5.465270481293373
-1.190751782214758,0.5080563955573266,0.2807336591016784,1.114349768924646,6.027045418987032,8.153572568775454,,,-1.845938730538135,5.18680255046118
-1.180011012570112,0.5083211290293008,0.2914744287463239,1.01580621745893,6.037786188631677,8.046562892687277,,,-1.835197960893489,4.917446530603492
-1.169270242925467,0.507984707986488,0.3022151983909694,0.923958377011879,6.048526958276323,7.945203286484317,,,-1.824457191248843,4.658738880716888
-1.158529473280821,0.5070885294665646,0.3129559680356149,0.83855348769656,6.059267727920968,7.849896546711089,,,-1.813716421604198,4.412037822279298
-1.147788703636176,0.5056897481481485,0.3236967376802605,0.7593148338829698,6.070008497565613,7.760966036878075,,,-1.802975651959553,4.178710981670359
-1.13704793399153,0.5038360710589289,0.334437507324906,0.6859802002384433,6.080749267210259,7.678658011750917,,,-1.792234882314907,3.960012033276092
-1.126307164346885,0.5016961038901607,0.3451782769695515,0.6182878356422019,6.091490036854904,7.603144975637873,,,-1.781494112670261,3.757136093565592
-1.115566394702239,0.4993112137585881,0.355919046614197,0.5559630947857981,6.10223080649955,7.534529971524644,,,-1.770753343025616,3.571113504733096
-1.104825625057594,0.4965875179224826,0.3666598162588425,0.4987308748423374,6.112971576144195,7.472851682828024,,,-1.76001257338097,3.402959186369342
-1.094084855412948,0.4935747649835929,0.3774005859034881,0.4463042162160368,6.123712345788841,7.418090217049786,,,-1.749271803736325,3.253580284573504
-1.083344085768303,0.4903121523044439,0.3881413555481336,0.3984293537429662,6.134453115433486,7.370173430954975,,,-1.738531034091679,3.123800309920351
-1.072603316123657,0.4868270348831323,0.3988821251927791,0.3547782453772838,6.145193885078132,7.328983650255673,,,-1.727790264447034,3.014361573750517
-1.061862546479012,0.4831552135351777,0.4096228948374246,0.3151689223285425,6.155934654722778,7.294364633266339,,,-1.717049494802388,2.925927941480292
-1.051121776834366,0.4793384469467415,0.4203636644820701,0.2792429691376542,6.166675424367424,7.266128627652872,,,-1.706308725157743,2.859140787147393
-1.040381007189721,0.4753953929454022,0.4311044341267157,0.2468312204659316,6.177416194012069,7.244063372193641,,,-1.695567955513097,2.814424322726593
-1.029640237545075,0.4713471879853117,0.4418452037713612,0.2176291989077596,6.188156963656715,7.227964153954642,,,-1.684827185868452,2.792266507477993
-1.01889946790043,0.4672140373005426,0.4525859734160067,0.1913529559836879,6.19889773330136,7.217543945377176,,,-1.674086416223806,2.793046530262729
-1.008158698255784,0.4630141444523741,0.4633267430606522,0.1678193019927096,6.209638502946006,7.21361896573909,,,-1.663345646579161,2.817148856889006
-0.9974179286111385,0.4587602844161521,0.4740675127052977,0.1467405248248778,6.220379272590651,7.215931621385864,,,-1.652604876934515,2.864702102720279
-0.986677158966493,0.4544599124729077,0.4848082823499433,0.1280686264915458,6.231120042235297,7.226483110428823,,,-1.64186410728987,2.93600258716691
-0.9759363893218475,0.4501188033029595,0.4955490519945888,0.1114798983591587,6.241860811879942,7.244996231027942,,,-1.631123337645224,3.031141787454206
-0.9651956196772019,0.4457395585930158,0.5062898216392343,0.09678462964414464,6.252601581524588,7.267972140110461,,,-1.620382568000579,3.150128638205533
-0.9544548500325564,0.4413218903095736,0.5170305912838798,0.08380450335356207,6.263342351169233,7.294980300988668,,,-1.609641798355933,3.293009011271037
-0.9437140803879109,0.4368699469169164,0.5277713609285254,0.07233227799778254,6.274083120813878,7.32583728974249,,,-1.598901028711288,3.459825674326874
-0.9329733107432654,0.4323666017333604,0.5385121305731708,0.06230239639167766,6.284823890458524,7.360310967514589,,,-1.588160259066642,3.650267348712729
-0.9222325410986199,0.4278205289023976,0.5492529002178164,0.05351961679688353,6.295564660103169,7.398191894714913,,,-1.577419489421997,3.864218973697944
-0.9114917714539743,0.4232063331730079,0.5599936698624619,0.04585144546165586,6.306305429747815,7.439283723989954,,,-1.566678719777351,4.101410876301995
-0.9007510018093288,0.4186999691975529,0.5707344395071074,0.03917609914405465,6.31704619939246,7.483443065838972,,,-1.555937950132706,4.361553536032044
-0.8900102321646833,0.4142903207104747,0.581475209151753,0.03338212410178325,6.327786969037106,7.530540808587124,,,-1.54519718048806,4.644152870786059
-0.8792694625200378,0.4097874303684213,0.5922159787963984,0.02836795425241706,6.338527738681751,7.580433195459848,,,-1.534456410843414,4.948700712525134
-0.8685286928753922,0.4051788364034061,0.602956748441044,0.02404142185820492,6.349268508326397,7.63297921406331,,,-1.523715641198769,5.274625548266809
-0.8577879232307467,0.4005828315556079,0.6136975180856895,0.02026501806274348,6.360009277971042,7.689337389240249,,,-1.512974871554123,5.621250484235033
-0.8470471535861012,0.3959876589478557,0.6244382877303351,0.01708417574547537,6.370750047615688,7.749329637187086,,,-1.502234101909478,5.987793905238542
-0.8363063839414557,0.3912518801873409,0.6351790573749805,0.01432237129858378,6.381490817260334,7.811696015472859,,,-1.491493332264832,6.373390968911054
-0.8255656142968102,0.3863659118433184,0.645919827019626,0.01201025900389432,6.39223158690498,7.876330504782578,,,-1.480752562620187,6.777076813295999
-0.8148248446521646,0.3813223013698689,0.6566605966642716,0.01004343756334527,6.402972356549625,7.944613137724031,,,-1.470011792975541,7.197802305469427
-0.8040840750075191,0.3761159944319984,0.6674013663089171,0.008347953617334709,6.413713126194271,8.016455718293784,,,-1.459271023330896,7.634385082327501
-0.7933433053628736,0.3707445601135428,0.6781421359535627,0.006943528770615233,6.424453895838916,8.090140431239162,,,-1.44853025368625,8.085632195623807
-0.7826025357182281,0.3652283918344736,0.6888829055982081,0.005759209135694597,6.435194665483562,8.165542861326465,,,-1.437789484041605,8.550102534163573
-0.7718617660735826,0.3595706413086381,0.6996236752428536,0.00476350653205418,6.445935435128207,8.242465378641107,,,-1.427048714396959,9.026422870494642
-0.761120996428937,0.3537573240717198,0.7103644448874992,0.003928899565750855,6.456676204772853,8.320735596710728,,,-1.416307944752314,9.513036123201516
-0.7503802267842915,0.3477975988944779,0.7211052145321447,0.003231426701044727,6.467416974417498,8.400758088472125,,,-1.405567175107668,10.0083433482098
-0.7396394571396461,0.3417042380269997,0.7318459841767903,0.002650305373296935,6.478157744062143,8.482253231613992,,,-1.394826405463023,10.51071952836282
-0.7288986874950005,0.3354927270737658,0.7425867538214357,0.002167578265497107,6.488898513706789,8.564277178546918,,,-1.384085635818377,11.0183802640621
-0.718157917850355,0.3291812427954739,0.7533275234660812,0.001747332537296891,6.499639283351434,8.646527289747933,,,-1.373344866173732,11.52961413870847
-0.7074171482057094,0.3228780511920021,0.7640682931107268,0.001411449099088902,6.51038005299608,8.728767914598629,,,-1.362604096529086,12.04236447680171
-0.6966763785610639,0.3166071616136402,0.7748090627553723,0.001145512625748325,6.521120822640725,8.81046521916555,,,-1.351863326884441,12.5549598080949
-0.6859356089164185,0.3103082493601151,0.7855498324000179,0.0009270325606419182,6.531861592285371,8.891319097277169,,,-1.341122557239795,13.06673648449903
-0.6751948392717729,0.3040168134335807,0.7962906020446633,0.000732809396322437,6.542602361930016,8.970932362659488,,,-1.33038178759515,13.57852221626238
-0.6644540696271274,0.2977646513058025,0.8070313716893088,0.0005900548578135312,6.553343131574662,9.048892998161344,,,-1.319641017950504,14.08718929052511
-0.6537132999824818,0.2915797454519979,0.8177721413339544,0.0004737446338532714,6.564083901219307,9.12637120625446,,,-1.308900248305858,14.5880261767385
-0.6429725303378363,0.2854990227625837,0.8285129109785999,0.0003792684905502613,6.574824670863953,9.203037341053935,,,-1.298159478661213,15.08056748050578
-0.6322317606931909,0.2795699034707004,0.8392536806232455,0.0003027608821266934,6.585565440508598,9.276722811260433,,,-1.287418709016568,15.56301631171384
-0.6214909910485453,0.2738435876892516,0.8499944502678909,0.0002409923701966208,6.596306210153244,9.347039451026459,,,-1.276677939371922,16.03230335686085
-0.6107502214038998,0.2683553452727315,0.8607352199125364,0.0001912746208514526,6.607046979797889,9.416586358761029,,,-1.265937169727277,16.48680818102171
-0.6000094517592542,0.2631406092908542,0.871475989557182,0.0001513777079618395,6.617787749442535,9.484932183589823,,,-1.255196400082631,16.92500943023517
-0.5892686821146087,0.2583276075357777,0.8822167592018275,0.0001194584877219573,6.628528519087181,9.548515622175454,,,-1.244455630437985,17.34559063129893
-0.5785279124699633,0.253963882956952,0.8929575288464731,9.399886393378044e-05,6.639269288731827,9.606961874129444,,,-1.23371486079334,17.7480192187917
-0.5677871428253177,0.2500160471429835,2.622221441634402,0.000120647452324807,6.650010058376472,9.659800439620676,,,-1.222974091148694,18.13373249859611
-0.5570463731806722,0.2465330376400017,2.632962211279047,0.0001513015379654591,6.660750828021118,9.706730553786233,,,-1.212233321504049,18.50299746570446
-0.5463056035360266,0.2435644136704468,2.643702980923693,0.0001891977553379044,6.671491597665763,9.747526468594447,,,-1.201492551859403,18.85236640340147
-0.5355648338913811,0.2411600279770595,2.654443750568338,0.0002359044136569408,6.682232367310409,9.781944157511266,,,-1.190751782214758,19.17962640616493
-0.5248240642467357,0.2393702642181116,2.665184520212984,0.0002932942866670203,6.692973136955054,9.809799898472553,,,-1.180011012570112,19.48439225623542
-0.5140832946020901,0.2382444306215178,2.675925289857629,0.0003635955753411253,6.703713906599699,9.833294810747649,,,-1.169270242925467,19.76660708435486
-0.5033425249574446,0.2378496557824638,2.686666059502275,0.0004494496286461236,6.714454676244345,9.852430109287441,,,-1.158529473280821,20.02628689224741
-0.492601755312799,0.2382327885602917,2.69740682914692,0.0005539759515454128,6.72519544588899,9.865004979736174,,,-1.147788703636176,20.26846292608763
-0.4818609856681536,0.2394192897068489,2.708147598791566,0.0006808449933345941,6.735936215533636,9.871238471778495,,,-1.13704793399153,20.49406952889257
-0.471120216023508,0.2414528616938179,2.718888368436212,0.0008343591520647828,6.746676985178281,9.87141201585751,,,-1.126307164346885,20.70160992767968
-0.4603794463788625,0.2443730570885069,2.729629138080857,0.001019542348804933,6.757417754822927,9.865825399255909,,,-1.115566394702239,20.89139154657459
-0.449638676734217,0.2482206012871278,2.740369907725503,0.00128659896915803,6.768158524467572,9.854922177973028,,,-1.104825625057594,21.06173483173223
-0.4388979070895714,0.2530267797772029,2.751110677370148,0.001565821137049506,6.778899294112218,9.839207791507386,,,-1.094084855412948,21.21638844354291
-0.428157137444926,0.2588118642474425,2.761851447014794,0.001900312104243123,6.789640063756863,9.819381808487828,,,-1.083344085768303,21.35658768604523
-0.4174163678002804,0.2655966021722022,2.772592216659439,0.002299816782265819,6.800380833401509,9.796119375059654,,,-1.072603316123657,21.48108438469973
-0.4066755981556349,0.2733936195579941,2.783332986304084,0.002775548527710919,6.811121603046154,9.770257110230778,,,-1.061862546479012,21.59149809907239
-0.3959348285109894,0.2822177406325624,2.79407375594873,0.00334036195090342,6.8218623726908,9.744449177011164,,,-1.051121776834366,21.69282702024246
-0.3851940588663438,0.2920658853748377,2.804814525593375,0.004008937259321563,6.832603142335445,9.723154718728088,,,-1.040381007189721,21.78669976550012
-0.3744532892216983,0.3029290797063386,2.815555295238021,0.004797975310206413,6.843343911980091,9.705469799944177,,,-1.029640237545075,21.87143609756451
-0.3637125195770528,0.3147964832787284,2.826296064882666,0.005726402182582128,6.854084681624736,9.688811859760845,,,-1.01889946790043,21.94877736309138
-0.3529717499324073,0.3276412815003211,2.837036834527312,0.006815581673924691,6.864825451269382,9.675962006886079,,,-1.008158698255784,22.02307835380879
-0.3422309802877618,0.3414299988589218,2.847777604171958,0.008089533683838173,6.875566220914028,9.667984463559939,,,-0.9974179286111385,22.09605914029084
-0.3314902106431162,0.356119595804559,2.858518373816603,0.009575155970788457,6.886306990558674,9.663956410058773,,,-0.986677158966493,22.16678151705096
-0.3207494409984707,0.3716572652954812,2.869259143461249,0.01130244626438273,6.897047760203319,9.664930840938903,,,-0.9759363893218475,22.23938903752406
-0.3100086713538252,0.3879837016049903,2.879999913105894,0.01330472119285271,6.907788529847964,9.671866666050796,,,-0.9651956196772019,22.31538538502745
-0.2992679017091797,0.4050241854369435,2.89074068275054,0.01568111194777977,6.91852929949261,9.685683219534425,,,-0.9544548500325564,22.39361428917966
-0.2885271320645342,0.4227252541662463,2.901481452395185,0.01838906330754246,6.929270069137255,9.707352796671962,,,-0.9437140803879109,22.47537603728121
-0.2777863624198886,0.4409939158364273,2.912222222039831,0.02149407442822285,6.940010838781901,9.737706097851522,,,-0.9329733107432654,22.56174022131481
-0.2670455927752431,0.4596999549922272,2.922962991684476,0.02504220179996357,6.950751608426546,9.777519903846351,,,-0.9222325410986199,22.65377090522101
-0.2563048231305976,0.4787337992850995,2.933703761329122,0.0290984884831237,6.961492378071192,9.82752900291459,,,-0.9114917714539743,22.75220026050881
-0.2455640534859521,0.4979781474264539,2.944444530973767,0.03372232943307287,6.972233147715837,9.888304407599394,,,-0.9007510018093288,22.85948880658957
-0.2348232838413066,0.5173088144486978,2.955185300618413,0.03897797153615095,6.982973917360483,9.960390737219297,,,-0.8900102321646833,22.97610047121305
-0.2240825141966611,0.5365954908924498,2.965926070263059,0.04493461341641834,6.993714687005128,10.04420232157452,,,-0.8792694625200378,23.1005400110987
-0.2133417445520155,0.5557037294515492,2.976666839907704,0.05171308889408952,7.004455456649774,10.14003900232043,,,-0.8685286928753922,23.23289526011088
-0.20260097490737,0.5744926659429986,2.98740760955235,0.05931224972695195,7.015196226294419,10.24808051435857,,,-0.8577879232307467,23.37444440585685
-0.1918602052627245,0.5928264142614683,2.998148379196995,0.06785340580278031,7.025936995939065,10.3683825109182,,,-0.8470471535861012,23.52490807606605
-0.181119435618079,0.610560585549064,3.00888914884164,0.07742647272365291,7.03667776558371,10.50087429725763,,,-0.8363063839414557,23.68245564496895
-0.1703786659734335,0.6275540877573941,3.019629918486286,0.08812628483663003,7.047418535228356,10.64535830427661,,,-0.8255656142968102,23.84646557036645
-0.1596378963287879,0.6436684122076496,3.030370688130931,0.1000524161592281,7.058159304873001,10.80151129917257,,,-0.8148248446521646,24.01616589745833
-0.1488971266841424,0.65876824213943,3.041111457775577,0.1133089426732087,7.068900074517647,10.96888729648353,,,-0.8040840750075191,24.19064635375561
-0.1381563570394969,0.6727236663539103,3.051852227420222,0.1280041453767183,7.079640844162292,11.14692210031274,,,-0.7933433053628736,24.36887180549193
-0.1274155873948514,0.685658033063545,3.062592997064868,0.1443038259715311,7.090381613806938,11.33493937805472,,,-0.7826025357182281,24.55225655608951
-0.1166748177502059,0.6974545227679542,3.073333766709514,0.1622310202124007,7.101122383451584,11.53215813829728,,,-0.7718617660735826,24.73953804803147
-0.1059340481055603,0.7077568489911991,3.084074536354159,0.1819469600347298,7.11186315309623,11.73891992377369,,,-0.761120996428937,24.92679303132273
-0.09519327846091483,0.7164665124364755,3.094815305998805,0.2035735564950635,7.122603922740875,11.9542771962397,,,-0.7503802267842915,25.11259592140943
-0.0844525088162693,0.7234972615187069,3.10555607564345,0.2272348135940786,7.13334469238552,12.1758904822124,,,-0.7396394571396461,25.29887910959609
-0.07371173917162378,0.7287763119831528,3.116296845288096,0.2530562672321463,7.144085462030166,12.40269489326319,,,-0.7288986874950005,25.48411324082626
-0.06297096952697825,0.7322450966445554,3.127037614932741,0.281164399384542,7.154826231674811,12.63344189972261,,,-0.718157917850355,25.66586819165923
-0.05223019988233274,0.7338601536685522,3.137778384577387,0.3116860363389872,7.165567001319457,12.86703759490495,,,-0.7074171482057094,25.84526274253452
-0.04148943023768722,0.7335936495503909,3.148519154222032,0.3447477404245385,7.176307770964102,13.10652928903564,,,-0.6966763785610639,26.01813602158122
-0.0307486605930417,0.7314337305877943,3.159259923866678,0.3804752049698913,7.187048540608748,13.35062718320591,,,-0.6859356089164185,26.18017392058148
-0.02000789094839618,0.7277224476667834,3.170000693511323,0.4189926622206378,7.197789310253393,13.59364869779926,,,-0.6751948392717729,26.33490746040153
-0.00926712130375066,0.7224771831782751,3.180741463155969,0.4604765915814117,7.208530079898039,13.83427639884298,,,-0.6644540696271274,26.48079761612076
0.00147364834089486,0.715872146830559,3.191482232800614,0.5049530479453735,7.219270849542684,14.07122349305472,,,-0.6537132999824818,26.61124783341488
0.01221441798554038,0.7079487823058042,3.20222300244526,0.552581771332152,7.23001161918733,14.30321791532824,,,-0.6429725303378363,26.72483552814173
0.0229551876301859,0.6982745408066382,3.212963772089905,0.6034767307082446,7.240752388831975,14.52905076347381,,,-0.6322317606931909,26.82292296930668
0.03369595727483142,0.6869219512921498,3.223704541734551,0.6577481671645434,7.251493158476621,14.74889074323957,,,-0.6214909910485453,26.90553682859568
0.04443672691947694,0.6739667307712545,3.234445311379196,0.7155022773929833,7.262233928121266,14.96307697301568,,,-0.6107502214038998,26.96882477612577
0.05517749656412246,0.6595004090613205,3.245186081023842,0.7768409537135651,7.272974697765912,15.16921556853921,,,-0.6000094517592542,27.01046254820073
0.06591826620876798,0.6436233524795246,3.255926850668487,0.8418615780829596,7.283715467410557,15.36700132436214,,,-0.5892686821146087,27.02974330126459
0.07665903585341349,0.626452328379578,3.266667620313133,0.9106568646261142,7.294456237055203,15.55553734969483,,,-0.5785279124699633,27.0258703164253
0.08739980549805902,0.6081049481969287,3.277408389957778,0.9833147422559496,7.305197006699848,15.73177304117023,,,-0.5677871428253177,26.99796072960847
0.09814057514270454,0.5887081994781593,3.288149159602424,1.059918265981168,7.315937776344494,15.89491508170779,,,-0.5570463731806722,26.94549007801848
0.1088813447873501,0.5683941948844338,3.298889929247069,1.140545542655413,7.326678545989139,16.04423442503677,,,-0.5463056035360266,26.86870777702538
0.1196221144319956,0.5472985903397821,3.309630698891715,1.225269654305643,7.337419315633785,16.18124197973306,,,-0.5355648338913811,26.76736415888777
0.1303628840766411,0.5255590035209716,3.320371468536361,1.3141585599094,7.348160085278431,16.30536827544704,,,-0.5248240642467357,26.64325465849021
0.1411036537212866,0.5033131338674626,3.331112238181006,1.407274954684142,7.358900854923076,16.41559130031792,,,-0.5140832946020901,26.49638065046133
0.1518444233659322,0.4806986250179958,3.341853007825652,1.504676064715886,7.369641624567722,16.51153611791544,,,-0.5033425249574446,26.32690723714403
0.1625851930105777,0.4578494558707155,3.352593777470297,1.606413354188239,7.380382394212367,16.59143481937627,,,-0.492601755312799,26.1350621474286
0.1733259626552232,0.4348961443808121,3.363334547114943,1.71253212266145,7.391123163857013,16.65506641612905,,,-0.4818609856681536,25.91858800066729
0.1840667322998687,0.4119640942833491,3.374075316759588,1.823070970860923,7.401863933501658,16.70294560546395,,,-0.471120216023508,25.68049564997387
0.1948075019445142,0.3891725197876173,3.384816086404234,1.938061115310302,7.412604703146304,16.73500649371385,,,-0.4603794463788625,25.42367577327981
0.2055482715891597,0.3666334273050298,3.395556856048879,2.057525534904771,7.423345472790949,16.75064698712726,,,-0.449638676734217,25.15225398198043
0.2162890412338053,0.3444494250797448,3.406297625693525,2.181477936156681,7.434086242435595,16.75483554644356,,,-0.4388979070895714,24.86458441379432
0.2270298108784508,0.322718957247058,3.41703839533817,2.309921528319298,7.44482701208024,16.74768930554805,,,-0.428157137444926,24.55536983231423
0.2377705805230963,0.3015263816434282,3.427779164982816,2.442847604835888,7.455567781724886,16.72446992323832,,,-0.4174163678002804,24.22542697750553
0.2485113501677418,0.280948180487312,3.438519934627461,2.58023393347061,7.466308551369531,16.68537654803557,,,-0.4066755981556349,23.87569050606479
0.2592521198123873,0.2610513907099782,3.449260704272107,2.722042963925695,7.477049321014177,16.63066454339259,,,-0.3959348285109894,23.5097919357818
0.2699928894570329,0.2418928360686215,3.460001473916752,2.868219868580057,7.487790090658822,16.56061472345512,,,-0.3851940588663438,23.12875607382197
0.2807336591016784,0.2235196873484094,3.470742243561398,3.018690439018583,7.498530860303468,16.47564151149365,,,-0.3744532892216983,22.73115432629806
0.2914744287463239,0.2059693886910551,3.481483013206043,3.174767406263487,7.509271629948113,16.37610989660365,,,-0.3637125195770528,22.31822979857717
0.3022151983909694,0.1892703584835674,3.492223782850689,3.336318901805894,7.520012399592759,16.26562664848231,,,-0.3529717499324073,21.89120336901489
0.3129559680356149,0.1734421782536533,3.502964552495334,3.501766301648342,7.530753169237404,16.14458598647906,,,-0.3422309802877618,21.45136749217043
0.3236967376802605,0.1584956528947386,3.51370532213998,3.670911498547557,7.541493938882049,16.01038126548953,,,-0.3314902106431162,21.0000477615995
0.334437507324906,0.144432638448797,3.524446091784625,3.843526503120878,7.552234708526695,15.86342330404509,,,-0.3207494409984707,20.53859203155109
0.3451782769695515,0.1312520263941009,3.535186861429271,4.019351439163178,7.562975478171341,15.70599851910815,,,-0.3100086713538252,20.07176014518395
0.355919046614197,0.1189415608945451,3.545927631073917,4.198093178051712,7.573716247815987,15.53861123966311,,,-0.2992679017091797,19.60086235241024
0.3666598162588425,0.1074848145902073,3.556668400718562,4.379423735321621,7.584457017460632,15.3599807003974,,,-0.2885271320645342,19.12638495819454
0.3774005859034881,0.09686020887020627,3.567409170363208,4.562979157769655,7.595197787105278,15.17292215791641,,,-0.2777863624198886,18.64958279828771
0.3881413555481336,0.08704172372511985,3.578149940007853,4.74835869727385,7.605938556749923,14.98024807244265,,,-0.2670455927752431,18.16906341551299
0.3988821251927791,0.07799958881564588,3.588890709652499,4.935124365540031,7.616679326394569,14.78014656377916,,,-0.2563048231305976,17.68767802251316
0.4096228948374246,0.06970100609048972,3.599631479297144,5.122800918302988,7.627420096039214,14.57075358274876,,,-0.2455640534859521,17.20652603755403
0.4203636644820701,0.06211042487667458,3.61037224894179,5.310876311944327,7.63816086568386,14.35262902236013,,,-0.2348232838413066,16.72494864952187
0.4311044341267157,0.05519152774873087,3.621113018586435,5.498802668496966,7.648901635328505,14.12621701472779,,,-0.2240825141966611,16.24384469127852
0.4418452037713612,0.04890569367429436,3.63185378823108,5.685997776713227,7.659642404973151,13.8920078211888,,,-0.2133417445520155,15.76429448897781
0.4525859734160067,0.04321399877939956,3.642594557875726,5.871847147449183,7.670383174617796,13.65050474888127,,,-0.20260097490737,15.28702297979941
0.4633267430606522,0.03807738461687572,3.653335327520371,6.055706631272262,7.681123944262442,13.40221559746842,,,-0.1918602052627245,14.81290040380136
0.4740675127052977,0.03345685326347655,3.664076097165017,6.239046030501214,7.691864713907087,13.14765454125758,,,-0.181119435618079,14.34258874616568
0.4848082823499433,0.02931435747646721,3.674816866809663,6.421153461244481,7.702605483551733,12.88735484445296,,,-0.1703786659734335,13.87796478280459
0.4955490519945888,0.02561242667837785,3.685557636454308,6.599139859070055,7.713346253196378,12.62182121635138,,,-0.1596378963287879,13.42032608653735
0.5062898216392343,0.02231492359465188,3.696298406098954,6.772243585520472,7.724087022841024,12.3515967207365,,,-0.1488971266841424,12.96883533217343
0.5170305912838798,0.01938713771769104,3.707039175743599,6.939695656896715,7.734827792485669,12.07911254297941,,,-0.1381563570394969,12.52327614577191
0.5277713609285254,0.01679596301039523,3.717779945388245,7.100725756678291,7.745568562130315,11.80486725075931,,,-0.1274155873948514,12.08522181244587
0.5385121305731708,0.01451003213229427,3.72852071503289,7.254568519386432,7.75630933177496,11.52749628889541,,,-0.1166748177502059,11.65508894870742
0.5492529002178164,0.01249981069739457,3.739261484677536,7.400470002225276,7.767050101419605,11.24828745892012,,,-0.1059340481055603,11.23177263975525
0.5599936698624619,0.01073765534382098,3.750002254322181,7.537694255769146,7.777790871064251,10.9676914816055,,,-0.09519327846091483,10.81546352917876
0.5707344395071074,0.00919783955236589,3.760743023966827,7.665529901762948,7.788531640708896,10.68552483991657,,,-0.0844525088162693,10.40627236700952
0.581475209151753,0.007856551205496014,3.771483793611472,7.783296624847138,7.799272410353542,10.40586036713641,,,-0.07371173917162378,10.00441390369079
0.5922159787963984,0.0066918658426779,3.782224563256118,7.890351485733405,7.810013179998188,10.12915933754503,,,-0.06297096952697825,9.609930339357357
0.602956748441044,0.005683699455208746,3.792965332900764,7.986094966009933,7.820753949642834,9.852826782922238,,,-0.05223019988233274,9.22285684453052
0.6136975180856895,0.004813689984589534,3.803706102545409,8.069976659258453,7.831494719287479,9.577329494197969,,,-0.04148943023768722,8.843346791696659
0.6244382877303351,0.004065350015015241,3.814446872190055,8.144505786327501,7.842235488932125,9.302711757702273,,,-0.0307486605930417,8.471401079484032
0.6351790573749805,0.003423158422181009,3.8251876418347,8.210389399985244,7.85297625857677,9.029434250436744,,,-0.02000789094839618,8.108783695660501
0.645919827019626,0.002874646359025156,3.835928411479345,8.26482696514341,7.863717028221416,8.757953829956456,,,-0.00926712130375066,7.755528465889004
0.6566605966642716,0.002407174283499972,3.846669181123991,8.306265815281183,7.874457797866061,8.488821749225743,,,0.00147364834089486,7.412498774448215
0.6674013663089171,0.002009999164413551,3.857409950768636,8.333749840242083,7.885198567510707,8.223897616894336,,,0.01221441798554038,7.079701139753216
0.6781421359535627,0.001673589764287796,3.868150720413282,8.34703836835202,7.895939337155352,7.963498548442135,,,0.0229551876301859,6.75454438932556
0.6888829055982081,0.001389525463854259,3.878891490057927,8.345968753427277,7.906680106799998,7.706597929296926,,,0.03369595727483142,6.437096767093208
0.6996236752428536,0.001150397574243633,3.889632259702573,8.330458127689111,7.917420876444643,7.453570860836625,,,0.04443672691947694,6.127339623956248
0.7103644448874992,0.0009497142367607477,3.900373029347219,8.302754001477497,7.928161646089289,7.204773440196495,,,0.05517749656412246,5.825304299812825
0.7211052145321447,0.0007818097628155197,3.911113798991864,8.262915613085681,7.938902415733934,6.960540103357847,,,0.06591826620876798,5.531013371525529
0.7318459841767903,0.0006417590432592445,3.92185456863651,8.208813513500674,7.94964318537858,6.721181046534629,,,0.07665903585341349,5.244573611642142
0.7425867538214357,0.0005252974581489429,3.932595338281155,8.140647403935159,7.960383955023225,6.486981483105489,,,0.08739980549805902,4.966025807913701
0.7533275234660812,0.0004287465450951355,3.943336107925801,8.058694776304133,7.97112472466787,6.258193147499617,,,0.09814057514270454,4.695448640550007
0.7640682931107268,0.0003489455364157421,3.954076877570446,7.963308485801427,7.981865494312516,6.035041208811831,,,0.1088813447873501,4.432927962188187
0.7748090627553723,0.0002831887513228058,3.964817647215092,7.854913632281339,7.992606263957161,5.817717113406295,,,0.1196221144319956,4.178554090771585
0.7855498324000179,0.0002291687279083082,3.975558416859737,7.734003801012035,8.003347033601807,5.606378699700218,,,0.1303628840766411,3.932418818579915
0.7962906020446633,0.0001809307361817978,3.986299186504383,7.603726411255273,8.014087803246452,5.401149424564434,,,0.1411036537212866,3.69457077786045
0.8070313716893088,0.000145685263220122,3.997039956149028,7.464676101610804,8.024828572891098,5.202120082859477,,,0.1518444233659322,3.465187157618471
0.8177721413339544,0.0001169686410389908,4.007780725793674,7.314889734873046,8.035569342535744,5.009321667167506,,,0.1625851930105777,3.244292290772405
0.8285129109785999,9.364267414365691e-05,4.018521495438319,7.155043085733117,8.046310112180389,4.824080085119208,,,0.1733259626552232,3.031952072538806
2.654443750568338,0.0001061094113402359,4.029262265082965,6.985855754212504,8.057050881825035,4.646342535844421,,,0.1840667322998687,2.82816281696406
2.665184520212984,0.0001319232803882569,4.040003034727611,6.808085498444064,8.06779165146968,4.474786621346627,,,0.1948075019445142,2.633081182937432
2.675925289857629,0.0001635446826419565,4.050743804372256,6.622522355829232,8.078532421114327,4.309321375662183,,,0.2055482715891597,2.446610724597749
2.686666059502275,0.0002021616924560014,4.061484574016902,6.429982612516535,8.089273190758972,4.149827376583425,,,0.2162890412338053,2.268792618721687
2.69740682914692,0.0002491774579538534,4.072225343661547,6.231302680366913,8.100013960403617,3.996094834729033,,,0.2270298108784508,2.099642155547772
2.708147598791566,0.0003062429410996103,4.082966113306193,6.027332939334017,8.110754730048262,3.84811308399247,,,0.2377705805230963,1.939049619630298
2.718888368436212,0.0003752933533523469,4.093706882950838,5.818931601561268,8.121495499692909,3.705617070046329,,,0.2485113501677418,1.786853485480167
2.729629138080857,0.0004585884460197336,4.104447652595484,5.60957761207835,8.132236269337554,3.568417564491692,,,0.2592521198123873,1.643131800909886
2.740369907725503,0.0005692235455231859,4.115188422240129,5.400104174052302,8.142977038982199,3.436665831544965,,,0.2699928894570329,1.507649475079383
2.751110677370148,0.0006921992141183803,4.125929191884775,5.188693320205815,8.153717808626844,3.310155096419949,,,0.2807336591016784,1.380251574474963
2.761851447014794,0.0008393566885432581,4.13666996152942,4.976131570702966,8.164458578271491,3.188321896212691,,,0.2914744287463239,1.260715334994082
2.772592216659439,0.001014916164718691,4.147410731174066,4.763186336426863,8.175199347916136,3.070934169164756,,,0.3022151983909694,1.148914708308703
2.783332986304084,0.001223722487269176,4.158151500818711,4.550601560027655,8.185940117560781,2.957810498779482,,,0.3129559680356149,1.044616740490961
2.79407375594873,0.001471315841817073,4.168892270463356,4.339093659807619,8.196680887205426,2.848777581690014,,,0.3236967376802605,0.9475529801771598
2.804814525593375,0.00176400645654127,4.179633040108002,4.129366919843864,8.207421656850071,2.743582815238957,,,0.334437507324906,0.8574604228377126
2.815555295238021,0.002108952789487012,4.190373809752647,3.922038901133524,8.218162426494718,2.642128678683542,,,0.3451782769695515,0.7740725750274684
2.826296064882666,0.002514242504482596,4.201114579397293,3.717737680580063,8.228903196139363,2.544780145125445,,,0.355919046614197,0.6970980138802892
2.837036834527312,0.002988975348177226,4.211855349041938,3.517036154214621,8.239643965784008,2.451954666904918,,,0.3666598162588425,0.6262399048015338
2.847777604171958,0.003543346835618652,4.222596118686584,3.320464741733126,8.250384735428653,2.362939296743794,,,0.3774005859034881,0.5611837301910484
2.858518373816603,0.004188731434702541,4.233336888331229,3.128509551878444,8.2611255050733,2.27731951646662,,,0.3881413555481336,0.5016431586803177
2.869259143461249,0.004937763714375409,4.244077657975875,2.941610956786334,8.271866274717945,2.195051458476831,,,0.3988821251927791,0.4472524074801496
2.879999913105894,0.005804415692186485,4.254818427620521,2.760162578237604,8.282607044362591,2.115637037392164,,,0.4096228948374246,0.3977914889512683
2.89074068275054,0.006807292192366027,4.265559197265167,2.584510685228288,8.293347814007236,2.039039017524481,,,0.4203636644820701,0.3528567861469969
2.901481452395185,0.007963529926827853,4.276299966909812,2.414953998588366,8.304088583651883,1.965152062229689,,,0.4311044341267157,0.3122368420692888
2.912222222039831,0.00928449285474387,4.287040736554458,2.251743894587245,8.314829353296528,1.893914892273595,,,0.4418452037713612,0.2755796827337456
2.922962991684476,0.01079398263960584,4.297781506199103,2.095084995613965,8.325570122941173,1.825270751946767,,,0.4525859734160067,0.2425534688781366
2.933703761329122,0.01251409252103338,4.308522275843749,1.945136132176581,8.336310892585818,1.759199167017769,,,0.4633267430606522,0.2129306945809372
2.944444530973767,0.01446816659754938,4.319263045488394,1.802011656701087,8.347051662230465,1.695659344462164,,,0.4740675127052977,0.1863740001088684
2.955185300618413,0.01668117461454985,4.33000381513304,1.665783086003794,8.35779243187511,1.634549197740238,,,0.4848082823499433,0.1627934643496521
2.965926070263059,0.01917968033015174,4.340744584777685,1.536481045942306,8.368533201519755,1.576025823736527,,,0.4955490519945888,0.1418187063630179
2.976666839907704,0.02199337985484286,4.351485354422331,1.414114938682834,8.3792739711644,1.519973731276803,,,0.5062898216392343,0.1232169956656152
2.98740760955235,0.0251490723600035,4.362226124066976,1.298610416129813,8.390014740809045,1.466378879248631,,,0.5170305912838798,0.1067687319407975
2.998148379196995,0.0286789114570944,4.372966893711621,1.18990354367396,8.400755510453692,1.415226672342643,,,0.5277713609285254,0.0922266478740378
3.00888914884164,0.03261499240902505,4.383707663356267,1.087886086424561,8.411496280098337,1.366506933894172,,,0.5385121305731708,0.07948944707973826
3.019629918486286,0.03699041611164196,4.394448433000912,0.992422122849659,8.422237049742982,1.320186451858542,,,0.5492529002178164,0.06832596775964996
3.030370688130931,0.04183907052335863,4.405189202645558,0.9033283061812479,8.432977819387627,1.276244723066106,,,0.5599936698624619,0.0585709274653827
3.041111457775577,0.04719537614565863,4.415929972290203,0.8204732834145677,8.443718589032274,1.234598523662751,,,0.5707344395071074,0.05007203989787711
3.051852227420222,0.05309399566528598,4.426670741934849,0.7436277933758538,8.454459358676919,1.195323368724166,,,0.581475209151753,0.04268962756984596
3.062592997064868,0.05957130260831981,4.437411511579494,0.6725765304172917,8.465200128321564,1.158308806787067,,,0.5922159787963984,0.0362961454251397
3.073333766709514,0.06665834160922997,4.44815228122414,0.60709462430631,8.475940897966209,1.123502878757825,,,0.602956748441044,0.03077563325722601
3.084074536354159,0.0743898457453769,4.458893050868785,0.5469457308416817,8.486681667610856,1.090817651044756,,,0.6136975180856895,0.02596786859087914
3.094815305998805,0.08279790278787658,4.469633820513431,0.491884074343062,8.497422437255501,1.060251725320252,,,0.6244382877303351,0.02190090357324504
3.10555607564345,0.09191291743753272,4.480374590158076,0.4416636015013244,8.508163206900146,1.031696657109917,,,0.6351790573749805,0.01837837195683407
3.116296845288096,0.1017631533205977,4.491115359802722,0.3960372541776125,8.518903976544792,1.005038455862853,,,0.645919827019626,0.0154167096751875
3.127037614932741,0.1123742625467683,4.501856129447368,0.3547595799388956,8.529644746189438,0.9802410829614483,,,0.6566605966642716,0.01289625426157627
3.137778384577387,0.1237688094283209,4.512596899092014,0.3175889622363579,8.540385515834084,0.957255316750717,,,0.6674013663089171,0.01073034321829293
3.148519154222032,0.135965795620194,4.523337668736659,0.2842896385647766,8.551126285478729,0.9359470590658874,,,0.6781421359535627,0.008927422232516184
3.159259923866678,0.1489801944869558,4.534078438381305,0.2546334964419587,8.561867055123374,0.9162284272928382,,,0.6888829055982081,0.007406574979460311
3.170000693511323,0.1628225029097608,4.54481920802595,0.2284016402925156,8.572607824768021,0.8981349280193404,,,0.6996236752428536,0.006127547568471652
3.180741463155969,0.1775000714938632,4.555559977670596,0.2053857254082458,8.583348594412666,0.8815761220366986,,,0.7103644448874992,0.005055137144739248
3.191482232800614,0.1930101903327054,4.566300747315241,0.1853890580441961,8.594089364057311,0.8663487067321183,,,0.7211052145321447,0.004158677756173997
3.20222300244526,0.2093489333075735,4.577041516959886,0.1682274633618981,8.604830133701956,0.8523573861801174,,,0.7318459841767903,0.003411558270581584
3.212963772089905,0.2265050844520439,4.587782286604532,0.1536961157461385,8.615570903346601,0.8395256634876128,,,0.7425867538214357,0.002790773968774602
3.223704541734551,0.2444612728172598,4.598523056249177,0.1417130854818716,8.626311672991248,0.8283931836118165,,,0.7533275234660812,0.00225593019125293
3.234445311379196,0.2631938031960157,4.609263825893823,0.1320914467570066,8.637052442635893,0.8188904795517508,,,0.7640682931107268,0.001825449725403272
3.245186081023842,0.2826725580610596,4.620004595538468,0.1247016705657691,8.647793212280538,0.8103098351877694,,,0.7748090627553723,0.001481551944063706
3.255926850668487,0.3028609754277473,4.630745365183114,0.1194277554853116,8.658533981925183,0.8025550472686135,,,0.7855498324000179,0.00119901525159012
3.266667620313133,0.3237161060510969,4.641486134827759,0.1161668666483903,8.66927475156983,0.7956339214693668,,,0.7962906020446633,0.0009470451617912011
3.277408389957778,0.3451887519290708,4.652226904472405,0.1148288050753611,8.680015521214475,0.7894375637153808,,,0.8070313716893088,0.0007626011806812525
3.288149159602424,0.3672236865402047,4.66296767411705,0.1153353215236811,8.69075629085912,0.7839053494997338,,,0.8177721413339544,0.0006123147949675714
3.298889929247069,0.3897599556318836,4.673708443761696,0.1176192895850622,8.701497060503765,0.7790127994137956,,,0.8285129109785999,0.0004902329771889458
3.309630698891715,0.4127312557368611,4.684449213406341,0.1216237532220997,8.712237830148412,0.7747021573860543,,,0.8392536806232455,0.0003913639092865489
3.320371468536361,0.4360663859738113,4.695189983050987,0.1273008643131971,8.722978599793057,0.7708777067383257,,,0.8499944502678909,0.000311536904264003
3.331112238181006,0.4596897671277964,4.705930752695632,0.1346107260886013,8.733719369437702,0.7676292926655971,,,0.8607352199125364,0.0002472798306943211
3.341853007825652,0.4835220205532703,4.716671522340278,0.143523454222763,8.744460139082348,0.7648464535367668,,,0.871475989557182,0.0001957124035243384
3.352593777470297,0.5074805981386293,4.727412291984924,0.1540056077686227,8.755200908726994,0.7625152437853796,,,0.8822167592018275,0.0001544537511539031
3.363334547114943,0.5314804534570003,4.73815306162957,0.1659874563498736,8.76594167837164,0.7605999773718105,,,0.8929575288464731,0.0001215427384116616
3.374075316759588,0.5554347433379373,4.748893831274215,0.179537230899471,8.776682448016285,0.759075753311691,,,0.9036982984911185,6.759463308170908e-05
3.384816086404234,0.5792555484577756,4.759634600918861,0.194605368734143,8.78742321766093,0.7579162113177719,,,2.600739902345111,0.0001145323831513563
3.395556856048879,0.6028546011842947,4.770375370563506,0.2111944821005864,8.798163987305577,0.7570973208631253,,,2.611480671989756,0.000144463650469902
3.406297625693525,0.6261440088374945,4.781116140208152,0.229235911489077,8.808904756950222,0.7565749615768246,,,2.622221441634402,0.0001816922161615696
3.41703839533817,0.6490369607475225,4.791856909852797,0.2487175183225954,8.819645526594867,0.7563713000032679,,,2.632962211279047,0.0002278565457610223
3.427779164982816,0.6714484079986455,4.802597679497442,0.2696158014429014,8.830386296239512,0.7564314844392908,,,2.643702980923693,0.0002849273548486701
3.438519934627461,0.6932957055311901,4.813338449142088,0.2918989234397447,8.841127065884157,0.756731436139356,,,2.654443750568338,0.000355266480093025
3.449260704272107,0.7144992073092876,4.824079218786733,0.315492445193537,8.851867835528804,0.7572406592120308,,,2.665184520212984,0.0004416942745595012
3.460001473916752,0.7349828065206184,4.834819988431379,0.3404321606741021,8.862608605173449,0.7579334151190069,,,2.675925289857629,0.0005475663563323048
3.470742243561398,0.7546744142175833,4.845560758076024,0.3666188102084796,8.873349374818094,0.7587820194424642,,,2.686666059502275,0.0006768605346249637
3.481483013206043,0.7741399295255801,4.85630152772067,0.3939910325089937,8.884090144462739,0.7598402134500967,,,2.69740682914692,0.0008342747102982506
3.492223782850689,0.7933109930334062,4.867042297365315,0.4224782056777769,8.894830914107386,0.7610800545938081,,,2.708147598791566,0.001025336493376048
3.502964552495334,0.8114853361855374,4.877783067009961,0.4520039490650382,8.905571683752031,0.7623923827820277,,,2.718888368436212,0.001256525193795309
3.51370532213998,0.8285997251964927,4.888523836654606,0.4824746069440273,8.916312453396676,0.763750844772759,,,2.729629138080857,0.001535406718131349
3.524446091784625,0.8446045136578746,4.899264606299252,0.5137878238775462,8.927053223041321,0.7651310296974235,,,2.740369907725503,0.001928937189001964
3.535186861429271,0.859434690206419,4.910005375943897,0.5457944624144168,8.937793992685968,0.7665110086054842,,,2.751110677370148,0.00234705190637634
3.545927631073917,0.873051069967662,4.920746145588543,0.5784685941686333,8.948534762330613,0.7679699543073051,,,2.761851447014794,0.002847781874700727
3.556668400718562,0.8854145382236573,4.931486915233188,0.6116400609509222,8.959275531975258,0.7694915836041476,,,2.772592216659439,0.003445654020890418
3.567409170363208,0.896492175657258,4.942227684877834,0.6451540933571597,8.970016301619903,0.7711613411273788,,,2.783332986304084,0.004157374019898712
3.578149940007853,0.9062572071879464,4.952968454522479,0.6788761904776762,8.98075707126455,0.7731673582218733,,,2.79407375594873,0.005002080123866779
3.588890709652499,0.9146888999549088,4.963709224167125,0.7126568889746063,8.991497840909195,0.7752574737327558,,,2.804814525593375,0.006001613287201502
3.599631479297144,0.9217724178403789,4.974449993811771,0.7463415622111016,9.002238610553841,0.7772724603096526,,,2.815555295238021,0.007180802205531653
3.61037224894179,0.9274986403213034,4.985190763456417,0.7797717675917334,9.012979380198486,0.7792119020019327,,,2.826296064882666,0.008567761329056693
3.621113018586435,0.9318639535772129,4.995931533101062,0.8127867224002593,9.023720149843131,0.7812286972053062,,,2.837036834527312,0.0101941992934458
3.63185378823108,0.9348700216735563,5.006672302745707,0.8452248907752145,9.034460919487778,0.7833314794917579,,,2.847777604171958,0.01209573453910927
3.642594557875726,0.9365235452973697,5.017413072390353,0.876925662304788,9.045201689132423,0.7853844881725212,,,2.858518373816603,0.01431221416976118
3.653335327520371,0.9368360149681403,5.028153842034998,0.9076886847103516,9.055942458777068,0.7874372111377712,,,2.869259143461249,0.01688803134379852
3.664076097165017,0.9363284961830907,5.038894611679644,0.9374546892421507,9.066683228421713,0.7895052950752008,,,2.879999913105894,0.01987243571001557
3.674816866809663,0.935016964357152,5.049635381324289,0.9660227240288561,9.07742399806636,0.7915941148575072,,,2.89074068275054,0.02339526344822388
3.685557636454308,0.9324121376558662,5.060376150968935,0.99325412375889,9.088164767711005,0.7937258153234484,,,2.901481452395185,0.02741909478851318
3.696298406098954,0.9285338096877278,5.07111692061358,1.019038831109212,9.09890553735565,0.7959303586933155,,,2.912222222039831,0.03202690088758691
3.707039175743599,0.9234057378911686,5.081857690258226,1.043227890284545,9.109646307000295,0.7982419315254772,,,2.922962991684476,0.03729335202452563
3.717779945388245,0.917055573688997,5.092598459902871,1.065730912740177,9.120387076644942,0.8006959517286779,,,2.933703761329122,0.04330918555237266
3.72852071503289,0.9095148008776757,5.103339229547517,1.087382095155619,9.131127846289587,0.8033269092005236,,,2.944444530973767,0.0501608842591356
3.739261484677536,0.900818679234422,5.114079999192162,1.10810078658185,9.141868615934232,0.8061703306734038,,,2.955185300618413,0.05794175331254107
3.750002254322181,0.8910061897251509,5.124820768836808,1.126893458165803,9.152609385578877,0.8092508953106722,,,2.965926070263059,0.06675200509488526
3.760743023966827,0.8801199772702174,5.135561538481453,1.143708150874713,9.163350155223524,0.8126118079763165,,,2.976666839907704,0.0767538866163256
3.771483793611472,0.8682062867812498,5.146302308126099,1.158513025153501,9.174090924868169,0.8164417840047072,,,2.98740760955235,0.08796638936390615
3.782224563256118,0.8553148881223978,5.157043077770744,1.171297259642123,9.184831694512814,0.8207478826427403,,,2.998148379196995,0.1005540817284269
3.792965332900764,0.8414989857671742,5.16778384741539,1.182071704154249,9.195572464157459,0.8254090858921613,,,3.00888914884164,0.1146451337757679
3.803706102545409,0.8268151092054936,5.178524617060035,1.19086927025738,9.206313233802106,0.8304317327833646,,,3.019629918486286,0.1303740929426794
3.814446872190055,0.8114785318997576,5.189265386704681,1.197745046142972,9.217054003446751,0.835823043731915,,,3.030370688130931,0.1478814998876055
3.8251876418347,0.795832503703052,5.200006156349327,1.202776126110358,9.227794773091397,0.8415838102103005,,,3.041111457775577,0.167313408754611
3.835928411479345,0.7798056357315465,5.210746925993972,1.206061148865026,9.238535542736042,0.8477079264730334,,,3.051852227420222,0.1888208113846834
3.846669181123991,0.7631766806247594,5.221487695638618,1.207719542901059,9.249276312380687,0.8542986044779036,,,3.062592997064868,0.2126148277203433
3.857409950768636,0.7459849523714863,5.232228465283263,1.207890481446512,9.260017082025334,0.8613339041915694,,,3.073333766709514,0.2387579165390112
3.868150720413282,0.7282958447282811,5.242969234927909,1.206731553743041,9.270757851669979,0.8686665733739416,,,3.084074536354159,0.2674559375996043
3.878891490057927,0.7101769673004753,5.253710004572554,1.204417163748066,9.281498621314624,0.8762582010999396,,,3.094815305998805,0.2988730052229034
3.889632259702573,0.69169790468376,5.2644507742172,1.20113667162703,9.292239390959269,0.8840626994265088,,,3.10555607564345,0.3331741817330602
3.900373029347219,0.673006943540816,5.275191543861845,1.19793427458568,9.302980160603916,0.8920338130210963,,,3.116296845288096,0.3705244664940596
3.911113798991864,0.6541760869026577,5.285932313506491,1.195025246856707,9.313720930248561,0.9001107075435196,,,3.127037614932741,0.411087747562752
3.92185456863651,0.6352007182523666,5.296673083151136,1.191757137077549,9.324461699893206,0.9082183808184418,,,3.137778384577387,0.4550257314539842
3.932595338281155,0.6161539177407317,5.307413852795782,1.188351068807198,9.335202469537851,0.9166223858043225,,,3.148519154222032,0.5024968676920765
3.943336107925801,0.5971090725928301,5.318154622440427,1.185020280019284,9.345943239182498,0.9252402177456078,,,3.159259923866678,0.5536552855862127
3.954076877570446,0.5781394667901133,5.328895392085073,1.181981669380398,9.356684008827143,0.9336450838302034,,,3.170000693511323,0.6086497609496075
3.964817647215092,0.5593178495539075,5.339636161729718,1.17944894073515,9.367424778471788,0.9417393573612119,,,3.180741463155969,0.6676799598774916
3.975558416859737,0.5407159866646152,5.350376931374364,1.177630836842068,9.378165548116433,0.9494258599727141,,,3.191482232800614,0.7307823919897209
3.986299186504383,0.5224907618256162,5.361117701019009,1.17672841013562,9.38890631776108,0.9566055262897007,,,3.20222300244526,0.7981296549606426
3.997039956149028,0.5047098331787555,5.371858470663655,1.176932307469686,9.399647087405725,0.9631791123033066,,,3.212963772089905,0.8698409498657017
4.007780725793674,0.4873511703254143,5.3825992403083,1.178431595575782,9.41038785705037,0.9690471121867427,,,3.223704541734551,0.9460261927222058
4.018521495438319,0.4704764763077689,5.393340009952946,1.181388484935045,9.421128626695015,0.974111578825367,,,3.234445311379196,1.026785519726946
4.029262265082965,0.4541441780698621,5.404080779597591,1.185936258626042,9.431869396339662,0.9782773270781736,,,3.245186081023842,1.112208913300037
4.040003034727611,0.4384089890576657,5.414821549242237,1.192199713200217,9.442610165984307,0.9814531335676649,,,3.255926850668487,1.202375949264652
4.050743804372256,0.42332148533402,5.425562318886882,1.200282114359441,9.453350935628952,0.9835529156885968,,,3.266667620313133,1.297355661093814
4.061484574016902,0.4089276995013023,5.436303088531528,1.210264453735973,9.464091705273598,0.9844968722765386,,,3.277408389957778,1.397206512558316
4.072225343661547,0.3952687367272287,5.447043858176174,1.222201227538342,9.474832474918243,0.9842125684265001,,,3.288149159602424,1.501976465455793
4.082966113306193,0.3823804171736271,5.457784627820819,1.236123708814924,9.48557324456289,0.9826388169917561,,,3.298889929247069,1.611703124545945
4.093706882950838,0.3702929491318426,5.468525397465465,1.252036727768159,9.496314014207535,0.9797692691622614,,,3.309630698891715,1.726413937526958
4.104447652595484,0.3591151968766761,5.47926616711011,1.269972901092535,9.50705478385218,0.9755654993931493,,,3.320371468536361,1.846126424034232
4.115188422240129,0.3488645782706615,5.490006936754756,1.289792271127371,9.517795553496825,0.970225919732252,,,3.331112238181006,1.970848404394555
4.125929191884775,0.3394668662307361,5.500747706399401,1.311465077371407,9.528536323141472,0.9637247306599745,,,3.341853007825652,2.100578196389961
4.13666996152942,0.3309258979974469,5.511488476044047,1.334936368579138,9.539277092786117,0.9557545202388127,,,3.352593777470297,2.23530474672531
4.147410731174066,0.323238925924536,5.522229245688692,1.360086269766181,9.550017862430762,0.9463011348189363,,,3.363334547114943,2.375007663381949
4.158151500818711,0.316396582435316,5.532970015333338,1.386732042663775,9.560758632075407,0.9357781756508388,,,3.374075316759588,2.519657115680942
4.168892270463356,0.3103829025575991,5.543710784977983,1.414711840440833,9.571499401720054,0.9241904735455764,,,3.384816086404234,2.669213570745782
4.179633040108002,0.3052215346712889,5.554451554622629,1.443844956788617,9.582240171364699,0.9111816087393011,,,3.395556856048879,2.823627338183067
4.190373809752647,0.3008041044348499,5.565192324267274,1.473937090791022,9.592980941009344,0.8970668013285474,,,3.406297625693525,2.982837899186596
4.201114579397293,0.2971322989462292,5.57593309391192,1.504780371583294,9.603721710653989,0.881894495808791,,,3.41703839533817,3.146773001870009
4.211855349041938,0.2941660194891896,5.586673863556565,1.536156761897876,9.614462480298636,0.8654458971181092,,,3.427779164982816,3.315347511355245
4.222596118686584,0.2918597986969233,5.597414633201211,1.567840883739226,9.625203249943281,0.8477893339254693,,,3.438519934627461,3.488462010855564
4.233336888331229,0.2901632406076709,5.608155402845856,1.599602917940896,9.635944019587926,0.8290032667963642,,,3.449260704272107,3.666001158517123
4.244077657975875,0.28902152972319,5.618896172490502,1.631211533056659,9.646684789232571,0.8091754479405393,,,3.460001473916752,3.847831813908754
4.254818427620521,0.2883760070420266,5.629636942135147,1.662436799490358,9.657425558877216,0.7884019700214588,,,3.470742243561398,4.033800957528348
4.265559197265167,0.2881648099431057,5.640377711779792,1.693217205019688,9.668166328521863,0.7667862203779653,,,3.481483013206043,4.225854661547453
4.276299966909812,0.2883235716596179,5.651118481424438,1.723323855990526,9.678907098166508,0.7444377584970409,,,3.492223782850689,4.423774930225873
4.287040736554458,0.2887861749361197,5.661859251069083,1.752390085666747,9.689647867811154,0.721471135649126,,,3.502964552495334,4.625177496411445
4.297781506199103,0.2894855533333162,5.672600020713729,1.780216393285083,9.700388637455799,0.6980440272932891,,,3.51370532213998,4.829770627925261
4.308522275843749,0.2903545325667233,5.683340790358375,1.806622339130832,9.711129407100445,0.6742769538295426,,,3.524446091784625,5.0372398472688
4.319263045488394,0.2913267032689729,5.694081560003021,1.832529205758599,9.721870176745091,0.650252023118055,,,3.535186861429271,5.247216726058391
4.33000381513304,0.2923373156814445,5.704822329647666,1.857980102363811,9.732610946389736,0.6260908755731257,,,3.545927631073917,5.459318529048378
4.340744584777685,0.2933241860371399,5.715563099292312,1.881726619994428,9.743351716034381,0.6019139884104373,,,3.556668400718562,5.673120749121814
4.351485354422331,0.2942619131655843,5.726303868936957,1.903438916221461,9.754092485679028,0.5778397027001312,,,3.567409170363208,5.888162100149891
4.362226124066976,0.295038730401468,5.737044638581603,1.923009209582458,9.764833255323673,0.554084608054891,,,3.578149940007853,6.103943714177024
4.372966893711621,0.2956320403320817,5.747785408226248,1.940353731287463,9.775574024968318,0.5307587187395403,,,3.588890709652499,6.319928769736544
4.383707663356267,0.2959994077888282,5.758526177870894,1.955413463185639,9.786314794612963,0.5078645425231025,,,3.599631479297144,6.535542612771373
4.394448433000912,0.2961054085086768,5.769266947515539,1.968154583691569,9.79705556425761,0.4855002962001749,,,3.61037224894179,6.750173424728594
4.405189202645558,0.2959121353966255,5.780007717160185,1.978619733199328,9.807796333902255,0.4637563932808885,,,3.621113018586435,6.963173483586898
4.415929972290203,0.2954232139413054,5.79074848680483,1.986737582160863,9.8185371035469,0.4427204597537175,,,3.63185378823108,7.173861053030107
4.426670741934849,0.2946155934999296,5.801489256449476,1.992777689826155,9.829277873191545,0.422468045465916,,,3.642594557875726,7.38152292292616
4.437411511579494,0.293489008483811,5.812230026094121,1.996957228482392,9.840018642836192,0.4030685682730097,,,3.653335327520371,7.585417610992148
4.44815228122414,0.2924311276010944,5.822970795738767,1.99917473926541,9.850759412480837,0.3845833887607926,,,3.664076097165017,7.787585272413836
4.458893050868785,0.2914590700185328,5.833711565383412,1.999385310716211,9.861500182125482,0.3670656671211123,,,3.674816866809663,7.98721585614582
4.469633820513431,0.2902197411619968,5.844452335028057,1.997717553406735,9.872240951770127,0.3505587197147538,,,3.685557636454308,8.180654554024395
4.480374590158076,0.2887489836182433,5.855193104672703,1.994850963450247,9.882981721414772,0.3351065093776918,,,3.696298406098954,8.367044487273946
4.491115359802722,0.2870939508201614,5.865933874317348,1.990948444941018,9.893722491059419,0.3207255719640991,,,3.707039175743599,8.545527474293856
4.501856129447368,0.2853131748798105,5.876674643961994,1.985654762334449,9.904463260704064,0.3074448063806232,,,3.717779945388245,8.715251233573628
4.512596899092014,0.2834765233177035,5.887415413606639,1.979160936332862,9.915204030348709,0.295278182917078,,,3.72852071503289,8.875376871737711
4.523337668736659,0.2816650431707968,5.898156183251285,1.971682903847086,9.925944799993355,0.2842279947848304,,,3.739261484677536,9.025086549356681
4.534078438381305,0.2799706917506611,5.908896952895931,1.963438178261934,9.936685569638001,0.2742925251918916,,,3.750002254322181,9.163591211056955
4.54481920802595,0.2784959540001485,5.919637722540577,1.954628294784652,9.947426339282647,0.2654607914427491,,,3.760743023966827,9.290138262855146
4.555559977670596,0.2773533469593556,5.930378492185222,1.945504127427099,9.958167108927292,0.2577246946632562,,,3.771483793611472,9.404019078638379
4.566300747315241,0.2766648123061496,5.941119261829868,1.936319077072101,9.968907878571937,0.2510570522927624,,,3.782224563256118,9.504576219333851
4.577041516959886,0.2765609982978157,5.951860031474513,1.927297822691167,9.979648648216584,0.2454316580445159,,,3.792965332900764,9.59121025250991
4.587782286604532,0.2771727245826612,5.962600801119159,1.918696902343677,9.990389417861229,0.2408172776860125,,,3.803706102545409,9.663386066800385
4.598523056249177,0.2786628166097436,5.973341570763804,1.910762975115193,10.00113018750587,0.2371758238376718,,,3.814446872190055,9.724278284625262
4.609263825893823,0.2811726589225527,5.98408234040845,1.9037399022621,10.01187095715052,0.2345056447154934,,,3.8251876418347,9.775047823884067
4.620004595538468,0.2848584819571271,5.994823110053095,1.898773308577477,10.02261172679517,0.2327600494178365,,,3.835928411479345,9.812343229189599
4.630745365183114,0.2898800255080319,6.005563879697741,1.896122355331204,10.03335249643981,0.2318482289327693,,,3.846669181123991,9.834260144981192
4.641486134827759,0.2963992035675186,6.016304649342386,1.895086051399642,10.04409326608446,0.2317406971836919,,,3.857409950768636,9.83988395611247
4.652226904472405,0.3045786759225509,6.027045418987032,1.895807846462441,10.0548340357291,0.2323800882973529,,,3.868150720413282,9.829066366341053
4.66296767411705,0.314580331228133,6.037786188631677,1.898501423274278,10.06557480537375,0.2336797596895277,,,3.878891490057927,9.801752423850209
4.673708443761696,0.326563687285087,6.048526958276323,1.90331297175521,10.07631557501839,0.2355769544110197,,,3.889632259702573,9.757981567415129
4.684449213406341,0.340684215488434,6.059267727920968,1.910390638155848,10.08705634466304,0.2380060721518001,,,3.900373029347219,9.700546765835147
4.695189983050987,0.3570915978835255,6.070008497565613,1.919863777057831,10.09779711430768,0.2408983787963353,,,3.911113798991864,9.629652338976763
4.705930752695632,0.3759279269632059,6.080749267210259,1.931841479353688,10.10853788395233,0.2441916544021127,,,3.92185456863651,9.542912324110263
4.716671522340278,0.3973258602391308,6.091490036854904,1.946411284056925,10.11927865359698,0.2478144756722972,,,3.932595338281155,9.44068942368634
4.727412291984924,0.4214067436887353,6.10223080649955,1.963638102151108,10.13001942324162,0.2516983183557067,,,3.943336107925801,9.323432741866387
4.73815306162957,0.4482762010929554,6.112971576144195,1.983563379799007,10.14076019288627,0.2557748860104287,,,3.954076877570446,9.191673788619871
4.748893831274215,0.4780283151137157,6.123712345788841,2.006204526405473,10.15150096253091,0.2599765801754198,,,3.964817647215092,9.046021704237376
4.759634600918861,0.5107457442187254,6.134453115433486,2.031554630214972,10.16224173217556,0.2642369815660873,,,3.975558416859737,8.887157779802518
4.770375370563506,0.5465018493564657,6.145193885078132,2.059582480316111,10.1729825018202,0.2684894452107848,,,3.986299186504383,8.718524691534878
4.781116140208152,0.5853020822785704,6.155934654722778,2.090232909148638,10.18372327146485,0.2726755679085894,,,3.997039956149028,8.540905915423954
4.791856909852797,0.6271689090953015,6.166675424367424,2.123427463929652,10.19446404110949,0.2767330066542887,,,4.007780725793674,8.352418987703894
4.802597679497442,0.6720978245848576,6.177416194012069,2.159065408941278,10.20520481075414,0.2806049650588907,,,4.018521495438319,8.153922698424179
4.813338449142088,0.7200553336846345,6.188156963656715,2.197025056761829,10.21594558039878,0.2842382526054913,,,4.029262265082965,7.946314725628008
4.824079218786733,0.7709805835073342,6.19889773330136,2.237151760481125,10.22668635004343,0.2875836239694639,,,4.040003034727611,7.730524412459954
4.834819988431379,0.8247896851589228,6.209638502946006,2.279789173466124,10.23742711968807,0.2905967130441183,,,4.050743804372256,7.507505430921417
4.845560758076024,0.8813666483393338,6.220379272590651,2.324742362607517,10.24816788933272,0.2932376388774176,,,4.061484574016902,7.278228408591422
4.85630152772067,0.9405688982271289,6.231120042235297,2.371405739059642,10.25890865897737,0.2954664355023743,,,4.072225343661547,7.043673591484836
4.867042297365315,1.002225548364272,6.241860811879942,2.419574487574159,10.26964942862201,0.2972664243715752,,,4.082966113306193,6.804823612532316
4.877783067009961,1.066137755423241,6.252601581524588,2.468990766212766,10.28039019826666,0.298752416362815,,,4.093706882950838,6.562656431065768
4.888523836654606,1.132078607059419,6.263342351169233,2.519411904461287,10.2911309679113,0.2999937553865208,,,4.104447652595484,6.320899884686614
4.899264606299252,1.199794877244768,6.274083120813878,2.570632007602563,10.30187173755595,0.3008705392311862,,,4.115188422240129,6.080478536139547
4.910005375943897,1.269006286894369,6.284823890458524,2.622435108381683,10.31261250720059,0.301286439013426,,,4.125929191884775,5.839507816184136
4.920746145588543,1.339413133556084,6.295564660103169,2.674609746841208,10.32335327684524,0.3011997691929771,,,4.13666996152942,5.598835502344591
4.931486915233188,1.410704441010072,6.306305429747815,2.726951395990369,10.33409404648988,0.300614138478454,,,4.147410731174066,5.359275612420581
4.942227684877834,1.482512960396786,6.31704619939246,2.779265591308131,10.34483481613453,0.2995394183730514,,,4.158151500818711,5.121604110333639
4.952968454522479,1.554482211332457,6.327786969037106,2.831369169633831,10.35557558577918,0.2979915641870453,,,4.168892270463356,4.886555063590428
4.963709224167125,1.626239972425029,6.338527738681751,2.883094116377048,10.36631635542382,0.2959923535092103,,,4.179633040108002,4.654885416677904
4.974449993811771,1.697399808003183,6.349268508326397,2.934280434547281,10.37705712506847,0.2935690439252202,,,4.190373809752647,4.42711830810449
4.985190763456417,1.767567821611511,6.360009277971042,2.984837201567945,10.38779789471311,0.2907539533074495,,,4.201114579397293,4.203898003582336
4.995931533101062,1.836346328616681,6.370750047615688,3.03462535803446,10.39853866435776,0.2875839675057367,,,4.211855349041938,3.985763237713254
5.006672302745707,1.903337696204671,6.381490817260334,3.08350391361338,10.4092794340024,0.2842384457237698,,,4.222596118686584,3.773199091589784
5.017413072390353,1.968148303405327,6.39223158690498,3.131379227113348,10.42002020364705,0.2807595828296751,,,4.233336888331229,3.566636114441451
5.028153842034998,2.030391200999906,6.402972356549625,3.18076965828982,10.4307609732917,0.2770555422447469,,,4.244077657975875,3.366449939877632
5.038894611679644,2.089695937704789,6.413713126194271,3.23159602859336,10.44150174293634,0.2731671805203327,,,4.254818427620521,3.17296138820364
5.049635381324289,2.145703379204799,6.424453895838916,3.281144759773041,10.45224251258099,0.2691530429957253,,,4.265559197265167,2.986437042491815
5.060376150968935,2.19807614951878,6.435194665483562,3.329344450568086,10.46298328222563,0.2650558740861425,,,4.276299966909812,2.80709028220003
5.07111692061358,2.246560318828231,6.445935435128207,3.376096430708295,10.47372405187028,0.2609243469167321,,,4.287040736554458,2.635082754181335
5.081857690258226,2.290798219708248,6.456676204772853,3.421359791330162,10.48446482151492,0.2568001010231004,,,4.297781506199103,2.47052625697269
5.092598459902871,2.33052744448154,6.467416974417498,3.465107193581594,10.49520559115957,0.2527438834441464,,,4.308522275843749,2.313485010355874
5.103339229547517,2.367777820735607,6.478157744062143,3.50724434543162,10.50594636080421,0.2487907618326074,,,4.319263045488394,2.163978278428422
5.114079999192162,2.402346303283958,6.488898513706789,3.547658568156904,10.51668713044886,0.244978048736148,,,4.33000381513304,2.02198331089381
5.124820768836808,2.431824198290459,6.499639283351434,3.586278141950609,10.5274279000935,0.241353461838642,,,4.340744584777685,1.887438564067191
5.135561538481453,2.456070300234679,6.51038005299608,3.623038702516129,10.53816866973815,0.237945077840492,,,4.351485354422331,1.760300856459141
5.146302308126099,2.474987223898362,6.521120822640725,3.657837051160112,10.5489094393828,0.2347825570506389,,,4.362226124066976,1.640349056785258
5.157043077770744,2.488522965651143,6.531861592285371,3.690592207994832,10.55965020902744,0.2318896129583852,,,4.372966893711621,1.527469446638823
5.16778384741539,2.496671960046123,6.542602361930016,3.721204816053596,10.57039097867209,0.2292869751517226,,,4.383707663356267,1.421482545229796
5.178524617060035,2.499475615378533,6.553343131574662,3.749565667411912,10.58113174831673,0.2269860240263303,,,4.394448433000912,1.322189066828877
5.189265386704681,2.497022319693993,6.564083901219307,3.775800906365808,10.59187251796138,0.2249972494500255,,,4.405189202645558,1.229339576579942
5.200006156349327,2.489446916668854,6.574824670863953,3.799784607986699,10.60261328760602,0.2233205122506672,,,4.415929972290203,1.142783475428769
5.210746925993972,2.476929658679863,6.585565440508598,3.821122153945387,10.61335405725067,0.2219536358935301,,,4.426670741934849,1.062242406251334
5.221487695638618,2.459694652094148,6.596306210153244,3.839664245315506,10.62409482689531,0.2208884385039955,,,4.437411511579494,0.9874777779603389
5.232228465283263,2.438007817210535,6.607046979797889,3.855471042729891,10.63483559653996,0.220109954649137,,,4.44815228122414,0.9186308251057721
5.242969234927909,2.412174392244733,6.617787749442535,3.86836216480083,10.6455763661846,0.2195992080338159,,,4.458893050868785,0.8554745959962308
5.253710004572554,2.382536017160066,6.628528519087181,3.877984091960118,10.65631713582925,0.2193323673770129,,,4.469633820513431,0.7973704469600726
5.2644507742172,2.349467438899343,6.639269288731827,3.884166151439884,10.6670579054739,0.2192813783369777,,,4.480374590158076,0.7441010203459495
5.275191543861845,2.314980089618112,6.650010058376472,3.886722685663047,10.67779867511854,0.2194154084949438,,,4.491115359802722,0.6954512338061853
5.285932313506491,2.279490367993462,6.660750828021118,3.885509045939824,10.68853944476319,0.2196978685555988,,,4.501856129447368,0.6512205965143304
5.296673083151136,2.241813908090996,6.671491597665763,3.880390724667171,10.69928021440783,0.2200939551758834,,,4.512596899092014,0.6112253897448003
5.307413852795782,2.202399417100074,6.682232367310409,3.871232170976776,10.71002098405248,0.2205621445244251,,,4.523337668736659,0.5753005156466815
5.318154622440427,2.161690045636981,6.692973136955054,3.857928549018425,10.72076175369712,0.2210617470339949,,,4.534078438381305,0.5433010045516535
5.328895392085073,2.120155980557007,6.703713906599699,3.842864951189211,10.73150252334177,0.2215514744291138,,,4.54481920802595,0.5151031748721121
5.339636161729718,2.078267465094574,6.714454676244345,3.825964222473325,10.74224329298641,0.2219901119849775,,,4.555559977670596,0.4906054430987478
5.350376931374364,2.036496109539995,6.72519544588899,3.804689390290015,10.75298406263106,0.2223371807027598,,,4.566300747315241,0.469728784563429
5.361117701019009,1.995310862992201,6.735936215533636,3.779010469490709,10.76372483227571,0.2225535788729945,,,4.577041516959886,0.4524168484780671
5.371858470663655,1.955167986798743,6.746676985178281,3.748931612659293,10.77446560192035,0.2226021930580068,,,4.587782286604532,0.4386156276991708
5.3825992403083,1.916533136059613,6.757417754822927,3.714491994101665,10.785206371565,0.2224484692576449,,,4.598523056249177,0.4283703524049275
5.393340009952946,1.879836763249404,6.768158524467572,3.675773481971305,10.79594714120964,0.2220609359116726,,,4.609263825893823,0.4216525726037407
5.404080779597591,1.845499973091948,6.778899294112218,3.63289281348149,10.80668791085429,0.2215930162906205,,,4.620004595538468,0.4184919975180627
5.414821549242237,1.813923652865602,6.789640063756863,3.586036537628598,10.81742868049893,0.2210191781712562,,,4.630745365183114,0.4189366959172781
5.425562318886882,1.785485720689481,6.800380833401509,3.535403448789343,10.82816945014358,0.2201352955599768,,,4.641486134827759,0.4230513688424864
5.436303088531528,1.76053911945101,6.811121603046154,3.481254734667405,10.83891021978823,0.2189232183148222,,,4.652226904472405,0.4309153595265792
5.447043858176174,1.739408049114859,6.8218623726908,3.424398536999821,10.84965098943287,0.2173696666439592,,,4.66296767411705,0.4426204196168665
5.457784627820819,1.722388466985177,6.832603142335445,3.366121974952951,10.86039175907752,0.2154663944445864,,,4.673708443761696,0.4582682524074174
5.468525397465465,1.709745150427285,6.843343911980091,3.306276791207622,10.87113252872216,0.2132102759875182,,,4.684449213406341,0.47796785551257
5.47926616711011,1.701715756749302,6.854084681624736,3.244197265321916,10.88187329836681,0.2106840856614121,,,4.695189983050987,0.5018326872872019
5.490006936754756,1.698491745674425,6.864825451269382,3.180887866570494,10.89261406801145,0.207894198875838,,,4.705930752695632,0.5299776833319242
5.500747706399401,1.70024342192699,6.875566220914028,3.116776987580598,10.9033548376561,0.2047704677354241,,,4.716671522340278,0.5625851211896363
5.511488476044047,1.707126217903338,6.886306990558674,3.051676912591156,10.91409560730074,0.2013282753899797,,,4.727412291984924,0.5996445800679421
5.522229245688692,1.719238744705515,6.897047760203319,2.986036917972784,10.92483637694539,0.1975876097126447,,,4.73815306162957,0.6412523864009846
5.532970015333338,1.736652076885695,6.907788529847964,2.92029893582793,10.93557714659003,0.1935717854187536,,,4.748893831274215,0.6876040666136
5.543710784977983,1.759347229347252,6.91852929949261,2.854892084338617,10.94631791623468,0.1893103089428134,,,4.759634600918861,0.738746763469125
5.554451554622629,1.78734511322337,6.929270069137255,2.790288719544662,10.95705868587932,0.1848599339518348,,,4.770375370563506,0.7948147610009354
5.565192324267274,1.820611841650598,6.940010838781901,2.726903023481254,10.96779945552397,0.1802546289393321,,,4.781116140208152,0.8557257575591575
5.57593309391192,1.859081496818245,6.950751608426546,2.665162766715032,10.97854022516862,0.1755056367331149,,,4.791856909852797,0.9214974491228545
5.586673863556565,1.902656933547605,6.961492378071192,2.605466796167858,10.98928099481326,0.170651190864781,,,4.802597679497442,0.9921495305441292
5.597414633201211,1.951210452502516,6.972233147715837,2.548166967921274,11.00002176445791,0.1657476759201855,,,4.813338449142088,1.067644489384815
5.608155402845856,2.004584475356005,6.982973917360483,2.493625961941011,11.01076253410255,0.1608363603801925,,,4.824079218786733,1.147871407897369
5.618896172490502,2.062592208078132,6.993714687005128,2.442160619510775,11.0215033037472,0.155942908867469,,,4.834819988431379,1.232826012343444
5.629636942135147,2.125018284972047,7.004455456649774,2.394053294341167,11.03224407339184,0.1511091209650399,,,4.845560758076024,1.322320384420135
5.640377711779792,2.191620693981481,7.015196226294419,2.349549229464631,11.04298484303649,0.1463763895550418,,,4.85630152772067,1.416187299985145
5.651118481424438,2.262126543471649,7.025936995939065,2.308854537212793,11.05372561268113,0.141785223974246,,,4.867042297365315,1.514224684961866
5.661859251069083,2.336239496423416,7.03667776558371,2.272134805953919,11.06446638232578,0.1373747923371716,,,4.877783067009961,1.616256121139791
5.672600020713729,2.413636114877267,7.047418535228356,2.239514345589242,11.07520715197043,0.13318248720675,,,4.888523836654606,1.721958215460054
5.683340790358375,2.493968020886497,7.058159304873001,2.211076072225254,11.08594792161507,0.1292435714044503,,,4.899264606299252,1.830985378932634
5.694081560003021,2.57787150747551,7.068900074517647,2.186862021169671,11.09668869125972,0.1255906940878072,,,4.910005375943897,1.94300065266129
5.704822329647666,2.66519027341087,7.079640844162292,2.166874466639023,11.10742946090436,0.1222535463726474,,,4.920746145588543,2.057738268699136
5.715563099292312,2.75447437164214,7.090381613806938,2.151077616492652,11.11817023054901,0.1192586587111088,,,4.931486915233188,2.174821673955403
5.726303868936957,2.845011933884947,7.101122383451584,2.139399841075274,11.12891100019365,0.1166290752123187,,,4.942227684877834,2.293727735950063
5.737044638581603,2.936321116867885,7.11186315309623,2.131736544622509,11.1396517698383,0.1143841193648759,,,4.952968454522479,2.414073122514026
5.747785408226248,3.027902885322445,7.122603922740875,2.127953148820215,11.15039253948294,0.1125391991514401,,,4.963709224167125,2.535418122774966
5.758526177870894,3.119243369860575,7.13334469238552,2.127880373012824,11.16113330912759,0.1111056524107691,,,4.974449993811771,2.657310385849863
5.769266947515539,3.20981654654104,7.144085462030166,2.131351434571128,11.17187407877224,0.1100906477070729,,,4.985190763456417,2.779293478209721
5.780007717160185,3.299089029978438,7.154826231674811,2.138153164740726,11.18261484841688,0.1094970573089968,,,4.995931533101062,2.900912484456085
5.79074848680483,3.38651683138483,7.165567001319457,2.148070868968169,11.19335561806153,0.109323594844436,,,5.006672302745707,3.021719876047775
5.801489256449476,3.471566557053355,7.176307770964102,2.161604149874909,11.20409638770617,0.1095620898127001,,,5.017413072390353,3.141281573987141
5.812230026094121,3.553697173368826,7.187048540608748,2.178513775997185,11.21483715735082,0.1102065152772636,,,5.028153842034998,3.259138402835634
5.822970795738767,3.632365755713322,7.197789310253393,2.197824732419729,11.22557792699546,0.1112423940703562,,,5.038894611679644,3.375001061863463
5.833711565383412,3.707048559309008,7.208530079898039,2.21929255254498,11.23631869664011,0.112651332427288,,,5.049635381324289,3.488456210785534
5.844452335028057,3.777237707341846,7.219270849542684,2.242715762281409,11.24705946628475,0.1144107192943986,,,5.060376150968935,3.599185613601725
5.855193104672703,3.843199957082962,7.23001161918733,2.267804479205835,11.2578002359294,0.1164951311672177,,,5.07111692061358,3.707036802485451
5.865933874317348,3.904671108890187,7.240752388831975,2.294374159457263,11.26854100557405,0.1188757764599138,,,5.081857690258226,3.811618242258645
5.876674643961994,3.960453027183704,7.251493158476621,2.322248242505884,11.27928177521869,0.1215207823958854,,,5.092598459902871,3.912778947410014
5.887415413606639,4.009932907895753,7.262233928121266,2.351383835131896,11.29002254486334,0.1243955154664956,,,5.103339229547517,4.013731839346237
5.898156183251285,4.052747613828086,7.272974697765912,2.381605713571292,11.30076331450798,0.1274629330146935,,,5.114079999192162,4.114401532280451
5.908896952895931,4.088574290917997,7.283715467410557,2.413051799745673,11.31150408415263,0.1306839630487153,,,5.124820768836808,4.211462868883197
5.919637722540577,4.117135664693582,7.294456237055203,2.44561090850164,11.32224485379727,0.1340179089217291,,,5.135561538481453,4.304949208773162
5.930378492185222,4.138222074368163,7.305197006699848,2.478828476855236,11.33298562344192,0.1374206325057007,,,5.146302308126099,4.394966822191553
5.941119261829868,4.151678462390782,7.315937776344494,2.512620521078359,11.34372639308656,0.1408544618770908,,,5.157043077770744,4.481696629642876
5.951860031474513,4.157408887531486,7.326678545989139,2.54684286812018,11.35446716273121,0.1442735997337003,,,5.16778384741539,4.56539500159593
5.962600801119159,4.155383203603893,7.337419315633785,2.582091514411865,11.36520793237585,0.1476352724364362,,,5.178524617060035,4.64639357031013
5.973341570763804,4.145635413155881,7.348160085278431,2.618289550645625,11.3759487020205,0.1508976976024029,,,5.189265386704681,4.725098018015748
5.98408234040845,4.128264744278848,7.358900854923076,2.655549234369475,11.38668947166515,0.1540191508508049,,,5.200006156349327,4.80198581866174
5.994823110053095,4.106314427681605,7.369641624567722,2.69390530144939,11.39743024130979,0.1569603742047894,,,5.210746925993972,4.877602924103398
6.005563879697741,4.081505544266342,7.380382394212367,2.732865221280711,11.40817101095444,0.1596837750237679,,,5.221487695638618,4.952559399779743
6.016304649342386,4.051184433135241,7.391123163857013,2.772488164561395,11.41891178059908,0.1621861045550082,,,5.232228465283263,5.027524029466194
6.027045418987032,4.014067729311352,7.401863933501658,2.812851551020449,11.42965255024373,0.1644346085445453,,,5.242969234927909,5.103217923413388
6.037786188631677,3.970562740304888,7.412604703146304,2.854029481053286,11.44039331988837,0.1663673781712154,,,5.253710004572554,5.180407178923581
6.048526958276323,3.921002930918174,7.423345472790949,2.896091907907182,11.45113408953302,0.1679578960261738,,,5.2644507742172,5.259894656989081
6.059267727920968,3.86581499556674,7.434086242435595,2.939691649827418,11.46187485917766,0.1691833305633732,,,5.275191543861845,5.345101840025733
6.070008497565613,3.805467290358519,7.44482701208024,2.98489564518915,11.47261562882231,0.170043162185166,,,5.285932313506491,5.43688669412055
6.080749267210259,3.740463752168424,7.455567781724886,3.031181360791433,11.48335639846696,0.1705219868747322,,,5.296673083151136,5.533415360781297
6.091490036854904,3.67133728128592,7.466308551369531,3.078590751155013,11.4940971681116,0.170654157363101,,,5.307413852795782,5.635599147034215
6.10223080649955,3.598642704290056,7.477049321014177,3.127150921483155,11.50483793775625,0.170432440029908,,,5.318154622440427,5.744103373304219
6.112971576144195,3.522949443339644,7.487790090658822,3.176867248856103,11.51557870740089,0.1698593925901201,,,5.328895392085073,5.859762542156003
6.123712345788841,3.44483402467836,7.498530860303468,3.22773785443711,11.52631947704554,0.1689351675993051,,,5.339636161729718,5.983317053647698
6.134453115433486,3.364872562676469,7.509271629948113,3.279724587988391,11.53706024669018,0.1675941424657205,,,5.350376931374364,6.11546209358482
6.145193885078132,3.283633356081057,7.520012399592759,3.332873488836602,11.54780101633483,0.1659062674373156,,,5.361117701019009,6.256836899895879
6.155934654722778,3.201669730331365,7.530753169237404,3.387098442773417,11.55854178597947,0.1638827464724235,,,5.371858470663655,6.408008186591973
6.166675424367424,3.119513253907632,7.541493938882049,3.4421959560791,11.56928255562412,0.1614754141517482,,,5.3825992403083,6.570092370710909
6.177416194012069,3.037667447895573,7.552234708526695,3.498027912740224,11.58002332526877,0.1587019551873739,,,5.393340009952946,6.743487333082607
6.188156963656715,2.956602506822345,7.562975478171341,3.554986810697886,11.59076409491341,0.1555830680418366,,,5.404080779597591,6.927893291820114
6.19889773330136,2.876722746196593,7.573716247815987,3.612887819770945,11.60150486455806,0.1521423238270845,,,5.414821549242237,7.123514992925027
6.209638502946006,2.798497663001398,7.584457017460632,3.670971052246593,11.6122456342027,0.1484054371136991,,,5.425562318886882,7.330449065043363
6.220379272590651,2.722235823131997,7.595197787105278,3.72935172812859,11.62298640384735,0.144400401580951,,,5.436303088531528,7.548704570576956
6.231120042235297,2.648540999720339,7.605938556749923,3.7879060668472,11.63372717349199,0.1401567826400234,,,5.447043858176174,7.778102567730246
6.241860811879942,2.577652576918723,7.616679326394569,3.846034385702007,11.64446794313664,0.1357055281474124,,,5.457784627820819,8.018409059250402
6.252601581524588,2.509434306413329,7.627420096039214,3.903313349064834,11.65520871278128,0.13107818436903,,,5.468525397465465,8.26924832792395
6.263342351169233,2.443998832303332,7.63816086568386,3.959568245714202,11.66594948242593,0.1263084134915387,,,5.47926616711011,8.530212902980043
6.274083120813878,2.381440987201571,7.648901635328505,4.014519803633618,11.67669025207057,0.1214256266435911,,,5.490006936754756,8.800531509005694
6.284823890458524,2.321797952287336,7.659642404973151,4.067870184134673,11.68743102171522,0.1164628969802801,,,5.500747706399401,9.079542015854598
6.295564660103169,2.265061841282704,7.670383174617796,4.119411934423718,11.69817179135987,0.1114514997536566,,,5.511488476044047,9.367623239696515
6.306305429747815,2.211183043815262,7.681123944262442,4.168961864418898,11.70891256100451,0.1064216879166951,,,5.522229245688692,9.663815064208805
6.31704619939246,2.160074137624264,7.691864713907087,4.216337690703215,11.71965333064916,0.1014024603503215,,,5.532970015333338,9.9658564555216
6.327786969037106,2.111614270331177,7.702605483551733,4.261389599110828,11.7303941002938,0.09641837265621865,,,5.543710784977983,10.27255139554086
6.338527738681751,2.065655705561595,7.713346253196378,4.303956805338728,11.74113486993845,0.09150171814240311,,,5.554451554622629,10.58266294785401
6.349268508326397,2.022022118615034,7.724087022841024,4.343985665516947,11.75187563958309,0.08667264480922449,,,5.565192324267274,10.89489869374504
6.360009277971042,1.980545021309764,7.734827792485669,4.381938662887142,11.76261640922774,0.08195301442674659,,,5.57593309391192,11.20789976352297
6.370750047615688,1.94101809112765,7.745568562130315,4.417816718811473,11.77335717887238,0.0773625453859229,,,5.586673863556565,11.52026480323116
6.381490817260334,1.903206883418322,7.75630933177496,4.451181751552729,11.78409794851703,0.07291875155889695,,,5.597414633201211,11.83056338223203
6.39223158690498,1.86689441496854,7.767050101419605,4.484257190248045,11.79483871816168,0.0686369172929496,,,5.608155402845856,12.13734976535579
6.402972356549625,1.832100971011827,7.777790871064251,4.517151527640318,11.80557948780632,0.06452879831234452,,,5.618896172490502,12.43917686275287
6.413713126194271,1.798614789425224,7.788531640708896,4.547910376484188,11.81632025745097,0.06060818342108907,,,5.629636942135147,12.73461016996047
6.424453895838916,1.765995521795798,7.799272410353542,4.577651495890353,11.82706102709561,0.05688218660727198,,,5.640377711779792,13.02560988169271
6.435194665483562,1.734054827177931,7.810013179998188,4.606594242589517,11.83780179674026,0.05335757517305974,,,5.651118481424438,13.31070891625733
6.445935435128207,1.702613609580619,7.820753949642834,4.634100010812598,11.8485425663849,0.0500433886212012,,,5.661859251069083,13.5852386581778
6.456676204772853,1.672925518160562,7.831494719287479,4.660459147165032,11.85928333602955,0.04694268101914143,,,5.672600020713729,13.84789269354986
6.467416974417498,1.644852196674744,7.842235488932125,4.685986899377134,11.87002410567419,0.04405266820926169,,,5.683340790358375,14.09751319715521
6.478157744062143,1.616847763851581,7.85297625857677,4.711016628901232,11.88076487531884,0.04137285292880501,,,5.694081560003021,14.33687034779344
6.488898513706789,1.58878793258107,7.863717028221416,4.735892326998574,11.89150564496349,0.03890844556230435,,,5.704822329647666,14.56673212215273
6.499639283351434,1.560581457083947,7.874457797866061,4.761510457762403,11.90224641460813,0.03665747703232152,,,5.715563099292312,14.78205275019661
6.51038005299608,1.53217151133335,7.885198567510707,4.789054430021173,11.91298718425278,0.03461071279560762,,,5.726303868936957,14.98013262085068
6.521120822640725,1.503495182100429,7.895939337155352,4.818336868939904,11.92372795389742,0.03276236086128952,,,5.737044638581603,15.16018368862478
6.531861592285371,1.474538893483201,7.906680106799998,4.848739503702734,11.93446872354207,0.03110841423786977,,,5.747785408226248,15.32154907664263
6.542602361930016,1.445301635768662,7.917420876444643,4.880511195064354,11.94520949318671,0.02964219873535334,,,5.758526177870894,15.46370773118997
6.553343131574662,1.415801705692896,7.928161646089289,4.913862336601643,11.95595026283136,0.02835818697459847,,,5.769266947515539,15.58627758451013
6.564083901219307,1.38613754463932,7.938902415733934,4.948957716911631,11.966691032476,0.02725026408901747,,,5.780007717160185,15.68911623352906
6.574824670863953,1.356359510980316,7.94964318537858,4.985910134035379,11.97743180212065,0.02631256825547764,,,5.79074848680483,15.77195247634803
6.585565440508598,1.326467600992955,7.960383955023225,5.024835574865043,11.9881725717653,0.02553825051999578,,,5.801489256449476,15.83782091598836
6.596306210153244,1.296535285312715,7.97112472466787,5.065623004274184,11.99891334140994,0.02492145624411697,,,5.812230026094121,15.88937884240945
6.607046979797889,1.266666154545577,7.981865494312516,5.108249170214715,12.00965411105459,0.02445620980099525,,,5.822970795738767,15.9239496121231
6.617787749442535,1.236931234858528,7.992606263957161,5.152576772513681,12.02039488069923,0.02413676179956442,,,5.833711565383412,15.93937728415362
6.628528519087181,1.207431459501979,8.003347033601807,5.198401445485684,12.03113565034388,0.02395763126488591,,,5.844452335028057,15.93613579954807
6.639269288731827,1.178276117724929,8.014087803246452,5.245452810998411,12.04187641998852,0.02391364450901047,,,5.855193104672703,15.91807640078614
6.650010058376472,1.149502790451452,8.024828572891098,5.293416037282555,12.05261718963317,0.02399995626127898,,,5.865933874317348,15.8860806993255
6.660750828021118,1.121224464047989,8.035569342535744,5.341864958412867,12.06335795927781,0.02421206012562671,,,5.876674643961994,15.83764526123666
6.671491597665763,1.093528275873278,8.046310112180389,5.390407714056837,12.07409872892246,0.02454580803051612,,,5.887415413606639,15.77341751677118
6.682232367310409,1.066496579432342,8.057050881825035,5.438537260109797,12.0848394985671,0.0249973255584218,,,5.898156183251285,15.69439221961935
6.692973136955054,1.040206223477686,8.06779165146968,5.48566198387533,12.09558026821175,0.02556380328023076,,,5.908896952895931,15.60159668429865
6.703713906599699,1.014813335754541,8.078532421114327,5.53125315054706,12.1063210378564,0.02624198431375852,,,5.919637722540577,15.49599694572716
6.714454676244345,0.9903809237999437,8.089273190758972,5.574727287380525,12.11706180750104,0.0270328917969121,,,5.930378492185222,15.37882779871627
6.72519544588899,0.9668785364497068,8.100013960403617,5.615510145116674,12.12780257714569,0.02793313453864492,,,5.941119261829868,15.2513486713715
6.735936215533636,0.944354824025801,8.110754730048262,5.652983430892164,12.13854334679033,0.02893579922699891,,,5.951860031474513,15.11472464128674
6.746676985178281,0.9228512299812417,8.121495499692909,5.686577735048423,12.14928411643498,0.03003827099485109,,,5.962600801119159,14.97027727283251
6.757417754822927,0.9024070160709863,8.132236269337554,5.715776438049012,12.16002488607962,0.03123799229848553,,,5.973341570763804,14.81930931542337
6.768158524467572,0.8830445634901326,8.142977038982199,5.741747641695171,12.17076565572427,0.0325324070972215,,,5.98408234040845,14.66313287990483
6.778899294112218,0.8647788940942048,8.153717808626844,5.764033371640826,12.18150642536891,0.03391893385399496,,,5.994823110053095,14.50895110494939
6.789640063756863,0.8476532496509721,8.164458578271491,5.780436361472089,12.19224719501356,0.03539479248002464,,,6.005563879697741,14.36015933877786
6.800380833401509,0.831674913074394,8.175199347916136,5.790576286423862,12.20298796465821,0.03695710642528561,,,6.016304649342386,14.21202226549156
6.811121603046154,0.8168541903326686,8.185940117560781,5.794146074568308,12.21372873430285,0.03860274327055971,,,6.027045418987032,14.06344814454925
6.8218623726908,0.8034224518606071,8.196680887205426,5.790926124590134,12.2244695039475,0.04032836818862743,,,6.037786188631677,13.91562705626644
6.832603142335445,0.7916945257471001,8.207421656850071,5.78077049798649,12.23521027359214,0.04213009071635238,,,6.048526958276323,13.7695191891577
6.843343911980091,0.781448365693918,8.218162426494718,5.76364880765879,12.24595104323679,0.04400378743417613,,,6.059267727920968,13.62610218043368
6.854084681624736,0.7723659183989477,8.228903196139363,5.74166653148232,12.25669181288143,0.0459462187106716,,,6.070008497565613,13.48629710429442
6.864825451269382,0.764488350286837,8.239643965784008,5.717621446130209,12.26743258252608,0.04795000912533039,,,6.080749267210259,13.35096324327303
6.875566220914028,0.757818151761278,8.250384735428653,5.689665450343405,12.27817335217072,0.05001063879457345,,,6.091490036854904,13.22089354098072
6.886306990558674,0.752295855010445,8.2611255050733,5.656065764754718,12.28891412181537,0.0521220092291561,,,6.10223080649955,13.09681077796581
6.897047760203319,0.7479229608052088,8.271866274717945,5.617202874131368,12.29965489146002,0.054295507858505,,,6.112971576144195,12.97936450596667
6.907788529847964,0.7446960346124802,8.282607044362591,5.572719693686722,12.31039566110466,0.05652377127741673,,,6.123712345788841,12.86912876813361
6.91852929949261,0.7425656759959014,8.293347814007236,5.523134121547398,12.32113643074931,0.05878069049641765,,,6.134453115433486,12.76660062384641
6.929270069137255,0.7416086840543979,8.304088583651883,5.469008950099688,12.33187720039395,0.06105765883964163,,,6.145193885078132,12.67219948665284
6.940010838781901,0.7418188729289164,8.314829353296528,5.41098585375604,12.3426179700386,0.06334504709693853,,,6.155934654722778,12.58626727274634
6.950751608426546,0.7431893563147374,8.325570122941173,5.349785899343271,12.35335873968324,0.06563497865041937,,,6.166675424367424,12.50906934549016
6.961492378071192,0.7456804721226579,8.336310892585818,5.286125597907852,12.36409950932789,0.06791586858841966,,,6.177416194012069,12.44079622903049
6.972233147715837,0.7493033508847258,8.347051662230465,5.220812466966558,12.37484027897253,0.070177828535621,,,6.188156963656715,12.38159171753882
6.982973917360483,0.7540605500535992,8.35779243187511,5.154659611706418,12.38558104861718,0.07241027423000913,,,6.19889773330136,12.3314184520549
6.993714687005128,0.7599503961127341,8.368533201519755,5.088530676999131,12.39632181826182,0.07461348370418498,,,6.209638502946006,12.29190580220661
7.004455456649774,0.766970389046829,8.3792739711644,5.023312873981075,12.40706258790647,0.07677716385996462,,,6.220379272590651,12.26290980712538
7.015196226294419,0.7751170361979893,8.390014740809045,4.959781694587882,12.41780335755112,0.07887755817756754,,,6.231120042235297,12.24642984920881
7.025936995939065,0.7843857193422232,8.400755510453692,4.898818966867218,12.42854412719576,0.08090606328979122,,,6.241860811879942,12.24222329552082
7.03667776558371,0.7947705991906638,8.411496280098337,4.841274755455169,12.43928489684041,0.08284963586639496,,,6.252601581524588,12.24639721273656
7.047418535228356,0.8062645586135029,8.422237049742982,4.787915715529488,12.45002566648505,0.08470054278546149,,,6.263342351169233,12.25839103775329
7.058159304873001,0.8188591830617168,8.432977819387627,4.739529181392296,12.4607664361297,0.08644764050953939,,,6.274083120813878,12.27791028454663
7.068900074517647,0.8325447740459538,8.443718589032274,4.696844796530455,12.47150720577434,0.08808084621391772,,,6.284823890458524,12.30454402818361
7.079640844162292,0.8473103892359704,8.454459358676919,4.660552428939742,12.48224797541899,0.08959931816731981,,,6.295564660103169,12.33786348283882
7.090381613806938,0.8631439008650211,8.465200128321564,4.631286119524006,12.49298874506363,0.09099428302888751,,,6.306305429747815,12.37741816379559
7.101122383451584,0.8800320627399655,8.475940897966209,4.609627990360338,12.50372951470828,0.09225432370799973,,,6.31704619939246,12.42278279477137
7.11186315309623,0.8979803730339677,8.486681667610856,4.596093981123886,12.51447028435293,0.09337331808069572,,,6.327786969037106,12.47352424855213
7.122603922740875,0.9169733602436037,8.497422437255501,4.591168982263137,12.52521105399757,0.09435293153795254,,,6.338527738681751,12.52918301739849
7.13334469238552,0.9369742381228001,8.508163206900146,4.595245276566885,12.53595182364222,0.09519006400933253,,,6.349268508326397,12.58928176722562
7.144085462030166,0.9579662638350448,8.518903976544792,4.608658272094399,12.54669259328686,0.09587720516194345,,,6.360009277971042,12.65471961211796
7.154826231674811,0.9799249592479569,8.529644746189438,4.631695893222551,12.55743336293151,0.09641392272203392,,,6.370750047615688,12.7249730863492
7.165567001319457,1.002842670277081,8.540385515834084,4.664569343669732,12.56817413257615,0.09680770946091424,,,6.381490817260334,12.79840681250456
7.176307770964102,1.027302889772099,8.551126285478729,4.707426577250201,12.5789149022208,0.09706742922961242,,,6.39223158690498,12.87460414686446
7.187048540608748,1.053278059455004,8.561867055123374,4.760354798907753,12.58965567186544,0.09727157683220475,,,6.402972356549625,12.95748376702568
7.197789310253393,1.080122479791652,8.572607824768021,4.824809570309411,12.60039644151009,0.09742094584628634,,,6.413713126194271,13.04666653631237
7.208530079898039,1.107799984920719,8.583348594412666,4.900725814742174,12.61113721115474,0.097438606855334,,,6.424453895838916,13.137280712808
7.219270849542684,1.136273895426834,8.594089364057311,4.986599512075918,12.62187798079938,0.09732658088984907,,,6.435194665483562,13.22894213907247
7.23001161918733,1.165501597901498,8.604830133701956,5.082186422075386,12.63261875044403,0.09709206434616616,,,6.445935435128207,13.32117541893002
7.240752388831975,1.195441625577634,8.615570903346601,5.187272215472177,12.64335952008867,0.09674317397560779,,,6.456676204772853,13.41502090620145
7.251493158476621,1.226048787441232,8.626311672991248,5.302843915300659,12.65410028973332,0.0962890393505676,,,6.467416974417498,13.51071747872846
7.262233928121266,1.257361863537742,8.637052442635893,5.428544002702428,12.66484105937796,0.09573990601205142,,,6.478157744062143,13.6063453408972
7.272974697765912,1.28932885708788,8.647793212280538,5.562627953459454,12.67558182902261,0.09510621942550744,,,6.488898513706789,13.7007236792849
7.283715467410557,1.321835805013094,8.658533981925183,5.704605889147814,12.68632259866725,0.09439961076896321,,,6.499639283351434,13.79338688878249
7.294456237055203,1.354823539158781,8.66927475156983,5.853975097568872,12.6970633683119,0.09363205393770503,,,6.51038005299608,13.88397812844812
7.305197006699848,1.388200698769749,8.680015521214475,6.010088676293308,12.70780413795655,0.09281588683925654,,,6.521120822640725,13.97179745242609
7.315937776344494,1.421895911172516,8.69075629085912,6.172285830304305,12.71854490760119,0.09196366289443082,,,6.531861592285371,14.0564501987552
7.326678545989139,1.455835597183917,8.701497060503765,6.33994913442405,12.72928567724584,0.0910880016412889,,,6.542602361930016,14.13743881448174
7.337419315633785,1.489986291723587,8.712237830148412,6.512297300989469,12.74002644689048,0.09020144066547957,,,6.553343131574662,14.21426037126616
7.348160085278431,1.524219502833865,8.722978599793057,6.688535701659099,12.75076721653513,0.08931629096498084,,,6.564083901219307,14.28830965725959
7.358900854923076,1.558610734947949,8.733719369437702,6.867877648856233,12.76150798617977,0.0884444977032695,,,6.574824670863953,14.35918146002096
7.369641624567722,1.593074959728837,8.744460139082348,7.049450766189916,12.77224875582442,0.08759744046514999,,,6.585565440508598,14.42431256619877
7.380382394212367,1.627358389153351,8.755200908726994,7.232370840945563,12.78298952546906,0.08678609543807693,,,6.596306210153244,14.48323898165468
7.391123163857013,1.661421341495751,8.76594167837164,7.41572833889877,12.79373029511371,0.08602046817138979,,,6.607046979797889,14.5387235560365
7.401863933501658,1.695144018933144,8.776682448016285,7.598605232623233,12.80447106475835,0.08530981384390909,,,6.617787749442535,14.59022558324918
7.412604703146304,1.72843482778333,8.78742321766093,7.780039927314437,12.815211834403,0.08466236909434534,,,6.628528519087181,14.63393117363754
7.423345472790949,1.761202623327369,8.798163987305577,7.960504405494851,12.82595260404764,0.08408564234161646,,,6.639269288731827,14.66940414329426
7.434086242435595,1.793875803638652,8.808904756950222,8.13904267934608,12.83669337369229,0.08358581293062682,,,6.650010058376472,14.69602591573517
7.44482701208024,1.826361365955965,8.819645526594867,8.313292192520882,12.84743414333694,0.08316799322374642,,,6.660750828021118,14.71346406377405
7.455567781724886,1.858045636702369,8.830386296239512,8.482288054791326,12.85817491298158,0.08285856140247068,,,6.671491597665763,14.7214454691349
7.466308551369531,1.888836655216289,8.841127065884157,8.645110743374682,12.86891568262623,0.08266012245786539,,,6.682232367310409,14.71967290792038
7.477049321014177,1.918646266638263,8.851867835528804,8.800871959880118,12.87965645227087,0.08255148893454677,,,6.692973136955054,14.70793467096866
7.487790090658822,1.947389690409659,8.862608605173449,8.948728996876122,12.89039722191552,0.0825326968439996,,,6.703713906599699,14.69097309769141
7.498530860303468,1.974990293739382,8.873349374818094,9.087889343873959,12.90113799156016,0.08262002400236197,,,6.714454676244345,14.66877525556071
7.509271629948113,2.001373139544706,8.884090144462739,9.220545424371805,12.91187876120481,0.08281105398667732,,,6.72519544588899,14.63657290647589
7.520012399592759,2.026475025860871,8.894830914107386,9.346004717905689,12.92261953084946,0.08308471953900237,,,6.735936215533636,14.594603765295
7.530753169237404,2.050233018028122,8.905571683752031,9.460696788872172,12.9333603004941,0.08343632692982318,,,6.746676985178281,14.54319485849805
7.541493938882049,2.072585970571414,8.916312453396676,9.564057082312713,12.94410107013875,0.08386021179007443,,,6.757417754822927,14.48272440942856
7.552234708526695,2.093481946514186,8.927053223041321,9.655606560141548,12.95484183978339,0.08434981260312113,,,6.768158524467572,14.41374022343447
7.562975478171341,2.1142598110038,8.937793992685968,9.734956242303067,12.96558260942804,0.08489775187816549,,,6.778899294112218,14.33687949908308
7.573716247815987,2.134866444190619,8.948534762330613,9.802728773754934,12.97632337907268,0.08549592416964275,,,6.789640063756863,14.25307159576741
7.584457017460632,2.153856554653177,8.959275531975258,9.85871625043462,12.98706414871733,0.08613559009042608,,,6.800380833401509,14.16319773692338
7.595197787105278,2.171176755466025,8.970016301619903,9.903465293978867,12.99780491836197,0.08680843655319499,,,6.811121603046154,14.06836603523085
7.605938556749923,2.186776215628135,8.98075707126455,9.939069170930956,13.00854568800662,0.08750474959755478,,,6.8218623726908,13.97227016587159
7.616679326394569,2.200606560916449,8.991497840909195,9.963980786899015,13.01928645765127,0.0882137868608802,,,6.832603142335445,13.88097121942814
7.627420096039214,2.212624621802957,9.002238610553841,9.976152400456565,13.03002722729591,0.0889248333415467,,,6.843343911980091,13.79319495684572
7.63816086568386,2.222796126283711,9.012979380198486,9.975783400456873,13.04076799694056,0.08964278759860121,,,6.854084681624736,13.70537504348171
7.648901635328505,2.231092159816077,9.023720149843131,9.964628817786828,13.0515087665852,0.09035732090359569,,,6.864825451269382,13.62133822374341
7.659642404973151,2.237474331682825,9.034460919487778,9.943032677446478,13.06224953622985,0.09104270914398138,,,6.875566220914028,13.54257960290182
7.670383174617796,2.241923406801775,9.045201689132423,9.909921931692056,13.07299030587449,0.09168868132284175,,,6.886306990558674,13.46792917766037
7.681123944262442,2.244615067810266,9.055942458777068,9.867575625867719,13.08373107551914,0.09228530358707283,,,6.897047760203319,13.39889071971689
7.691864713907087,2.245533910808192,9.066683228421713,9.816483026919558,13.09447184516378,0.09282308278168507,,,6.907788529847964,13.3368616364912
7.702605483551733,2.244485140874633,9.07742399806636,9.755455574618788,13.10521261480843,0.09329454413127716,,,6.91852929949261,13.28314097986894
7.713346253196378,2.241444034611459,9.088164767711005,9.685056216413075,13.11595338445307,0.09369134722767868,,,6.929270069137255,13.23925020027102
7.724087022841024,2.236421020262507,9.09890553735565,9.605920022286835,13.12669415409772,0.09400436703049611,,,6.940010838781901,13.20642799426169
7.734827792485669,2.229531661236636,9.109646307000295,9.518710060359981,13.13743492374237,0.09422674197530945,,,6.950751608426546,13.18587202687612
7.745568562130315,2.220788775112605,9.120387076644942,9.42412822113117,13.14817569338701,0.0943566960914865,,,6.961492378071192,13.1786762712051
7.75630933177496,2.210113634520228,9.131127846289587,9.322834381547413,13.15891646303166,0.09438991808930472,,,6.972233147715837,13.18577472640539
7.767050101419605,2.197733797537582,9.141868615934232,9.215540783403382,13.1696572326763,0.09431806399212375,,,6.982973917360483,13.2080772492139
7.777790871064251,2.18368619288622,9.152609385578877,9.10290662214895,13.18039800232095,0.09420130387451002,,,6.993714687005128,13.24631333719803
7.788531640708896,2.167836147379683,9.163350155223524,8.985644040540619,13.19113877196559,0.09403674022679159,,,7.004455456649774,13.30106268570843
7.799272410353542,2.150594494940724,9.174090924868169,8.866186026215843,13.20187954161024,0.0937577837927905,,,7.015196226294419,13.37274678002119
7.810013179998188,2.132034007579181,9.184831694512814,8.745090037676983,13.21262031125488,0.09336230912117867,,,7.025936995939065,13.46162276747322
7.820753949642834,2.111892949744496,9.195572464157459,8.621247962404182,13.22336108089953,0.09284983307724702,,,7.03667776558371,13.56777970240221
7.831494719287479,2.090266883967627,9.206313233802106,8.49519178995555,13.23410185054418,0.09222145149010193,,,7.047418535228356,13.69113720847935
7.842235488932125,2.067263742197548,9.217054003446751,8.36743225819759,13.24484262018882,0.09147819927722131,,,7.058159304873001,13.83144655445954
7.85297625857677,2.043003437405605,9.227794773091397,8.238440453116244,13.25558338983347,0.09062235533423732,,,7.068900074517647,13.98829409169914
7.863717028221416,2.01761720292067,9.238535542736042,8.108645758247361,13.26632415947811,0.08965703268436501,,,7.079640844162292,14.16110695618773
7.874457797866061,1.992464997722821,9.249276312380687,7.979410417379006,13.27706492912276,0.08861253454688978,,,7.090381613806938,14.34916089541239
7.885198567510707,1.967909159878718,9.260017082025334,7.851068459434424,13.2878056987674,0.08749320791976518,,,7.101122383451584,14.55159004211253
7.895939337155352,1.942866997347388,9.270757851669979,7.72292566503905,13.29854646841205,0.08627737053114697,,,7.11186315309623,14.76863684143017
7.906680106799998,1.917256599822405,9.281498621314624,7.59522052906078,13.30928723805669,0.08497126117188471,,,7.122603922740875,14.99920370530352
7.917420876444643,1.891222972097621,9.292239390959269,7.468149449991519,13.32002800770134,0.08357882721676174,,,7.13334469238552,15.24074509334803
7.928161646089289,1.864914149579322,9.302980160603916,7.344070856562233,13.33076877734599,0.08210738730145588,,,7.144085462030166,15.49201259166935
7.938902415733934,1.838479228062712,9.313720930248561,7.223083072213417,13.34150954699063,0.08056319743782517,,,7.154826231674811,15.7515200237113
7.94964318537858,1.812066268566241,9.324461699893206,7.103026908003049,13.35225031663528,0.07895298986294624,,,7.165567001319457,16.0179511341502
7.960383955023225,1.78582728307631,9.335202469537851,6.984938799122943,13.36299108627992,0.07728366470948535,,,7.176307770964102,16.29543632868265
7.97112472466787,1.759889373782068,9.345943239182498,6.868791045257668,13.37373185592457,0.07556222077658482,,,7.187048540608748,16.58241901865809
7.981865494312516,1.734390097522335,9.356684008827143,6.753535283756487,13.38447262556921,0.07379597518392392,,,7.197789310253393,16.87159591001064
7.992606263957161,1.709451763097421,9.367424778471788,6.639026593259961,13.39521339521386,0.07199144884458211,,,7.208530079898039,17.16136893630868
8.003347033601807,1.685185071430576,9.378165548116433,6.525181661142309,13.4059541648585,0.07015571784007124,,,7.219270849542684,17.45021315076298
8.014087803246452,1.661687348242225,9.38890631776108,6.41189148415212,13.41669493450315,0.06829579211713852,,,7.23001161918733,17.73652399243558
8.024828572891098,1.639052774923916,9.399647087405725,6.299031906521302,13.4274357041478,0.06643645797901182,,,7.240752388831975,18.01886654850871
8.035569342535744,1.617327005670158,9.41038785705037,6.186473096050015,13.43817647379244,0.06458404187660592,,,7.251493158476621,18.29718777318669
8.046310112180389,1.596571471838233,9.421128626695015,6.074083568327187,13.44891724343709,0.06272619040110722,,,7.262233928121266,18.57182267168532
8.057050881825035,1.576814034914309,9.431869396339662,5.96173395179393,13.45965801308173,0.06086885907769351,,,7.272974697765912,18.84015013919837
8.06779165146968,1.558069456223992,9.442610165984307,5.849300589496832,13.47039878272638,0.05901768493815485,,,7.283715467410557,19.1018889291209
8.078532421114327,1.540334103069304,9.453350935628952,5.736668945507191,13.48113955237102,0.0571810605347051,,,7.294456237055203,19.35597179735524
8.089273190758972,1.523586760567712,9.464091705273598,5.623736785288002,13.49188032201567,0.05536351570834258,,,7.305197006699848,19.59880221679522
8.100013960403617,1.507779943656817,9.474832474918243,5.510417100473514,13.50262109166031,0.05356715562977649,,,7.315937776344494,19.82943151395866
8.110754730048262,1.492882898792141,9.48557324456289,5.396641062687191,13.51336186130496,0.05179552785102851,,,7.326678545989139,20.04691289034086
8.121495499692909,1.478816712037046,9.496314014207535,5.282759452833973,13.5241026309496,0.05005589765171299,,,7.337419315633785,20.25331978586852
8.132236269337554,1.465510303757263,9.50705478385218,5.168793267277626,13.53484340059425,0.04836271687333275,,,7.348160085278431,20.44787732892653
8.142977038982199,1.45293113540875,9.517795553496825,5.055962359658728,13.54558417023889,0.04672005800179056,,,7.358900854923076,20.62975126963535
8.153717808626844,1.440988749478603,9.528536323141472,4.94426747367491,13.55632493988354,0.04512019858177077,,,7.369641624567722,20.79851637909367
8.164458578271491,1.42951403070458,9.539277092786117,4.832038643437814,13.56706570952819,0.0435669590530464,,,7.380382394212367,20.95165842981034
8.175199347916136,1.418402539592124,9.550017862430762,4.719294910836563,13.57780647917283,0.0420640737115958,,,7.391123163857013,21.08897592218619
8.185940117560781,1.407548142850501,9.560758632075407,4.606708416423899,13.58854724881748,0.04062558034903465,,,7.401863933501658,21.21094117541754
8.196680887205426,1.396851357354127,9.571499401720054,4.494343592214978,13.59928801846212,0.03925483142933791,,,7.412604703146304,21.31747080255047
8.207421656850071,1.386211734809347,9.582240171364699,4.381756291696701,13.61002878810677,0.03794500116077518,,,7.423345472790949,21.4079415183618
8.218162426494718,1.375538716458323,9.592980941009344,4.270231699589665,13.62076955775141,0.03669935317724892,,,7.434086242435595,21.48840299990964
8.228903196139363,1.364859955819419,9.603721710653989,4.159926471963424,13.63151032739606,0.03552116823290887,,,7.44482701208024,21.55894631669317
8.239643965784008,1.354110386602891,9.614462480298636,4.049867304985717,13.64225109704071,0.03441386806484986,,,7.455567781724886,21.61369692073212
8.250384735428653,1.343120957470766,9.625203249943281,3.940247914294885,13.65299186668535,0.0333802203206653,,,7.466308551369531,21.65280395440688
8.2611255050733,1.333091250197065,9.635944019587926,3.831282543172622,13.66373263633,0.03242346786960583,,,7.477049321014177,21.67646173151401
8.271866274717945,1.32397784749544,9.646684789232571,3.723203514718206,13.67447340597464,0.03154659837215547,,,7.487790090658822,21.68487166272089
8.282607044362591,1.314464368929875,9.657425558877216,3.616258470051541,13.68521417561929,0.03075249792091213,,,7.498530860303468,21.67836965967015
8.293347814007236,1.304525614634145,9.668166328521863,3.510707340189231,13.69595494526393,0.03004393251350046,,,7.509271629948113,21.65720762413673
8.304088583651883,1.294143020259079,9.678907098166508,3.406819104736805,13.70669571490858,0.02942352767888391,,,7.520012399592759,21.62497516317978
8.314829353296528,1.283315438156171,9.689647867811154,3.304868437803352,13.71743648455322,0.0288937467264535,,,7.530753169237404,21.5819174472806
8.325570122941173,1.272058159534004,9.700388637455799,3.205668052653038,13.72817725419787,0.02845686808097827,,,7.541493938882049,21.52516319214005
8.336310892585818,1.260392832270783,9.711129407100445,3.109488776521673,13.73891802384252,0.02811508746874503,,,7.552234708526695,21.45493316329949
8.347051662230465,1.248359503266416,9.721870176745091,3.016032971066375,13.74965879348716,0.02787002801690528,,,7.562975478171341,21.37524514080984
8.35779243187511,1.235998755102143,9.732610946389736,2.925605015132284,13.76039956313181,0.02772337450331553,,,7.573716247815987,21.28636550362468
8.368533201519755,1.223387705243397,9.743351716034381,2.838417813590315,13.77114033277645,0.02767643781131501,,,7.584457017460632,21.18480830729716
8.3792739711644,1.210585977773165,9.754092485679028,2.754699517506451,13.7818811024211,0.02772986880962972,,,7.595197787105278,21.07345064151102
8.390014740809045,1.197659843061471,9.764833255323673,2.674715070817956,13.79262187206574,0.02788530775724788,,,7.605938556749923,20.95493035491799
8.400755510453692,1.184689987423457,9.775574024968318,2.598655881945034,13.80336264171039,0.02814265368749478,,,7.616679326394569,20.8267875103976
8.411496280098337,1.171757247311269,9.786314794612963,2.526637623820925,13.81410341135503,0.02850177612138303,,,7.627420096039214,20.68669155361655
8.422237049742982,1.158944059671285,9.79705556425761,2.458806465023362,13.82484418099968,0.02896203097021587,,,7.63816086568386,20.53499339435804
8.432977819387627,1.146332997688249,9.807796333902255,2.395236447392397,13.83558495064432,0.02952330017479301,,,7.648901635328505,20.37182897817748
8.443718589032274,1.134005341638731,9.8185371035469,2.336128384457829,13.84632572028897,0.03018420985119131,,,7.659642404973151,20.19735233700629
8.454459358676919,1.122040206676184,9.829277873191545,2.281491136400351,13.85706648993362,0.03094299182109349,,,7.670383174617796,20.01184009010677
8.465200128321564,1.110512951166371,9.840018642836192,2.231367013800126,13.86780725957826,0.03179778540525718,,,7.681123944262442,19.81579252969758
8.475940897966209,1.099494671092892,9.850759412480837,2.185771022143581,13.87854802922291,0.03274620543831522,,,7.691864713907087,19.609526142769
8.486681667610856,1.089028949869512,9.861500182125482,2.144691035801203,13.88928879886755,0.03378582358409402,,,7.702605483551733,19.39322958443841
8.497422437255501,1.07922599165598,9.872240951770127,2.108073363336306,13.9000295685122,0.03491272845273313,,,7.713346253196378,19.16722205630157
8.508163206900146,1.070111734535028,9.882981721414772,2.075889600648173,13.91077033815684,0.03612354644330577,,,7.724087022841024,18.93200340651595
8.518903976544792,1.061734491073398,9.893722491059419,2.047999338018204,13.92151110780149,0.03741415468928746,,,7.734827792485669,18.69058286710319
8.529644746189438,1.054136295347937,9.904463260704064,2.024313797256416,13.93225187744613,0.03878031765643499,,,7.745568562130315,18.44347274468338
8.540385515834084,1.047352694434534,9.915204030348709,2.005269947722288,13.94299264709078,0.04022996928586422,,,7.75630933177496,18.18879167496836
8.551126285478729,1.041413020346088,9.925944799993355,1.990661125903093,13.95373341673542,0.0417578297240349,,,7.767050101419605,17.93027844670575
8.561867055123374,1.036340522551759,9.936685569638001,1.979770011671874,13.96447418638007,0.04334427388474014,,,7.777790871064251,17.66852920213204
8.572607824768021,1.032456565376724,9.947426339282647,1.972366295312961,13.97521495602472,0.04498345473437155,,,7.788531640708896,17.40127136378043
8.583348594412666,1.029726669398259,9.958167108927292,1.968300861836022,13.98595572566936,0.04666830589278145,,,7.799272410353542,17.13410635796749
8.594089364057311,1.027898384431905,9.968907878571937,1.967267172442919,13.99669649531401,0.04839173376687286,,,7.810013179998188,16.86778758771374
8.604830133701956,1.026958152459338,9.979648648216584,1.96899966683098,14.00743726495865,0.05014633168225815,,,7.820753949642834,16.59881974347934
8.615570903346601,1.026908627839149,9.990389417861229,1.973297698068637,14.0181780346033,0.05192442349745257,,,7.831494719287479,16.32805552533062
8.626311672991248,1.028276830534913,10.00113018750587,1.979847511583128,14.02891880424794,0.05371805006279881,,,7.842235488932125,16.05596239927696
8.637052442635893,1.031052547363863,10.01187095715052,1.988368059573492,14.03965957389259,0.05551910923396991,,,7.85297625857677,15.78345431674358
8.647793212280538,1.034643742649759,10.02261172679517,1.998565237358248,14.05040034353724,0.05731926191528344,,,7.863717028221416,15.51146335987571
8.658533981925183,1.039023443623526,10.03335249643981,2.010133683270135,14.06114111318188,0.05911008009524888,,,7.874457797866061,15.24279720471096
8.66927475156983,1.044157884067791,10.04409326608446,2.023708872023648,14.07188188282653,0.06088748480831149,,,7.885198567510707,14.98086120679423
8.680015521214475,1.050003573954437,10.0548340357291,2.038973531937712,14.08262265247117,0.0626430539334905,,,7.895939337155352,14.72470241472943
8.69075629085912,1.056512535304824,10.06557480537375,2.054658391870102,14.09336342211582,0.06436402299350776,,,7.906680106799998,14.47259403282206
8.701497060503765,1.063642887673367,10.07631557501839,2.070446658630985,14.10410419176046,0.06604030384115631,,,7.917420876444643,14.2253050279986
8.712237830148412,1.071338561380184,10.08705634466304,2.085994586582976,14.11484496140511,0.06766617378062041,,,7.928161646089289,13.98354992637745
8.722978599793057,1.079538150501657,10.09779711430768,2.100961401633949,14.12558573104975,0.06925027799072903,,,7.938902415733934,13.74797704833219
8.733719369437702,1.088194656596401,10.10853788395233,2.115097793284219,14.1363265006944,0.07078467276133846,,,7.94964318537858,13.51915744913625
8.744460139082348,1.097238109795816,10.11927865359698,2.128054531002423,14.14706727033905,0.0722440945718346,,,7.960383955023225,13.29764434104684
8.755200908726994,1.10660233185712,10.13001942324162,2.139538791690069,14.15780803998369,0.07362119212140544,,,7.97112472466787,13.08370552555587
8.76594167837164,1.116218017028587,10.14076019288627,2.149267287490913,14.16854880962834,0.07490862578464262,,,7.981865494312516,12.87768047654888
8.776682448016285,1.126013905319158,10.15150096253091,2.156971824506942,14.17928957927298,0.07610004753192545,,,7.992606263957161,12.67974564901739
8.78742321766093,1.135914003889264,10.16224173217556,2.162414077816132,14.19003034891763,0.07718961782243891,,,8.003347033601807,12.48996521661648
8.798163987305577,1.14582287266414,10.1729825018202,2.165325858905866,14.20077111856227,0.07817179924548885,,,8.014087803246452,12.30828958380507
8.808904756950222,1.155703114346483,10.18372327146485,2.16554327161216,14.21151188820692,0.07904312735722785,,,8.024828572891098,12.13458889506595
8.819645526594867,1.165459574878131,10.19446404110949,2.162861909614387,14.22225265785156,0.07979946550044972,,,8.035569342535744,11.96851363125053
8.830386296239512,1.175010094954919,10.20520481075414,2.157124007008976,14.23299342749621,0.08048346649529349,,,8.046310112180389,11.81105927101428
8.841127065884157,1.184278447661036,10.21594558039878,2.148200173042448,14.24373419714085,0.08109270071790919,,,8.057050881825035,11.66169383086852
8.851867835528804,1.193190376418669,10.22668635004343,2.135955484324393,14.2544749667855,0.08157940555312426,,,8.06779165146968,11.51851806144595
8.862608605173449,1.201675219280388,10.23742711968807,2.120401575269747,14.26521573643014,0.08194236810633962,,,8.078532421114327,11.38090862927855
8.873349374818094,1.209666697591401,10.24816788933272,2.101458553064917,14.27595650607479,0.08218124115295948,,,8.089273190758972,11.24814142453166
8.884090144462739,1.217449571683801,10.25890865897737,2.079109333518177,14.28669727571944,0.08229654919198845,,,8.100013960403617,11.11938492350253
8.894830914107386,1.224966944671448,10.26964942862201,2.053424732065029,14.29743804536408,0.08228968514785898,,,8.110754730048262,10.99397941367678
8.905571683752031,1.231821418281042,10.28039019826666,2.026379460441059,14.30817881500873,0.0821765865286382,,,8.121495499692909,10.8710115171318
8.916312453396676,1.237970073489296,10.2911309679113,1.998419532685262,14.31891958465337,0.08196021762334939,,,8.132236269337554,10.74970430629797
8.927053223041321,1.24338009861482,10.30187173755595,1.96774028726365,14.32966035429802,0.08163053819561802,,,8.142977038982199,10.63134460864888
8.937793992685968,1.248029732561177,10.31261250720059,1.934100650128107,14.34040112394266,0.08119196482537031,,,8.153717808626844,10.51517721753938
8.948534762330613,1.252476662025095,10.32335327684524,1.897656907327411,14.35114189358731,0.080649339824368,,,8.164458578271491,10.39827228838936
8.959275531975258,1.256718577145548,10.33409404648988,1.858604992787348,14.36188266323195,0.08000912392521801,,,8.175199347916136,10.27991299518075
8.970016301619903,1.260300388312622,10.34483481613453,1.817170842374356,14.3726234328766,0.07927735455000413,,,8.185940117560781,10.15950471619829
8.98075707126455,1.263261304651528,10.35557558577918,1.773608338660659,14.38336420252125,0.07846098490585325,,,8.196680887205426,10.03655506363427
8.991497840909195,1.265548596949814,10.36631635542382,1.728196878626479,14.39410497216589,0.07757802969822963,,,8.207421656850071,9.910565048034798
9.002238610553841,1.267145799872811,10.37705712506847,1.68123859556829,14.40484574181054,0.07665664909157607,,,8.218162426494718,9.781316202800657
9.012979380198486,1.268128905916264,10.38779789471311,1.633055273175123,14.41558651145518,0.07570018827717921,,,8.228903196139363,9.651306632427181
9.023720149843131,1.268568755187771,10.39853866435776,1.583984995510332,14.42632728109983,0.07469505219866908,,,8.239643965784008,9.523686499638019
9.034460919487778,1.268548360324184,10.4092794340024,1.534393681716216,14.43706805074447,0.0736437113253781,,,8.250384735428653,9.395725704557966
9.045201689132423,1.268161931950536,10.42002020364705,1.484634169906051,14.44780882038912,0.07255420304545993,,,8.2611255050733,9.266476531418402
9.055942458777068,1.267851659126843,10.4307609732917,1.435071316886542,14.45854959003377,0.07143424648506794,,,8.271866274717945,9.13623218010364
9.066683228421713,1.267726311633348,10.44150174293634,1.386035193370617,14.46929035967841,0.07029207723732114,,,8.282607044362591,9.002821100008765
9.07742399806636,1.26756427482937,10.45224251258099,1.337949787143615,14.48003112932306,0.06913510533764909,,,8.293347814007236,8.866698753706029
9.088164767711005,1.26748340343024,10.46298328222563,1.291137570550937,14.4907718989677,0.06797074019815211,,,8.304088583651883,8.728304032588458
9.09890553735565,1.267606381344059,10.47372405187028,1.24594565101604,14.50151266861235,0.06680607939925563,,,8.314829353296528,8.588216184185809
9.109646307000295,1.268057339547537,10.48446482151492,1.202698306442818,14.51225343825699,0.06565202554246274,,,8.325570122941173,8.447114810824042
9.120387076644942,1.268959775603275,10.49520559115957,1.161732381788038,14.52299420790164,0.06451519300434162,,,8.336310892585818,8.305717597196404
9.131127846289587,1.270434409848421,10.50594636080421,1.123331264434256,14.53373497754628,0.06339805575052795,,,8.347051662230465,8.164831314695137
9.141868615934232,1.272597012464995,10.51668713044886,1.08774976326281,14.54447574719093,0.06230578148721887,,,8.35779243187511,8.025207564548797
9.152609385578877,1.275554433230398,10.5274279000935,1.055276221948087,14.55521651683557,0.06124162984535735,,,8.368533201519755,7.887944205979055
9.163350155223524,1.279409949146648,10.53816866973815,1.026106417280974,14.56595728648022,0.06022006120485569,,,8.3792739711644,7.753872583031044
9.174090924868169,1.284523818691063,10.5489094393828,1.000430013711667,14.57669805612487,0.05924432764113449,,,8.390014740809045,7.623820416897983
9.184831694512814,1.290947881216649,10.55965020902744,0.9784053111935663,14.58743882576951,0.0583064657380466,,,8.400755510453692,7.498735626633318
9.195572464157459,1.298508943744394,10.57039097867209,0.9601787304121338,14.59817959541416,0.05740834001799097,,,8.411496280098337,7.379538936660611
9.206313233802106,1.307219744674827,10.58113174831673,0.9458071342441194,14.6089203650588,0.05655118939998353,,,8.422237049742982,7.267046227059315
9.217054003446751,1.317101517583666,10.59187251796138,0.9353908982949769,14.61966113470345,0.05573562327894328,,,8.432977819387627,7.162106902146653
9.227794773091397,1.32815665281234,10.60261328760602,0.9289114879341359,14.63040190434809,0.05496164805814627,,,8.443718589032274,7.065448661831935
9.238535542736042,1.34036793362859,10.61335405725067,0.9263825971652373,14.64114267399274,0.05422869711890414,,,8.454459358676919,6.977916004340093
9.249276312380687,1.353818412817674,10.62409482689531,0.9277644163678223,14.65188344363738,0.05353566799770754,,,8.465200128321564,6.900107877477447
9.260017082025334,1.368449533479266,10.63483559653996,0.9329835954467006,14.66262421328203,0.05288701306854339,,,8.475940897966209,6.832625540211057
9.270757851669979,1.384061320728086,10.6455763661846,0.9419328836928073,14.67336498292667,0.0522806431214887,,,8.486681667610856,6.775940582038156
9.281498621314624,1.400554652395618,10.65631713582925,0.9544787982351922,14.68410575257132,0.05170798282134518,,,8.497422437255501,6.730646699239371
9.292239390959269,1.417811797799475,10.6670579054739,0.9704600268184992,14.69484652221597,0.05116617714780666,,,8.508163206900146,6.697053668211828
9.302980160603916,1.43588289769607,10.67779867511854,0.98969039997467,14.70558729186061,0.0506521080505327,,,8.518903976544792,6.67543121903065
9.313720930248561,1.454615381409635,10.68853944476319,1.01195796485614,14.71632806150526,0.05016245794806617,,,8.529644746189438,6.666073271531937
9.324461699893206,1.473655839841996,10.69928021440783,1.037030934685462,14.7270688311499,0.04969378603197281,,,8.540385515834084,6.669177354854984
9.335202469537851,1.492824330604235,10.71002098405248,1.064656424581512,14.73780960079455,0.0492425801430765,,,8.551126285478729,6.684786656662179
9.345943239182498,1.511931549186431,10.72076175369712,1.094566083833671,14.74855037043919,0.04880533333164058,,,8.561867055123374,6.71292374875235
9.356684008827143,1.530787949503562,10.73150252334177,1.126477640889306,14.75929114008384,0.04837869489960812,,,8.572607824768021,6.755401063705477
9.367424778471788,1.549207279518852,10.74224329298641,1.16009764520054,14.77003190972848,0.04796558632140011,,,8.583348594412666,6.812028606177133
9.378165548116433,1.566958002699709,10.75298406263106,1.195124268953663,14.78077267937313,0.04756273210776842,,,8.594089364057311,6.880846603239942
9.38890631776108,1.583849295025438,10.76372483227571,1.231250146475143,14.79151344901778,0.04716089347724327,,,8.604830133701956,6.961501960714842
9.399647087405725,1.599693626326773,10.77446560192035,1.268165229433001,14.80225421866242,0.04675735212937451,,,8.615570903346601,7.05370650679894
9.41038785705037,1.614306366331534,10.785206371565,1.305559636277674,14.81299498830707,0.04636832599343305,,,8.626311672991248,7.159513929447388
9.421128626695015,1.627514141271375,10.79594714120964,1.343126474692798,14.82373575795171,0.04599162255457764,,,8.637052442635893,7.278487029618042
9.431869396339662,1.639157638243903,10.80668791085429,1.380729548004718,14.83447652759636,0.045606668335248,,,8.647793212280538,7.407581531296982
9.442610165984307,1.649094207691582,10.81742868049893,1.418074772974154,14.845217297241,0.04521191413867514,,,8.658533981925183,7.546184380039954
9.453350935628952,1.657200211137851,10.82816945014358,1.454712817800051,14.85595806688565,0.04481910151514092,,,8.66927475156983,7.693766903106032
9.464091705273598,1.66337306546179,10.83891021978823,1.490364359443814,14.8666988365303,0.04442722091813055,,,8.680015521214475,7.849529813963126
9.474832474918243,1.667532940392903,10.84965098943287,1.524793789975689,14.87743960617494,0.04402342677842114,,,8.69075629085912,8.012703715108861
9.48557324456289,1.669660735397871,10.86039175907752,1.557753917709277,14.88818037581959,0.04360741129552631,,,8.701497060503765,8.182604821511212
9.496314014207535,1.670884750285883,10.87113252872216,1.589028967510702,14.89892114546423,0.04317956204814403,,,8.712237830148412,8.35833801975571
9.50705478385218,1.671228213137711,10.88187329836681,1.619455825102221,14.90966191510888,0.04274069013607675,,,8.722978599793057,8.538951558899084
9.517795553496825,1.669664733542533,10.89261406801145,1.648856253446112,14.92040268475352,0.04229190168657165,,,8.733719369437702,8.723701598118227
9.528536323141472,1.666217889419026,10.9033548376561,1.676038520450776,14.93114345439817,0.04183470280747706,,,8.744460139082348,8.911535329522499
9.539277092786117,1.660728125295742,10.91409560730074,1.70086842021911,14.94188422404281,0.04137086955763676,,,8.755200908726994,9.101488416588062
9.550017862430762,1.653257727324589,10.92483637694539,1.723241418221273,14.95262499368746,0.0409024229710675,,,8.76594167837164,9.292546333299169
9.560758632075407,1.644447952686983,10.93557714659003,1.743079144956587,14.9633657633321,0.04043157661111357,,,8.776682448016285,9.483694891254082
9.571499401720054,1.634398173343466,10.94631791623468,1.760336643900806,14.97410653297675,0.0399606829735409,,,8.78742321766093,9.673870142521475
9.582240171364699,1.622705823056494,10.95705868587932,1.775012339134287,14.98484730262139,0.03949217626675759,,,8.798163987305577,9.863424599022117
9.592980941009344,1.609513060480922,10.96779945552397,1.787111084819926,14.99558807226604,0.03902844140430931,,,8.808904756950222,10.05132075526939
9.603721710653989,1.594976545521289,10.97854022516862,1.796689372484063,15.00632884191069,0.03857206204787175,,,8.819645526594867,10.23512306740228
9.614462480298636,1.579264817402574,10.98928099481326,1.803806936440899,15.01706961155533,0.03814105498838946,,,8.830386296239512,10.41372963418553
9.625203249943281,1.562555554741841,11.00002176445791,1.809080748755028,15.02781038119998,0.03773746452514216,,,8.841127065884157,10.58612062717507
9.635944019587926,1.545032782579686,11.01076253410255,1.812638352501471,15.03855115084462,0.03734721829483453,,,8.851867835528804,10.75130299551082
9.646684789232571,1.526884092093919,11.0215033037472,1.814116409508565,15.04929192048927,0.03697148543745313,,,8.862608605173449,10.90833763127551
9.657425558877216,1.508297937708607,11.03224407339184,1.813887591094006,15.06003269013391,0.03661208984007102,,,8.873349374818094,11.05633806090783
9.668166328521863,1.489461073545153,11.04298484303649,1.812146189805563,15.07077345977856,0.03626950487888805,,,8.884090144462739,11.1978352095057
9.678907098166508,1.470556186692522,11.05372561268113,1.808905755375304,15.0815142294232,0.03594425436003414,,,8.894830914107386,11.33205171717094
9.689647867811154,1.451759778709471,11.06446638232578,1.804396148487313,15.09225499906785,0.03563649863216536,,,8.905571683752031,11.45491058993524
9.700388637455799,1.433281716916906,11.07520715197043,1.798861657863071,15.1029957687125,0.03534617072933169,,,8.916312453396676,11.56577800057477
9.711129407100445,1.415280622649503,11.08594792161507,1.793157306549254,15.11373653835714,0.03507219369805363,,,8.927053223041321,11.66411768845379
9.721870176745091,1.397862730096927,11.09668869125972,1.787541402921293,15.12447730800179,0.03481372386889437,,,8.937793992685968,11.74949698346973
9.732610946389736,1.381164230593827,11.10742946090436,1.781672066563767,15.13521807764643,0.03456932387884996,,,8.948534762330613,11.82317539008733
9.743351716034381,1.365309498014848,11.11817023054901,1.775807765577629,15.14595884729108,0.03434123604590067,,,8.959275531975258,11.88492641118431
9.754092485679028,1.350411253665106,11.12891100019365,1.770204208111312,15.15669961693572,0.03412652543591073,,,8.970016301619903,11.93492702341887
9.764833255323673,1.33657510352937,11.1396517698383,1.765110622726221,15.16744038658037,0.03392038467827969,,,8.98075707126455,11.97549783380436
9.775574024968318,1.323891244390648,11.15039253948294,1.760766021816389,15.17818115622501,0.03371878696522793,,,8.991497840909195,12.00478685758158
9.786314794612963,1.312434724820047,11.16113330912759,1.757395498947261,15.18892192586966,0.0335187919828769,,,9.002238610553841,12.02057066063903
9.79705556425761,1.302276708180146,11.17187407877224,1.755214864193944,15.19966269551431,0.03331715316699543,,,9.012979380198486,12.02312420837507
9.807796333902255,1.293475246747595,11.18261484841688,1.754396447503433,15.21040346515895,0.03311048875777532,,,9.023720149843131,12.0144262701799
9.8185371035469,1.286100344524285,11.19335561806153,1.755109333741803,15.2211442348036,0.03289533889037684,,,9.034460919487778,11.99491251726242
9.829277873191545,1.280197930756587,11.20409638770617,1.75782405570162,15.23188500444824,0.03266800328327444,,,9.045201689132423,11.96346835181511
9.840018642836192,1.275818026449016,11.21483715735082,1.76270581533738,15.24262577409289,0.03242555830065888,,,9.055942458777068,11.92286449613233
9.850759412480837,1.273009021015284,11.22557792699546,1.769428137271943,15.25336654373753,0.03216438859447323,,,9.066683228421713,11.8737146336281
9.861500182125482,1.271818974637248,11.23631869664011,1.778016560937799,15.26410731338218,0.03188130340510816,,,9.07742399806636,11.81461396430567
9.872240951770127,1.272287535749042,11.24705946628475,1.788468216570209,15.27484808302682,0.03157335206263514,,,9.088164767711005,11.74626543516677
9.882981721414772,1.274488908256337,11.2578002359294,1.800744261256503,15.28558885267147,0.03123785769688137,,,9.09890553735565,11.66945676232421
9.893722491059419,1.278456719706877,11.26854100557405,1.814769171998111,15.29632962231612,0.03087246742010482,,,9.109646307000295,11.585009331433
9.904463260704064,1.28425234897069,11.27928177521869,1.83043105483581,15.30707039196076,0.03047519736631936,,,9.120387076644942,11.49378394846312
9.915204030348709,1.293047167554133,11.29002254486334,1.847582470520277,15.31781116160541,0.03004430014622024,,,9.131127846289587,11.39659570059636
9.925944799993355,1.304890624739323,11.30076331450798,1.866041838520027,15.32855193125005,0.02957868971976172,,,9.141868615934232,11.29430812654178
9.936685569638001,1.318708924897303,11.31150408415263,1.885595414468805,15.3392927008947,0.02910421659909171,,,9.152609385578877,11.18771195069002
9.947426339282647,1.334543611735822,11.32224485379727,1.905999825184585,15.35003347053934,0.02862748772998339,,,9.163350155223524,11.07766579766359
9.958167108927292,1.352435829816896,11.33298562344192,1.926984889658057,15.36077424018399,0.02812210084430281,,,9.174090924868169,10.96715162891162
9.968907878571937,1.372421839619495,11.34372639308656,1.948258209228394,15.37151500982863,0.02758114557333652,,,9.184831694512814,10.85678580153638
9.979648648216584,1.394529554737824,11.35446716273121,1.969507528110723,15.38225577947328,0.02700523246195468,,,9.195572464157459,10.74516599204074
9.990389417861229,1.418796926986517,11.36520793237585,1.990406284731548,15.39299654911792,0.02639567628153097,,,9.206313233802106,10.63284326741374
10.00113018750587,1.445233394271653,11.3759487020205,2.010618130490736,15.40373731876257,0.02575421974470904,,,9.217054003446751,10.52035681951317
10.01187095715052,1.473843415785588,11.38668947166515,2.029801387882092,15.41447808840722,0.0250830704017954,,,9.227794773091397,10.40818091613889
10.02261172679517,1.504616851414002,11.39743024130979,2.047614829235179,15.42521885805186,0.02438509599406429,,,9.238535542736042,10.29672161834898
10.03335249643981,1.537547888538319,11.40817101095444,2.063722415175043,15.43595962769651,0.02366291583801998,,,9.249276312380687,10.18752743467458
10.04409326608446,1.572552334452593,11.41891178059908,2.077827885168467,15.44670039734115,0.02292035417044401,,,9.260017082025334,10.08085189710526
10.0548340357291,1.609578172592042,11.42965255024373,2.089620841864365,15.4574411669858,0.0221608681552229,,,9.270757851669979,9.975653559141074
10.06557480537375,1.648532440568174,11.44039331988837,2.09878157606803,15.46818193663044,0.02138859607723773,,,9.281498621314624,9.872033382556339
10.07631557501839,1.689298942341878,11.45113408953302,2.105044543394764,15.47892270627509,0.02060775867691298,,,9.292239390959269,9.770023947217506
10.08705634466304,1.731726928510103,11.46187485917766,2.108175778012384,15.48966347591973,0.01982256887457531,,,9.302980160603916,9.671987567279404
10.09779711430768,1.775639685911768,11.47261562882231,2.107968137166516,15.50040424556438,0.0190379334166604,,,9.313720930248561,9.577809161166574
10.10853788395233,1.820872172262725,11.48335639846696,2.104253692590048,15.51114501520903,0.01825848198772282,,,9.324461699893206,9.484901128663489
10.11927865359698,1.867138629441303,11.4940971681116,2.097899411770814,15.52188578485367,0.01748880832693729,,,9.335202469537851,9.394385515531503
10.13001942324162,1.914201935108381,11.50483793775625,2.088807490541163,15.53262655449832,0.0167331800577508,,,9.345943239182498,9.305962812189701
10.14076019288627,1.961776385336032,11.51557870740089,2.077138637547142,15.54336732414296,0.01599605005507331,,,9.356684008827143,9.21796831709025
10.15150096253091,2.00955153947937,11.52631947704554,2.062860361753322,15.55410809378761,0.01528172701315963,,,9.367424778471788,9.129973230140024
10.16224173217556,2.057213198166881,11.53706024669018,2.044751426518916,15.56484886343225,0.01459433692527104,,,9.378165548116433,9.041565523814732
10.1729825018202,2.104375417010405,11.54780101633483,2.023338191855274,15.5755896330769,0.01393778394853391,,,9.38890631776108,8.952346305467259
10.18372327146485,2.15068945924638,11.55854178597947,1.998704394786593,15.58633040272154,0.01331561749874757,,,9.399647087405725,8.861904645151384
10.19446404110949,2.195773577595515,11.56928255562412,1.970476758518266,15.59707117236619,0.01273162854859218,,,9.41038785705037,8.76982657456829
10.20520481075414,2.239241208759615,11.58002332526877,1.938812643623143,15.60781194201084,0.01218837130236274,,,9.421128626695015,8.675709288423933
10.21594558039878,2.280703242785621,11.59076409491341,1.903902218937185,15.61855271165548,0.01168872802966789,,,9.431869396339662,8.579168917116009
10.22668635004343,2.319770050961808,11.60150486455806,1.865968007775896,15.62929348130013,0.0112350625635295,,,9.442610165984307,8.479847930756078
10.23742711968807,2.35606935748803,11.6122456342027,1.825261314530937,15.64003425094477,0.01082937464292315,,,9.453350935628952,8.377422072333639
10.24816788933272,2.389231403588665,11.62298640384735,1.782058145391126,15.65077502058942,0.0104732916004303,,,9.464091705273598,8.271606723026331
10.25890865897737,2.418908537154326,11.63372717349199,1.736654985685561,15.66151579023406,0.01016806403336971,,,9.474832474918243,8.162162609292919
10.26964942862201,2.444776563255873,11.64446794313664,1.689364329597024,15.67225655987871,0.009914565203520648,,,9.48557324456289,8.04894061507682
10.28039019826666,2.466857044578718,11.65520871278128,1.640509941853699,15.68299732952335,0.009713292430852586,,,9.496314014207535,7.933413472282121
10.2911309679113,2.486072756954246,11.66594948242593,1.590443012981686,15.693738099168,0.009564278272757692,,,9.50705478385218,7.815586979808485
10.30187173755595,2.502208610017622,11.67669025207057,1.539460955699288,15.70447886881264,0.009467515928705837,,,9.517795553496825,7.695853012933515
10.31261250720059,2.513855486785572,11.68743102171522,1.487910108255106,15.71521963845729,0.00942230007102857,,,9.528536323141472,7.574210093753913
10.32335327684524,2.520509928870694,11.69817179135987,1.436114874179103,15.72596040810194,0.009427720184662714,,,9.539277092786117,7.448521288972368
10.33409404648988,2.522050968908507,11.70891256100451,1.38438901633997,15.73670117774658,0.009482245920518719,,,9.550017862430762,7.318853772980087
10.34483481613453,2.518408922618971,11.71965333064916,1.333032246193656,15.74744194739123,0.009585132079353062,,,9.560758632075407,7.186934544761722
10.35557558577918,2.509567279676637,11.7303941002938,1.28232432318109,15.75818271703587,0.00973429661120645,,,9.571499401720054,7.052932239104021
10.36631635542382,2.495563867195683,11.74113486993845,1.232533526321462,15.76892348668052,0.009927231386653317,,,9.582240171364699,6.915643723492495
10.37705712506847,2.476491267127044,11.75187563958309,1.183896385019659,15.77966425632516,0.01016167021062787,,,9.592980941009344,6.776811561399132
10.38779789471311,2.452496482529523,11.76261640922774,1.136628537586093,15.79040502596981,0.01043587475353229,,,9.603721710653989,6.636797513293507
10.39853866435776,2.423779861118882,11.77335717887238,1.090919925240635,15.80114579561445,0.01074634530608299,,,9.614462480298636,6.494578019506402
10.4092794340024,2.392362315162447,11.78409794851703,1.046933886324004,15.8118865652591,0.01109059350630935,,,9.625203249943281,6.350592802962196
10.42002020364705,2.35850965054164,11.79483871816168,1.004806721967994,15.82262733490375,0.01146541845956096,,,9.635944019587926,6.205318592548672
10.4307609732917,2.32081352091052,11.80557948780632,0.9646310276662389,15.83336810454839,0.011869116211911,,,9.646684789232571,6.059263054752664
10.44150174293634,2.279604806318444,11.81632025745097,0.9265265676507372,15.84410887419304,0.01229850642781978,,,9.657425558877216,5.912958377781606
10.45224251258099,2.235289580757327,11.82706102709561,0.8905291555998784,15.85484964383768,0.01274905807974101,,,9.668166328521863,5.766954634112349
10.46298328222563,2.188296957546568,11.83780179674026,0.8566713734793278,15.86559041348233,0.01321751489930727,,,9.678907098166508,5.621813049926367
10.47372405187028,2.139090316243285,11.8485425663849,0.8250199233319698,15.87633118312697,0.0137009572836858,,,9.689647867811154,5.478099352161947
10.48446482151492,2.088149424844557,11.85928333602955,0.7955625199827279,15.88707195277162,0.01419568070556853,,,9.700388637455799,5.336993796863232
10.49520559115957,2.036001196733228,11.87002410567419,0.7682098922883766,15.89781272241626,0.01469871594262446,,,9.711129407100445,5.19904635300072
10.50594636080421,1.983156822178993,11.88076487531884,0.742912617927011,15.90855349206091,0.0152070828030843,,,9.721870176745091,5.064147724281358
10.51668713044886,1.930146867136064,11.89150564496349,0.7198519477049017,15.91929426170556,0.01571788587283303,,,9.732610946389736,4.932860121299236
10.5274279000935,1.877504649011901,11.90224641460813,0.6989520494305478,15.9300350313502,0.01622838466845176,,,9.743351716034381,4.8056413000156
10.53816866973815,1.825760570450461,11.91298718425278,0.6798774556541236,15.94077580099485,0.01673576262085436,,,9.754092485679028,4.682950473871689
10.5489094393828,1.775439127621147,11.92372795389742,0.6625187916694824,15.95151657063949,0.01723822827561191,,,9.764833255323673,4.565374782402216
10.55965020902744,1.727043837750623,11.93446872354207,0.6467917492994419,15.96225734028414,0.01773332075966659,,,9.775574024968318,4.453305845075223
10.57039097867209,1.681068408713952,11.94520949318671,0.6325778977799779,15.97299810992878,0.01821914530187608,,,9.786314794612963,4.346936891164075
10.58113174831673,1.637972710372224,11.95595026283136,0.6197680795852426,15.98373887957343,0.01869406089129867,,,9.79705556425761,4.246583469403682
10.59187251796138,1.598194937901799,11.966691032476,0.6082640866082429,15.99447964921807,0.01915669182242033,,,9.807796333902255,4.15246808742088
10.60261328760602,1.562137966231479,11.97743180212065,0.5979622630141799,16.00522041886272,0.01960593592411844,,,9.8185371035469,4.064949188735831
10.61335405725067,1.530167602865939,11.9881725717653,0.5887611840573878,16.01596118850737,0.02004302737390822,,,9.829277873191545,3.984157112622853
10.62409482689531,1.502618210231224,11.99891334140994,0.5805721827243033,16.02670195815201,0.02048007975514705,,,9.840018642836192,3.910253608522151
10.63483559653996,1.479755746448716,12.00965411105459,0.5733026002719627,16.03744272779666,0.02091462364487499,,,9.850759412480837,3.843363431919658
10.6455763661846,1.461822206497639,12.02039488069923,0.5668997479529592,16.0481834974413,0.02133373699951384,,,9.861500182125482,3.783575677559564
10.65631713582925,1.44900412512252,12.03113565034388,0.5612865535075433,16.05892426708595,0.02173744258278359,,,9.872240951770127,3.730919618800104
10.6670579054739,1.441437661052415,12.04187641998852,0.5564083820924901,16.06966503673059,0.02212595858083046,,,9.882981721414772,3.685485018282203
10.67779867511854,1.43921685289323,12.05261718963317,0.5522209338796193,16.08040580637524,0.02249996447955234,,,9.893722491059419,3.647181629689182
10.68853944476319,1.442373595121254,12.06335795927781,0.548690337236888,16.09114657601988,0.02286738941018203,,,9.904463260704064,3.61601095260773
10.69928021440783,1.450877661218483,12.07409872892246,0.5457983093945743,16.10188734566453,0.02322916120988424,,,9.915204030348709,3.593595298193498
10.71002098405248,1.464655475613003,12.0848394985671,0.5435221291848998,16.11262811530917,0.02357910517017507,,,9.925944799993355,3.579779745427246
10.72076175369712,1.483581604625533,12.09558026821175,0.5422599194390397,16.12336888495382,0.02391847356444274,,,9.936685569638001,3.572771461761068
10.73150252334177,1.507479764521619,12.1063210378564,0.5420128749905715,16.13410965459846,0.02424868375236254,,,9.947426339282647,3.572370698491532
10.74224329298641,1.536124395643481,12.11706180750104,0.5424008695557271,16.14485042424311,0.02457129779169864,,,9.958167108927292,3.578461386316175
10.75298406263106,1.569242690386256,12.12780257714569,0.5434296692590855,16.15559119388776,0.02488800138090471,,,9.968907878571937,3.590746064355177
10.76372483227571,1.606517063177965,12.13854334679033,0.5451193839871732,16.1663319635324,0.02520068215156789,,,9.979648648216584,3.608960879613322
10.77446560192035,1.647588047938444,12.14928411643498,0.5474894896236457,16.17707273317705,0.02551103701023016,,,9.990389417861229,3.632911902741169
10.785206371565,1.69205760545393,12.16002488607962,0.5505634160340117,16.18781350282169,0.02582107313417068,,,10.00113018750587,3.662256729692453
10.79594714120964,1.739492819678699,12.17076565572427,0.5543730604308414,16.19855427246634,0.02613282294063351,,,10.01187095715052,3.696717120074574
10.80668791085429,1.789589322275789,12.18150642536891,0.5589445846446681,16.20929504211098,0.02644816186278156,,,10.02261172679517,3.735942138190088
10.81742868049893,1.841855583387159,12.19224719501356,0.5643069924808101,16.22003581175563,0.02676912568244999,,,10.03335249643981,3.779529800741224
10.82816945014358,1.895617628636281,12.20298796465821,0.5704873047853621,16.23077658140027,0.02709767912652784,,,10.04409326608446,3.828001903659933
10.83891021978823,1.95032608266731,12.21372873430285,0.5775091508169901,16.24151735104492,0.02743574743280023,,,10.0548340357291,3.880931792827108
10.84965098943287,2.005478256146076,12.2244695039475,0.5853929159003606,16.25225812068957,0.0277851981676671,,,10.06557480537375,3.936870592127804
10.86039175907752,2.060502356846244,12.23521027359214,0.5941491184181025,16.26299889033421,0.0281474008997893,,,10.07631557501839,3.995322555383884
10.87113252872216,2.11484907509202,12.24595104323679,0.6037844235306024,16.27373965997886,0.0285248759626541,,,10.08705634466304,4.055727587244881
10.88187329836681,2.168010623099971,12.25669181288143,0.6142965707025689,16.2844804296235,0.0289189368245491,,,10.09779711430768,4.117499466342053
10.89261406801145,2.219452836287405,12.26743258252608,0.6256737832340959,16.29522119926815,0.02933490362878517,,,10.10853788395233,4.180161619949057
10.9033548376561,2.268620682605086,12.27817335217072,0.6378945526074832,16.30596196891279,0.02977416322780772,,,10.11927865359698,4.243007636116024
10.91409560730074,2.315017113462226,12.28891412181537,0.6509267421234676,16.31670273855744,0.03023403537487539,,,10.13001942324162,4.305439045154157
10.92483637694539,2.358180355420929,12.29965489146002,0.6647334873602507,16.32744350820208,0.03071499948391801,,,10.14076019288627,4.366818558837376
10.93557714659003,2.39765646281178,12.31039566110466,0.6792603809028465,16.33818427784673,0.03121813342118825,,,10.15150096253091,4.426499944161733
10.94631791623468,2.433049454862738,12.32113643074931,0.6944354432945123,16.34892504749138,0.03175352764144929,,,10.16224173217556,4.483864257549101
10.95705868587932,2.465035815788302,12.33187720039395,0.7101818860468659,16.35966581713602,0.03232185877049513,,,10.1729825018202,4.538190721127056
10.96779945552397,2.493315163317637,12.3426179700386,0.7264117679637097,16.37040658678067,0.03291724601422324,,,10.18372327146485,4.588908298767129
10.97854022516862,2.516513514626832,12.35335873968324,0.7430287589218743,16.38114735642531,0.03353942038804721,,,10.19446404110949,4.635368493864193
10.98928099481326,2.534412117320808,12.36409950932789,0.7599251998042192,16.39188812606996,0.03418282735379054,,,10.20520481075414,4.676970180827481
11.00002176445791,2.546954316917012,12.37484027897253,0.7769861712303787,16.4026288957146,0.03484700839740823,,,10.21594558039878,4.713141668433561
11.01076253410255,2.554007352588631,12.38558104861718,0.7942153542117467,16.41336966535925,0.03553059157421163,,,10.22668635004343,4.743309159255666
11.0215033037472,2.555363988420351,12.39632181826182,0.8115379489444915,16.42411043500389,0.03623133875330087,,,10.23742711968807,4.767067645801895
11.03224407339184,2.552358722229193,12.40706258790647,0.8286935301218225,16.43485120464854,0.03694714105841989,,,10.24816788933272,4.783927595531001
11.04298484303649,2.545011912839101,12.41780335755112,0.8454743911844373,16.44559197429319,0.03767599902115026,,,10.25890865897737,4.793484306174877
11.05372561268113,2.532028866749986,12.42854412719576,0.8617780601723896,16.45633274393783,0.03841525472174981,,,10.26964942862201,4.795467719692478
11.06446638232578,2.513525293864732,12.43928489684041,0.8774271350451605,16.46707351358248,0.03916165181867204,,,10.28039019826666,4.791988921382591
11.07520715197043,2.489667645748358,12.45002566648505,0.8923314967596085,16.47781428322712,0.03991190132177046,,,10.2911309679113,4.784486045026029
11.08594792161507,2.461564879879997,12.4607664361297,0.9063368576850452,16.48855505287177,0.04066241211019174,,,10.30187173755595,4.770819436512459
11.09668869125972,2.429468494836305,12.47150720577434,0.9193130300637261,16.49929582251641,0.04140931059970338,,,10.31261250720059,4.749242575927104
11.10742946090436,2.392768824250723,12.48224797541899,0.9313322473270176,16.51003659216106,0.04214846454501843,,,10.32335327684524,4.719366605391081
11.11817023054901,2.351787650878078,12.49298874506363,0.9422792610676514,16.52077736180571,0.04288581551293219,,,10.33409404648988,4.681270100174309
11.12891100019365,2.306879274388538,12.50372951470828,0.9518902447537806,16.53151813145035,0.04361696653256218,,,10.34483481613453,4.635119183366379
11.1396517698383,2.258425728476421,12.51447028435293,0.9600831890663172,16.542258901095,0.04432633540073026,,,10.35557558577918,4.581167182524342
11.15039253948294,2.206838137431332,12.52521105399757,0.9667906875199032,16.55299967073964,0.0450091062743842,,,10.36631635542382,4.519753099331373
11.16113330912759,2.152527743920864,12.53595182364222,0.9719603157143709,16.56374044038429,0.04566025049299677,,,10.37705712506847,4.451298906620554
11.17187407877224,2.095949164761497,12.54669259328686,0.9755554050141896,16.57448121002893,0.04627477678681174,,,10.38779789471311,4.376305709012096
11.18261484841688,2.037518033745985,12.55743336293151,0.9775588333874019,16.58522197967358,0.04684776250901274,,,10.39853866435776,4.29534882413495
11.19335561806153,1.977733321270396,12.56817413257615,0.9779647487904746,16.59596274931822,0.04737443399724419,,,10.4092794340024,4.210994442602432
11.20409638770617,1.917202165411806,12.5789149022208,0.9767892896497348,16.60670351896287,0.04785023618440104,,,10.42002020364705,4.123903403277365
11.21483715735082,1.85638151933072,12.58965567186544,0.9750558606148813,16.61744428860752,0.04827090315709107,,,10.4307609732917,4.032940380041807
11.22557792699546,1.795472395254213,12.60039644151009,0.972814466790511,16.62818505825216,0.04863252842962115,,,10.44150174293634,3.938807180209392
11.23631869664011,1.734862818194209,12.61113721115474,0.9691164908114525,16.63892582789681,0.04893163363556163,,,10.45224251258099,3.842392410896666
11.24705946628475,1.674926986765686,12.62187798079938,0.9640037142993078,16.64966659754145,0.04916523430160376,,,10.46298328222563,3.744490402183646
11.2578002359294,1.616023162502302,12.63261875044403,0.9575495122122631,16.6604073671861,0.04933090136144087,,,10.47372405187028,3.645960314176056
11.26854100557405,1.558484188139015,12.64335952008867,0.9498375420535782,16.67114813683074,0.04943236210565236,,,10.48446482151492,3.547647832310474
11.27928177521869,1.502615450733136,12.65410028973332,0.9409620293244878,16.68188890647539,0.04948353929622959,,,10.49520559115957,3.450477461965414
11.29002254486334,1.448693384003915,12.66484105937796,0.9310268966852678,16.69262967612003,0.04947780419136961,,,10.50594636080421,3.355278848445858
11.30076331450798,1.396964511504782,12.67558182902261,0.9201412404895292,16.70337044576468,0.04940037796832458,,,10.51668713044886,3.262874679135022
11.31150408415263,1.347645021833903,12.68632259866725,0.90842140805794,16.71411121540932,0.04926696465624829,,,10.5274279000935,3.17413433279863
11.32224485379727,1.300920857132127,12.6970633683119,0.8959866425850217,16.72485198505397,0.04907891387066027,,,10.53816866973815,3.089812065571926
11.33298562344192,1.256919636189529,12.70780413795655,0.8829577528101332,16.73559275469862,0.04882917466541361,,,10.5489094393828,3.010651698383454
11.34372639308656,1.21583260510107,12.71854490760119,0.8694552156247736,16.74633352434326,0.04852048805833305,,,10.55965020902744,2.937338761902575
11.35446716273121,1.177723836693723,12.72928567724584,0.8555973308389981,16.75707429398791,0.04815034601324459,,,10.57039097867209,2.870534114277807
11.36520793237585,1.142668559531082,12.74002644689048,0.8414984625411962,16.76781506363255,0.04772299625610035,,,10.58113174831673,2.810765868642674
11.3759487020205,1.110718586464851,12.75076721653513,0.8272673992318946,16.7785558332772,0.04724331682215645,,,10.59187251796138,2.7585830856468
11.38668947166515,1.081904643179309,12.76150798617977,0.8130058619722826,16.78929660292184,0.04671686489890885,,,10.60261328760602,2.714369966416281
11.39743024130979,1.056238872016352,12.77224875582442,0.7988062599310187,16.80003737256649,0.04616543266515814,,,10.61335405725067,2.678503835924706
11.40817101095444,1.033717448052434,12.78298952546906,0.7847544773389452,16.81077814221113,0.04559828537768645,,,10.62409482689531,2.651271065103042
11.41891178059908,1.014323244515774,12.79373029511371,0.7709227482301656,16.82151891185578,0.0450065515326136,,,10.63483559653996,2.632849296544553
11.42965255024373,0.9980284860564061,12.80447106475835,0.7573733857884637,16.83225968150042,0.0443946676180374,,,10.6455763661846,2.623354298224262
11.44039331988837,0.9847973310618603,12.815211834403,0.7441531802284508,16.84300045114507,0.04377003801664512,,,10.65631713582925,2.622815290734725
11.45113408953302,0.9745883280763395,12.82595260404764,0.7313098633770022,16.85374122078971,0.043140224758224,,,10.6670579054739,2.631179066207891
11.46187485917766,0.9673779589851944,12.83669337369229,0.7188657331913615,16.86448199043436,0.04251285158625191,,,10.67779867511854,2.648322661362844
11.47261562882231,0.9632110771645012,12.84743414333694,0.7068475703066527,16.87522276007901,0.0418955830716409,,,10.68853944476319,2.674029428532993
11.48335639846696,0.9620534113966668,12.85817491298158,0.6953115912157354,16.88596352972365,0.0412957139305916,,,10.69928021440783,2.708002551079827
11.4940971681116,0.9638732205808404,12.86891568262623,0.6842403374530039,16.8967042993683,0.04072049869464815,,,10.71002098405248,2.749874044718939
11.50483793775625,0.9686274970534583,12.87965645227087,0.6735655875610094,16.90744506901294,0.04017678033625113,,,10.72076175369712,2.799209435493199
11.51557870740089,0.9761400847666463,12.89039722191552,0.6632623609156262,16.91818583865759,0.03967095971779103,,,10.73150252334177,2.855508879840039
11.52631947704554,0.9863760609835559,12.90113799156016,0.6534194448928948,16.92892660830223,0.03920890674980879,,,10.74224329298641,2.918212152828998
11.53706024669018,0.9993057329604335,12.91187876120481,0.6439970727999399,16.93966737794688,0.03879584577604189,,,10.75298406263106,2.986704140042679
11.54780101633483,1.015379604892084,12.92261953084946,0.6348282976272854,16.95040814759152,0.03843621854883495,,,10.76372483227571,3.060320788526103
11.55854178597947,1.034577525556416,12.9333603004941,0.6258637763615373,16.96114891723617,0.03813433219170225,,,10.77446560192035,3.138355470429452
11.56928255562412,1.056394643574621,12.94410107013875,0.6170521668968338,16.97188968688082,0.03789283787608254,,,10.785206371565,3.220065710989248
11.58002332526877,1.080813681193868,12.95484183978339,0.6083413298558872,16.98263045652546,0.03771398093772085,,,10.79594714120964,3.304680230283171
11.59076409491341,1.107816978219653,12.96558260942804,0.5996797077314207,16.99337122617011,0.03759908836214215,,,10.80668791085429,3.391911886571126
11.60150486455806,1.137387928994278,12.97632337907268,0.5910175939255037,17.00411199581475,0.03754860710575965,,,10.81742868049893,3.48094953453257
11.6122456342027,1.169510233146653,12.98706414871733,0.5823083101667111,17.0148527654594,0.03756198522956727,,,10.82816945014358,3.570465741996308
11.62298640384735,1.204165329968978,12.99780491836197,0.5737643986704855,17.02559353510404,0.03763831561399856,,,10.83891021978823,3.659613660425945
11.63372717349199,1.24133151547944,13.00854568800662,0.5653460986831064,17.03633430474869,0.03777506106783914,,,10.84965098943287,3.747641712765724
11.64446794313664,1.280982236350841,13.01928645765127,0.5567566654716166,17.04707507439333,0.03796936957910212,,,10.86039175907752,3.833722669000107
11.65520871278128,1.32308382430414,13.03002722729591,0.5479792202975015,17.05781584403798,0.0382175183117537,,,10.87113252872216,3.917088318590237
11.66594948242593,1.367612729617333,13.04076799694056,0.539006808725451,17.06855661368263,0.03851507873356052,,,10.88187329836681,3.998150533863603
11.67669025207057,1.414509481640451,13.0515087665852,0.5298246845244767,17.07929738332727,0.03885698384482916,,,10.89261406801145,4.076203288609352
11.68743102171522,1.463685305349713,13.06224953622985,0.52040170896611,17.09003815297192,0.03924243097566063,,,10.9033548376561,4.149429670791286
11.69817179135987,1.515083281812165,13.07299030587449,0.5109255987702231,17.10077892261656,0.03966557679928095,,,10.91409560730074,4.217213809071314
11.70891256100451,1.568614529335476,13.08373107551914,0.5014021027459762,17.11151969226121,0.04011447629936061,,,10.92483637694539,4.279009383354845
11.71965333064916,1.624175410212243,13.09447184516378,0.4916572968024684,17.12226046190585,0.0405855945573679,,,10.93557714659003,4.33430739318712
11.7303941002938,1.681644175716961,13.10521261480843,0.4817057986636042,17.1330012315505,0.04107182410761967,,,10.94631791623468,4.382696407706357
11.74113486993845,1.740891306631156,13.11595338445307,0.4715740839866246,17.14374200119514,0.04156282530379792,,,10.95705868587932,4.424908088874425
11.75187563958309,1.801761874898282,13.12669415409772,0.4612921020448787,17.15448277083979,0.04205135156270044,,,10.96779945552397,4.460680877076894
11.76261640922774,1.864087763421544,13.13743492374237,0.4508951719698715,17.16522354048444,0.04253024937631717,,,10.97854022516862,4.48870852384401
11.77335717887238,1.92768452735405,13.14817569338701,0.4404940517910553,17.17596431012908,0.04299254547184177,,,10.98928099481326,4.50887024462649
11.78409794851703,1.992351803450195,13.15891646303166,0.4301380343443685,17.18670507977373,0.04343153514684787,,,11.00002176445791,4.521782741592224
11.79483871816168,2.057873962820802,13.1696572326763,0.4197995701456254,17.19744584941837,0.04384086336953793,,,11.01076253410255,4.527482065470293
11.80557948780632,2.124020410232665,13.18039800232095,0.4095206871350513,17.20818661906302,0.04421459868502435,,,11.0215033037472,4.525423306796386
11.81632025745097,2.190549208316567,13.19113877196559,0.399346893860043,17.21892738870766,0.04454723413061715,,,11.03224407339184,4.517355434288238
11.82706102709561,2.257204450050734,13.20187954161024,0.3893191720985302,17.22966815835231,0.04483401610025341,,,11.04298484303649,4.503534492199705
11.83780179674026,2.323720641659937,13.21262031125488,0.3794809834102197,17.24040892799696,0.04508198512342651,,,11.05372561268113,4.482719846099536
11.8485425663849,2.390242959589287,13.22336108089953,0.3698751457581784,17.2511496976416,0.04529139965498245,,,11.06446638232578,4.455296234689216
11.85928333602955,2.456487064096894,13.23410185054418,0.3605380224678834,17.26189046728625,0.04546334009773118,,,11.07520715197043,4.42171179081818
11.87002410567419,2.521741266791226,13.24484262018882,0.3515095341109551,17.27263123693089,0.04559087726799158,,,11.08594792161507,4.3839657578337
11.88076487531884,2.585694206425221,13.25558338983347,0.3428131474532978,17.28337200657554,0.04566802922327953,,,11.09668869125972,4.342600591845404
11.89150564496349,2.649396304556932,13.26632415947811,0.3344779629549542,17.29411277622018,0.04569292849115624,,,11.10742946090436,4.296694437187137
11.90224641460813,2.712563401663302,13.27706492912276,0.3265320046003331,17.30485354586483,0.04565317803104653,,,11.11817023054901,4.246854075166817
11.91298718425278,2.773580279037175,13.2878056987674,0.3189904903643151,17.31559431550947,0.04554838743626463,,,11.12891100019365,4.193712557712168
11.92372795389742,2.832138019244753,13.29854646841205,0.3118556669406432,17.32633508515412,0.04537887670589357,,,11.1396517698383,4.137920470567519
11.93446872354207,2.887898442199738,13.30928723805669,0.3051296532014366,17.33707585479877,0.04514566834529071,,,11.15039253948294,4.080143358399161
11.94520949318671,2.940611671876242,13.32002800770134,0.2988156589521563,17.34781662444341,0.04485308126328007,,,11.16113330912759,4.021028895278894
11.95595026283136,2.990002134531633,13.33076877734599,0.292906144058404,17.35855739408806,0.04450323824694996,,,11.17187407877224,3.961254676662514
11.966691032476,3.035885950168038,13.34150954699063,0.287386098812137,17.3692981637327,0.04409600321264813,,,11.18261484841688,3.901411538558414
11.97743180212065,3.07802907469848,13.35225031663528,0.2822385631332747,17.38003893337735,0.04363456145444461,,,11.19335561806153,3.842166249856636
11.9881725717653,3.116244693975343,13.36299108627992,0.2774422921619879,17.39077970302199,0.04312241931496338,,,11.20409638770617,3.784588310926127
11.99891334140994,3.150381518940875,13.37373185592457,0.272972298524266,17.40152047266664,0.0425632644465186,,,11.21483715735082,3.729293849945363
12.00965411105459,3.180302555961893,13.38447262556921,0.2688008522795577,17.41226124231128,0.04196132701068252,,,11.22557792699546,3.676142926596512
12.02039488069923,3.205950138578771,13.39521339521386,0.2648966681161993,17.42300201195593,0.04132086321461461,,,11.23631869664011,3.625530711559294
12.03113565034388,3.227250174605793,13.4059541648585,0.2612249313781437,17.43374278160058,0.04064649445701508,,,11.24705946628475,3.577805922630293
12.04187641998852,3.244182251966728,13.41669493450315,0.2577582494357908,17.44448355124522,0.03994275090026878,,,11.2578002359294,3.533262554926023
12.05261718963317,3.256761758900995,13.4274357041478,0.2544597638884387,17.45522432088987,0.03922670257785255,,,11.26854100557405,3.492129136597039
12.06335795927781,3.265040106337982,13.43817647379244,0.2512960435597663,17.46596509053451,0.03850405575798072,,,11.27928177521869,3.454567287964831
12.07409872892246,3.269412631963841,13.44891724343709,0.2482342773113748,17.47670586017916,0.0377683328239553,,,11.29002254486334,3.420671369990688
12.0848394985671,3.269998913711243,13.45965801308173,0.2452438068791689,17.4874466298238,0.03702272972114202,,,11.30076331450798,3.390469283039503
12.09558026821175,3.267367786767945,13.47039878272638,0.242296490670067,17.49818739946845,0.03627084391506904,,,11.31150408415263,3.363924399351422
12.1063210378564,3.261696330094316,13.48113955237102,0.2394961993143493,17.50892816911309,0.03551693573313167,,,11.32224485379727,3.340938591238442
12.11706180750104,3.254628549343986,13.49188032201567,0.2368194117911301,17.51966893875774,0.03476510583267405,,,11.33298562344192,3.321325158353285
12.12780257714569,3.246260908372053,13.50262109166031,0.2341167151417526,17.53040970840238,0.03401926895811605,,,11.34372639308656,3.304945276206555
12.13854334679033,3.23476805131262,13.51336186130496,0.2313553863091958,17.54115047804703,0.03328313111392262,,,11.35446716273121,3.291504964538147
12.14928411643498,3.220392602464949,13.5241026309496,0.228559344200368,17.55189124769167,0.03256016996206547,,,11.36520793237585,3.280710116699066
12.16002488607962,3.203391023714564,13.53484340059425,0.2258092185618777,17.56263201733632,0.03185361821418835,,,11.3759487020205,3.27223441455799
12.17076565572427,3.184048201732101,13.54558417023889,0.223101633454699,17.57337278698096,0.0311664497648847,,,11.38668947166515,3.265725181912207
12.18150642536891,3.162672440718173,13.55632493988354,0.2203295985261449,17.58411355662561,0.03050136830293992,,,11.39743024130979,3.260814075456321
12.19224719501356,3.139547593459548,13.56706570952819,0.2174985740352405,17.59485432627026,0.02986070833540222,,,11.40817101095444,3.257123638251246
12.20298796465821,3.114996383677537,13.57780647917283,0.2146186153586645,17.6055950959149,0.0292579261473993,,,11.41891178059908,3.254337234239249
12.21372873430285,3.089334353619584,13.58854724881748,0.2117413718018967,17.61633586555955,0.02869527250743696,,,11.42965255024373,3.252083936465317
12.2244695039475,3.06287600179444,13.59928801846212,0.2088829711333723,17.62707663520419,0.02816243651144049,,,11.44039331988837,3.249946285301105
12.23521027359214,3.035930974529557,13.61002878810677,0.2060315353612574,17.63781740484884,0.02766015631463279,,,11.45113408953302,3.247590767497277
12.24595104323679,3.008800383974245,13.62076955775141,0.2032092717111183,17.64855817449348,0.02718974112112039,,,11.46187485917766,3.244737067560951
12.25669181288143,2.981776651645033,13.63151032739606,0.2004451721748615,17.65929894413813,0.02675138562707172,,,11.47261562882231,3.241222376516181
12.26743258252608,2.955127840161266,13.64225109704071,0.1977697213381901,17.67003971378277,0.02634529286453051,,,11.48335639846696,3.236829090861447
12.27817335217072,2.929112230482458,13.65299186668535,0.1952140054949543,17.68078048342742,0.02597137224453894,,,11.4940971681116,3.232426789714754
12.28891412181537,2.903964756827867,13.66373263633,0.192811343636139,17.69152125307206,0.02562922686553125,,,11.50483793775625,3.22786742762453
12.29965489146002,2.879897472322268,13.67447340597464,0.1905952613090804,17.70226202271671,0.02531824831297564,,,11.51557870740089,3.223138114903909
12.31039566110466,2.857097856675447,13.68521417561929,0.1885992787197884,17.71300279236136,0.0250375518248053,,,11.52631947704554,3.218171590336183
12.32113643074931,2.835727602134552,13.69595494526393,0.1868562745063903,17.723743562006,0.0247857505000796,,,11.53706024669018,3.211651301945071
12.33187720039395,2.815921895531716,13.70669571490858,0.1853979122184708,17.73448433165065,0.02456319616368091,,,11.54780101633483,3.204624064184673
12.3426179700386,2.797789203751918,13.71743648455322,0.1842540807724006,17.74522510129529,0.02436838399695641,,,11.55854178597947,3.197164666815433
12.35335873968324,2.781411559609773,13.72817725419787,0.1834523663105301,17.75596587093994,0.02419823064853783,,,11.56928255562412,3.188346816244634
12.36409950932789,2.766845332385498,13.73891802384252,0.1830175724705803,17.76670664058458,0.02405039423617136,,,11.58002332526877,3.178328280004385
12.37484027897253,2.754122464911142,13.74965879348716,0.1829712405204063,17.77744741022923,0.02392268410179085,,,11.59076409491341,3.167302265198674
12.38558104861718,2.744278087707029,13.76039956313181,0.1833313066888248,17.78818817987388,0.02381280355401728,,,11.60150486455806,3.155498260597259
12.39632181826182,2.73741819621062,13.77114033277645,0.1841115529146028,17.79892894951852,0.02372218139191827,,,11.6122456342027,3.143176984791292
12.40706258790647,2.732472733844673,13.7818811024211,0.1853212591044502,17.80966971916317,0.02364824593731471,,,11.62298640384735,3.130623876941053
12.41780335755112,2.72924351275321,13.79262187206574,0.1869705308181424,17.82041048880781,0.02358452118305735,,,11.63372717349199,3.118143283805025
12.42854412719576,2.727658328731487,13.80336264171039,0.1890589230114725,17.83115125845246,0.02352786627843703,,,11.64446794313664,3.106052094095276
12.43928489684041,2.727628414152421,13.81410341135503,0.1915791099672489,17.8418920280971,0.02347572128448286,,,11.65520871278128,3.094671950526867
12.45002566648505,2.729062294901668,13.82484418099968,0.1945202963860564,17.85263279774175,0.02342523924188175,,,11.66594948242593,3.084364156090558
12.4607664361297,2.731866283772753,13.83558495064432,0.1978822936812332,17.86337356738639,0.02337374034343293,,,11.67669025207057,3.075396063983331
12.47150720577434,2.735940010126593,13.84632572028897,0.2016318270394156,17.87411433703104,0.0233185847890855,,,11.68743102171522,3.068058310585097
12.48224797541899,2.741386338481051,13.85706648993362,0.2057532224278109,17.88485510667569,0.02326050300375683,,,11.69817179135987,3.062649655744925
12.49298874506363,2.74811227694578,13.86780725957826,0.2102174359724817,17.89559587632033,0.02319706709735822,,,11.70891256100451,3.059425233592142
12.50372951470828,2.755902377820381,13.87854802922291,0.2149939984866247,17.90633664596498,0.02312274234103744,,,11.71965333064916,3.058610116756221
12.51447028435293,2.764634034799765,13.88928879886755,0.2200506137575547,17.91707741560962,0.0230354435449668,,,11.7303941002938,3.060386871554269
12.52521105399757,2.774284203531868,13.9000295685122,0.2253470859297435,17.92781818525427,0.0229333063236789,,,11.74113486993845,3.06492655109502
12.53595182364222,2.784817964850524,13.91077033815684,0.2308448172311679,17.93855895489891,0.02281470952987542,,,11.75187563958309,3.072330904727165
12.54669259328686,2.796216131305319,13.92151110780149,0.2364974270423442,17.94929972454356,0.02268492370960055,,,11.76261640922774,3.082669315434384
12.55743336293151,2.808516172314736,13.93225187744613,0.2422712357215902,17.9600404941882,0.02254281090713688,,,11.77335717887238,3.095966997980608
12.56817413257615,2.821668746022801,13.94299264709078,0.2481590603626563,17.97078126383285,0.02238083718909897,,,11.78409794851703,3.112204441333094
12.5789149022208,2.835734291835228,13.95373341673542,0.2541153504628988,17.9815220334775,0.02219839765098463,,,11.79483871816168,3.131317602081745
12.58965567186544,2.851618998756253,13.96447418638007,0.2600469858335516,17.99226280312214,0.02199519207049971,,,11.80557948780632,3.153180236211248
12.60039644151009,2.870493976660509,13.97521495602472,0.2659079483591954,18.00300357276679,0.02177122543464321,,,11.81632025745097,3.177683959388393
12.61113721115474,2.891536226446162,13.98595572566936,0.2716517799888304,18.01374434241143,0.02152672589792184,,,11.82706102709561,3.204615792257884
12.62187798079938,2.913653474453663,13.99669649531401,0.2772310269847232,18.02448511205608,0.02127736355060019,,,11.83780179674026,3.233749590312324
12.63261875044403,2.936897811045942,14.00743726495865,0.2826095777702192,18.03522588170072,0.02102379104661919,,,11.8485425663849,3.265306271542457
12.64335952008867,2.961320530015097,14.0181780346033,0.2878557975923481,18.04596665134537,0.02075195167720435,,,11.85928333602955,3.298992265098763
12.65410028973332,2.986973948334321,14.02891880424794,0.2929315566912799,18.05670742099002,0.02046309805963397,,,11.87002410567419,3.334003827288865
12.66484105937796,3.013923861910031,14.03965957389259,0.2976889532423997,18.06744819063466,0.0201586099157086,,,11.88076487531884,3.369979677281035
12.67558182902261,3.042188711415581,14.05040034353724,0.3020961718771735,18.07818896027931,0.01984006879104488,,,11.89150564496349,3.408156697824138
12.68632259866725,3.071817603993723,14.06114111318188,0.3061256718344287,18.08892972992395,0.01950916937091462,,,11.90224641460813,3.448172928126172
12.6970633683119,3.102836064262523,14.07188188282653,0.3097533741076093,18.0996704995686,0.01916789481713873,,,11.91298718425278,3.488068447486905
12.70780413795655,3.13525508640834,14.08262265247117,0.3129637142150887,18.11041126921324,0.018818198972929,,,11.92372795389742,3.527419171775523
12.71854490760119,3.169068265606836,14.09336342211582,0.315755253050675,18.12115203885789,0.01846228614787619,,,11.93446872354207,3.565798605737047
12.72928567724584,3.204249187553895,14.10410419176046,0.3180984701372386,18.13189280850253,0.01810238819915191,,,11.94520949318671,3.602831768391573
12.74002644689048,3.240749147344848,14.11484496140511,0.3200014612509228,18.14263357814718,0.017740781666239,,,11.95595026283136,3.638128401091474
12.75076721653513,3.278495264140006,14.12558573104975,0.3214731612346316,18.15337434779183,0.01737975953859826,,,11.966691032476,3.671400300865297
12.76150798617977,3.317389051781022,14.1363265006944,0.3225226089222955,18.16411511743647,0.01702141906574752,,,11.97743180212065,3.702303905968137
12.77224875582442,3.357298707678742,14.14706727033905,0.3232247731903388,18.17485588708112,0.01666835145641012,,,11.9881725717653,3.730544128552725
12.78298952546906,3.398087403660925,14.15780803998369,0.3235987563198405,18.18559665672576,0.01632239720029893,,,11.99891334140994,3.755875157909296
12.79373029511371,3.439567944481732,14.16854880962834,0.3238014380665406,18.19633742637041,0.01598614407883822,,,12.00965411105459,3.778061366034851
12.80447106475835,3.481535953101374,14.17928957927298,0.3238595350974378,18.20707819601505,0.01566108321838922,,,12.02039488069923,3.796986648331294
12.815211834403,3.523741454492342,14.19003034891763,0.3236033366297063,18.2178189656597,0.01534951523453569,,,12.03113565034388,3.812494359378221
12.82595260404764,3.565979650378979,14.20077111856227,0.3230665097991534,18.22855973530434,0.01505295064780416,,,12.04187641998852,3.824504278568227
12.83669337369229,3.607954238779691,14.21151188820692,0.3222869943200739,18.23930050494899,0.01477370285405642,,,12.05261718963317,3.832982649041893
12.84743414333694,3.650932666211251,14.22225265785156,0.3213063182813874,18.25004127459363,0.01451332459625802,,,12.06335795927781,3.837942503700497
12.85817491298158,3.694614111002547,14.23299342749621,0.3201801236734181,18.26078204423828,0.01427216938723898,,,12.07409872892246,3.83975674938893
12.86891568262623,3.737110322105782,14.24373419714085,0.3189555125624594,18.27152281388292,0.01405137755857433,,,12.0848394985671,3.838518368454563
12.87965645227087,3.778065828935044,14.2544749667855,0.3176690772976086,18.28226358352757,0.01385196710934651,,,12.09558026821175,3.835191509487216
12.89039722191552,3.817145869668885,14.26521573643014,0.31637118636697,18.29300435317221,0.01367462429891766,,,12.1063210378564,3.829951189398646
12.90113799156016,3.854150707649291,14.27595650607479,0.3151133582423972,18.30374512281686,0.01351991351382167,,,12.11706180750104,3.824062310696624
12.91187876120481,3.888763324785405,14.28669727571944,0.3139477090314848,18.31448589246151,0.01338960096465694,,,12.12780257714569,3.817623712169783
12.92261953084946,3.920577567183228,14.29743804536408,0.3129264352924174,18.32522666210615,0.01328388880482273,,,12.13854334679033,3.808823234526793
12.9333603004941,3.949279920962387,14.30817881500873,0.312120330068571,18.3359674317508,0.01320491882914974,,,12.14928411643498,3.797920363083444
12.94410107013875,3.974643296402345,14.31891958465337,0.3115808573251904,18.34670820139544,0.01315241331273144,,,12.16002488607962,3.785192432047059
12.95484183978339,3.996457919413601,14.32966035429802,0.31133672039314,18.35744897104009,0.01312262005095365,,,12.17076565572427,3.770953669260163
12.96558260942804,4.014553432538808,14.34040112394266,0.3114357785811627,18.36818974068473,0.01311501717142934,,,12.18150642536891,3.755535959216837
12.97632337907268,4.028802866036806,14.35114189358731,0.3119236199643489,18.37893051032938,0.01313098708056921,,,12.19224719501356,3.73924937842038
12.98706414871733,4.039125938163086,14.36188266323195,0.3128413774539996,18.38967127997402,0.01317010010492522,,,12.20298796465821,3.722440794888187
12.99780491836197,4.045488192819432,14.3726234328766,0.3142287303473171,18.40041204961867,0.01322890611593414,,,12.21372873430285,3.705446247707133
13.00854568800662,4.047920576661641,14.38336420252125,0.3161214473092895,18.41115281926331,0.01330628467634449,,,12.2244695039475,3.688597285883428
13.01928645765127,4.046502541300833,14.39410497216589,0.3185613752309417,18.42189358890796,0.01340097299769764,,,12.23521027359214,3.672210183664012
13.03002722729591,4.041335974174733,14.40484574181054,0.3215877190111217,18.43263435855261,0.01351161809422794,,,12.24595104323679,3.656588594939022
13.04076799694056,4.035670726478547,14.41558651145518,0.325219616395434,18.44337512819725,0.01363672851555533,,,12.25669181288143,3.642019441058274
13.0515087665852,4.029778427429555,14.42632728109983,0.3294699602123541,18.4541158978419,0.01377479141378916,,,12.26743258252608,3.628751632520692
13.06224953622985,4.020727663333239,14.43706805074447,0.3343498005595256,18.46485666748654,0.0139240466211418,,,12.27817335217072,3.617017421884515
13.07299030587449,4.008986860005,14.44780882038912,0.3398620100664849,18.47559743713119,0.01408278509331949,,,12.28891412181537,3.60701350818049
13.08373107551914,3.994850790968635,14.45854959003377,0.3460098915382949,18.48633820677583,0.01424918220218824,,,12.29965489146002,3.598926467541022
13.09447184516378,3.978435850695153,14.46929035967841,0.3527976071340827,18.49707897642048,0.01442135055814642,,,12.31039566110466,3.59288200885571
13.10521261480843,3.960714103480093,14.48003112932306,0.3602184731703884,18.50781974606513,0.01459737107255883,,,12.32113643074931,3.58894373592548
13.11595338445307,3.942057134059723,14.4907718989677,0.3682633093449449,18.51856051570977,0.01477523485738515,,,12.33187720039395,3.587161440418221
13.12669415409772,3.922229004565985,14.50151266861235,0.3769182799954906,18.52930128535442,0.01495283995551451,,,12.3426179700386,3.587546018812565
13.13743492374237,3.901619481774432,14.51225343825699,0.3862224172563346,18.54004205499906,0.01512847152949635,,,12.35335873968324,3.590075297182067
13.14817569338701,3.880619398715213,14.52299420790164,0.3961536873924539,18.55078282464371,0.01529995243341498,,,12.36409950932789,3.594686400778134
13.15891646303166,3.85961324915306,14.53373497754628,0.4067011543367472,18.56152359428835,0.01546531458748731,,,12.37484027897253,3.60128646467714
13.1696572326763,3.838971851197381,14.54447574719093,0.4178320090128483,18.572264363933,0.01562262088992976,,,12.38558104861718,3.610903716148785
13.18039800232095,3.819206286546875,14.55521651683557,0.4294330330781476,18.58300513357764,0.01577578497443119,,,12.39632181826182,3.623569628859297
13.19113877196559,3.800637593399353,14.56595728648022,0.4414836393502563,18.59374590322229,0.01592297179086002,,,12.40706258790647,3.637943427826458
13.20187954161024,3.783390853416317,14.57669805612487,0.4539395430359845,18.60448667286694,0.0160577024503296,,,12.41780335755112,3.653595462115214
13.21262031125488,3.767711680753045,14.58743882576951,0.4667338627259058,18.61522744251158,0.01617829803410813,,,12.42854412719576,3.670342452193666
13.22336108089953,3.753814487276976,14.59817959541416,0.479816177931735,18.62596821215623,0.01628214610076196,,,12.43928489684041,3.687905185063975
13.23410185054418,3.741831677099166,14.6089203650588,0.4931337563022888,18.63670898180087,0.01636786838658441,,,12.45002566648505,3.706094334446738
13.24484262018882,3.731875425693643,14.61966113470345,0.5066323289743672,18.64744975144552,0.01643426545632582,,,12.4607664361297,3.724650781967336
13.25558338983347,3.723994147078373,14.63040190434809,0.520256042259987,18.65819052109016,0.01648031343988296,,,12.47150720577434,3.743333886404236
13.26632415947811,3.718182824907881,14.64114267399274,0.5339478113702856,18.66893129073481,0.01650525523624057,,,12.48224797541899,3.762317903975388
13.27706492912276,3.714382220125955,14.65188344363738,0.5476496719455977,18.67967206037945,0.01650850361868067,,,12.49298874506363,3.781385821042318
13.2878056987674,3.712480433188306,14.66262421328203,0.5613035903500103,18.6904128300241,0.01648971788761605,,,12.50372951470828,3.800046946282161
13.29854646841205,3.712315343461213,14.67336498292667,0.5748508688614602,18.70115359966875,0.01644877331359728,,,12.51447028435293,3.818090541946778
13.30928723805669,3.713661701840751,14.68410575257132,0.5882324721280036,18.71189436931339,0.01638802552116913,,,12.52521105399757,3.835427822589723
13.32002800770134,3.716302889861197,14.69484652221597,0.601390272520594,18.72263513895804,0.01630770135095794,,,12.53595182364222,3.851968344574227
13.33076877734599,3.719934566034796,14.70558729186061,0.6142668833406464,18.73337590860268,0.01620635770283459,,,12.54669259328686,3.86764874148145
13.34150954699063,3.72423533700288,14.71632806150526,0.6268058871290556,18.74411667824733,0.01609524020814258,,,12.55743336293151,3.882488928424169
13.35225031663528,3.728862272110292,14.7270688311499,0.6389523183914267,18.75485744789197,0.01597527421834414,,,12.56817413257615,3.896441204274188
13.36299108627992,3.733455428761755,14.73780960079455,0.6506525580942785,18.76559821753662,0.0158392910271564,,,12.5789149022208,3.909591010714573
13.37373185592457,3.737645356272621,14.74855037043919,0.6618548086186523,18.77633898718126,0.01568850473249899,,,12.58965567186544,3.923946436203337
13.38447262556921,3.74106252343596,14.75929114008384,0.6729417633928333,18.78707975682591,0.01552196560929046,,,12.60039644151009,3.940729389297305
13.39521339521386,3.743338360115758,14.77003190972848,0.6838700981948542,18.79782052647056,0.01534120256570336,,,12.61113721115474,3.958091324112947
13.4059541648585,3.744119180587627,14.78077267937313,0.6941545930419482,18.8085612961152,0.01514805587960159,,,12.62187798079938,3.974983769642818
13.41669493450315,3.743079374663207,14.79151344901778,0.7037367508962868,18.81930206575985,0.01494438424391579,,,12.63261875044403,3.99153938760437
13.4274357041478,3.741560546405195,14.80225421866242,0.712569293128268,18.83004283540449,0.01473179828340015,,,12.64335952008867,4.007901246044283
13.43817647379244,3.739276527654113,14.81299498830707,0.7206916358631204,18.84078360504914,0.01451222887114872,,,12.65410028973332,4.024225017009376
13.44891724343709,3.734315188426246,14.82373575795171,0.7280623196521234,18.85152437469378,0.0142876442526953,,,12.66484105937796,4.040690664607348
13.45965801308173,3.726457622665573,14.83447652759636,0.7345592400699852,18.86226514433843,0.01406002334884336,,,12.67558182902261,4.057436171330617
13.47039878272638,3.715548414661263,14.845217297241,0.7401481631124878,18.87300591398308,0.01383122187341631,,,12.68632259866725,4.074638622820625
13.48113955237102,3.703405192392859,14.85595806688565,0.7448583632227079,18.88374668362772,0.01360339961896263,,,12.6970633683119,4.092454760785247
13.49188032201567,3.689932620848792,14.8666988365303,0.7486617909901774,18.89448745327237,0.01337827527900327,,,12.70780413795655,4.111028726057729
13.50262109166031,3.673151829330361,14.87743960617494,0.7514772811660019,18.90522822291701,0.01315761480151624,,,12.71854490760119,4.13048714412604
13.51336186130496,3.653013864904657,14.88818037581959,0.7532856181388637,18.91596899256166,0.0129430725303506,,,12.72928567724584,4.150934520034181
13.5241026309496,3.629599496275671,14.89892114546423,0.7540733235399044,18.9267097622063,0.01273617189419131,,,12.74002644689048,4.17244905055152
13.53484340059425,3.603320133467028,14.90966191510888,0.7538337335175735,18.93745053185095,0.01253828852772285,,,12.75076721653513,4.19507895433688
13.54558417023889,3.574297162811609,14.92040268475352,0.7525672788371949,18.94819130149559,0.01235039477908169,,,12.76150798617977,4.218839411456575
13.55632493988354,3.54242666739437,14.93114345439817,0.7502769857237579,18.95893207114024,0.01217406664163981,,,12.77224875582442,4.243702408074908
13.56706570952819,3.507930300347961,14.94188422404281,0.7469604711764746,18.96967284078488,0.01200985651492838,,,12.78298952546906,4.269627976437945
13.57780647917283,3.471061869039764,14.95262499368746,0.7426335821645049,18.98041361042953,0.01185843755592886,,,12.79373029511371,4.296511160883286
13.58854724881748,3.432849127621759,14.9633657633321,0.7373109611100034,18.99115438007417,0.01172029131711045,,,12.80447106475835,4.324219152733748
13.59928801846212,3.393585646940428,14.97410653297675,0.7310146247604602,19.00189514971882,0.01159571299915098,,,12.815211834403,4.352557003815138
13.61002878810677,3.3528256196015,14.98484730262139,0.7237715348388541,19.01263591936346,0.01148480686173204,,,12.82595260404764,4.381375156097596
13.62076955775141,3.310878102574605,14.99558807226604,0.7156134223110543,19.02337668900811,0.01139033504971315,,,12.83669337369229,4.410405784901677
13.63151032739606,3.268053608504107,15.00632884191069,0.7065765753312836,19.03411745865276,0.01131202443235788,,,12.84743414333694,4.440948229741648
13.64225109704071,3.224658829910548,15.01706961155533,0.6973109933776078,19.0448582282974,0.01124657715420936,,,12.85817491298158,4.472784263620753
13.65299186668535,3.180988307877742,15.02781038119998,0.6878559783620547,19.05559899794205,0.01119342495255854,,,12.86891568262623,4.50401078201665
13.66373263633,3.137322992923126,15.03855115084462,0.6776398717555909,19.06633976758669,0.01115175011430472,,,12.87965645227087,4.534182905430597
13.67447340597464,3.09392323188688,15.04929192048927,0.6667037485682796,19.07708053723134,0.01112072019244161,,,12.89039722191552,4.562940927428512
13.68521417561929,3.051025330076017,15.06003269013391,0.6550921730880702,19.08782130687598,0.01109944447968707,,,12.90113799156016,4.590190176544546
13.69595494526393,3.008838268818091,15.07077345977856,0.6428513229402899,19.09856207652063,0.01108673331053395,,,12.91187876120481,4.615571451572021
13.70669571490858,2.967541190743721,15.0815142294232,0.6300332105684672,19.10930284616527,0.01108152412508701,,,12.92261953084946,4.638490584349515
13.71743648455322,2.92728168444689,15.09225499906785,0.6166849761677358,19.12004361580992,0.01108264155842467,,,12.9333603004941,4.658580024253745
13.72817725419787,2.888174880348456,15.1029957687125,0.602867551736073,19.13078438545456,0.01108887532224698,,,12.94410107013875,4.675555675089251
13.73891802384252,2.850303463106642,15.11373653835714,0.5886301428491608,19.14152515509921,0.01109899661414357,,,12.95484183978339,4.689149061872607
13.74965879348716,2.813717927086325,15.12447730800179,0.5740286283446302,19.15226592474386,0.01111177376573686,,,12.96558260942804,4.699130892148393
13.76039956313181,2.778438578577526,15.13521807764643,0.5591185111109676,19.1630066943885,0.01112597542033955,,,12.97632337907268,4.705316384131954
13.77114033277645,2.744432054214519,15.14595884729108,0.5439793367614414,19.17374746403315,0.01114601587056568,,,12.98706414871733,4.707569838420221
13.7818811024211,2.711720215322073,15.15669961693572,0.5286658355615382,19.18448823367779,0.0111706757170436,,,12.99780491836197,4.706061028043109
13.79262187206574,2.68033311041289,15.16744038658037,0.5132080598156785,19.19522900332244,0.01119316857555467,,,13.00854568800662,4.700771424942301
13.80336264171039,2.65019441116883,15.17818115622501,0.4976555505268528,19.20596977296708,0.01121235186300632,,,13.01928645765127,4.691472993633328
13.81410341135503,2.621094098557201,15.18892192586966,0.4820586893572866,19.21671054261173,0.01122715341153214,,,13.03002722729591,4.678240027813781
13.82484418099968,2.592927157328905,15.19966269551431,0.4664651047759601,19.22745131225637,0.01123661127232156,,,13.04076799694056,4.664320322802598
13.83558495064432,2.565589364472818,15.21040346515895,0.4509200042708803,19.23819208190102,0.01123974092895963,,,13.0515087665852,4.649960432857626
13.84632572028897,2.540052701987755,15.2211442348036,0.4354659060549983,19.24893285154567,0.01123579990090575,,,13.06224953622985,4.632172081443329
13.85706648993362,2.516192788879052,15.23188500444824,0.4201422231462647,19.25967362119031,0.01122686120629382,,,13.07299030587449,4.611601140098061
13.86780725957826,2.492805378654938,15.24262577409289,0.4050246413786798,19.27041439083496,0.01121240049612025,,,13.08373107551914,4.588538197301682
13.87854802922291,2.469777711210772,15.25336654373753,0.3901461942921598,19.2811551604796,0.01118889659406408,,,13.09447184516378,4.562916230279305
13.88928879886755,2.447013044040536,15.26410731338218,0.3754987220411086,19.29189593012425,0.01115587878853161,,,13.10521261480843,4.535714446274974
13.9000295685122,2.424423852864986,15.27484808302682,0.361140790278721,19.30263669976889,0.01111294151886329,,,13.11595338445307,4.507322565274024
13.91077033815684,2.401948222064181,15.28558885267147,0.3470963326955889,19.31337746941354,0.01105989734005498,,,13.12669415409772,4.477525473641359
13.92151110780149,2.379549310080928,15.29632962231612,0.3333547806895771,19.32411823905819,0.01099653128556755,,,13.13743492374237,4.44674139571961
13.93225187744613,2.357199248105064,15.30707039196076,0.3199344385143137,19.33485900870283,0.0109227720811876,,,13.14817569338701,4.415470146597755
13.94299264709078,2.33622707101617,15.31781116160541,0.3068510481854595,19.34559977834748,0.01083864270695869,,,13.15891646303166,4.384141201586733
13.95373341673542,2.316649442032005,15.32855193125005,0.294118454054104,19.35634054799212,0.0107447676174733,,,13.1696572326763,4.353089485335128
13.96447418638007,2.297112510119703,15.3392927008947,0.2817766331721357,19.36708131763677,0.01064134305363294,,,13.18039800232095,4.322928277556436
13.97521495602472,2.277774537513169,15.35003347053934,0.2699402934841867,19.37782208728141,0.01053071819320632,,,13.19113877196559,4.294021227486187
13.98595572566936,2.258638800651492,15.36077424018399,0.2585888649355123,19.38856285692606,0.0104132230691287,,,13.20187954161024,4.266467809307637
13.99669649531401,2.239794038824355,15.37151500982863,0.2476217219587653,19.3993036265707,0.01028665333584163,,,13.21262031125488,4.240554973284445
14.00743726495865,2.221338662673109,15.38225577947328,0.237042683593894,19.41004439621535,0.01015145900847196,,,13.22336108089953,4.216539466112401
14.0181780346033,2.203393540554768,15.39299654911792,0.2268547613220599,19.42078516586,0.0100081542968615,,,13.23410185054418,4.194591151057152
14.02891880424794,2.186073161959133,15.40373731876257,0.2170603180236341,19.43152593550464,0.00985823439716626,,,13.24484262018882,4.174863159081822
14.03965957389259,2.169524891910623,15.41447808840722,0.2076612160247336,19.44226670514929,0.009702319054080508,,,13.25558338983347,4.157429649865907
14.05040034353724,2.153869279897182,15.42521885805186,0.1986620042971012,19.45300747479393,0.009543351847668075,,,13.26632415947811,4.142317820547198
14.06114111318188,2.139238358982734,15.43595962769651,0.1900581489656012,19.46374824443858,0.009382009911751617,,,13.27706492912276,4.129526759273179
14.07188188282653,2.1257589929995,15.44670039734115,0.1818549127701903,19.47448901408322,0.009215777345609638,,,13.2878056987674,4.118964131472387
14.08262265247117,2.113549072562626,15.4574411669858,0.1740503056765815,19.48522978372787,0.009045623136548601,,,13.29854646841205,4.110448380933002
14.09336342211582,2.102714959680571,15.46818193663044,0.166647905772819,19.49597055337251,0.008872297711087884,,,13.30928723805669,4.103762616214071
14.10410419176046,2.093341274742754,15.47892270627509,0.1596467090611437,19.50671132301716,0.00869630084433551,,,13.32002800770134,4.098697376030114
14.11484496140511,2.085504594990969,15.48966347591973,0.1530463405103754,19.51745209266181,0.008518518491611785,,,13.33076877734599,4.094948097394656
14.12558573104975,2.079267313055961,15.50040424556438,0.1468474180148167,19.52819286230645,0.008339880428244562,,,13.34150954699063,4.092184633252844
14.1363265006944,2.074652748032504,15.51114501520903,0.1410593900928434,19.5389336319511,0.008161241625130782,,,13.35225031663528,4.090053825106513
14.14706727033905,2.072230678991009,15.52188578485367,0.1356828631120842,19.54967440159574,0.00798319191013069,,,13.36299108627992,4.08818138563323
14.15780803998369,2.071965181765199,15.53262655449832,0.1307018765803908,19.56041517124039,0.007806547120212983,,,13.37373185592457,4.086179875573475
14.16854880962834,2.073211244096621,15.54336732414296,0.1261150447527798,19.57115594088503,0.007632114998434569,,,13.38447262556921,4.08365935089944
14.17928957927298,2.075870811398742,15.55410809378761,0.1219185772690092,19.58189671052968,0.007460689230313782,,,13.39521339521386,4.080226477076538
14.19003034891763,2.07980253368721,15.56484886343225,0.1181076707784286,19.59263748017432,0.007293043366884177,,,13.4059541648585,4.075499829805844
14.20077111856227,2.084853350431169,15.5755896330769,0.1146764162606265,19.60337824981897,0.007129924670584698,,,13.41669493450315,4.069133416216138
14.21151188820692,2.090844967988617,15.58633040272154,0.1116177141613016,19.61411901946362,0.006972523565827233,,,13.4274357041478,4.062456768272645
14.22225265785156,2.097577865104749,15.59707117236619,0.1089234921907044,19.62485978910826,0.006821512084119402,,,13.43817647379244,4.055156613090486
14.23299342749621,2.104836713016787,15.60781194201084,0.1065837054359613,19.63560055875291,0.006678684386316355,,,13.44891724343709,4.04527565613873
14.24373419714085,2.112384028459248,15.61855271165548,0.1045876416343223,19.64634132839755,0.006544677135052397,,,13.45965801308173,4.032570288622438
14.2544749667855,2.119957764608582,15.62929348130013,0.102923114065934,19.6570820980422,0.006418251377263896,,,13.47039878272638,4.016862590269484
14.26521573643014,2.127295600000022,15.64003425094477,0.1015766881279063,19.66782286768684,0.006299663767857285,,,13.48113955237102,4.000082452241912
14.27595650607479,2.134129633750274,15.65077502058942,0.1005337416364654,19.67856363733149,0.00618965474067277,,,13.49188032201567,3.982115548348265
14.28669727571944,2.140190712696997,15.66151579023406,0.09977854953677497,19.68930440697613,0.006088262513835493,,,13.50262109166031,3.960835700101891
14.29743804536408,2.145212854697035,15.67225655987871,0.09929439176868375,19.70004517662078,0.005995901655466355,,,13.51336186130496,3.936164779064882
14.30817881500873,2.149023173230497,15.68299732952335,0.0990566773877035,19.71078594626542,0.005912477174143625,,,13.5241026309496,3.908214738127753
14.31891958465337,2.15138237257928,15.693738099168,0.09906252834949358,19.72152671591007,0.005838142084540414,,,13.53484340059425,3.87749206890224
14.32966035429802,2.151959684418899,15.70447886881264,0.09928661444737127,19.73226748555471,0.00577390997366146,,,13.54558417023889,3.844118854268098
14.34040112394266,2.150549767523767,15.71521963845729,0.09970958747941362,19.74300825519936,0.005719684073665143,,,13.55632493988354,3.807876464502287
14.35114189358731,2.146939525611242,15.72596040810194,0.1003099363789163,19.75374902484401,0.005674235112287727,,,13.56706570952819,3.76899583343625
14.36188266323195,2.141025421792605,15.73670117774658,0.1010669104887159,19.76448979448865,0.005637289178911767,,,13.57780647917283,3.727744558110025
14.3726234328766,2.132643823174919,15.74744194739123,0.1019643621340655,19.7752305641333,0.005608494725710101,,,13.58854724881748,3.685216079772691
14.38336420252125,2.121696317820325,15.75818271703587,0.1029829856501989,19.78597133377794,0.005587425734632977,,,13.59928801846212,3.641723449503138
14.39410497216589,2.108917289201413,15.76892348668052,0.1041024177743325,19.79671210342259,0.005573585874468479,,,13.61002878810677,3.59680215612353
14.40484574181054,2.09482695175213,15.77966425632516,0.1053053257949345,19.80745287306723,0.00556641364347535,,,13.62076955775141,3.550786727462972
14.41558651145518,2.078721542951194,15.79040502596981,0.1065800227465496,19.81819364271188,0.005565288475264973,,,13.63151032739606,3.504019948911879
14.42632728109983,2.060948874134346,15.80114579561445,0.1079055610335689,19.82893441235652,0.005569537766819174,,,13.64225109704071,3.456842419313589
14.43706805074447,2.041542758484456,15.8118865652591,0.1092716378849237,19.83967518200117,0.00557844476819214,,,13.65299186668535,3.409582533693364
14.44780882038912,2.019586567639267,15.82262733490375,0.1106629441350999,19.85041595164581,0.005591257253998387,,,13.66373263633,3.36255780442887
14.45854959003377,1.995178252587677,15.83336810454839,0.1121609549255131,19.86115672129046,0.005607196877765602,,,13.67447340597464,3.316065091568113
14.46929035967841,1.968461682870944,15.84410887419304,0.113755457857467,19.87189749093511,0.005625469092154792,,,13.68521417561929,3.27037710671672
14.48003112932306,1.939592856595691,15.85484964383768,0.1153463953141444,19.88263826057975,0.005645273501259553,,,13.69595494526393,3.225738475837984
14.4907718989677,1.908759190363685,15.86559041348233,0.1169262479352349,19.8933790302244,0.005665814496808316,,,13.70669571490858,3.182362630641077
14.50151266861235,1.876170190353543,15.87633118312697,0.1184914758272505,19.90411979986904,0.005686312017752093,,,13.71743648455322,3.140429511945744
14.51225343825699,1.842051699593538,15.88707195277162,0.1200363761644297,19.91486056951369,0.005706012263302992,,,13.72817725419787,3.100084114739965
14.52299420790164,1.80667286038765,15.89781272241626,0.1215584811384013,19.92560133915833,0.005724198183758042,,,13.73891802384252,3.061436123045969
14.53373497754628,1.770260778257909,15.90855349206091,0.1230586613432943,19.93634210880298,0.005740199570949334,,,13.74965879348716,3.024559195623638
14.54447574719093,1.733074174871039,15.91929426170556,0.1245386839594306,19.94708287844762,0.005753356613988798,,,13.76039956313181,2.989493259769666
14.55521651683557,1.695373644416708,15.9300350313502,0.1260019869398467,19.95782364809227,0.005763222641352094,,,13.77114033277645,2.956220044940439
14.56595728648022,1.657452166141034,15.94077580099485,0.1274437002132762,19.96856441773692,0.005769263628558716,,,13.7818811024211,2.924771343236154
14.57669805612487,1.619561558327787,15.95151657063949,0.1288921735902624,19.97930518738156,0.005773101301798083,,,13.79262187206574,2.895188948988281
14.58743882576951,1.581908757539756,15.96225734028414,0.1303434695748827,19.99004595702621,0.005774407969262451,,,13.80336264171039,2.867395987867797
14.59817959541416,1.544721989712666,15.97299810992878,0.1318064937313586,20.00078672667085,0.005770911084014055,,,13.81410341135503,2.841174984645833
14.6089203650588,1.508213095168842,15.98373887957343,0.1332901825745957,20.0115274963155,0.0057662105791921,,,13.82484418099968,2.816409484685178
14.61966113470345,1.472574912209427,15.99447964921807,0.1348050445562822,20.02226826596014,0.005760207137934119,,,13.83558495064432,2.792994958328847
14.63040190434809,1.437979126579956,16.00522041886272,0.1363620998288907,20.03300903560479,0.005749103068036302,,,13.84632572028897,2.771868738878364
14.64114267399274,1.404574614136308,16.01596118850737,0.1379825802516439,20.04374980524943,0.005732958475263473,,,13.85706648993362,2.752889003127958
14.65188344363738,1.372486295385589,16.02670195815201,0.1397160523509012,20.05449057489408,0.005711927544344951,,,13.86780725957826,2.734820600032678
14.66262421328203,1.341819962534295,16.03744272779666,0.1415633117391679,20.06523134453873,0.005686255217448186,,,13.87854802922291,2.717517915135711
14.67336498292667,1.312651209634925,16.0481834974413,0.1434961277588527,20.07597211418337,0.005656272383909486,,,13.88928879886755,2.700849481382186
14.68410575257132,1.28502581531833,16.05892426708595,0.1455240026314034,20.08671288382802,0.005622389659766476,,,13.9000295685122,2.684683667247464
14.69484652221597,1.25897155085585,16.06966503673059,0.1476554140810374,20.09745365347266,0.005584999430831952,,,13.91077033815684,2.668916585738657
14.70558729186061,1.234494010469349,16.08040580637524,0.1498991027860655,20.10819442311731,0.005544848795928744,,,13.92151110780149,2.653460891812562
14.71632806150526,1.211576372492834,16.09114657601988,0.1522979192592829,20.11893519276195,0.005502423149802923,,,13.93225187744613,2.63825080148309
14.7270688311499,1.190189465616757,16.10188734566453,0.154857190261419,20.1296759624066,0.005458366537099392,,,13.94299264709078,2.624616100664692
14.73780960079455,1.170281234305574,16.11262811530917,0.1575440578138914,20.14041673205125,0.005413354709548132,,,13.95373341673542,2.612522622218938
14.74855037043919,1.151788333403449,16.12336888495382,0.1603609094290953,20.15115750169589,0.005369604633164531,,,13.96447418638007,2.600503769837996
14.75929114008384,1.134665158070213,16.13410965459846,0.1633093297226685,20.16189827134054,0.005327806897450212,,,13.97521495602472,2.588665940606737
14.77003190972848,1.118968187012797,16.14485042424311,0.1663888752322292,20.17263904098518,0.005287113825801933,,,13.98595572566936,2.576958886533107
14.78077267937313,1.104618410256512,16.15559119388776,0.1695971385720293,20.18337981062983,0.005248136873382484,,,13.99669649531401,2.565416799575952
14.79151344901778,1.091339890083928,16.1663319635324,0.17293058925555,20.19412058027447,0.005211610874160065,,,14.00743726495865,2.554094572125587
14.80225421866242,1.079038777548625,16.17707273317705,0.176385660623929,20.20486134991912,0.005178070520478521,,,14.0181780346033,2.54317376164457
14.81299498830707,1.067750044945332,16.18781350282169,0.179956132506522,20.21560211956376,0.005148062395753272,,,14.02891880424794,2.532722768713212
14.82373575795171,1.057384257993048,16.19855427246634,0.1836380877762932,20.22634288920841,0.005122076035584153,,,14.03965957389259,2.522732954386994
14.83447652759636,1.047729551507303,16.20929504211098,0.1874193587830783,20.23708365885306,0.005100535580632518,,,14.05040034353724,2.513284713689639
14.845217297241,1.039012241573734,16.22003581175563,0.1912935539097812,20.2478244284977,0.005083792490288035,,,14.06114111318188,2.504474110912413
14.85595806688565,1.031343483096412,16.23077658140027,0.1952517974665598,20.25856519814235,0.005072119413729159,,,14.07188188282653,2.496399851915422
14.8666988365303,1.024335841502532,16.24151735104492,0.1992848444286304,20.26930596778699,0.005065705293700319,,,14.08262265247117,2.489155840711206
14.87743960617494,1.017802605435861,16.25225812068957,0.2033832768621522,20.28004673743164,0.005064643486045503,,,14.09336342211582,2.482834235724756
14.88818037581959,1.011674187373398,16.26299889033421,0.207537246969205,20.29078750707628,0.005068964377133283,,,14.10410419176046,2.477480048721151
14.89892114546423,1.005919988821623,16.27373965997886,0.211736872094771,20.30152827672093,0.005078537057993215,,,14.11484496140511,2.473172230022513
14.90966191510888,1.000522203646004,16.2844804296235,0.2159765767042589,20.31226904636557,0.00509328583970167,,,14.12558573104975,2.469990752281323
14.92040268475352,0.9957724970853248,16.29522119926815,0.2202469320016805,20.32300981601022,0.005112900380407855,,,14.1363265006944,2.467960029716139
14.93114345439817,0.9916700633355876,16.30596196891279,0.2245407593568993,20.33375058565487,0.005137038153117921,,,14.14706727033905,2.467699546753184
14.94188422404281,0.9879148451733675,16.31670273855744,0.2288503847083691,20.34449135529951,0.005165274964173845,,,14.15780803998369,2.469185130206446
14.95262499368746,0.9845175090121224,16.32744350820208,0.2331711849454506,20.35523212494416,0.005197095232658579,,,14.16854880962834,2.471921307947806
14.9633657633321,0.9814937179877913,16.33818427784673,0.2374955789239378,20.3659728945888,0.00523196122034428,,,14.17928957927298,2.475830394028106
14.97410653297675,0.9788628262002346,16.34892504749138,0.2419549540882988,20.37671366423345,0.005269168119502428,,,14.19003034891763,2.480595488139357
14.98484730262139,0.9766459369744435,16.35966581713602,0.2465456045756558,20.38745443387809,0.005308142196519044,,,14.20077111856227,2.486091659475811
14.99558807226604,0.9748640311547011,16.37040658678067,0.2511393515867746,20.39819520352274,0.005348082135503823,,,14.21151188820692,2.492175089665919
15.00632884191069,0.9735361009778754,16.38114735642531,0.2557335517447927,20.40893597316738,0.00538821161373412,,,14.22225265785156,2.498683648886587
15.01706961155533,0.9727311577686387,16.39188812606996,0.2603117503306399,20.41967674281203,0.005427739393482394,,,14.23299342749621,2.5055003031855
15.02781038119998,0.9724584187617709,16.4026288957146,0.264877752673934,20.43041751245667,0.005469045358754882,,,14.24373419714085,2.512432241739617
15.03855115084462,0.9726657491218206,16.41336966535925,0.2694290908039862,20.44115828210132,0.005511276458699139,,,14.2544749667855,2.519206247459316
15.04929192048927,0.9733461098184568,16.42411043500389,0.2739576598896959,20.45189905174596,0.005550348900937021,,,14.26521573643014,2.525609154473332
15.06003269013391,0.974483810195264,16.43485120464854,0.2784607223886645,20.46263982139061,0.005585406400759655,,,14.27595650607479,2.531424233145632
15.07077345977856,0.9760421029486905,16.44559197429319,0.28302834918255,20.47338059103526,0.005615605736409413,,,14.28669727571944,2.536434970920471
15.0815142294232,0.9780043156719028,16.45633274393783,0.2876563146452081,20.4841213606799,0.005640143001597223,,,14.29743804536408,2.540428975137314
15.09225499906785,0.9803112832157457,16.46707351358248,0.2922465371881874,20.49486213032455,0.005658259197083692,,,14.30817881500873,2.543320089827708
15.1029957687125,0.9829042144963106,16.47781428322712,0.2967924747762383,20.50560289996919,0.005669249470732501,,,14.31891958465337,2.54492344752782
15.11373653835714,0.9857026411689777,16.48855505287177,0.3012863936555627,20.51634366961384,0.005672471621179298,,,14.32966035429802,2.544926943007659
15.12447730800179,0.9886285401528145,16.49929582251641,0.3057192544719407,20.52708443925848,0.005667353758988808,,,14.34040112394266,2.543177510930301
15.13521807764643,0.9915894207224654,16.51003659216106,0.3100805876288861,20.53782520890313,0.005653393327220621,,,14.35114189358731,2.53951248539996
15.14595884729108,0.9945739652641317,16.52077736180571,0.3143702227815477,20.54856597854777,0.005630195320110706,,,14.36188266323195,2.533875923171824
15.15669961693572,0.9974679923682654,16.53151813145035,0.318575166912856,20.55930674819242,0.005597397975978007,,,14.3726234328766,2.526149908072241
15.16744038658037,1.000078291799844,16.542258901095,0.3226682639903643,20.57004751783706,0.005554827939231734,,,14.38336420252125,2.516278750035468
15.17818115622501,1.002271415056452,16.55299967073964,0.3266331053493082,20.58078828748171,0.005502311621519316,,,14.39410497216589,2.505056694130585
15.18892192586966,1.003931124562791,16.56374044038429,0.3304495517728792,20.59152905712636,0.005439799874668907,,,14.40484574181054,2.493071319854828
15.19966269551431,1.004935031108184,16.57448121002893,0.33409966471003,20.602269826771,0.005367341840957107,,,14.41558651145518,2.479641347623808
15.21040346515895,1.005162611952566,16.58522197967358,0.337563262049042,20.61301059641565,0.005285078133135788,,,14.42632728109983,2.465113886545369
15.2211442348036,1.004497282419762,16.59596274931822,0.3408195029523377,20.62375136606029,0.005198584343519938,,,14.43706805074447,2.44953627036936
15.23188500444824,1.002827055238059,16.60670351896287,0.3438472138812944,20.63449213570494,0.00510813203134344,,,14.44780882038912,2.432002780751213
15.24262577409289,1.000431572510345,16.61744428860752,0.3466252536985724,20.64523290534958,0.00500868477759727,,,14.45854959003377,2.412622390611038
15.25336654373753,0.9972129775090879,16.62818505825216,0.3491328759573306,20.65597367499423,0.00490061267708175,,,14.46929035967841,2.39155136724235
15.26410731338218,0.9927042781491932,16.63892582789681,0.3513502925538247,20.66671444463887,0.004784412988163422,,,14.48003112932306,2.368946435103729
15.27484808302682,0.9868940651385603,16.64966659754145,0.3532588759138323,20.67745521428352,0.004660592095025617,,,14.4907718989677,2.344993239906783
15.28558885267147,0.9797218579445949,16.6604073671861,0.3548417564092732,20.68819598392817,0.00452973832939153,,,14.50151266861235,2.319894549748288
15.29632962231612,0.9710792917149765,16.67114813683074,0.3560863053126669,20.69893675357281,0.004392493222568947,,,14.51225343825699,2.293926142392336
15.30707039196076,0.9609379106877481,16.68188890647539,0.3570420883383678,20.70967752321746,0.004249543601892355,,,14.52299420790164,2.267341740784446
15.31781116160541,0.9492737310609271,16.69262967612003,0.3577004426055096,20.7204182928621,0.004101613287737963,,,14.53373497754628,2.240359988345184
15.32855193125005,0.9361127061959916,16.70337044576468,0.357986857411107,20.73115906250675,0.003949454518443484,,,14.54447574719093,2.213211965371106
15.3392927008947,0.9222506995428413,16.71411121540932,0.358024794561586,20.74189983215139,0.003793839233335373,,,14.55521651683557,2.186048307340213
15.35003347053934,0.9077086786625889,16.72485198505397,0.3578134997720857,20.75264060179604,0.0036355503444119,,,14.56595728648022,2.159155866696147
15.36077424018399,0.8918012955956638,16.73559275469862,0.3573090218870817,20.76338137144068,0.003475373125288088,,,14.57669805612487,2.132745429004906
15.37151500982863,0.874558958176744,16.74633352434326,0.3565169962797823,20.77412214108533,0.003314086841432346,,,14.58743882576951,2.106949086003708
15.38225577947328,0.8560608609599717,16.75707429398791,0.3553668347240933,20.78486291072998,0.003152456738802803,,,14.59817959541416,2.081946507662392
15.39299654911792,0.8364011158911033,16.76781506363255,0.3538751700727105,20.79560368037462,0.002991226499074894,,,14.6089203650588,2.057898040871116
15.40373731876257,0.8156875460964989,16.7785558332772,0.3520575895974155,20.80634445001927,0.002831111258588883,,,14.61966113470345,2.034942864462738
15.41447808840722,0.7940403011976777,16.78929660292184,0.3499355000683949,20.81708521966391,0.002672791275461692,,,14.63040190434809,2.013196816898089
15.42521885805186,0.7716020289805519,16.80003737256649,0.34763032854405,20.82782598930856,0.002516906315269302,,,14.64114267399274,1.992751122625498
15.43595962769651,0.7484924716777851,16.81077814221113,0.3452318164063995,20.8385667589532,0.002364050810609654,,,14.65188344363738,1.973671635328895
15.44670039734115,0.7248691047209382,16.82151891185578,0.3426728878880645,20.84930752859785,0.002214769834144269,,,14.66262421328203,1.956010565952849
15.4574411669858,0.7008844947647284,16.83225968150042,0.3399222831335458,20.8600482982425,0.002069555908724189,,,14.67336498292667,1.939782721617874
15.46818193663044,0.6766960534876196,16.84300045114507,0.3370137298230941,20.87078906788714,0.001928846662334094,,,14.68410575257132,1.924966270267679
15.47892270627509,0.6524760660318084,16.85374122078971,0.3339821656929401,20.88152983753179,0.001793023320199046,,,14.69484652221597,1.911528000524251
15.48966347591973,0.6283610026343706,16.86448199043436,0.3308635837825916,20.89227060717643,0.001662410011834236,,,14.70558729186061,1.899413001860528
15.50040424556438,0.6045206571420273,16.87522276007901,0.3276954282814754,20.90301137682108,0.001537241186012394,,,14.71632806150526,1.888544717569956
15.51114501520903,0.5811097561104673,16.88596352972365,0.3245124874398158,20.91375214646572,0.001417800327734859,,,14.7270688311499,1.878835570040156
15.52188578485367,0.5582793773956446,16.8967042993683,0.3213513742288312,20.92449291611037,0.001304202245344989,,,14.73780960079455,1.87017637254293
15.53262655449832,0.5361745909515946,16.90744506901294,0.3182467663288558,20.93523368575501,0.00119648995170569,,,14.74855037043919,1.862448475353742
15.54336732414296,0.5149336955383581,16.91818583865759,0.3152317067151311,20.94597445539966,0.001094852663734228,,,14.75929114008384,1.855985616362653
15.55410809378761,0.4946868686919269,16.92892660830223,0.3123371166958626,20.95671522504431,0.0009992201140313476,,,14.77003190972848,1.85080387152905
15.56484886343225,0.4755553072439769,16.93966737794688,0.3095912139462613,20.96745599468895,0.0009095563993275375,,,14.78077267937313,1.846335735406229
15.5755896330769,0.4576504609942508,16.95040814759152,0.3070192062321545,20.9781967643336,0.0008257857986477037,,,14.79151344901778,1.842237534457458
15.58633040272154,0.4410733292128012,16.96114891723617,0.304644657080676,20.98893753397824,0.000747796762795539,,,14.80225421866242,1.838365422806268
15.59707117236619,0.4259214331135519,16.97188968688082,0.3024853669906543,20.99967830362289,0.000675446030189678,,,14.81299498830707,1.834810006801886
15.60781194201084,0.4122615702817848,16.98263045652546,0.3005566456132307,21.01041907326753,0.0006085627953588884,,,14.82373575795171,1.831438200199749
15.61855271165548,0.4001670992934946,16.99337122617011,0.2988699883823645,21.02115984291218,0.0005469528602946209,,,14.83447652759636,1.827895459912536
15.62929348130013,0.3896944345684973,17.00411199581475,0.2974331620360177,21.03190061255682,0.0004904027056860143,,,14.845217297241,1.824372318824896
15.64003425094477,0.3808885997071578,17.0148527654594,0.2962496463097709,21.04264138220147,0.0004386834257382905,,,14.85595806688565,1.82102094783426
15.65077502058942,0.3737833519908574,17.02559353510404,0.2953213911149189,21.05338215184612,0.0003915544778278093,,,14.8666988365303,1.81742485341084
15.66151579023406,0.3684013892443811,17.03633430474869,0.2946444941962236,21.06412292149076,0.00034876720612252,,,14.87743960617494,1.813303313380285
15.67225655987871,0.3647546269436822,17.04707507439333,0.2942129730478174,21.07486369113541,0.0003100434688899389,,,14.88818037581959,1.808567216807787
15.68299732952335,0.3628440672359604,17.05781584403798,0.2940182748952108,21.08560446078005,0.0002751826088463083,,,14.89892114546423,1.803172874409672
15.693738099168,0.3626596103943473,17.06855661368263,0.2940488049457916,21.0963452304247,0.0002438988315718244,,,14.90966191510888,1.797096627299653
15.70447886881264,0.3642432058945405,17.07929738332727,0.2942902013300854,21.10708600006934,0.0002159409956746851,,,14.92040268475352,1.790631677609092
15.71521963845729,0.3675637470872728,17.09003815297192,0.2947399046050562,21.11782676971399,0.0001910631507240905,,,14.93114345439817,1.783781751866822
15.72596040810194,0.3725290912853597,17.10077892261656,0.2953808916212478,21.12856753935863,0.000169026290172991,,,14.94188422404281,1.77624618590748
15.73670117774658,0.379091975574593,17.11151969226121,0.2961813652224135,21.13930830900328,0.0001495998004729033,,,14.95262499368746,1.768053514147695
15.74744194739123,0.3872041622837167,17.12226046190585,0.2972796030374995,21.15004907864792,0.0001325626199131972,,,14.9633657633321,1.759236255708908
15.75818271703587,0.3968057419543031,17.1330012315505,0.2986549945320423,21.16078984829257,0.0001177041244233848,,,14.97410653297675,1.749838133934235
15.76892348668052,0.4078209409045271,17.14374200119514,0.3001258533322627,21.17153061793721,0.0001048247606741771,,,14.98484730262139,1.739909648080056
15.77966425632516,0.42018752136617,17.15448277083979,0.3016694906773277,21.18227138758186,9.373644910756613e-05,,,14.99558807226604,1.729505894870065
15.79040502596981,0.4338296031154555,17.16522354048444,0.3032640540501154,23.50227763082529,0,,,15.00632884191069,1.71868473835703
15.80114579561445,0.4486590843050858,17.17596431012908,0.3048884544816934,,,,,15.01706961155533,1.708183206134636
15.8118865652591,0.4645937569550509,17.18670507977373,0.3065226759610409,,,,,15.02781038119998,1.698051861648967
15.82262733490375,0.4815395940521268,17.19744584941837,0.3081479577841097,,,,,15.03855115084462,1.687652839172246
15.83336810454839,0.4994872198499207,17.20818661906302,0.3097469301975103,,,,,15.04929192048927,1.67702134382419
15.84410887419304,0.5183374256693752,17.21892738870766,0.311303687792711,,,,,15.06003269013391,1.666188073123404
15.85484964383768,0.537924847411738,17.22966815835231,0.3128038938661394,,,,,15.07077345977856,1.655162930767868
15.86559041348233,0.5581470212836738,17.24040892799696,0.3142369684242825,,,,,15.0815142294232,1.643981780600404
15.87633118312697,0.578908555842612,17.2511496976416,0.3156732648671829,,,,,15.09225499906785,1.632632758015647
15.88707195277162,0.6001179770120716,17.26189046728625,0.3171121381372863,,,,,15.1029957687125,1.621117936961715
15.89781272241626,0.6216781874578717,17.27263123693089,0.318459641151179,,,,,15.11373653835714,1.609404977716193
15.90855349206091,0.6435026433389373,17.28337200657554,0.3197152430440773,,,,,15.12447730800179,1.597470892366339
15.91929426170556,0.6655061747443262,17.29411277622018,0.3208679843454616,,,,,15.13521807764643,1.585277255712283
15.9300350313502,0.6876080867798861,17.30485354586483,0.3219416047648627,,,,,15.14595884729108,1.572894538071475
15.94077580099485,0.7097319353435542,17.31559431550947,0.3229290569598691,,,,,15.15669961693572,1.560260353365714
15.95151657063949,0.7318097759382289,17.32633508515412,0.3237767578571354,,,,,15.16744038658037,1.547206736293802
15.96225734028414,0.7537767928048495,17.33707585479877,0.3244789215910108,,,,,15.17818115622501,1.533645752548533
15.97299810992878,0.7755758239944778,17.34781662444341,0.3250335821630435,,,,,15.18892192586966,1.519508605902954
15.98373887957343,0.7971564981563179,17.35855739408806,0.3254354246946012,,,,,15.19966269551431,1.50471728905114
15.99447964921807,0.8184753570799452,17.3692981637327,0.3256740738503877,,,,,15.21040346515895,1.489193104981221
16.00522041886272,0.8394958405287056,17.38003893337735,0.3257505917998728,,,,,15.2211442348036,1.472858527365137
16.01596118850737,0.8603127972297396,17.39077970302199,0.3256582474022139,,,,,15.23188500444824,1.455637281667599
16.02670195815201,0.8811863210251378,17.40152047266664,0.325389317846098,,,,,15.24262577409289,1.437881772189683
16.03744272779666,0.9019697566461182,17.41226124231128,0.3249401098554213,,,,,15.25336654373753,1.419523560395721
16.0481834974413,0.9223595987213078,17.42300201195593,0.3243039685238018,,,,,15.26410731338218,1.40008430359541
16.05892426708595,0.9423427607966418,17.43374278160058,0.3234770313918519,,,,,15.27484808302682,1.379608207479917
16.06966503673059,0.9620350294500986,17.44448355124522,0.3224545223217224,,,,,15.28558885267147,1.358056048337066
16.08040580637524,0.9814326302415387,17.45522432088987,0.3212637594811509,,,,,15.29632962231612,1.335306539824658
16.09114657601988,1.000766729684063,17.46596509053451,0.319951324987321,,,,,15.30707039196076,1.311347546568381
16.10188734566453,1.020029306752506,17.47670586017916,0.3185617320413311,,,,,15.31781116160541,1.286169079392607
16.11262811530917,1.038841610250745,17.4874466298238,0.3170383456806631,,,,,15.32855193125005,1.259809849969857
16.12336888495382,1.057192679489142,17.49818739946845,0.3152951745588189,,,,,15.3392927008947,1.233131549314068
16.13410965459846,1.07507088206651,17.50892816911309,0.3133289052248025,,,,,15.35003347053934,1.206276459876759
16.14485042424311,1.092461068692622,17.51966893875774,0.3111333968525461,,,,,15.36077424018399,1.178512261375479
16.15559119388776,1.109346615571036,17.53040970840238,0.3087070443089941,,,,,15.37151500982863,1.149761825708846
16.1663319635324,1.125701436801558,17.54115047804703,0.306048367570402,,,,,15.38225577947328,1.12010877701582
16.17707273317705,1.141513461034296,17.55189124769167,0.3031572054432269,,,,,15.39299654911792,1.089651553494694
16.18781350282169,1.156746209127302,17.56263201733632,0.3000348155509351,,,,,15.40373731876257,1.058502083864842
16.19855427246634,1.171364720899873,17.57337278698096,0.2966839540036016,,,,,15.41447808840722,1.026784587624207
16.20929504211098,1.185332367794988,17.58411355662561,0.2931089324961551,,,,,15.42521885805186,0.9946491292717169
16.22003581175563,1.19860403523071,17.59485432627026,0.2893156171202959,,,,,15.43595962769651,0.9622135364814066
16.23077658140027,1.21113121821072,17.6055950959149,0.2853106001445673,,,,,15.44670039734115,0.9296443716615718
16.24151735104492,1.222861108165473,17.61633586555955,0.281263058086449,,,,,15.4574411669858,0.8970956685965326
16.25225812068957,1.233737157448746,17.62707663520419,0.2771808527113437,,,,,15.46818193663044,0.864732555337676
16.26299889033421,1.24368738229923,17.63781740484884,0.272913514708615,,,,,15.47892270627509,0.8327305337698652
16.27373965997886,1.252677446621703,17.64855817449348,0.2684763214062219,,,,,15.48966347591973,0.8012299120193209
16.2844804296235,1.260629171823922,17.65929894413813,0.2638776782717497,,,,,15.50040424556438,0.7704060085735043
16.29522119926815,1.267479464703073,17.67003971378277,0.2591337044342032,,,,,15.51114501520903,0.7404276281910336
16.30596196891279,1.273166548103224,17.68078048342742,0.2542585474957316,,,,,15.52188578485367,0.7114510488346661
16.31670273855744,1.277630910920202,17.69152125307206,0.2492658204046979,,,,,15.53262655449832,0.6836096475897356
16.32744350820208,1.28082049085214,17.70226202271671,0.2441728461457756,,,,,15.54336732414296,0.6570447903462114
16.33818427784673,1.282689891074104,17.71300279236136,0.238996749474435,,,,,15.55410809378761,0.6318871729740956
16.34892504749138,1.283739527998526,17.723743562006,0.2337536162952642,,,,,15.56484886343225,0.6082573149476767
16.35966581713602,1.283938336230432,17.73448433165065,0.2284764920910201,,,,,15.5755896330769,0.5862646612034116
16.37040658678067,1.282692741946261,17.74522510129529,0.2232071343500532,,,,,15.58633040272154,0.5660066608728503
16.38114735642531,1.279974627149894,17.75596587093994,0.2179494453032352,,,,,15.59707117236619,0.5475765538528483
16.39188812606996,1.27574509550387,17.76670664058458,0.2126973702702005,,,,,15.60781194201084,0.5310336470201088
16.4026288957146,1.270624194367697,17.77744741022923,0.2074679874649737,,,,,15.61855271165548,0.5164434689574846
16.41336966535925,1.2646064944606,17.78818817987388,0.2022779963522914,,,,,15.62929348130013,0.5038526111979609
16.42411043500389,1.257062534603838,17.79892894951852,0.1971890463315454,,,,,15.64003425094477,0.4932946624779876
16.43485120464854,1.248004327696283,17.80966971916317,0.1922161145923752,,,,,15.65077502058942,0.4847903852277533
16.44559197429319,1.23745920282818,17.82041048880781,0.187327390022669,,,,,15.66151579023406,0.478348002814526
16.45633274393783,1.225471927956249,17.83115125845246,0.1825352360166817,,,,,15.67225655987871,0.4739635839158865
16.46707351358248,1.212067971238381,17.8418920280971,0.1778518141752375,,,,,15.68299732952335,0.4716140370545165
16.47781428322712,1.197311591813413,17.85263279774175,0.1732879280123807,,,,,15.693738099168,0.4712864170165987
16.48855505287177,1.181269209581009,17.86337356738639,0.1688535425583374,,,,,15.70447886881264,0.4729973362706172
16.49929582251641,1.164016181668064,17.87411433703104,0.1645575684715396,,,,,15.71521963845729,0.4766956346377152
16.51003659216106,1.145635827714494,17.88485510667569,0.1604145567459901,,,,,15.72596040810194,0.482266747848939
16.52077736180571,1.126559422083245,17.89559587632033,0.1564308932765133,,,,,15.73670117774658,0.4896411319838278
16.53151813145035,1.106881331112535,17.90633664596498,0.1526063537223238,,,,,15.74744194739123,0.4987536564971355
16.542258901095,1.086354399198516,17.91707741560962,0.1489459400727055,,,,,15.75818271703587,0.5095230242157085
16.55299967073964,1.065076420797979,17.92781818525427,0.1454538134794148,,,,,15.76892348668052,0.5218505900655129
16.56374044038429,1.043147695048212,17.93855895489891,0.1421333522404687,,,,,15.77966425632516,0.5356545173717322
16.57448121002893,1.020671281694966,17.94929972454356,0.138993866500014,,,,,15.79040502596981,0.5508455006155376
16.58522197967358,0.9977499981316026,17.9600404941882,0.1360372948624983,,,,,15.80114579561445,0.5673109906447378
16.59596274931822,0.9744862966909116,17.97078126383285,0.1332582653068791,,,,,15.8118865652591,0.5849559883462842
16.60670351896287,0.9509814861996952,17.9815220334775,0.1306575108651115,,,,,15.82262733490375,0.6036679566467874
16.61744428860752,0.9273350642930364,17.99226280312214,0.128235300200566,,,,,15.83336810454839,0.6235172909873449
16.62818505825216,0.9036432759076245,18.00300357276679,0.1259914331238387,,,,,15.84410887419304,0.6443913899546619
16.63892582789681,0.8800024555826887,18.01374434241143,0.1239250993383335,,,,,15.85484964383768,0.6660203008056234
16.64966659754145,0.8565027356564353,18.02448511205608,0.1220563732900454,,,,,15.86559041348233,0.688290784118216
16.6604073671861,0.8332321187022291,18.03522588170072,0.1204270518389059,,,,,15.87633118312697,0.7111009889535486
16.67114813683074,0.8102752663465341,18.04596665134537,0.1190115794868637,,,,,15.88707195277162,0.73435003388207
16.68188890647539,0.7878397373265863,18.05670742099002,0.1177690126468356,,,,,15.89781272241626,0.757935384538897
16.69262967612003,0.7660040907223664,18.06744819063466,0.1166975924268523,,,,,15.90855349206091,0.781768387485316
16.70337044576468,0.7447123204729121,18.07818896027931,0.1157935368597901,,,,,15.91929426170556,0.8057627445765901
16.71411121540932,0.7241008485684635,18.08892972992395,0.1150476081835296,,,,,15.9300350313502,0.8298384583881846
16.72485198505397,0.7042371418787696,18.0996704995686,0.1144553747708633,,,,,15.94077580099485,0.8539113981776847
16.73559275469862,0.6852543535086394,18.11041126921324,0.1140116219238846,,,,,15.95151657063949,0.8779401778041028
16.74633352434326,0.6672146082289594,18.12115203885789,0.1137110844856659,,,,,15.96225734028414,0.9018535831393992
16.75707429398791,0.6500434884150671,18.13189280850253,0.1135479435649224,,,,,15.97299810992878,0.9256014630277121
16.76781506363255,0.6338026177750833,18.14263357814718,0.1135159127595924,,,,,15.98373887957343,0.9491407416222131
16.7785558332772,0.6185483997053416,18.15337434779183,0.1136082134476116,,,,,15.99447964921807,0.972437093458648
16.78929660292184,0.6043384088399107,18.16411511743647,0.1138175171848585,,,,,16.00522041886272,0.9954638762817148
16.80003737256649,0.5912394504785704,18.17485588708112,0.1141351793861569,,,,,16.01596118850737,1.018338404855292
16.81077814221113,0.5794606087877521,18.18559665672576,0.1145555331571273,,,,,16.02670195815201,1.041382453131186
16.82151891185578,0.5690391201498091,18.19633742637041,0.1150740237412046,,,,,16.03744272779666,1.064447692030162
16.83225968150042,0.5598838685169147,18.20707819601505,0.1156806706948752,,,,,16.0481834974413,1.087189463479674
16.84300045114507,0.552046970605967,18.2178189656597,0.1163600391398144,,,,,16.05892426708595,1.109604206010829
16.85374122078971,0.5455791043528423,18.22855973530434,0.1171005419076779,,,,,16.06966503673059,1.131816402111966
16.86448199043436,0.5405290584652208,18.23930050494899,0.1178951706828154,,,,,16.08040580637524,1.153831697507157
16.87522276007901,0.5369458767609223,18.25004127459363,0.118731958707381,,,,,16.09114657601988,1.175932038353529
16.88596352972365,0.5348678072840812,18.26078204423828,0.1195965016986584,,,,,16.10188734566453,1.198115658223809
16.8967042993683,0.534336032956077,18.27152281388292,0.1204771135625512,,,,,16.11262811530917,1.219964773234811
16.90744506901294,0.5353846500353885,18.28226358352757,0.1213619102599654,,,,,16.12336888495382,1.241472062482679
16.91818583865759,0.5380419083685111,18.29300435317221,0.1222387355745408,,,,,16.13410965459846,1.26262889554154
16.92892660830223,0.5423292535261028,18.30374512281686,0.1230955027235679,,,,,16.14485042424311,1.28342124171655
16.93966737794688,0.5482583396309806,18.31448589246151,0.1239241727911478,,,,,16.15559119388776,1.30383175552397
16.95040814759152,0.5558339870151749,18.32522666210615,0.1247129849454118,,,,,16.1663319635324,1.323832708208676
16.96114891723617,0.5650663067860482,18.3359674317508,0.1254991007459934,,,,,16.17707273317705,1.343410158668455
16.97188968688082,0.575921947931593,18.34670820139544,0.1262707455858587,,,,,16.18781350282169,1.362523414767994
16.98263045652546,0.5884275376608472,18.35744897104009,0.1269646311536676,,,,,16.19855427246634,1.381135631616799
16.99337122617011,0.6025422683775048,18.36818974068473,0.1275700717288592,,,,,16.20929504211098,1.399199888440848
17.00411199581475,0.6181717416302286,18.37893051032938,0.1280771190624144,,,,,16.22003581175563,1.416666714822941
17.0148527654594,0.6352428232316106,18.38967127997402,0.1284769330238698,,,,,16.23077658140027,1.433480694803807
17.02559353510404,0.6537118568543087,18.40041204961867,0.1287606561211531,,,,,16.24151735104492,1.449581700026904
17.03633430474869,0.6734447251705665,18.41115281926331,0.1289228509766082,,,,,16.25225812068957,1.464905632478565
17.04707507439333,0.6943541221332445,18.42189358890796,0.1289555990806876,,,,,16.26299889033421,1.479372030168224
17.05781584403798,0.7163498271104742,18.43263435855261,0.1289201773170179,,,,,16.27373965997886,1.492939194679128
17.06855661368263,0.7393033371560704,18.44337512819725,0.1288118068530218,,,,,16.2844804296235,1.50552468535273
17.07929738332727,0.7630486246520465,18.4541158978419,0.1285601740680301,,,,,16.29522119926815,1.517061300333538
17.09003815297192,0.7874649100159442,18.46485666748654,0.1281616500234843,,,,,16.30596196891279,1.527481470687931
17.10077892261656,0.8123922415620175,18.47559743713119,0.1276144884047665,,,,,16.31670273855744,1.536715331003445
17.11151969226121,0.8376328478782509,18.48633820677583,0.1269178005302184,,,,,16.32744350820208,1.544706675281508
17.12226046190585,0.8630123009371132,18.49707897642048,0.1260717756743589,,,,,16.33818427784673,1.55140360341923
17.1330012315505,0.8883515128687022,18.50781974606513,0.1250777072007634,,,,,16.34892504749138,1.557448009728273
17.14374200119514,0.9134703926070624,18.51856051570977,0.1239377397041054,,,,,16.35966581713602,1.562805799576582
17.15448277083979,0.9381829375939073,18.52930128535442,0.1226551337032939,,,,,16.37040658678067,1.566749339547259
17.16522354048444,0.9623088781374802,18.54004205499906,0.1212340004269677,,,,,16.38114735642531,1.569247599282734
17.17596431012908,0.9856696903045097,18.55078282464371,0.1196849512219336,,,,,16.39188812606996,1.5702396731883
17.18670507977373,1.00809212539089,18.56152359428835,0.118008186106473,,,,,16.4026288957146,1.570348955439039
17.19744584941837,1.029410296251443,18.572264363933,0.1162094950779208,,,,,16.41336966535925,1.569566176838797
17.20818661906302,1.049467723034677,18.58300513357764,0.1142996799431582,,,,,16.42411043500389,1.567251533246834
17.21892738870766,1.068119305764016,18.59374590322229,0.1122863061795148,,,,,16.43485120464854,1.563412191143366
17.22966815835231,1.085233191867224,18.60448667286694,0.1102293432865028,,,,,16.44559197429319,1.558163551031881
17.24040892799696,1.100692508033199,18.61522744251158,0.10813572056108,,,,,16.45633274393783,1.551543497323207
17.2511496976416,1.114588136025354,18.62596821215623,0.1059589215555793,,,,,16.46707351358248,1.543476160245239
17.26189046728625,1.127452315511406,18.63670898180087,0.1037070949860386,,,,,16.47781428322712,1.534015967911422
17.27263123693089,1.139016856410082,18.64744975144552,0.1013886362498565,,,,,16.48855505287177,1.523218015346764
17.28337200657554,1.148726258360168,18.65819052109016,0.09901193304662531,,,,,16.49929582251641,1.511144746739708
17.29411277622018,1.156534982895575,18.66893129073481,0.09658579759210824,,,,,16.51003659216106,1.497864879888398
17.30485354586483,1.162389485343782,18.67967206037945,0.09411969786907962,,,,,16.52077736180571,1.483815460377724
17.31559431550947,1.166301051247803,18.6904128300241,0.09162262260932273,,,,,16.53151813145035,1.469073464557952
17.32633508515412,1.168209122670059,18.70115359966875,0.08910245887113646,,,,,16.542258901095,1.45334899858961
17.33707585479877,1.168190060394119,18.71189436931339,0.08657275763510069,,,,,16.55299967073964,1.436718632421671
17.34781662444341,1.166301678543727,18.72263513895804,0.08404156059477901,,,,,16.56374044038429,1.419257497314088
17.35855739408806,1.162634930501862,18.73337590860268,0.08151496432277586,,,,,16.57448121002893,1.401045723191808
17.3692981637327,1.157299746211086,18.74411667824733,0.07901342089521284,,,,,16.58522197967358,1.382161022689658
17.38003893337735,1.150896286149032,18.75485744789197,0.07654516229932581,,,,,16.59596274931822,1.362680233640494
17.39077970302199,1.143565882175615,18.76559821753662,0.07410828650612547,,,,,16.60670351896287,1.34267893626539
17.40152047266664,1.1349894031816,18.77633898718126,0.07171044183591169,,,,,16.61744428860752,1.3222312211487
17.41226124231128,1.125337292277841,18.78707975682591,0.06935591793701111,,,,,16.62818505825216,1.301408680294576
17.42300201195593,1.114777565331452,18.79782052647056,0.06705177933046655,,,,,16.63892582789681,1.280284381772075
17.43374278160058,1.103499779178222,18.8085612961152,0.06481879889200765,,,,,16.64966659754145,1.258926845871871
17.44448355124522,1.091690871754456,18.81930206575985,0.06266325168025859,,,,,16.6604073671861,1.237404776472943
17.45522432088987,1.07962421551483,18.83004283540449,0.06057692981610995,,,,,16.67114813683074,1.215793933764853
17.46596509053451,1.067561808811435,18.84078360504914,0.05856525953491652,,,,,16.68188890647539,1.194365364961183
17.47670586017916,1.055683153188706,18.85152437469378,0.05663327223796757,,,,,16.69262967612003,1.173182337519246
17.4874466298238,1.044111171174323,18.86226514433843,0.05478559096486427,,,,,16.70337044576468,1.152099555852343
17.49818739946845,1.032987408457996,18.87300591398308,0.05302631128745225,,,,,16.71411121540932,1.131392607786297
17.50892816911309,1.02249499410578,18.88374668362772,0.05135944717644304,,,,,16.72485198505397,1.111129555521515
17.51966893875774,1.012802072968675,18.89448745327237,0.04978820153234735,,,,,16.73559275469862,1.091392550061134
17.53040970840238,1.004070901210374,18.90522822291701,0.04831547599640745,,,,,16.74633352434326,1.072252092567075
17.54115047804703,0.9964490339495888,18.91596899256166,0.0469437320779127,,,,,16.75707429398791,1.053560669152405
17.55189124769167,0.9900693003566402,18.9267097622063,0.04567499299372389,,,,,16.76781506363255,1.035400784103895
17.56263201733632,0.9850483099088602,18.93745053185095,0.04451084832537805,,,,,16.7785558332772,1.017849306124914
17.57337278698096,0.9814851570780364,18.94819130149559,0.04345213289564236,,,,,16.78929660292184,1.000990773807215
17.58411355662561,0.9794603376989869,18.95893207114024,0.04249962008854474,,,,,16.80003737256649,0.9850352116877783
17.59485432627026,0.9790348878156141,18.96967284078488,0.04165480223385548,,,,,16.81077814221113,0.970290710571838
17.6055950959149,0.9802593885729979,18.98041361042953,0.04091860557485375,,,,,16.82151891185578,0.9567185595704872
17.61633586555955,0.9832512551320757,18.99115438007417,0.04029052488313657,,,,,16.83225968150042,0.9442008192684981
17.62707663520419,0.987992991193031,19.00189514971882,0.03976808316410695,,,,,16.84300045114507,0.9328307384457062
17.63781740484884,0.9943707148064441,19.01263591936346,0.03935004731118619,,,,,16.85374122078971,0.9227014948040068
17.64855817449348,1.002344113373568,19.02337668900811,0.0390419457631192,,,,,16.86448199043436,0.9139054938340644
17.65929894413813,1.011849971471084,19.03411745865276,0.03884198325732079,,,,,16.87522276007901,0.9065368881140391
17.67003971378277,1.022807767840241,19.0448582282974,0.0387410629673734,,,,,16.88596352972365,0.900676008654489
17.68078048342742,1.035120546120233,19.05559899794205,0.03873704978685246,,,,,16.8967042993683,0.8964079058795563
17.69152125307206,1.048668724964825,19.06633976758669,0.03882693221419598,,,,,16.90744506901294,0.8938081967004954
17.70226202271671,1.063324047677373,19.07708053723134,0.03900809243171707,,,,,16.91818583865759,0.8929445748014333
17.71300279236136,1.078942810740694,19.08782130687598,0.03927753840831465,,,,,16.92892660830223,0.8938752769717743
17.723743562006,1.095369458426878,19.09856207652063,0.03963209444852608,,,,,16.93966737794688,0.8966453993532839
17.73448433165065,1.112664210297442,19.10930284616527,0.0400684482174323,,,,,16.95040814759152,0.9012894117961644
17.74522510129529,1.13066166769536,19.12004361580992,0.04058301403831899,,,,,16.96114891723617,0.9078452960584266
17.75596587093994,1.148950032784535,19.13078438545456,0.04117238704559491,,,,,16.97188968688082,0.9163001527983299
17.76670664058458,1.167336571162315,19.14152515509921,0.0418326693540922,,,,,16.98263045652546,0.9266981642117986
17.77744741022923,1.185635057025184,19.15226592474386,0.04255995726357808,,,,,16.99337122617011,0.9390113451220113
17.78818817987388,1.203659697105244,19.1630066943885,0.04335016349439836,,,,,17.00411199581475,0.9531535107720059
17.79892894951852,1.221360689426013,19.17374746403315,0.04421418915050494,,,,,17.0148527654594,0.9690544547709481
17.80966971916317,1.23855970896042,19.18448823367779,0.04514750286331726,,,,,17.02559353510404,0.9866715635832261
17.82041048880781,1.254951010038092,19.19522900332244,0.04613030605101182,,,,,17.03633430474869,1.005864280434629
17.83115125845246,1.270371266334764,19.20596977296708,0.04715765207110837,,,,,17.04707507439333,1.026536464760164
17.8418920280971,1.284676152687409,19.21671054261173,0.04822441865583927,,,,,17.05781584403798,1.048585620317438
17.85263279774175,1.297715326847144,19.22745131225637,0.04932535741059495,,,,,17.06855661368263,1.071867220835422
17.86337356738639,1.309370204501454,19.23819208190102,0.05045481782226263,,,,,17.07929738332727,1.096195809826961
17.87411433703104,1.319532495896521,19.24893285154567,0.05160729493813819,,,,,17.09003815297192,1.121447245596661
17.88485510667569,1.328459319194952,19.25967362119031,0.05278603778476208,,,,,17.10077892261656,1.147438709982546
17.89559587632033,1.336066237560671,19.27041439083496,0.0539867617825181,,,,,17.11151969226121,1.173928689400024
17.90633664596498,1.341949014964045,19.2811551604796,0.05519191192301959,,,,,17.12226046190585,1.20087749853198
17.91707741560962,1.346065386991121,19.29189593012425,0.05639488351122748,,,,,17.1330012315505,1.228078331508364
17.92781818525427,1.348388671017157,19.30263669976889,0.05758889963014427,,,,,17.14374200119514,1.255159071243123
17.93855895489891,1.348911191395342,19.31337746941354,0.0587670667517461,,,,,17.15448277083979,1.281903779833935
17.94929972454356,1.348643265441597,19.32411823905819,0.05992234544613595,,,,,17.16522354048444,1.308103181563912
17.9600404941882,1.347602920783885,19.33485900870283,0.06104762119683695,,,,,17.17596431012908,1.333550690258044
17.97078126383285,1.34481506811102,19.34559977834748,0.06213575119268538,,,,,17.18670507977373,1.358046336498779
17.9815220334775,1.340319729044321,19.35634054799212,0.06318027237399759,,,,,17.19744584941837,1.38139911740509
17.99226280312214,1.334172266550752,19.36708131763677,0.06417641017256989,,,,,17.20818661906302,1.403429251917211
18.00300357276679,1.326439320949025,19.37782208728141,0.06512881421313892,,,,,17.21892738870766,1.423970227687343
18.01374434241143,1.317198957591944,19.38856285692606,0.0660304502906774,,,,,17.22966815835231,1.442871101833617
18.02448511205608,1.306540683597809,19.3993036265707,0.06685950268471097,,,,,17.24040892799696,1.460011461580908
18.03522588170072,1.294560676525858,19.41004439621535,0.06760929523598574,,,,,17.2511496976416,1.475552800547519
18.04596665134537,1.281362491578988,19.42078516586,0.06827349628181763,,,,,17.26189046728625,1.490027793746423
18.05670742099002,1.267057333143702,19.43152593550464,0.06884893966243755,,,,,17.27263123693089,1.503067374829252
18.06744819063466,1.251841863592128,19.44226670514929,0.0693301628092399,,,,,17.28337200657554,1.514109530627525
18.07818896027931,1.235831693629411,19.45300747479393,0.069710178062312,,,,,17.29411277622018,1.523095895732193
18.08892972992395,1.219051773544632,19.46374824443858,0.06998460481559382,,,,,17.30485354586483,1.52998426813969
18.0996704995686,1.201618324049947,19.47448901408322,0.07014915162027512,,,,,17.31559431550947,1.534778495643937
18.11041126921324,1.1836366423683,19.48522978372787,0.07021798511693263,,,,,17.32633508515412,1.537364757233087
18.12115203885789,1.165217468380326,19.49597055337251,0.07018875977704425,,,,,17.33707585479877,1.53781465033042
18.13189280850253,1.146465101210703,19.50671132301716,0.07004259664165702,,,,,17.34781662444341,1.53618834197005
18.14263357814718,1.127479233767815,19.51745209266181,0.06977867819373272,,,,,17.35855739408806,1.532573593443413
18.15337434779183,1.108354346894514,19.52819286230645,0.06942500953829253,,,,,17.3692981637327,1.527069823274122
18.16411511743647,1.0891792601849,19.5389336319511,0.0689841828768467,,,,,17.38003893337735,1.520281439403349
18.17485588708112,1.070033737807278,19.54967440159574,0.06842739008573591,,,,,17.39077970302199,1.512346548892792
18.18559665672576,1.050991423773959,19.56041517124039,0.06775675305479668,,,,,17.40152047266664,1.502941985474216
18.19633742637041,1.032338303154305,19.57115594088503,0.06697524721272087,,,,,17.41226124231128,1.492238729143944
18.20707819601505,1.014122925733878,19.58189671052968,0.06608667550260344,,,,,17.42300201195593,1.480402397069869
18.2178189656597,0.9962073850640416,19.59263748017432,0.06509563105057309,,,,,17.43374278160058,1.467623305027089
18.22855973530434,0.9786383977950253,19.60337824981897,0.06400744833161053,,,,,17.44448355124522,1.454088144976446
18.23930050494899,0.9617625006541144,19.61411901946362,0.06285573254096141,,,,,17.45522432088987,1.440114677573834
18.25004127459363,0.9456206992792355,19.62485978910826,0.06164687979812798,,,,,17.46596509053451,1.426017189556736
18.26078204423828,0.9299360968752231,19.63560055875291,0.06036017287784935,,,,,17.47670586017916,1.412013218053992
18.27152281388292,0.9147395852642055,19.64634132839755,0.05900293239961742,,,,,17.4874466298238,1.398172246576128
18.28226358352757,0.9000551326292543,19.6570820980422,0.05758239382751299,,,,,17.49818739946845,1.384553426931884
18.29300435317221,0.8859039760869284,19.66782286768684,0.05610620516523111,,,,,17.50892816911309,1.371340835063715
18.30374512281686,0.872297446102457,19.67856363733149,0.05458289903254565,,,,,17.51966893875774,1.358700575653895
18.31448589246151,0.8592723577815433,19.68930440697613,0.05302035318447145,,,,,17.53040970840238,1.346797214477484
18.32522666210615,0.846834396422798,19.70004517662078,0.05142696595634484,,,,,17.54115047804703,1.335780532633913
18.3359674317508,0.8352350756619261,19.71078594626542,0.04981073791607864,,,,,17.55189124769167,1.325786675761933
18.34670820139544,0.8244839637558055,19.72152671591007,0.04817974607469173,,,,,17.56263201733632,1.316936743673984
18.35744897104009,0.814348930776651,19.73226748555471,0.04654824349396497,,,,,17.57337278698096,1.309335560846523
18.36818974068473,0.8048359569793078,19.74300825519936,0.04492418095051998,,,,,17.58411355662561,1.303070638498082
18.37893051032938,0.795948683377428,19.75374902484401,0.04330761802694991,,,,,17.59485432627026,1.298211213271312
18.38967127997402,0.7876915337467874,19.76448979448865,0.04170514935738765,,,,,17.6055950959149,1.294827914864965
18.40041204961867,0.7800666259100139,19.7752305641333,0.04012288806024966,,,,,17.61633586555955,1.293209585725962
18.41115281926331,0.7730740170354521,19.78597133377794,0.03856642249299961,,,,,17.62707663520419,1.293336280415814
18.42189358890796,0.7667112929152905,19.79671210342259,0.03704078223089402,,,,,17.63781740484884,1.294944385829692
18.43263435855261,0.7610746924936898,19.80745287306723,0.03555041348990324,,,,,17.64855817449348,1.298010175900911
18.44337512819725,0.7561561532294208,19.81819364271188,0.03409916402834867,,,,,17.65929894413813,1.302479035369906
18.4541158978419,0.7518499254537089,19.82893441235652,0.03269027738145685,,,,,17.67003971378277,1.308286765138975
18.46485666748654,0.7481269266149476,19.83967518200117,0.03132639611222535,,,,,17.68078048342742,1.315350465860504
18.47559743713119,0.7449749066329395,19.85041595164581,0.03000957360353136,,,,,17.69152125307206,1.323563772235054
18.48633820677583,0.7423717816067218,19.86115672129046,0.0287412937744745,,,,,17.70226202271671,1.332815142136124
18.49707897642048,0.7402918016846176,19.87189749093511,0.02752272099881184,,,,,17.71300279236136,1.342977112039934
18.50781974606513,0.7387081439396628,19.88263826057975,0.02635428538039942,,,,,17.723743562006,1.353908825222222
18.51856051570977,0.7375830923495978,19.8933790302244,0.02523572143485064,,,,,17.73448433165065,1.365703898552143
18.52930128535442,0.7368840217805063,19.90411979986904,0.02416652902362956,,,,,17.74522510129529,1.378237186042369
18.54004205499906,0.7366238119739981,19.91486056951369,0.02314592423210145,,,,,17.75596587093994,1.391097708736308
18.55078282464371,0.7367634399250471,19.92560133915833,0.02217268588114883,,,,,17.76670664058458,1.404084335668686
18.56152359428835,0.7371990734314825,19.93634210880298,0.02124534961814773,,,,,17.77744741022923,1.417025728591949
18.572264363933,0.7378757234960405,19.94708287844762,0.02036210709392798,,,,,17.78818817987388,1.429750497011553
18.58300513357764,0.7388645630965875,19.95782364809227,0.0195213326255265,,,,,17.79892894951852,1.442271917149477
18.59374590322229,0.740111600446118,19.96856441773692,0.01872087438078941,,,,,17.80966971916317,1.454424069490111
18.60448667286694,0.7415680518883426,19.97930518738156,0.0179701464116203,,,,,17.82041048880781,1.465862921243818
18.61522744251158,0.7431686275786554,19.99004595702621,0.01726691344170824,,,,,17.83115125845246,1.476434368629883
18.62596821215623,0.7447368255099903,20.00078672667085,0.01659733239277669,,,,,17.8418920280971,1.486003688147129
18.63670898180087,0.7462162668959811,20.0115274963155,0.01595916079181793,,,,,17.85263279774175,1.494428494101405
18.64744975144552,0.7475525328752609,20.02226826596014,0.01535017307093389,,,,,17.86337356738639,1.501597487403225
18.65819052109016,0.7486901932528074,20.03300903560479,0.01476819032802551,,,,,17.87411433703104,1.507408649157146
18.66893129073481,0.7495889712558546,20.04374980524943,0.01421121588456916,,,,,17.88485510667569,1.512134378944699
18.67967206037945,0.7502626620559872,20.05449057489408,0.01367761949917574,,,,,17.89559587632033,1.515694197934542
18.6904128300241,0.7506709028369921,20.06523134453873,0.01316571122179991,,,,,17.90633664596498,1.517678111027406
18.70115359966875,0.7507153506514681,20.07597211418337,0.01267375136331982,,,,,17.91707741560962,1.518046770608794
18.71189436931339,0.7503850322584069,20.08671288382802,0.01220039679299023,,,,,17.92781818525427,1.516775790820251
18.72263513895804,0.7496535415772509,20.09745365347266,0.01174423910218358,,,,,17.93855895489891,1.513859253165687
18.73337590860268,0.7484888279960547,20.10819442311731,0.01130482837539872,,,,,17.94929972454356,1.510322055651211
18.74411667824733,0.7468921498002604,20.11893519276195,0.01088103433159566,,,,,17.9600404941882,1.50618302655352
18.75485744789197,0.7448588602971188,20.1296759624066,0.01047219597969651,,,,,17.97078126383285,1.500454170606998
18.76559821753662,0.7427076769577702,20.14041673205125,0.01007779796649516,,,,,17.9815220334775,1.493175637560418
18.77633898718126,0.7404445633240476,20.15115750169589,0.009700164309477085,,,,,17.99226280312214,1.484402758821819
18.78707975682591,0.737747338651417,20.16189827134054,0.009339002299765604,,,,,18.00300357276679,1.474201979507506
18.79782052647056,0.7346323839079733,20.17263904098518,0.008991470125682787,,,,,18.01374434241143,1.4626507828282
18.8085612961152,0.7313196629922388,20.18337981062983,0.008657121374544779,,,,,18.02448511205608,1.449874420438455
18.81930206575985,0.7278480887180381,20.19412058027447,0.00833631001139269,,,,,18.03522588170072,1.436011519411383
18.83004283540449,0.7240394200940249,20.20486134991912,0.008028801676959869,,,,,18.04596665134537,1.421126022743056
18.84078360504914,0.7199301260037144,20.21560211956376,0.007734598666942032,,,,,18.05670742099002,1.405289443850171
18.85152437469378,0.7155615780389086,20.22634288920841,0.007453715678396033,,,,,18.06744819063466,1.388698065934689
18.86226514433843,0.7109795589208704,20.23708365885306,0.007186164974429272,,,,,18.07818896027931,1.371465299280246
18.87300591398308,0.7062175224762327,20.2478244284977,0.006931942920129149,,,,,18.08892972992395,1.353608551099077
18.88374668362772,0.7013644094844232,20.25856519814235,0.006691018075969147,,,,,18.0996704995686,1.335241593637949
18.89448745327237,0.6964553306860587,20.26930596778699,0.006463320656445881,,,,,18.11041126921324,1.316466463265113
18.90522822291701,0.6915481644374128,20.28004673743164,0.006248706623285864,,,,,18.12115203885789,1.297390839013868
18.91596899256166,0.6867021880098882,20.29078750707628,0.006047070752180971,,,,,18.13189280850253,1.278115432974777
18.9267097622063,0.6819774341898903,20.30152827672093,0.005857909003209301,,,,,18.14263357814718,1.258735928193647
18.93745053185095,0.6774340450704646,20.31226904636557,0.005681468789483569,,,,,18.15337434779183,1.239342319880725
18.94819130149559,0.6731316287451428,20.32300981601022,0.005517095763927897,,,,,18.16411511743647,1.220018196435506
18.95893207114024,0.669128623940727,20.33375058565487,0.005364381529878851,,,,,18.17485588708112,1.200837268649845
18.96967284078488,0.6654816769601716,20.34449135529951,0.005222857687223116,,,,,18.18559665672576,1.181869354131385
18.98041361042953,0.6623646592410195,20.35523212494416,0.00509195471093533,,,,,18.19633742637041,1.163398470974347
18.99115438007417,0.6598263620292701,20.3659728945888,0.004971194816856804,,,,,18.20707819601505,1.145464679647143
19.00189514971882,0.6577960028465433,20.37671366423345,0.004859887170330019,,,,,18.2178189656597,1.127916939438392
19.01263591936346,0.6563133669282574,20.38745443387809,0.004757395278660571,,,,,18.22855973530434,1.110791890350508
19.02337668900811,0.6555759476358616,20.39819520352274,0.004663010667326585,,,,,18.23930050494899,1.094431374190986
19.03411745865276,0.6556144420155083,20.40893597316738,0.004575737088399359,,,,,18.25004127459363,1.078865982582875
19.0448582282974,0.6562923401953851,20.41967674281203,0.004495458715603776,,,,,18.26078204423828,1.06380476796112
19.05559899794205,0.6576307954702657,20.43041751245667,0.004423479487931319,,,,,18.27152281388292,1.049268076385331
19.06633976758669,0.659636628805077,20.44115828210132,0.004359041993027976,,,,,18.28226358352757,1.035269009998566
19.07708053723134,0.6623178777710865,20.45189905174596,0.004298511969221099,,,,,18.29300435317221,1.021817335960387
19.08782130687598,0.6656735707585183,20.46263982139061,0.0042421806856066,,,,,18.30374512281686,1.008912862339847
19.09856207652063,0.6696958583742516,20.47338059103526,0.004188732916639147,,,,,18.31448589246151,0.996586131537348
19.10930284616527,0.674369844675842,20.4841213606799,0.004137487923943172,,,,,18.32522666210615,0.9848312701730326
19.12004361580992,0.679670253026017,20.49486213032455,0.004087807826053311,,,,,18.3359674317508,0.9739390952370692
19.13078438545456,0.6855783324393161,20.50560289996919,0.004039104720662758,,,,,18.34670820139544,0.9639071226543953
19.14152515509921,0.6920473279821183,20.51634366961384,0.003990846993600669,,,,,18.35744897104009,0.9544361819812724
19.15226592474386,0.6990361482641344,20.52708443925848,0.003942564743903912,,,,,18.36818974068473,0.9455210458795964
19.1630066943885,0.7064889494807849,20.53782520890313,0.003893407510432111,,,,,18.37893051032938,0.9371567895204118
19.17374746403315,0.7145916903034666,20.54856597854777,0.003844033429702643,,,,,18.38967127997402,0.9293385668755823
19.18448823367779,0.7232714955443571,20.55930674819242,0.003793610486472525,,,,,18.40041204961867,0.9220561881471011
19.19522900332244,0.7322201212640592,20.57004751783706,0.003741963071747731,,,,,18.41115281926331,0.9153031526884047
19.20596977296708,0.7413565910772686,20.58078828748171,0.003688981106015737,,,,,18.42189358890796,0.9090678649936761
19.21671054261173,0.750594582737361,20.59152905712636,0.00363461681441506,,,,,18.43263435855261,0.9035064879049357
19.22745131225637,0.7598430738872676,20.602269826771,0.003578907409520103,,,,,18.44337512819725,0.8986046885979979
19.23819208190102,0.7690070249434084,20.61301059641565,0.003521954175744959,,,,,18.4541158978419,0.8941848909355281
19.24893285154567,0.7779883808595833,20.62375136606029,0.003466897522634882,,,,,18.46485666748654,0.8902126232595735
19.25967362119031,0.7867104200784402,20.63449213570494,0.003413938107405048,,,,,18.47559743713119,0.8866721801310257
19.27041439083496,0.7950797628268491,20.64523290534958,0.003360331792098039,,,,,18.48633820677583,0.8835387643391283
19.2811551604796,0.8029612676490446,20.65597367499423,0.003306250403420276,,,,,18.49707897642048,0.8807849279171232
19.29189593012425,0.8102531597688093,20.66671444463887,0.003252257466649448,,,,,18.50781974606513,0.8783832222129848
19.30263669976889,0.8168555064626879,20.67745521428352,0.003198576063113588,,,,,18.51856051570977,0.8762960669110883
19.31337746941354,0.8226713416456863,20.68819598392817,0.003145596607699864,,,,,18.52930128535442,0.8744919954393149
19.32411823905819,0.8276077974032406,20.69893675357281,0.003093730681073902,,,,,18.54004205499906,0.8729862839304623
19.33485900870283,0.8315772263553121,20.70967752321746,0.003043402834482931,,,,,18.55078282464371,0.8717483435803959
19.34559977834748,0.8345370121598059,20.7204182928621,0.002995042154741771,,,,,18.56152359428835,0.8706725741254426
19.35634054799212,0.836425020808534,20.73115906250675,0.002949073713650806,,,,,18.572264363933,0.8697078394638911
19.36708131763677,0.8371398246208915,20.74189983215139,0.00290591003132924,,,,,18.58300513357764,0.8689400280141768
19.37782208728141,0.8369959961409137,20.75264060179604,0.002865942683690538,,,,,18.59374590322229,0.8683208784164927
19.38856285692606,0.8359431226540882,20.76338137144068,0.002829534189631957,,,,,18.60448667286694,0.8678550976251748
19.3993036265707,0.833550653408668,20.77412214108533,0.002797010310254252,,,,,18.61522744251158,0.8674826461738435
19.41004439621535,0.829787317727038,20.78486291072998,0.002768652886944834,,,,,18.62596821215623,0.8669778931663314
19.42078516586,0.8246339973120211,20.79560368037462,0.002744689731904961,,,,,18.63670898180087,0.8662912302686044
19.43152593550464,0.8182116168427874,20.80634445001927,0.002725304155746561,,,,,18.64744975144552,0.8653754345814435
19.44226670514929,0.8105253265055068,20.81708521966391,0.002710605901174703,,,,,18.65819052109016,0.8641824397393159
19.45300747479393,0.8015720614264278,20.82782598930856,0.002700644503666797,,,,,18.66893129073481,0.8626800240842039
19.46374824443858,0.7913797616887098,20.8385667589532,0.002695401874093377,,,,,18.67967206037945,0.8608908635437478
19.47448901408322,0.7798836352211929,20.84930752859785,0.00269479062201116,,,,,18.6904128300241,0.8587832433339311
19.48522978372787,0.7672865541055852,20.8600482982425,0.002698653541098808,,,,,18.70115359966875,0.8562665828362018
19.49597055337251,0.7536517950942883,20.87078906788714,0.002706764280512663,,,,,18.71189436931339,0.8533458154146771
19.50671132301716,0.7389037928778206,20.88152983753179,0.002718829205129394,,,,,18.72263513895804,0.8500028035229876
19.51745209266181,0.7231222273751008,20.89227060717643,0.002734490426183684,,,,,18.73337590860268,0.8462101500216652
19.52819286230645,0.7066274410040427,20.90301137682108,0.002753143589692229,,,,,18.74411667824733,0.8420008109036158
19.5389336319511,0.6895227234174861,20.91375214646572,0.002774729744973614,,,,,18.75485744789197,0.8373792968147888
19.54967440159574,0.6716809318582915,20.92449291611037,0.002798491118800876,,,,,18.76559821753662,0.8326552544910518
19.56041517124039,0.6532119508680972,20.93523368575501,0.002823865567324978,,,,,18.77633898718126,0.827843509892458
19.57115594088503,0.6342302608130603,20.94597445539966,0.002850259793726617,,,,,18.78707975682591,0.8226252221977184
19.58189671052968,0.6148536097451366,20.95671522504431,0.002877051916877194,,,,,18.79782052647056,0.8170253658041435
19.59263748017432,0.5952016536210104,20.96745599468895,0.002903604755913271,,,,,18.8085612961152,0.8112865177638476
19.60337824981897,0.5753935700175296,20.9781967643336,0.002929270475461504,,,,,18.81930206575985,0.8054557246422123
19.61411901946362,0.5555509808387569,20.98893753397824,0.002953415084620499,,,,,18.83004283540449,0.7993481481935347
19.62485978910826,0.5357898075100044,20.99967830362289,0.002975404054269457,,,,,18.84078360504914,0.7930076144097792
19.63560055875291,0.5162264111194168,21.01041907326753,0.002994628546166947,,,,,18.85152437469378,0.7864824945295715
19.64634132839755,0.4969705558236761,21.02115984291218,0.003010509794073441,,,,,18.86226514433843,0.779825173234578
19.6570820980422,0.4781222077309988,21.03190061255682,0.003022507521072734,,,,,18.87300591398308,0.7730750556371011
19.66782286768684,0.4597775273251067,21.04264138220147,0.003030127694471474,,,,,18.88374668362772,0.7663272562798291
19.67856363733149,0.4420256962515384,21.05338215184612,0.003032929482833745,,,,,18.89448745327237,0.7596218074974092
19.68930440697613,0.4249410669390197,21.06412292149076,0.003030531296016412,,,,,18.90522822291701,0.7530212552353367
19.70004517662078,0.4086069764442595,21.07486369113541,0.003022571945632078,,,,,18.91596899256166,0.7465889926181516
19.71078594626542,0.3930765068246153,21.08560446078005,0.003008899704776752,,,,,18.9267097622063,0.7403885990778059
19.72152671591007,0.3784009515974567,21.0963452304247,0.00299336535143944,,,,,18.93745053185095,0.7344831819235657
19.73226748555471,0.3646327892372343,21.10708600006934,0.0029758284015937,,,,,18.94819130149559,0.728934156419867
19.74300825519936,0.3518088996361922,21.11782676971399,0.002952101896913451,,,,,18.95893207114024,0.7238023106709116
19.75374902484401,0.3399285921377687,21.12856753935863,0.002922157034389254,,,,,18.96967284078488,0.7191463357089555
19.76448979448865,0.3290003987430233,21.13930830900328,0.002886037662720001,,,,,18.98041361042953,0.7151417023718021
19.7752305641333,0.3190227500349158,21.15004907864792,0.002843858204376906,,,,,18.99115438007417,0.711837178229517
19.78597133377794,0.3099844023852137,21.16078984829257,0.002795800507586382,,,,,19.00189514971882,0.7091597990098009
19.79671210342259,0.3018649803471938,21.17153061793721,0.002742109711320762,,,,,19.01263591936346,0.7071482211011754
19.80745287306723,0.2946356237366263,21.18227138758186,0.002683089224066466,,,,,19.02337668900811,0.7060082284486937
19.81819364271188,0.2882597316770764,21.19301215722651,0.002619094932226004,,,,,19.03411745865276,0.7057684497051868
19.82893441235652,0.282693767774521,21.20375292687115,0.002550528766185668,,,,,19.0448582282974,0.7062799803169677
19.83967518200117,0.2778881678239432,21.2144936965158,0.002477831761110479,,,,,19.05559899794205,0.707561270209677
19.85041595164581,0.2737882652678651,21.22523446616044,0.002401476755266127,,,,,19.06633976758669,0.7096153111335775
19.86115672129046,0.270335270368317,21.23597523580509,0.002321960871058738,,,,,19.07708053723134,0.7124466903952452
19.87189749093511,0.2674672684637733,21.24671600544973,0.002239797923063824,,,,,19.08782130687598,0.7160505536465201
19.88263826057975,0.2651202253167258,21.25745677509438,0.002155510893208839,,,,,19.09856207652063,0.7204146861333115
19.8933790302244,0.2632289845768397,21.26819754473902,0.002069624606185473,,,,,19.10930284616527,0.7255198170183614
19.90411979986904,0.261726305315089,21.27893831438367,0.00198265872837735,,,,,19.12004361580992,0.7313359086227608
19.91486056951369,0.2605519777801376,21.28967908402831,0.001895121201438857,,,,,19.13078438545456,0.737839594807158
19.92560133915833,0.2596407129937774,21.30041985367296,0.001807502207545357,,,,,19.14152515509921,0.7449789939503543
19.93634210880298,0.2589322024832756,21.3111606233176,0.001720268747685616,,,,,19.15226592474386,0.7527078792934494
19.94708287844762,0.2583667943596456,21.32190139296225,0.001633859897639282,,,,,19.1630066943885,0.7609650883955227
19.95782364809227,0.2578971284772736,21.3326421626069,0.001548682788940466,,,,,19.17374746403315,0.7699518953245373
19.96856441773692,0.2574712828860568,21.34338293225154,0.001465109344632842,,,,,19.18448823367779,0.7795896741247178
19.97930518738156,0.2571914473672289,21.35412370189619,0.001383434951118734,,,,,19.19522900332244,0.7895435958906257
19.99004595702621,0.2570180872994779,21.36486447154083,0.001304040623535978,,,,,19.20596977296708,0.799726595011383
20.00078672667085,0.25677022847217,21.37560524118548,0.001227131482978505,,,,,19.21671054261173,0.8100461548047324
20.0115274963155,0.2564186416629181,21.38634601083012,0.001152921546527748,,,,,19.22745131225637,0.8204050425701839
20.02226826596014,0.255939900065312,21.39708678047477,0.001081584438932702,,,,,19.23819208190102,0.8307015836946303
20.03300903560479,0.2553163527011594,21.40782755011942,0.001013254401015084,,,,,19.24893285154567,0.8408314756986276
20.04374980524943,0.2545362037531897,21.41856831976406,0.0009480278397032906,,,,,19.25967362119031,0.8507233190694961
20.05449057489408,0.2537626559027319,21.42930908940871,0.0008859653487938126,,,,,19.27041439083496,0.8602789251054874
20.06523134453873,0.2529931578663846,21.44004985905335,0.000827094125159132,,,,,19.2811551604796,0.8693420761661285
20.07597211418337,0.2520590146461455,21.450790628698,0.0007714107028029492,,,,,19.29189593012425,0.8778039220685685
20.08671288382802,0.2509653701752538,21.46153139834264,0.0007188839268121573,,,,,19.30263669976889,0.8855573476116954
20.09745365347266,0.2497174412721907,21.47227216798729,0.0006694580907293888,,,,,19.31337746941354,0.8924983057374873
20.10819442311731,0.2483358959674764,21.48301293763193,0.0006230561639901716,,,,,19.32411823905819,0.898526674134944
20.11893519276195,0.2468309143194738,21.49375370727658,0.0005795830406240915,,,,,19.33485900870283,0.9035476196333369
20.1296759624066,0.2452195579286484,21.50449447692123,0.0005391964509972918,,,,,19.34559977834748,0.9075114060594499
20.14041673205125,0.2435202962925238,21.51523524656587,0.0005017723486126945,,,,,19.35634054799212,0.9103500608000047
20.15115750169589,0.2417523652549904,21.52597601621052,0.000466907905160754,,,,,19.36708131763677,0.9119575778470949
20.16189827134054,0.239935138265195,21.53671678585516,0.0004344620721113533,,,,,19.37782208728141,0.9126555285472592
20.17263904098518,0.238087741206082,21.54745755549981,0.0004042423210001657,,,,,19.38856285692606,0.9123867960138942
20.18337981062983,0.2362272284404063,21.55819832514445,0.0003762103325059697,,,,,19.3993036265707,0.9106968094292204
20.19412058027447,0.2343710990654417,21.5689390947891,0.0003501608963137428,,,,,19.41004439621535,0.9075480719714958
20.20486134991912,0.2325331158738511,21.57967986443374,0.0003259533166553438,,,,,19.42078516586,0.9029156478907003
20.21560211956376,0.2307252199406857,21.59042063407839,0.0003034513297166967,,,,,19.43152593550464,0.896918790902391
20.22634288920841,0.2289566408974757,21.60116140372304,0.0002825243820226902,,,,,19.44226670514929,0.8895578083688267
20.23708365885306,0.2272336589928547,21.61190217336768,0.0002630486359727959,,,,,19.45300747479393,0.880825591336408
20.2478244284977,0.225559448815304,21.62264294301233,0.0002449077163989621,,,,,19.46374824443858,0.8707463764160555
20.25856519814235,0.2239340058573342,21.63338371265697,0.0002279932159976625,,,,,19.47448901408322,0.8592485641870774
20.26930596778699,0.2223535282060891,21.64412448230162,0.0002122049806165288,,,,,19.48522978372787,0.8465501623590665
20.28004673743164,0.2208129275810586,21.65486525194626,0.0001974511976648376,,,,,19.49597055337251,0.8327128525824201
20.29078750707628,0.2193027303109122,21.66560602159091,0.0001836483123920791,,,,,19.50671132301716,0.8176426903638132
20.30152827672093,0.2178045188035928,21.67634679123556,0.0001707207975605646,,,,,19.51745209266181,0.8014194240604452
20.31226904636557,0.2163179925154133,21.6870875608802,0.0001586008019085409,,,,,19.52819286230645,0.78439233097058
20.32300981601022,0.2148189032539733,21.69782833052485,0.0001472277025170001,,,,,19.5389336319511,0.7666681479194637
20.33375058565487,0.2132893729205799,21.70856910016949,0.0001365475847940246,,,,,19.54967440159574,0.7480915138541581
20.34449135529951,0.2117102877783897,21.71930986981414,0.0001265126724410613,,,,,19.56041517124039,0.728775251043107
20.35523212494416,0.2100596853478559,21.73005063945878,0.0001170807278191672,,,,,19.57115594088503,0.7088376230242157
20.3659728945888,0.2083219321692246,21.74079140910343,0.0001082144410054534,,,,,19.58189671052968,0.6884009744780538
20.37671366423345,0.2064725947008183,21.75153217874807,9.988082352297131e-05,,,,,19.59263748017432,0.6675903280384676
20.38745443387809,0.2044960797551771,23.50227763082529,0,,,,,19.60337824981897,0.6465309430197248
20.39819520352274,0.2023717508254434,,,,,,,19.61411901946362,0.6253792369455453
20.40893597316738,0.2000801804937393,,,,,,,19.62485978910826,0.6042581993922519
20.41967674281203,0.1976116303439462,,,,,,,19.63560055875291,0.5832652683835824
20.43041751245667,0.1951709182418217,,,,,,,19.64634132839755,0.5625181653583458
20.44115828210132,0.1927455129683497,,,,,,,19.6570820980422,0.5421228529357756
20.45189905174596,0.1900989483045422,,,,,,,19.66782286768684,0.5221833962581951
20.46263982139061,0.1872305245779521,,,,,,,19.67856363733149,0.502798250024757
20.47338059103526,0.1841296539230301,,,,,,,19.68930440697613,0.4840496826373266
20.4841213606799,0.1807936047902495,,,,,,,19.70004517662078,0.4660298440560707
20.49486213032455,0.1772228021917543,,,,,,,19.71078594626542,0.4487997219148376
20.50560289996919,0.173420805962608,,,,,,,19.72152671591007,0.4324188397566887
20.51634366961384,0.1693942318498049,,,,,,,19.73226748555471,0.4169549427048607
20.52708443925848,0.1651526193792254,,,,,,,19.74300825519936,0.4024527646603773
20.53782520890313,0.1607082514060001,,,,,,,19.75374902484401,0.3889104452770064
20.54856597854777,0.1560759310454455,,,,,,,19.76448979448865,0.3763428372793227
20.55930674819242,0.1512726754071073,,,,,,,19.7752305641333,0.3647541328208755
20.57004751783706,0.1463176245766956,,,,,,,19.78597133377794,0.3541382506128463
20.58078828748171,0.1412314155212455,,,,,,,19.79671210342259,0.3444793484525563
20.59152905712636,0.1360360785989211,,,,,,,19.80745287306723,0.335752450870005
20.602269826771,0.1307546421115922,,,,,,,19.81819364271188,0.3279241841806901
20.61301059641565,0.1254107950979082,,,,,,,19.82893441235652,0.3209535829227971
20.62375136606029,0.1200584062192946,,,,,,,19.83967518200117,0.3147930087043606
20.63449213570494,0.114721240702659,,,,,,,19.85041595164581,0.3093890961253949
20.64523290534958,0.1093926575189363,,,,,,,19.86115672129046,0.3046837610205571
20.65597367499423,0.1040950413658848,,,,,,,19.87189749093511,0.3006154585547399
20.66671444463887,0.09885075083430675,,,,,,,19.88263826057975,0.2971197841983849
20.67745521428352,0.09368021323714777,,,,,,,19.8933790302244,0.2941305205084987
20.68819598392817,0.08860291614340569,,,,,,,19.90411979986904,0.2915791463564706
20.69893675357281,0.08363691843024428,,,,,,,19.91486056951369,0.289403914275542
20.70967752321746,0.0787987120948144,,,,,,,19.92560133915833,0.2875375970586843
20.7204182928621,0.07410311504865842,,,,,,,19.93634210880298,0.2859177516723726
20.73115906250675,0.06956319431195955,,,,,,,19.94708287844762,0.2844822580675624
20.74189983215139,0.06519041259232046,,,,,,,19.95782364809227,0.2831816837441523
20.75264060179604,0.06099421857910953,,,,,,,19.96856441773692,0.2819614208954049
20.76338137144068,0.05698205289261776,,,,,,,19.97930518738156,0.2809346950806474
20.77412214108533,0.05315976743539217,,,,,,,19.99004595702621,0.2800594087104486
20.78486291072998,0.04953148178193072,,,,,,,20.00078672667085,0.2791384719489607
20.79560368037462,0.04609965209102457,,,,,,,20.0115274963155,0.2781440130339281
20.80634445001927,0.04286515576422373,,,,,,,20.02226826596014,0.2770502802741801
20.81708521966391,0.03982738917542152,,,,,,,20.03300903560479,0.2758336460972213
20.82782598930856,0.03698437585313021,,,,,,,20.04374980524943,0.2744803781130223
20.8385667589532,0.03433288259987215,,,,,,,20.05449057489408,0.2731522029462527
20.84930752859785,0.03186854117713132,,,,,,,20.06523134453873,0.2718451243056327
20.8600482982425,0.02958597335789808,,,,,,,20.07597211418337,0.2703890383933748
20.87078906788714,0.02747891734450055,,,,,,,20.08671288382802,0.2687881566280105
20.88152983753179,0.02554035375874081,,,,,,,20.09745365347266,0.2670466798052062
20.89227060717643,0.02376262962702278,,,,,,,20.10819442311731,0.2651855731388039
20.90301137682108,0.02213521743664119,,,,,,,20.11893519276195,0.2632143718008724
20.91375214646572,0.02065479889371227,,,,,,,20.1296759624066,0.2611501204454443
20.92449291611037,0.01930953095846324,,,,,,,20.14041673205125,0.2590114489685671
20.93523368575501,0.01809040365200186,,,,,,,20.15115750169589,0.2568221341976321
20.94597445539966,0.01698832380078173,,,,,,,20.16189827134054,0.2546019474624109
20.95671522504431,0.01599419469550251,,,,,,,20.17263904098518,0.2523663251575668
20.96745599468895,0.01509900761473595,,,,,,,20.18337981062983,0.2501324866883335
20.9781967643336,0.01429117028657307,,,,,,,20.19412058027447,0.2479190199509944
20.98893753397824,0.01356816004600664,,,,,,,20.20486134991912,0.2457399880712896
20.99967830362289,0.01291816709495242,,,,,,,20.21560211956376,0.243607881003381
21.01041907326753,0.01233322836712672,,,,,,,20.22634288920841,0.241532432611456
21.02115984291218,0.0118057603508914,,,,,,,20.23708365885306,0.2395203595479165
21.03190061255682,0.01132859676925175,,,,,,,20.2478244284977,0.2375751842257211
21.04264138220147,0.01089501888951083,,,,,,,20.25856519814235,0.2356971433470326
21.05338215184612,0.01049877876874411,,,,,,,20.26930596778699,0.2338825541562354
21.06412292149076,0.01013411576878499,,,,,,,20.28004673743164,0.2321262776903901
21.07486369113541,0.00979576669808058,,,,,,,20.29078750707628,0.2304187654402265
21.08560446078005,0.009478969962439181,,,,,,,20.30152827672093,0.2287409648647954
21.0963452304247,0.009189971574889488,,,,,,,20.31226904636557,0.2270927471445986
21.10708600006934,0.008924912858927611,,,,,,,20.32300981601022,0.2254488993983091
21.11782676971399,0.008669820389083692,,,,,,,20.33375058565487,0.2237907926035768
21.12856753935863,0.00842169859549508,,,,,,,20.34449135529951,0.2220984204297866
21.13930830900328,0.008178005326635424,,,,,,,20.35523212494416,0.2203487352914499
21.15004907864792,0.007936631387947929,,,,,,,20.3659728945888,0.2185250882064258
21.16078984829257,0.007695877035450526,,,,,,,20.37671366423345,0.2166016499906508
21.17153061793721,0.007454425870990725,,,,,,,20.38745443387809,0.2145616172303568
21.18227138758186,0.007211316592614283,,,,,,,20.39819520352274,0.2123828436282738
21.19301215722651,0.006965913056704963,,,,,,,20.40893597316738,0.2100441291958729
21.20375292687115,0.006717873107541252,,,,,,,20.41967674281203,0.2075348284530324
21.2144936965158,0.006467116624197902,,,,,,,20.43041751245667,0.205063443088508
21.22523446616044,0.006213793223934707,,,,,,,20.44115828210132,0.2026158314200769
21.23597523580509,0.00595825004516274,,,,,,,20.45189905174596,0.1999478091747003
21.24671600544973,0.005701000011736485,,,,,,,20.46263982139061,0.1970581116643184
21.25745677509438,0.005442690953845899,,,,,,,20.47338059103526,0.1939339925760787
21.26819754473902,0.005184075929507901,,,,,,,20.4841213606799,0.19057123571579
21.27893831438367,0.004925985055078454,,,,,,,20.49486213032455,0.1869688692148914
21.28967908402831,0.004669299113964887,,,,,,,20.50560289996919,0.1831291601540033
21.30041985367296,0.004414925170574366,,,,,,,20.51634366961384,0.179057550464585
21.3111606233176,0.004163774372340798,,,,,,,20.52708443925848,0.1747625378821182
21.32190139296225,0.003916742077341018,,,,,,,20.53782520890313,0.1702550522436529
21.3326421626069,0.003674690399481766,,,,,,,20.54856597854777,0.1655501597952589
21.34338293225154,0.003438433218445557,,,,,,,20.55930674819242,0.1606636838695579
21.35412370189619,0.003205144838191655,,,,,,,20.57004751783706,0.1556144155876751
21.36486447154083,0.00298345534714766,,,,,,,20.58078828748171,0.1504227082487805
21.37560524118548,0.002769431256999438,,,,,,,20.59152905712636,0.1451104952880052
21.38634601083012,0.00256362654699041,,,,,,,20.602269826771,0.1397008913620695
21.39708678047477,0.002366501102402602,,,,,,,20.61301059641565,0.1342178274067889
21.40782755011942,0.002178420518445943,,,,,,,20.62375136606029,0.1287238880854495
21.41856831976406,0.001999657467758268,,,,,,,20.63449213570494,0.1232433108414075
21.42930908940871,0.001830394467404485,,,,,,,20.64523290534958,0.1177616740886317
21.44004985905335,0.001670727867665543,,,,,,,20.65597367499423,0.1123019044463869
21.450790628698,0.001520672876553181,,,,,,,20.66671444463887,0.1068874212891197
21.46153139834264,0.001380169430594486,,,,,,,20.67745521428352,0.101539381395287
21.47227216798729,0.001249088723615319,,,,,,,20.68819598392817,0.09627825108049713
21.48301293763193,0.001127240210543064,,,,,,,20.69893675357281,0.09112314233388716
21.49375370727658,0.001014378912112678,,,,,,,20.70967752321746,0.08609165853118973
21.50449447692123,0.0009102128613335531,,,,,,,20.7204182928621,0.08119977049113819
21.51523524656587,0.0008144105312301039,,,,,,,20.73115906250675,0.07646172254405387
21.52597601621052,0.0007266081275325735,,,,,,,20.74189983215139,0.0718901618569851
21.53671678585516,0.0006464166316268346,,,,,,,20.75264060179604,0.06749571160721203
21.54745755549981,0.0005729450129864183,,,,,,,20.76338137144068,0.06328696020753784
21.55819832514445,0.0005068471001434614,,,,,,,20.77412214108533,0.05927086458707877
21.5689390947891,0.0004470835722978596,,,,,,,20.78486291072998,0.05545259140767839
21.57967986443374,0.000393231375187059,,,,,,,20.79560368037462,0.05183556832200444
21.59042063407839,0.000344869904757618,,,,,,,20.80634445001927,0.0484215711785592
21.60116140372304,0.0003015852530922101,,,,,,,20.81708521966391,0.04521078635205793
21.61190217336768,0.0002629738483093169,,,,,,,20.82782598930856,0.04220192667206633
21.62264294301233,0.000228645503948214,,,,,,,20.8385667589532,0.03939233528457522
21.63338371265697,0.0001982259025599086,,,,,,,20.84930752859785,0.03677810163328677
21.64412448230162,0.0001713585457471926,,,,,,,20.8600482982425,0.03435418280772109
21.65486525194626,0.0001477062087652988,,,,,,,20.87078906788714,0.03211452828734732
21.66560602159091,0.000126948798421875,,,,,,,20.88152983753179,0.03005220628406928
21.67634679123556,0.000108797215523041,,,,,,,20.89227060717643,0.02815953006504071
21.6870875608802,9.297249545608996e-05,,,,,,,20.90301137682108,0.02642560221234582
23.50227763082529,0,,,,,,,20.91375214646572,0.02484732896642075
,,,,,,,,20.92449291611037,0.02341222432260912
,,,,,,,,20.93523368575501,0.02211075917103254
,,,,,,,,20.94597445539966,0.02093343625824258
,,,,,,,,20.95671522504431,0.01987046672641106
,,,,,,,,20.96745599468895,0.01891216876997677
,,,,,,,,20.9781967643336,0.01804622656068229
,,,,,,,,20.98893753397824,0.01726937189342269
,,,,,,,,20.99967830362289,0.01656901717941156
,,,,,,,,21.01041907326753,0.01593641970865255
,,,,,,,,21.02115984291218,0.01536322300525947
,,,,,,,,21.03190061255682,0.0148415069960105
,,,,,,,,21.04264138220147,0.0143638300097206
,,,,,,,,21.05338215184612,0.01392326272940567
,,,,,,,,21.06412292149076,0.01351341427092393
,,,,,,,,21.07486369113541,0.0131283821126026
,,,,,,,,21.08560446078005,0.01276305227606224
,,,,,,,,21.0963452304247,0.01242723575790075
,,,,,,,,21.10708600006934,0.012116682256196
,,,,,,,,21.11782676971399,0.01181298543672123
,,,,,,,,21.12856753935863,0.01151288192005732
,,,,,,,,21.13930830900328,0.01121364278982833
,,,,,,,,21.15004907864792,0.01091305221223803
,,,,,,,,21.16078984829257,0.01060938166746029
,,,,,,,,21.17153061793721,0.01030136034298566
,,,,,,,,21.18227138758186,0.009988142265788315
,,,,,,,,21.19301215722651,0.009669270770013897
,,,,,,,,21.20375292687115,0.009344640908921304
,,,,,,,,21.2144936965158,0.009014460423363114
,,,,,,,,21.22523446616044,0.008679209873722988
,,,,,,,,21.23597523580509,0.008339602527762406
,,,,,,,,21.24671600544973,0.007996544573354197
,,,,,,,,21.25745677509438,0.007651096192953239
,,,,,,,,21.26819754473902,0.007304433996489023
,,,,,,,,21.27893831438367,0.006957815262007839
,,,,,,,,21.28967908402831,0.006612544379893981
,,,,,,,,21.30041985367296,0.006269941838075921
,,,,,,,,21.3111606233176,0.005931316023612881
,,,,,,,,21.32190139296225,0.005597938051875442
,,,,,,,,21.3326421626069,0.0052710197696253
,,,,,,,,21.34338293225154,0.00495169501409271
,,,,,,,,21.35412370189619,0.004637334624957215
,,,,,,,,21.36486447154083,0.004337022503410364
,,,,,,,,21.37560524118548,0.004046926339370592
,,,,,,,,21.38634601083012,0.003767780340960307
,,,,,,,,21.39708678047477,0.003500187744478788
,,,,,,,,21.40782755011942,0.003244621396780998
,,,,,,,,21.41856831976406,0.003001426472551558
,,,,,,,,21.42930908940871,0.00277082508798942
,,,,,,,,21.44004985905335,0.002552922554085942
,,,,,,,,21.450790628698,0.002347715001816505
,,,,,,,,21.46153139834264,0.002155098107784084
,,,,,,,,21.47227216798729,0.001974876651608781
,,,,,,,,21.48301293763193,0.001806774644982381
,,,,,,,,21.49375370727658,0.001650445786037883
,,,,,,,,21.50449447692123,0.001505832696685691
,,,,,,,,21.51523524656587,0.001372476980153568
,,,,,,,,21.52597601621052,0.001249529412797724
,,,,,,,,21.53671678585516,0.001136460112007601
,,,,,,,,21.54745755549981,0.001032100850181732
,,,,,,,,21.55819832514445,0.0009372628604209291
,,,,,,,,21.5689390947891,0.0008505968426353828
,,,,,,,,21.57967986443374,0.0007715462030111397
,,,,,,,,21.59042063407839,0.0006995622873456612
,,,,,,,,21.60116140372304,0.0006341097920677552
,,,,,,,,21.61190217336768,0.0005746712851992055
,,,,,,,,21.62264294301233,0.0005207508690054198
,,,,,,,,21.63338371265697,0.0004718770293923608
,,,,,,,,21.64412448230162,0.0004276047278202797
,,,,,,,,21.65486525194626,0.0003875167996647558
,,,,,,,,21.66560602159091,0.0003512215850025091
,,,,,,,,21.67634679123556,0.0003183664209812246
,,,,,,,,21.6870875608802,0.0002886162969824973
,,,,,,,,21.69782833052485,0.00026166818187266
,,,,,,,,21.70856910016949,0.0002372460163791723
,,,,,,,,21.71930986981414,0.0002150994656380024
,,,,,,,,21.73005063945878,0.0001950024729309692
,,,,,,,,21.74079140910343,0.0001767516730923065
,,,,,,,,21.75153217874807,0.0001601647181435202
,,,,,,,,21.76227294839272,0.0001450785614518967
,,,,,,,,21.77301371803737,0.0001313477403057994
,,,,,,,,21.78375448768201,0.0001188426904391532
,,,,,,,,21.79449525732666,0.0001074481198715806
,,,,,,,,21.8052360269713,9.706146358550431e-05
,,,,,,,,23.50227763082529,0
