-77.11162072439821,0,-77.11162072439821,0,-77.11162072439821,0,-77.11162072439821,0,-77.11162072439821,0
-77.10119484490127,0,-77.10119484490127,0,-77.10119484490127,0,-77.10119484490127,0,-77.10119484490127,0
-76.02732925671762,0.0001401249939537423,-75.5164611613681,0.0001001129866472435,-75.61029407684046,0.0001076865614724013,21.29825584711243,0,-76.02732925671762,0.0001402233321532912
-76.01690337722069,0.0001772562359302513,-75.50603528187118,0.0001108529660153082,-75.59986819734354,0.0001221912382127615,,,-76.01690337722069,0.0001773806324323197
-76.00647749772376,0.0002236182552448367,-75.49560940237424,0.0001224120112900536,-75.5894423178466,0.0001382733349903958,,,-76.00647749772376,0.0002237751881087504
-75.99605161822683,0.0002813408547055665,-75.48518352287732,0.0001348095210115465,-75.57901643834968,0.0001560474318210695,,,-75.99605161822683,0.0002815382966631407
-75.98562573872989,0.0003530028131491346,-75.47475764338039,0.0001480597165322153,-75.56859055885275,0.0001756283533551266,,,-75.98562573872989,0.0003532505466911768
-75.97519985923297,0.0004417162192278669,-75.46433176388346,0.0001621709562359542,-75.55816467935583,0.0001971298763314729,,,-75.97519985923297,0.0004420262108752154
-75.96477397973604,0.0005512242841635607,-75.45390588438653,0.0001771450647715293,-75.54773879985889,0.0002206632881471846,,,-75.96477397973604,0.0005516111273820533
-75.95434810023912,0.00068601427684709,-75.44348000488961,0.0001929766902053301,-75.53731292036197,0.0002463358027600357,,,-75.95434810023912,0.0006864957142191572
-75.94392222074218,0.0008514473181881913,-75.43305412539267,0.0002096527026911334,-75.52688704086503,0.00027424884377934,,,-75.94392222074218,0.0008520448546727176
-75.93349634124526,0.001053906846445539,-75.42262824589575,0.0002271516487047933,-75.5164611613681,0.000304496208456953,,,-75.93349634124526,0.00105464646682908
-75.92307046174832,0.001300967614695249,-75.41220236639882,0.0002454432750654624,-75.50603528187118,0.0003371621302918966,,,-75.92307046174832,0.001301880619643836
-75.9126445822514,0.00160158709804099,-75.40177648690189,0.0002644881368326212,-75.49560940237424,0.0003723192620229088,,,-75.9126445822514,0.001602711074479442
-75.90221870275447,0.001966321163192365,-75.39135060740496,0.0002842373027063335,-75.48518352287732,0.0004100266048055619,,,-75.90221870275447,0.001967701106038158
-75.89179282325755,0.002407565777421453,-75.38092472790804,0.0003046321707505744,-75.47475764338039,0.0004503274132468617,,,-75.89179282325755,0.002409255380947327
-75.88136694376061,0.002939826397772495,-75.3704988484111,0.0003256044060983447,-75.46433176388346,0.000493247109585119,,,-75.88136694376061,0.002941889536023468
-75.87094106426369,0.003580016474378891,-75.36007296891418,0.0003470760107840883,-75.45390588438653,0.0005387912435362068,,,-75.87094106426369,0.003582528891075675
-75.86051518476675,0.004347786213209569,-75.34964708941725,0.0003689595339951495,-75.44348000488961,0.0005869435370572166,,,-75.86051518476675,0.004350837442374095
-75.85008930526983,0.00526588236292937,-75.33922120992031,0.0003911584288615354,-75.43305412539267,0.0006376640553851727,,,-75.85008930526983,0.005269577902004847
-75.8396634257729,0.006360539307611539,-75.32879533042339,0.0004135675594444745,-75.42262824589575,0.0006908875470778864,,,-75.8396634257729,0.006365003065047112
-75.82923754627596,0.007661901152391831,-75.31836945092645,0.0004360738588817898,-75.41220236639882,0.0007465219963123339,,,-75.82923754627596,0.007667278191442387
-75.81881166677904,0.009204473774709187,-75.30794357142953,0.0004585571367541722,-75.40177648690189,0.0008044474302934437,,,-75.81881166677904,0.009210933374479797
-75.80838578728211,0.01102760497328656,-75.2975176919326,0.0004808910307118739,-75.39135060740496,0.0008645150232214428,,,-75.80838578728211,0.01103534402674028
-75.79795990778518,0.01317598987665719,-75.28709181243568,0.000502944094314307,-75.38092472790804,0.0009265465358096473,,,-75.79795990778518,0.01318523664331306
-75.78753402828825,0.01570019767210034,-75.27666593293874,0.0005245810099592694,-75.3704988484111,0.0009903341258129745,,,-75.78753402828825,0.01571121590038405
-75.77710814879133,0.01865721448731226,-75.26624005344182,0.0005456639127915197,-75.36007296891418,0.001055640560425027,,,-75.77710814879133,0.01867030791789528
-75.76668226929439,0.02211099590838567,-75.25581417394488,0.0005660538086611481,-75.34964708941725,0.001122199855763274,,,-75.76668226929439,0.0221265131652755
-75.75625638979747,0.02613302116111184,-75.24538829444796,0.000585612066628835,-75.33922120992031,0.001189718362054237,,,-75.75625638979747,0.02615136103166061
-75.74583051030054,0.03080283943625917,-75.23496241495103,0.0006042019642625846,-75.32879533042339,0.001257876305652152,,,-75.74583051030054,0.03082445653457752
-75.73540463080361,0.0362085972274245,-75.22453653545411,0.0006216902621082091,-75.31836945092645,0.001326329790804951,,,-75.73540463080361,0.03623400802787536
-75.72497875130668,0.04244753390286858,-75.21411065595717,0.0006379487823049905,-75.30794357142953,0.001394713255279418,,,-75.72497875130668,0.04247732312134789
-75.71455287180976,0.0496264310876848,-75.20368477646025,0.0006528559654097939,-75.2975176919326,0.001462642364758113,,,-75.71455287180976,0.04966125837827375
-75.70412699231282,0.05786199983365857,-75.19325889696331,0.0006662983791264964,-75.28709181243568,0.001529717321531325,,,-75.70412699231282,0.05790260675698749
-75.6937011128159,0.06728118805168073,-75.18283301746638,0.0006781721528384387,-75.27666593293874,0.001595526553652314,,,-75.6937011128159,0.06732840525904561
-75.68327523331897,0.07802138933200582,-75.17240713796946,0.0006883843126203135,-75.26624005344182,0.001659650741639101,,,-75.68327523331897,0.07807614389603278
-75.67284935382203,0.09023053314263096,-75.16198125847252,0.0006968539927575575,-75.25581417394488,0.001721667131231099,,,-75.67284935382203,0.0902938559512408
-75.66242347432511,0.1040670355413792,-75.1515553789756,0.0007035135017052103,-75.24538829444796,0.001781154072882016,,,-75.66242347432511,0.1041400686571623
-75.65199759482817,0.1196995890313456,-75.14112949947867,0.0007083092228381285,-75.23496241495103,0.001837695721819383,,,-75.65199759482817,0.1197835929034598
-75.64157171533125,0.1373067701016021,-75.13070361998174,0.000711202333229415,-75.22453653545411,0.001890886826836777,,,-75.64157171533125,0.1374031305022464
-75.63114583583432,0.1570764433936995,-75.12027774048481,0.0007121693269796047,-75.21411065595717,0.001940337531693728,,,-75.63114583583432,0.1571866779364391
-75.6207199563374,0.1792049423843097,-75.10985186098789,0.0007121693269796047,-75.20368477646025,0.001985678110236054,,,-75.6207199563374,0.1793307064674123
-75.61029407684046,0.2038960080339359,-75.09942598149095,0.000711202333229415,-75.19325889696331,0.002026563555234996,,,-75.61029407684046,0.2040391000388632
-75.59986819734354,0.231359469070716,-75.08900010199403,0.0007083092228381285,-75.18283301746638,0.002062677941554344,,,-75.59986819734354,0.2315218346344536
-75.5894423178466,0.2618096504948433,-75.0785742224971,0.0007035135017052103,-75.17240713796946,0.002093738486623229,,,-75.5894423178466,0.2619933856653347
-75.57901643834968,0.2954635005261846,-75.06814834300017,0.0006968539927575575,-75.16198125847252,0.002119499235303331,,,-75.57901643834968,0.2956708536032792
-75.56859055885275,0.3325384305808803,-75.05772246350324,0.0006883843126203135,-75.1515553789756,0.002139754302029994,,,-75.56859055885275,0.332771802441399
-75.55816467935583,0.3732498679374397,-75.04729658400632,0.0006781721528384387,-75.14112949947867,0.002154340610467039,,,-75.55816467935583,0.3735118106427287
-75.54773879985889,0.4178085265020188,-75.03687070450938,0.0006662983791264964,-75.13070361998174,0.00216314007968973,,,-75.54773879985889,0.4181017399901562
-75.53731292036197,0.466417407444835,-75.02644482501245,0.0006528559654097939,-75.12027774048481,0.002166081215903874,,,-75.53731292036197,0.4667447341179163
-75.52688704086503,0.5192685483681367,-75.01601894551553,0.0006379487823049905,-75.10985186098789,0.002166081215903874,,,-75.52688704086503,0.5196329653981617
-75.5164611613681,0.5765395469680182,-75.00559306601859,0.0006216902621082091,-75.09942598149095,0.00216314007968973,,,-75.5164611613681,0.5769441561631223
-75.50603528187118,0.6383898927291332,-74.99516718652167,0.0006042019642625846,-75.08900010199403,0.002154340610467039,,,-75.50603528187118,0.6388379078254403
-75.49560940237424,0.7049571478802208,-74.98474130702473,0.000585612066628835,-75.0785742224971,0.002139754302029994,,,-75.49560940237424,0.7054518791535335
-75.48518352287732,0.7763530264543608,-74.97431542752781,0.0005660538086611481,-75.06814834300017,0.002119499235303331,,,-75.48518352287732,0.7768978625801777
-75.47475764338039,0.8526594276372725,-74.96388954803088,0.0005456639127915197,-75.05772246350324,0.002093738486623229,,,-75.47475764338039,0.8532578147670516
-75.46433176388346,0.9339244864314676,-74.95346366853396,0.0005245810099592694,-75.04729658400632,0.002062677941554344,,,-75.46433176388346,0.9345799044972888
-75.45390588438653,1.020158710786097,-74.94303778903702,0.000502944094314307,-75.03687070450938,0.002026563555234996,,,-75.45390588438653,1.020874647094405
-75.44348000488961,1.111331279511197,-74.9326119095401,0.0004808910307118739,-75.02644482501245,0.001985678110236054,,,-75.44348000488961,1.11211119973846
-75.43305412539267,1.207366579283795,-74.92218603004316,0.0004585571367541722,-75.01601894551553,0.001940337531693728,,,-75.43305412539267,1.208213896041871
-75.42262824589575,1.308141061646229,-74.91176015054624,0.0004360738588817898,-75.00559306601859,0.001890886826836777,,,-75.42262824589575,1.309059100842012
-75.41220236639882,1.413480501897348,-74.90133427104931,0.0004135675594444745,-74.99516718652167,0.001837695721819383,,,-75.41220236639882,1.414472467168726
-75.40177648690189,1.523157741015143,-74.89090839155239,0.0003911584288615354,-74.98474130702473,0.001781154072882016,,,-75.40177648690189,1.524226676582269
-75.39135060740496,1.636890989089606,-74.88048251205545,0.0003689595339951495,-74.97431542752781,0.001721667131231099,,,-75.39135060740496,1.638039741415533
-75.38092472790804,1.754342764093892,-74.87005663255852,0.0003470760107840883,-74.96388954803088,0.001659650741639101,,,-75.38092472790804,1.755573942800452
-75.3704988484111,1.875119533135005,-74.85963075306159,0.0003256044060983447,-74.95346366853396,0.001595526553652314,,,-75.3704988484111,1.876435471666916
-75.36007296891418,1.998772114610915,-74.84920487356466,0.0003046321707505744,-74.94303778903702,0.001529717321531325,,,-75.36007296891418,2.000174831182123
-75.34964708941725,2.124796889025301,-74.83877899406774,0.0002842373027063335,-74.9326119095401,0.001462642364758113,,,-75.34964708941725,2.126288048415059
-75.33922120992031,2.25263785370008,-74.8283531145708,0.0002644881368326212,-74.92218603004316,0.001394713255279418,,,-75.33922120992031,2.254218730490995
-75.32879533042339,2.38168954246608,-74.81792723507388,0.0002454432750654624,-74.91176015054624,0.001326329790804951,,,-75.32879533042339,2.383360986331176
-75.31836945092645,2.511300815848999,-74.80750135557695,0.0002271516487047933,-74.90133427104931,0.001257876305652152,,,-75.31836945092645,2.513063219498685
-75.30794357142953,2.640779510601897,-74.79707547608002,0.0002096527026911334,-74.89090839155239,0.001189718362054237,,,-75.30794357142953,2.642632780993929
-75.2975176919326,2.769397920017411,-74.78664959658309,0.0001929766902053301,-74.88048251205545,0.001122199855763274,,,-75.2975176919326,2.771341453412881
-75.28709181243568,2.896399058674918,-74.77622371708617,0.0001771450647715293,-74.87005663255852,0.001055640560425027,,,-75.28709181243568,2.898431720090763
-75.27666593293874,3.021003647564938,-74.76579783758923,0.0001621709562359542,-74.85963075306159,0.0009903341258129745,,,-75.27666593293874,3.023123755128549
-75.26624005344182,3.142417738331263,-74.75537195809231,0.0001480597165322153,-74.84920487356466,0.0009265465358096473,,,-75.26624005344182,3.144623052985693
-75.25581417394488,3.259840879135388,-74.74494607859538,0.0001348095210115465,-74.83877899406774,0.0008645150232214428,,,-75.25581417394488,3.262128600075279
-75.24538829444796,3.372474709828163,-74.73452019909845,0.0001224120112900536,-74.8283531145708,0.0008044474302934437,,,-75.24538829444796,3.374841475967674
-75.23496241495103,3.479531861141698,-74.72409431960152,0.0001108529660153082,-74.81792723507388,0.0007465219963123339,,,-75.23496241495103,3.48197375882778
-75.22453653545411,3.580245021889616,-74.71366844010458,0.0001001129866472435,-74.80750135557695,0.0006908875470778864,,,-75.22453653545411,3.582757598978561
-75.21411065595717,3.673876030038956,-74.70324256060766,9.016818624585441e-05,-74.79707547608002,0.0006376640553851727,,,-75.21411065595717,3.676454316352954
-75.20368477646025,3.759724838286945,-46.61592319588156,0.0004205448778004278,-74.78664959658309,0.0005869435370572166,,,-75.20368477646025,3.76236337236259
-75.19325889696331,3.837138202665858,-46.60549731638464,0.0005319836238726953,-74.77622371708617,0.0005387912435362068,,,-75.19325889696331,3.839831064600219
-75.18283301746638,3.905517943855733,-46.5950714368877,0.0006711258939067606,-74.76579783758923,0.000493247109585119,,,-75.18283301746638,3.908258793950126
-75.17240713796946,3.964328635369242,-46.58464555739077,0.0008443636786273743,-74.75537195809231,0.0004503274132468617,,,-75.17240713796946,3.967110758168486
-75.16198125847252,4.01310458055702,-46.57421967789384,0.001059436441210603,-74.74494607859538,0.0004100266048055619,,,-75.16198125847252,4.01592093378508
-75.1515553789756,4.051455951346085,-46.56379379839692,0.001325684220896191,-74.73452019909845,0.0003723192620229088,,,-75.1515553789756,4.05429921914982
-75.14112949947867,4.079073975560068,-46.55336791889999,0.001654341189843113,-74.72409431960152,0.0003371621302918966,,,-75.14112949947867,4.081936625393373
-75.13070361998174,4.095735076284174,-46.54294203940306,0.002058874595357679,-74.71366844010458,0.000304496208456953,,,-75.13070361998174,4.098609418697093
-75.12027774048481,4.101303885659721,-46.53251615990613,0.002555374300313338,-74.70324256060766,0.00027424884377934,,,-75.12027774048481,4.104182136202605
-75.10985186098789,4.101303885659721,-46.5220902804092,0.003162998359149165,-74.69281668111073,0.0002463358027600357,,,-75.10985186098789,4.104182136202605
-75.09942598149095,4.095735076284174,-46.51166440091227,0.003904480215178027,-74.68239080161381,0.0002206632881471846,,,-75.09942598149095,4.098609418697093
-75.08900010199403,4.079073975560068,-46.50123852141535,0.004806703154290499,-74.67196492211687,0.0001971298763314729,,,-75.08900010199403,4.081936625393373
-75.0785742224971,4.051455951346085,-46.49081264191842,0.005901347575180706,-74.66153904261995,0.0001756283533551266,,,-75.0785742224971,4.05429921914982
-75.06814834300017,4.01310458055702,-46.48038676242149,0.0072256164092784,-74.65111316312301,0.0001560474318210695,,,-75.06814834300017,4.01592093378508
-75.05772246350324,3.964328635369242,-46.46996088292456,0.008823043615001613,-74.64068728362609,0.0001382733349903958,,,-75.05772246350324,3.967110758168486
-75.04729658400632,3.905517943855733,-46.45953500342763,0.01074439004963098,-74.63026140412916,0.0001221912382127615,,,-75.04729658400632,3.908258793950126
-75.03687070450938,3.837138202665858,-46.4491091239307,0.01304863015616046,-74.61983552463224,0.0001076865614724013,,,-75.03687070450938,3.839831064600219
-75.02644482501245,3.759724838286945,-46.43868324443378,0.01580403176010568,-74.6094096451353,9.464611019267335e-05,,,-75.02644482501245,3.76236337236259
-75.01601894551553,3.673876030038956,-46.42825736493684,0.01908932982182565,-46.2301656544952,0.0001117739672445136,,,-75.01601894551553,3.676454316352954
-75.00559306601859,3.580245021889616,-46.41783148543991,0.02299499320524699,-46.21973977499827,0.0001278673821092761,,,-75.00559306601859,3.582757598978561
-74.99516718652167,3.479531861141698,-46.40740560594298,0.02762458137967997,-46.20931389550134,0.0001458809885725007,,,-74.99516718652167,3.48197375882778
-74.98474130702473,3.372474709828163,-46.39697972644606,0.03309618544892242,-46.19888801600441,0.0001659806410594923,,,-74.98474130702473,3.374841475967674
-74.97431542752781,3.259840879135388,-46.38655384694913,0.03954394498962606,-46.18846213650748,0.0001883371497157995,,,-74.97431542752781,3.262128600075279
-74.96388954803088,3.142417738331263,-46.3761279674522,0.04711962887674161,-46.17803625701055,0.0002131249848572962,,,-74.96388954803088,3.144623052985693
-74.95346366853396,3.021003647564938,-46.36570208795527,0.05599426458675368,-46.16761037751363,0.0002405207522201979,,,-74.95346366853396,3.023123755128549
-74.94303778903702,2.896399058674918,-46.35527620845834,0.06635979642152538,-46.1571844980167,0.0002707014346035921,,,-74.94303778903702,2.898431720090763
-74.9326119095401,2.769397920017411,-46.34485032896141,0.07843074872412699,-46.14675861851977,0.0003038423996281277,,,-74.9326119095401,2.771341453412881
-74.92218603004316,2.640779510601897,-46.33442444946449,0.09244586551706931,-46.13633273902284,0.0003401151780145929,,,-74.92218603004316,2.642632780993929
-74.91176015054624,2.511300815848999,-46.32399856996756,0.1086696931552337,-46.12590685952591,0.0003796850219652912,,,-74.91176015054624,2.513063219498685
-74.90133427104931,2.38168954246608,-46.31357269047063,0.127394067642239,-46.11548098002898,0.0004227082588386445,,,-74.90133427104931,2.383360986331176
-74.89090839155239,2.25263785370008,-46.3031468109737,0.1489394633218065,-46.10505510053205,0.0004693294612515113,,,-74.89090839155239,2.254218730490995
-74.88048251205545,2.124796889025301,-46.29272093147677,0.1736561548567649,-46.09462922103512,0.0005196784609115363,,,-74.88048251205545,2.126288048415059
-74.87005663255852,1.998772114610915,-46.28229505197984,0.201925139899041,-46.08420334153819,0.0005738672397409354,,,-74.87005663255852,2.000174831182123
-74.85963075306159,1.875119533135005,-46.27186917248291,0.2341587658036199,-46.07377746204126,0.0006319867380528841,,,-74.85963075306159,1.876435471666916
-74.84920487356466,1.754342764093892,-46.26144329298598,0.2708010003330443,-46.06335158254434,0.000694103625516294,,,-74.84920487356466,1.755573942800452
-74.83877899406774,1.636890989089606,-46.25101741348905,0.3123272837339042,-46.05292570304741,0.0007602570862164803,,,-74.83877899406774,1.638039741415533
-74.8283531145708,1.523157741015143,-46.24059153399212,0.3592438980483844,-46.04249982355048,0.0008304556741028463,,,-74.8283531145708,1.524226676582269
-74.81792723507388,1.413480501897348,-46.2301656544952,0.4120867892605361,-46.03207394405355,0.0009046742993223949,,,-74.81792723507388,1.414472467168726
-74.80750135557695,1.308141061646229,-46.21973977499827,0.4714197790733606,-46.02164806455662,0.0009828514091849054,,,-74.80750135557695,1.309059100842012
-74.79707547608002,1.207366579283795,-46.20931389550134,0.5378321059633453,-46.01122218505969,0.001064886429616357,,,-74.79707547608002,1.208213896041871
-74.78664959658309,1.111331279511197,-46.19888801600441,0.6119352398397486,-46.00079630556277,0.001150637533771465,,,-74.78664959658309,1.11211119973846
-74.77622371708617,1.020158710786097,-46.18846213650748,0.6943589212959081,-45.99037042606584,0.001239919803855816,,,-74.77622371708617,1.020874647094405
-74.76579783758923,0.9339244864314676,-46.17803625701055,0.7857463851928762,-45.97994454656891,0.001332503850042907,,,-74.76579783758923,0.9345799044972888
-74.75537195809231,0.8526594276372725,-46.16761037751363,0.8867487392312746,-45.96951866707198,0.001428114946585524,,,-74.75537195809231,0.8532578147670516
-74.74494607859538,0.7763530264543608,-46.1571844980167,0.998018481262154,-45.95909278757505,0.001526432739777442,,,-74.74494607859538,0.7768978625801777
-74.73452019909845,0.7049571478802208,-46.14675861851977,1.120202154317983,-45.94866690807812,0.001627091575327654,,,-74.73452019909845,0.7054518791535335
-74.72409431960152,0.6383898927291332,-46.13633273902284,1.253932155599395,-45.93824102858119,0.001729681484018736,,,-74.72409431960152,0.6388379078254403
-74.71366844010458,0.5765395469680182,-46.12590685952591,1.399817734747827,-45.92781514908426,0.001833749854336472,,,-74.71366844010458,0.5769441561631223
-74.70324256060766,0.5192685483681367,-46.11548098002898,1.558435237407919,-45.91738926958733,0.001938803809231095,,,-74.70324256060766,0.5196329653981617
-74.69281668111073,0.466417407444835,-46.10505510053205,1.730317671998043,-45.9069633900904,0.002044313291501358,,,-74.69281668111073,0.4667447341179163
-74.68239080161381,0.4178085265020188,-46.09462922103512,1.915943700346768,-45.89653751059348,0.002149714848725841,,,-74.68239080161381,0.4181017399901562
-74.67196492211687,0.3732498679374397,-46.08420334153819,2.115726175929001,-45.88611163109655,0.002254416094486798,,,-74.67196492211687,0.3735118106427287
-74.66153904261995,0.3325384305808803,-46.07377746204126,2.330000376292768,-45.87568575159962,0.002357800808159809,,,-74.66153904261995,0.332771802441399
-74.65111316312301,0.2954635005261846,-46.06335158254434,2.55901209829471,-45.86525987210269,0.002459234621123316,,,-74.65111316312301,0.2956708536032792
-74.64068728362609,0.2618096504948433,-46.05292570304741,2.80290580530412,-45.85483399260576,0.002558071223239116,,,-74.64068728362609,0.2619933856653347
-74.63026140412916,0.231359469070716,-46.04249982355048,3.061713033908919,-45.84440811310883,0.002653659010238083,,,-74.63026140412916,0.2315218346344536
-74.61983552463224,0.2038960080339359,-46.03207394405355,3.33534128316976,-45.83398223361191,0.002745348080581538,,,-74.61983552463224,0.2040391000388632
-74.6094096451353,0.1792049423843097,-46.02164806455662,3.623563621439598,-45.82355635411498,0.002832497479808943,,,-74.6094096451353,0.1793307064674123
-74.59898376563838,0.1570764433936995,-46.01122218505969,3.926009253547897,-45.81313047461805,0.00291448258165206,,,-74.59898376563838,0.1571866779364391
-74.58855788614144,0.1373067701016021,-46.00079630556277,4.242155294150737,-45.80270459512112,0.00299070248858171,,,-74.58855788614144,0.1374031305022464
-74.57813200664452,0.1196995890313456,-45.99037042606584,4.571319990760874,-45.79227871562419,0.00306058733019579,,,-74.57813200664452,0.1197835929034598
-74.56770612714759,0.1040670355413792,-45.97994454656891,4.912657631989322,-45.78185283612726,0.003123605336139514,,,-74.56770612714759,0.1041400686571623
-74.55728024765065,0.09023053314263096,-45.96951866707198,5.265155362572109,-45.77142695663033,0.003179269561190396,,,-74.55728024765065,0.0902938559512408
-74.54685436815373,0.07802138933200582,-45.95909278757505,5.627632106687385,-45.7610010771334,0.003227144143791051,,,-74.54685436815373,0.07807614389603278
-74.5364284886568,0.06728118805168073,-45.94866690807812,5.998739774914373,-45.75057519763647,0.003266849985649429,,,-74.5364284886568,0.06732840525904561
-74.52600260915987,0.05786199983365857,-45.93824102858119,6.376966898145652,-45.74014931813954,0.003298069748951611,,,-74.52600260915987,0.05790260675698749
-74.51557672966294,0.0496264310876848,-45.92781514908426,6.76064479421601,-45.72972343864262,0.003320552079076831,,,-74.51557672966294,0.04966125837827375
-74.50515085016602,0.04244753390286858,-45.91738926958733,7.147956330514472,-45.71929755914569,0.003334114974229166,,,-74.50515085016602,0.04247732312134789
-74.49472497066908,0.0362085972274245,-45.9069633900904,7.53694729913761,-45.70887167964876,0.003338648238803613,,,-74.49472497066908,0.03623400802787536
-74.48429909117216,0.03080283943625917,-45.89653751059348,7.925540371124408,-45.69844580015183,0.003338648238803613,,,-74.48429909117216,0.03082445653457752
-74.47387321167523,0.02613302116111184,-45.88611163109655,8.311551544037567,-45.6880199206549,0.003334114974229166,,,-74.47387321167523,0.02615136103166061
-74.4634473321783,0.02211099590838567,-45.87568575159962,8.692708943800721,-45.67759404115797,0.003320552079076831,,,-74.4634473321783,0.0221265131652755
-74.45302145268137,0.01865721448731226,-45.86525987210269,9.066673788540871,-45.66716816166105,0.003298069748951611,,,-74.45302145268137,0.01867030791789528
-74.44259557318445,0.01570019767210034,-45.85483399260576,9.431063270558836,-45.65674228216412,0.003266849985649429,,,-74.44259557318445,0.01571121590038405
-74.43216969368751,0.01317598987665719,-45.84440811310883,9.783475063823314,-45.64631640266719,0.003227144143791051,,,-74.43216969368751,0.01318523664331306
-74.42174381419059,0.01102760497328656,-45.83398223361191,10.12151311990719,-45.63589052317025,0.003179269561190396,,,-74.42174381419059,0.01103534402674028
-74.41131793469366,0.009204473774709187,-45.82355635411498,10.44281437635309,-45.62546464367333,0.003123605336139514,,,-74.41131793469366,0.009210933374479797
-74.40089205519672,0.007661901152391831,-45.81313047461805,10.74507596926785,-45.6150387641764,0.00306058733019579,,,-74.40089205519672,0.007667278191442387
-74.3904661756998,0.006360539307611539,-45.80270459512112,11.02608251756068,-45.60461288467947,0.00299070248858171,,,-74.3904661756998,0.006365003065047112
-74.38004029620286,0.00526588236292937,-45.79227871562419,11.28373303054398,-45.59418700518254,0.00291448258165206,,,-74.38004029620286,0.005269577902004847
-74.36961441670594,0.004347786213209569,-45.78185283612726,11.51606698428243,-45.58376112568561,0.002832497479808943,,,-74.36961441670594,0.004350837442374095
-74.35918853720901,0.003580016474378891,-45.77142695663033,11.72128911554771,-45.57333524618868,0.002745348080581538,,,-74.35918853720901,0.003582528891075675
-74.34876265771209,0.002939826397772495,-45.7610010771334,11.89779249569466,-45.56290936669176,0.002653659010238083,,,-74.34876265771209,0.002941889536023468
-74.33833677821515,0.002407565777421453,-45.75057519763647,12.04417947013668,-45.55248348719483,0.002558071223239116,,,-74.33833677821515,0.002409255380947327
-74.32791089871823,0.001966321163192365,-45.74014931813954,12.1592800820039,-45.5420576076979,0.002459234621123316,,,-74.32791089871823,0.001967701106038158
-74.31748501922129,0.00160158709804099,-45.72972343864262,12.24216764039333,-45.53163172820097,0.002357800808159809,,,-74.31748501922129,0.001602711074479442
-74.30705913972437,0.001300967614695249,-45.71929755914569,12.29217114348252,-45.52120584870404,0.002254416094486798,,,-74.30705913972437,0.001301880619643836
-74.29663326022744,0.001053906846445539,-45.70887167964876,12.30888432356734,-45.51077996920711,0.002149714848725841,,,-74.29663326022744,0.00105464646682908
-74.28620738073052,0.0008514473181881913,-45.69844580015183,12.30888432356734,-45.50035408971019,0.002044313291501358,,,-74.28620738073052,0.0008520448546727176
-74.27578150123358,0.00068601427684709,-45.6880199206549,12.29217114348252,-45.48992821021326,0.001938803809231095,,,-74.27578150123358,0.0006864957142191572
-74.26535562173666,0.0005512242841635607,-45.67759404115797,12.24216764039333,-45.47950233071632,0.001833749854336472,,,-74.26535562173666,0.0005516111273820533
-74.25492974223972,0.0004417162192278669,-45.66716816166105,12.1592800820039,-45.46907645121939,0.001729681484018736,,,-74.25492974223972,0.0004420262108752154
-74.2445038627428,0.0003530028131491346,-45.65674228216412,12.04417947013668,-45.45865057172247,0.001627091575327654,,,-74.2445038627428,0.0003532505466911768
-74.23407798324587,0.0002813408547055665,-45.64631640266719,11.89779249569466,-45.44822469222554,0.001526432739777442,,,-74.23407798324587,0.0002815382966631407
-74.22365210374893,0.0002236182552448367,-45.63589052317025,11.72128911554771,-45.43779881272861,0.001428114946585524,,,-74.22365210374893,0.0002237751881087504
-74.21322622425201,0.0001772562359302513,-45.62546464367333,11.51606698428243,-45.42737293323168,0.001332503850042907,,,-74.21322622425201,0.0001773806324323197
-74.20280034475508,0.0001401249939537423,-45.6150387641764,11.28373303054398,-45.41694705373475,0.001239919803855816,,,-74.20280034475508,0.0001402233321532912
-74.19237446525815,0,-45.60461288467947,11.02608251756068,-45.40652117423782,0.001150637533771465,,,-74.19237446525815,0
-46.07377746204126,0.0001043041140988269,-45.59418700518254,10.74507596926785,-45.3960952947409,0.001064886429616357,,,-46.61592319588156,0.0004206777719190701
-46.06335158254434,0.000114555985740009,-45.58376112568561,10.44281437635309,-45.38566941524397,0.0009828514091849054,,,-46.60549731638464,0.0005321517331484438
-46.05292570304741,0.0001254740599612549,-45.57333524618868,10.12151311990719,-45.37524353574704,0.0009046742993223949,,,-46.5950714368877,0.0006713379727808043
-46.04249982355048,0.0001370597485202186,-45.56290936669176,9.783475063823314,-45.36481765625011,0.0008304556741028463,,,-46.58464555739077,0.0008446305014394168
-46.03207394405355,0.0001493089105469541,-45.55248348719483,9.431063270558836,-45.35439177675318,0.0007602570862164803,,,-46.57421967789384,0.001059771228006364
-46.02164806455662,0.0001622113872858465,-45.5420576076979,9.066673788540871,-45.34396589725625,0.000694103625516294,,,-46.56379379839692,0.001326103143216813
-46.01122218505969,0.0001757505798289434,-45.53163172820097,8.692708943800721,-45.33354001775933,0.0006319867380528841,,,-46.55336791889999,0.001654863969279895
-46.00079630556277,0.0001899030808441567,-45.52120584870404,8.311551544037567,-45.3231141382624,0.0005738672397409354,,,-46.54294203940306,0.002059525209214103
-45.99037042606584,0.0002046383711994127,-45.51077996920711,7.925540371124408,-45.31268825876546,0.0005196784609115363,,,-46.53251615990613,0.002556181810363674
-45.97994454656891,0.0002199185920264856,-45.50035408971019,7.53694729913761,-45.30226237926853,0.0004693294612515113,,,-46.5220902804092,0.003163997881201139
-45.96951866707198,0.0002356984021434195,-45.48992821021326,7.147956330514472,-45.29183649977161,0.0004227082588386445,,,-46.51166440091227,0.003905714048912174
-45.95909278757505,0.0002519249298560573,-45.47950233071632,6.76064479421601,-45.28141062027468,0.0003796850219652912,,,-46.50123852141535,0.004808222094629533
-45.94866690807812,0.0002685378269884111,-45.46907645121939,6.376966898145652,-45.27098474077775,0.0003401151780145929,,,-46.49081264191842,0.005903212428199267
-45.93824102858119,0.000285469431557315,-45.45865057172247,5.998739774914373,-45.26055886128082,0.0003038423996281277,,,-46.48038676242149,0.007227899737348834
-45.92781514908426,0.0003026450438259252,-45.44822469222554,5.627632106687385,-45.25013298178389,0.0002707014346035921,,,-46.46996088292456,0.00882583173742767
-45.91738926958733,0.0003199833185682426,-45.43779881272861,5.265155362572109,-45.23970710228696,0.0002405207522201979,,,-46.45953500342763,0.01074778532638113
-45.9069633900904,0.0003373967742858921,-45.42737293323168,4.912657631989322,-45.22928122279004,0.0002131249848572962,,,-46.4491091239307,0.01305275358339886
-45.89653751059348,0.0003547924178793126,-45.41694705373475,4.571319990760874,-45.21885534329311,0.0001883371497157995,,,-46.43868324443378,0.0158090259069438
-45.88611163109655,0.0003720724809353611,-45.40652117423782,4.242155294150737,-45.20842946379618,0.0001659806410594923,,,-46.42825736493684,0.01909536213798514
-45.87568575159962,0.0003891352614048493,-45.3960952947409,3.926009253547897,-45.19800358429925,0.0001458809885725007,,,-46.41783148543991,0.02300225972902724
-45.86525987210269,0.0004058760620637698,-45.38566941524397,3.623563621439598,-45.18757770480232,0.0001278673821092761,,,-46.40740560594298,0.02763331087464973
-45.85483399260576,0.000422188214840881,-45.37524353574704,3.33534128316976,-45.17715182530539,0.0001117739672445136,,,-46.39697972644606,0.03310664399598324
-45.84440811310883,0.0004379641779130053,-45.36481765625011,3.061713033908919,-45.16672594580847,9.744091958226948e-05,,,-46.38655384694913,0.0395564410584036
-45.83398223361191,0.0004530966904783542,-45.35439177675318,2.80290580530412,-28.93363156909037,0.0001136107806312074,,,-46.3761279674522,0.04713451889652517
-45.82355635411498,0.0004674799683753958,-45.34396589725625,2.55901209829471,-28.92320568959344,0.0001321051522298067,,,-46.36570208795527,0.05601195903230299
-45.81313047461805,0.0004810109222738822,-45.33354001775933,2.330000376292768,-28.91277981009651,0.0001531933043002823,,,-46.35527620845834,0.06638076642288374
-45.80270459512112,0.0004935903790730642,-45.3231141382624,2.115726175929001,-28.90235393059958,0.0001771656931418605,,,-46.34485032896141,0.0784555332020183
-45.79227871562419,0.0005051242864394613,-45.31268825876546,1.915943700346768,-28.89192805110266,0.0002043333652452525,,,-46.33442444946449,0.09247507883642841
-45.78185283612726,0.000515524880133066,-45.30226237926853,1.730317671998043,-28.88150217160573,0.0002350275446783849,,,-46.32399856996756,0.1087040332788621
-45.77142695663033,0.0005247117939262542,-45.29183649977161,1.558435237407919,-28.8710762921088,0.0002695988625010923,,,-46.31357269047063,0.12743432475446
-45.7610010771334,0.0005326130925221665,-45.28141062027468,1.399817734747827,-28.86065041261187,0.0003084161868589793,,,-46.3031468109737,0.148986528878312
-45.75057519763647,0.0005391662089251242,-45.27098474077775,1.253932155599395,-28.85022453311494,0.0003518650142715722,,,-46.29272093147677,0.1737110310016539
-45.74014931813954,0.0005443187691887175,-45.26055886128082,1.120202154317983,-28.83979865361801,0.0004003453856921024,,,-46.28229505197984,0.2019889491734256
-45.72972343864262,0.0005480292893395252,-45.25013298178389,0.998018481262154,-28.82937277412108,0.0004542692952734014,,,-46.27186917248291,0.2342327610522759
-45.71929755914569,0.0005502677315065842,-45.23970710228696,0.8867487392312746,-28.81894689462415,0.0005140575655008782,,,-46.26144329298598,0.2708865746966055
-45.70887167964876,0.0005510159088288964,-45.22928122279004,0.7857463851928762,-28.80852101512723,0.0005801361694948271,,,-46.25101741348905,0.3124259805943127
-45.69844580015183,0.0005510159088288964,-45.21885534329311,0.6943589212959081,-28.7980951356303,0.0006529319898513712,,,-46.24059153399212,0.3593574207750395
-45.6880199206549,0.0005502677315065842,-45.20842946379618,0.6119352398397486,-28.78766925613337,0.0007328680133554652,,,-46.2301656544952,0.4122170105842371
-45.67759404115797,0.0005480292893395252,-45.19800358429925,0.5378321059633453,-28.77724337663644,0.0008203579721877642,,,-46.21973977499827,0.4715687498951626
-45.66716816166105,0.0005443187691887175,-45.18757770480232,0.4714197790733606,-28.76681749713951,0.0009158004547393318,,,-46.20931389550134,0.5380020633863756
-45.65674228216412,0.0005391662089251242,-45.17715182530539,0.4120867892605361,-28.75639161764258,0.001019572522673517,,,-46.19888801600441,0.612128614194443
-45.64631640266719,0.0005326130925221665,-45.16672594580847,0.3592438980483844,-28.74596573814565,0.001132022885211392,,,-46.18846213650748,0.6945783419136305
-45.63589052317025,0.0005247117939262542,-45.15630006631153,0.3123272837339042,-28.73553985864872,0.001253464696493946,,,-46.17803625701055,0.7859946846701702
-45.62546464367333,0.000515524880133066,-45.1458741868146,0.2708010003330443,-28.7251139791518,0.001384168056971171,,,-46.16761037751363,0.8870289559177165
-45.6150387641764,0.0005051242864394613,-45.13544830731767,0.2341587658036199,-28.71468809965487,0.001524352314721982,,,-46.1571844980167,0.9983338596996462
-45.60461288467947,0.0004935903790730642,-45.12502242782075,0.201925139899041,-28.70426222015794,0.001674178277019707,,,-46.14675861851977,1.120556143359005
-45.59418700518254,0.0004810109222738822,-45.11459654832382,0.1736561548567649,-28.69383634066101,0.001833740455896885,,,-46.13633273902284,1.254328403936855
-45.58376112568561,0.0004674799683753958,-45.10417066882689,0.1489394633218065,-28.68341046116408,0.002003059483483573,,,-46.12590685952591,1.400260083600326
-45.57333524618868,0.0004530966904783542,-45.09374478932996,0.127394067642239,-28.67298458166715,0.002182074843042328,,,-46.11548098002898,1.558927710121936
-45.56290936669176,0.0004379641779130053,-45.08331890983303,0.1086696931552337,-28.66255870217022,0.002370638069454874,,,-46.10505510053205,1.730864460353175
-45.55248348719483,0.000422188214840881,-45.0728930303361,0.09244586551706931,-28.65213282267329,0.002568506578006526,,,-46.09462922103512,1.916549147381952
-45.5420576076979,0.0004058760620637698,-45.06246715083918,0.07843074872412699,-28.64170694317637,0.002775338282278566,,,-46.08420334153819,2.116394755146775
-45.53163172820097,0.0003891352614048493,-45.05204127134225,0.06635979642152538,-28.63128106367944,0.002990687160462342,,,-46.07377746204126,2.33073666714492
-45.52120584870404,0.0003720724809353611,-45.04161539184532,0.05599426458675368,-28.62085518418251,0.003213999924186525,,,-46.06335158254434,2.559820757905966
-45.51077996920711,0.0003547924178793126,-45.03118951234839,0.04711962887674161,-28.61042930468558,0.003444613934817311,,,-46.05292570304741,2.803791536450297
-45.50035408971019,0.0003373967742858921,-45.02076363285146,0.03954394498962606,-28.60000342518865,0.003681756499061937,,,-46.04249982355048,3.062680549331542
-45.48992821021326,0.0003199833185682426,-45.01033775335453,0.03309618544892242,-28.58957754569172,0.003924545658595449,,,-46.03207394405355,3.336395266379629
-45.47950233071632,0.0003026450438259252,-44.9999118738576,0.02762458137967997,-28.57915166619479,0.004171992567469163,,,-46.02164806455662,3.624708684236069
-45.46907645121939,0.000285469431557315,-44.98948599436067,0.02299499320524699,-28.56872578669786,0.00442300552649412,,,-46.01122218505969,3.927249890557343
-45.45865057172247,0.0002685378269884111,-44.97906011486374,0.01908932982182565,-28.55829990720094,0.004676395715990339,,,-46.00079630556277,4.243495834765352
-45.44822469222554,0.0002519249298560573,-44.96863423536681,0.01580403176010568,-28.547874027704,0.004930884637734667,,,-45.99037042606584,4.57276454893593
-45.43779881272861,0.0002356984021434195,-44.95820835586989,0.01304863015616046,-28.53744814820708,0.005185113244216906,,,-45.97994454656891,4.914210054431392
-45.42737293323168,0.0002199185920264856,-44.94778247637296,0.01074439004963098,-28.52702226871015,0.005437652699113877,,,-45.96951866707198,5.266819175920839
-45.41694705373475,0.0002046383711994127,-44.93735659687603,0.008823043615001613,-28.51659638921322,0.005687016677984486,,,-45.95909278757505,5.629410464357019
-45.40652117423782,0.0001899030808441567,-44.9269307173791,0.0072256164092784,-28.50617050971629,0.005931675083409854,,,-45.94866690807812,6.000635404316689
-45.3960952947409,0.0001757505798289434,-44.91650483788217,0.005901347575180706,-28.49574463021936,0.006170069015027241,,,-45.93824102858119,6.378982049061229
-45.38566941524397,0.0001622113872858465,-44.90607895838524,0.004806703154290499,-28.48531875072243,0.006400626803027588,,,-45.92781514908426,6.762781189114174
-45.37524353574704,0.0001493089105469541,-44.89565307888832,0.003904480215178027,-28.47489287122551,0.006621780884588487,,,-45.91738926958733,7.150215117642272
-45.36481765625011,0.0001370597485202186,-44.88522719939139,0.003162998359149165,-28.46446699172857,0.006831985277244283,,,-45.9069633900904,7.539329009203399
-45.35439177675318,0.0001254740599612549,-44.87480131989446,0.002555374300313338,-28.45404111223165,0.007029733382136976,,,-45.89653751059348,7.928044878391014
-45.34396589725625,0.000114555985740009,-44.86437544039753,0.002058874595357679,-28.44361523273472,0.00721357583413853,,,-45.88611163109655,8.314178032612988
-45.33354001775933,0.0001043041140988269,-44.8539495609006,0.001654341189843113,-28.43318935323779,0.007382138105566267,,,-45.87568575159962,8.695455879870286
-45.3231141382624,9.471197803285016e-05,-44.84352368140367,0.001325684220896191,-28.42276347374086,0.007534137566069883,,,-45.86525987210269,9.06953889922406
-29.25683383349516,0.0002799763577864632,-44.83309780190674,0.001059436441210603,-28.41233759424393,0.00766839970353964,,,-45.85483399260576,9.434043529996915
-29.24640795399823,0.0003541663334313699,-44.82267192240981,0.0008443636786273743,-28.401911714747,0.007783873219690463,,,-45.84440811310883,9.786566687011463
-29.2359820745013,0.0004467998382835327,-44.81224604291288,0.0006711258939067606,-28.39148583525007,0.007879643729260456,,,-45.83398223361191,10.12471156467825
-29.22555619500438,0.0005621323189708612,-44.80182016341595,0.0005319836238726953,-28.38105995575314,0.007954945813290537,,,-45.82355635411498,10.44611435380128
-29.21513031550745,0.0007053162974372468,-44.79139428391903,0.0004205448778004278,-28.37063407625622,0.008009173204315087,,,-45.81313047461805,10.74847146277178
-29.20470443601052,0.0008825698738331488,-44.7809684044221,0,-28.36020819675929,0.008041886913915211,,,-45.80270459512112,11.02956681042833
-29.19427855651359,0.001101372161018691,-28.93363156909037,0.0001078460765796813,-28.34978231726236,0.008052821150238896,,,-45.79227871562419,11.28729874216061
-29.18385267701666,0.00137068893422802,-28.92320568959344,0.0001254020286172799,-28.33935643776543,0.008052821150238896,,,-45.78185283612726,11.5197061144987
-29.17342679751973,0.001701231966311996,-28.91277981009651,0.0001454201505814183,-28.3289305582685,0.008041886913915211,,,-45.77142695663033,11.72499309690282
-29.1630009180228,0.002105755668481576,-28.90235393059958,0.0001681761607808288,-28.31850467877157,0.008009173204315087,,,-45.7610010771334,11.90155225293097
-29.15257503852587,0.002599394755233749,-28.89192805110266,0.0001939653229525502,-28.30807879927464,0.007954945813290537,,,-45.75057519763647,12.04798548633125
-29.14214915902895,0.003200046684999926,-28.88150217160573,0.0002231020545840447,-28.29765291977771,0.007879643729260456,,,-45.74014931813954,12.16312247052204
-29.13172327953202,0.003928802578152315,-28.8710762921088,0.000255919195428019,-28.28722704028079,0.007783873219690463,,,-45.72972343864262,12.24603622176174
-29.12129740003509,0.004810430162918064,-28.86065041261187,0.0002927668969582827,-28.27680116078386,0.00766839970353964,,,-45.71929755914569,12.29605552618825
-29.11087152053816,0.005873912027746848,-28.85022453311494,0.0003340110952852567,-28.26637528128693,0.007534137566069883,,,-45.70887167964876,12.31277398771498
-29.10044564104123,0.007153042045040306,-28.83979865361801,0.0003800315329565889,-28.25594940179,0.007382138105566267,,,-45.69844580015183,12.31277398771498
-29.0900197615443,0.008687082254650863,-28.82937277412108,0.0004312192992043911,-28.24552352229307,0.00721357583413853,,,-45.6880199206549,12.29605552618825
-29.07959388204737,0.01052148173502608,-28.81894689462415,0.0004879738636365273,-28.23509764279614,0.007029733382136976,,,-45.67759404115797,12.24603622176174
-29.06916800255044,0.01270865802492441,-28.80852101512723,0.0005506995851483143,-28.22467176329921,0.006831985277244283,,,-45.66716816166105,12.16312247052204
-29.05874212305352,0.01530884047049253,-28.7980951356303,0.0006198016859633498,-28.21424588380228,0.006621780884588487,,,-45.65674228216412,12.04798548633125
-29.04831624355659,0.01839097344500026,-28.78766925613337,0.0006956816901707121,-28.20382000430536,0.006400626803027588,,,-45.64631640266719,11.90155225293097
-29.03789036405966,0.02203367570918781,-28.77724337663644,0.0007787323368413807,-28.19339412480843,0.006170069015027241,,,-45.63589052317025,11.72499309690282
-29.02746448456273,0.02632625024137793,-28.76681749713951,0.0008693319896650309,-28.1829682453115,0.005931675083409854,,,-45.62546464367333,11.5197061144987
-29.0170386050658,0.03136973666677376,-28.75639161764258,0.0009678385778874159,-28.17254236581457,0.005687016677984486,,,-45.6150387641764,11.28729874216061
-29.00661272556887,0.03727799596068433,-28.74596573814565,0.001074583116938152,-28.16211648631764,0.005437652699113877,,,-45.60461288467947,11.02956681042833
-28.99618684607194,0.04417881440555011,-28.73553985864872,0.001189862871260657,-28.15169060682071,0.005185113244216906,,,-45.59418700518254,10.74847146277178
-28.98576096657501,0.05221501087136539,-28.7251139791518,0.001313934236186888,-28.14126472732378,0.004930884637734667,,,-45.58376112568561,10.44611435380128
-28.97533508707809,0.06154552839939485,-28.71468809965487,0.001447005429894599,-28.13083884782685,0.004676395715990339,,,-45.57333524618868,10.12471156467825
-28.96490920758116,0.07234648784811314,-28.70426222015794,0.001589229100164377,-28.12041296832993,0.00442300552649412,,,-45.56290936669176,9.786566687011463
-28.95448332808423,0.08481217806914432,-28.69383634066101,0.001740694963410827,-28.109987088833,0.004171992567469163,,,-45.55248348719483,9.434043529996915
-28.9440574485873,0.09915595379406494,-28.68341046116408,0.001901422604872831,-28.09956120933607,0.003924545658595449,,,-45.5420576076979,9.06953889922406
-28.93363156909037,0.1156110092180741,-28.67298458166715,0.002071354578481765,-28.08913532983914,0.003681756499061937,,,-45.53163172820097,8.695455879870286
-28.92320568959344,0.1344309922644789,-28.66255870217022,0.002250349952361039,-28.07870945034221,0.003444613934817311,,,-45.52120584870404,8.314178032612988
-28.91277981009651,0.1558904218174364,-28.65213282267329,0.00243817845074306,-28.06828357084528,0.003213999924186525,,,-45.51077996920711,7.928044878391014
-28.90235393059958,0.1802848679425752,-28.64170694317637,0.002634515344954146,-28.05785769134835,0.002990687160462342,,,-45.50035408971019,7.539329009203399
-28.89192805110266,0.2079308534074097,-28.63128106367944,0.002838937244697493,-28.04743181185142,0.002775338282278566,,,-45.48992821021326,7.150215117642272
-28.88150217160573,0.2391654338025939,-28.62085518418251,0.003050918935906849,-28.0370059323545,0.002568506578006526,,,-45.47950233071632,6.762781189114174
-28.8710762921088,0.2743454133897082,-28.61042930468558,0.003269831402775363,-28.02658005285757,0.002370638069454874,,,-45.46907645121939,6.378982049061229
-28.86065041261187,0.3138461545977825,-28.60000342518865,0.003494941159100748,-28.01615417336064,0.002182074843042328,,,-45.45865057172247,6.000635404316689
-28.85022453311494,0.3580599409885082,-28.58957754569172,0.003725410997845744,-28.00572829386371,0.002003059483483573,,,-45.44822469222554,5.629410464357019
-28.83979865361801,0.4073938566262199,-28.57915166619479,0.003960302247914928,-27.99530241436678,0.001833740455896885,,,-45.43779881272861,5.266819175920839
-28.82937277412108,0.462267149222589,-28.56872578669786,0.004198578603830238,-27.98487653486985,0.001674178277019707,,,-45.42737293323168,4.914210054431392
-28.81894689462415,0.5231080502532683,-28.55829990720094,0.004439111567595852,-27.97445065537292,0.001524352314721982,,,-45.41694705373475,4.57276454893593
-28.80852101512723,0.5903500325107465,-28.547874027704,0.00468068751303549,-27.96402477587599,0.001384168056971171,,,-45.40652117423782,4.243495834765352
-28.7980951356303,0.6644274942755495,-28.53744814820708,0.004922016351822624,-27.95359889637907,0.001253464696493946,,,-45.3960952947409,3.927249890557343
-28.78766925613337,0.7457708694274801,-28.52702226871015,0.005161741747959271,-27.94317301688214,0.001132022885211392,,,-45.38566941524397,3.624708684236069
-28.77724337663644,0.8348011743057074,-28.51659638921322,0.005398452794323707,-27.93274713738521,0.001019572522673517,,,-45.37524353574704,3.336395266379629
-28.76681749713951,0.9319240148386261,-28.50617050971629,0.005630697031893177,-27.92232125788828,0.0009158004547393318,,,-45.36481765625011,3.062680549331542
-28.75639161764258,1.037523091227881,-28.49574463021936,0.005856994660186014,-27.91189537839135,0.0008203579721877642,,,-45.35439177675318,2.803791536450297
-28.74596573814565,1.151953252060443,-28.48531875072243,0.006075853757206401,-27.90146949889442,0.0007328680133554652,,,-45.34396589725625,2.559820757905966
-28.73553985864872,1.275533164861344,-28.47489287122551,0.006285786299553304,-27.89104361939749,0.0006529319898513712,,,-45.33354001775933,2.33073666714492
-28.7251139791518,1.408537685462403,-28.46446699172857,0.006485324749177472,-27.88061773990056,0.0005801361694948271,,,-45.3231141382624,2.116394755146775
-28.71468809965487,1.55119002377937,-28.45404111223165,0.006673038953280792,-27.87019186040364,0.0005140575655008782,,,-45.31268825876546,1.916549147381952
-28.70426222015794,1.703653818254444,-28.44361523273472,0.006847553088708798,-27.85976598090671,0.0004542692952734014,,,-45.30226237926853,1.730864460353175
-28.69383634066101,1.866025244896664,-28.43318935323779,0.007007562372439107,-27.84934010140978,0.0004003453856921024,,,-45.29183649977161,1.558927710121936
-28.68341046116408,2.038325299084856,-28.42276347374086,0.00715184925583581,-27.83891422191285,0.0003518650142715722,,,-45.28141062027468,1.400260083600326
-28.67298458166715,2.2204923986254,-28.41233759424393,0.007279298822495487,-27.82848834241592,0.0003084161868589793,,,-45.27098474077775,1.254328403936855
-28.66255870217022,2.412375464526828,-28.401911714747,0.007388913117869018,-27.81806246291899,0.0002695988625010923,,,-45.26055886128082,1.120556143359005
-28.65213282267329,2.613727641133983,-28.39148583525007,0.007479824153351541,-27.80763658342206,0.0002350275446783849,,,-45.25013298178389,0.9983338596996462
-28.64170694317637,2.824200819263141,-28.38105995575314,0.007551305347968796,-27.79721070392513,0.0002043333652452525,,,-45.23970710228696,0.8870289559177165
-28.63128106367944,3.043341124456746,-28.37063407625622,0.007602781196762879,-27.78678482442821,0.0001771656931418605,,,-45.22928122279004,0.7859946846701702
-28.62085518418251,3.270585527162119,-28.36020819675929,0.007633834985946783,-27.77635894493128,0.0001531933043002823,,,-45.21885534329311,0.6945783419136305
-28.61042930468558,3.505259722346105,-28.34978231726236,0.007644214410164743,-27.76593306543435,0.0001321051522298067,,,-45.20842946379618,0.612128614194443
-28.60000342518865,3.746577412696981,-28.33935643776543,0.007644214410164743,-27.75550718593742,0.0001136107806312074,,,-45.19800358429925,0.5380020633863756
-28.58957754569172,3.993641112153396,-28.3289305582685,0.007633834985946783,-27.74508130644049,9.744042017249786e-05,,,-45.18757770480232,0.4715687498951626
-28.57915166619479,4.24544456516941,-28.31850467877157,0.007602781196762879,-20.18631867116714,0.0001111294193985786,,,-45.17715182530539,0.4122170105842371
-28.56872578669786,4.500876852127211,-28.30807879927464,0.007551305347968796,-20.1758927916702,0.0001274759735130697,,,-45.16672594580847,0.3593574207750395
-28.55829990720094,4.758728223017008,-28.29765291977771,0.007479824153351541,-20.16546691217328,0.0001458301912044526,,,-45.15630006631153,0.3124259805943127
-28.547874027704,5.017697670407633,-28.28722704028079,0.007388913117869018,-20.15504103267635,0.0001663743489988838,,,-45.1458741868146,0.2708865746966055
-28.53744814820708,5.276402219432118,-28.27680116078386,0.007279298822495487,-20.14461515317942,0.0001892976005503708,,,-45.13544830731767,0.2342327610522759
-28.52702226871015,5.533387877710408,-28.26637528128693,0.00715184925583581,-20.13418927368249,0.0002147947514127154,,,-45.12502242782075,0.2019889491734256
-28.51659638921322,5.787142152610149,-28.25594940179,0.007007562372439107,-20.12376339418556,0.000243064781490751,,,-45.11459654832382,0.1737110310016539
-28.50617050971629,6.036108007855244,-28.24552352229307,0.006847553088708798,-20.11333751468863,0.0002743091060934898,,,-45.10417066882689,0.148986528878312
-28.49574463021936,6.27869909712182,-28.23509764279614,0.006673038953280792,-20.1029116351917,0.0003087295705626061,,,-45.09374478932996,0.12743432475446
-28.48531875072243,6.513316079821128,-28.22467176329921,0.006485324749177472,-20.09248575569477,0.0003465261781610773,,,-45.08331890983303,0.1087040332788621
-28.47489287122551,6.738363794658573,-28.21424588380228,0.006285786299553304,-20.08205987619785,0.0003878945562443509,,,-45.0728930303361,0.09247507883642841
-28.46446699172857,6.952269040639548,-28.20382000430536,0.006075853757206401,-20.07163399670092,0.0004330231716431491,,,-45.06246715083918,0.0784555332020183
-28.45404111223165,7.153498693763911,-28.19339412480843,0.005856994660186014,-20.06120811720399,0.0004820903125822957,,,-45.05204127134225,0.06638076642288374
-28.44361523273472,7.340577871417115,-28.1829682453115,0.005630697031893177,-20.05078223770706,0.0005352608612390248,,,-45.04161539184532,0.05601195903230299
-28.43318935323779,7.512107846016187,-28.17254236581457,0.005398452794323707,-20.04035635821013,0.0005926828880785165,,,-45.03118951234839,0.04713451889652517
-28.42276347374086,7.666783405252674,-28.16211648631764,0.005161741747959271,-20.0299304787132,0.0006544841062427676,,,-45.02076363285146,0.0395564410584036
-28.41233759424393,7.803409358585754,-28.15169060682071,0.004922016351822624,-20.01950459921627,0.0007207682313396204,,,-45.01033775335453,0.03310664399598324
-28.401911714747,7.920915898598818,-28.14126472732378,0.00468068751303549,-20.00907871971934,0.0007916112987926875,,,-44.9999118738576,0.02763331087464973
-28.39148583525007,8.018372541385716,-28.13083884782685,0.004439111567595852,-19.99865284022242,0.000867057997267361,,,-44.98948599436067,0.02300225972902724
-28.38105995575314,8.095000392040149,-28.12041296832993,0.004198578603830238,-19.98822696072549,0.000947118082371807,,,-44.97906011486374,0.01909536213798514
-28.37063407625622,8.150182509166532,-28.109987088833,0.003960302247914928,-19.97780108122856,0.001031762939630624,,,-44.96863423536681,0.0158090259069438
-28.36020819675929,8.183472175526756,-28.09956120933607,0.003725410997845744,-19.96737520173163,0.001120922369432029,,,-44.95820835586989,0.01305275358339886
-28.34978231726236,8.194598919744049,-28.08913532983914,0.003494941159100748,-19.9569493222347,0.001215489522096444,,,-44.94778247637296,0.01074778532638113
-28.33935643776543,8.194598919744049,-28.07870945034221,0.003269831402775363,-19.94652344273777,0.001313554008387994,,,-44.93735659687603,0.00882583173742767
-28.3289305582685,8.183472175526756,-28.06828357084528,0.003050918935906849,-19.93609756324084,0.001415712111408865,,,-44.9269307173791,0.007227899737348834
-28.31850467877157,8.150182509166532,-28.05785769134835,0.002838937244697493,-19.92567168374391,0.001521717535318875,,,-44.91650483788217,0.005903212428199267
-28.30807879927464,8.095000392040149,-28.04743181185142,0.002634515344954146,-19.91524580424699,0.001631275508840213,,,-44.90607895838524,0.004808222094629533
-28.29765291977771,8.018372541385716,-28.0370059323545,0.00243817845074306,-19.90481992475006,0.0017440430587668,,,-44.89565307888832,0.003905714048912174
-28.28722704028079,7.920915898598818,-28.02658005285757,0.002250349952361039,-19.89439404525313,0.001859630086849075,,,-44.88522719939139,0.003163997881201139
-28.27680116078386,7.803409358585754,-28.01615417336064,0.002071354578481765,-19.8839681657562,0.001977601306206589,,,-44.87480131989446,0.002556181810363674
-28.26637528128693,7.666783405252674,-28.00572829386371,0.001901422604872831,-19.87354228625927,0.002097479082478218,,,-44.86437544039753,0.002059525209214103
-28.25594940179,7.512107846016187,-27.99530241436678,0.001740694963410827,-19.86311640676234,0.002218747212311953,,,-44.8539495609006,0.001654863969279895
-28.24552352229307,7.340577871417115,-27.98487653486985,0.001589229100164377,-19.85269052726541,0.002340855657702847,,,-44.84352368140367,0.001326103143216813
-28.23509764279614,7.153498693763911,-27.97445065537292,0.001447005429894599,-19.84226464776848,0.002463226239333306,,,-44.83309780190674,0.001059771228006364
-28.22467176329921,6.952269040639548,-27.96402477587599,0.001313934236186888,-19.83183876827156,0.002585259275719265,,,-44.82267192240981,0.0008446305014394168
-28.21424588380228,6.738363794658573,-27.95359889637907,0.001189862871260657,-19.82141288877463,0.002706341137916864,,,-44.81224604291288,0.0006713379727808043
-28.20382000430536,6.513316079821128,-27.94317301688214,0.001074583116938152,-19.8109870092777,0.002825852672120289,,,-44.80182016341595,0.0005321517331484438
-28.19339412480843,6.27869909712182,-27.93274713738521,0.0009678385778874159,-19.80056112978077,0.002943178425022283,,,-44.79139428391903,0.0004206777719190701
-28.1829682453115,6.036108007855244,-27.92232125788828,0.0008693319896650309,-19.79013525028384,0.00305771658966006,,,-44.7809684044221,0
-28.17254236581457,5.787142152610149,-27.91189537839135,0.0007787323368413807,-19.77970937078691,0.003168889572973033,,,-29.25683383349516,0.0002805126621117008
-28.16211648631764,5.533387877710408,-27.90146949889442,0.0006956816901707121,-19.76928349128998,0.003276155070781999,,,-29.24640795399823,0.0003548447512019791
-28.15169060682071,5.276402219432118,-27.89104361939749,0.0006198016859633498,-19.75885761179305,0.003379017521665334,,,-29.2359820745013,0.0004476556987128968
-28.14126472732378,5.017697670407633,-27.88061773990056,0.0005506995851483143,-19.74843173229613,0.00347703979852605,,,-29.22555619500438,0.0005632091027264733
-28.13083884782685,4.758728223017008,-27.87019186040364,0.0004879738636365273,-19.7380058527992,0.003569854985742638,,,-29.21513031550745,0.0007066673550192756
-28.12041296832993,4.500876852127211,-27.85976598090671,0.0004312192992043911,-19.72757997330227,0.003657178080858429,,,-29.20470443601052,0.000884260466726075
-28.109987088833,4.24544456516941,-27.84934010140978,0.0003800315329565889,-19.71715409380534,0.003738817452919456,,,-29.19427855651359,0.001103481877204445
-28.09956120933607,3.993641112153396,-27.83891422191285,0.0003340110952852567,-19.70672821430841,0.003814685884897909,,,-29.18385267701666,0.001373314535938799
-28.08913532983914,3.746577412696981,-27.82848834241592,0.0002927668969582827,-19.69630233481148,0.003884811025163997,,,-29.17342679751973,0.00170449073454864
-28.07870945034221,3.505259722346105,-27.81806246291899,0.000255919195428019,-19.68587645531455,0.003949345072672088,,,-29.1630009180228,0.002109789315757471
-28.06828357084528,3.270585527162119,-27.80763658342206,0.0002231020545840447,-19.67545057581762,0.004008573522342949,,,-29.15257503852587,0.002604373985127493
-28.05785769134835,3.043341124456746,-27.79721070392513,0.0001939653229525502,-19.6650246963207,0.004062922800953902,,,-29.14214915902895,0.003206176484286181
-28.04743181185142,2.824200819263141,-27.78678482442821,0.0001681761607808288,-19.65459881682377,0.004112966629568412,,,-29.13172327953202,0.003936328334370898
-28.0370059323545,2.613727641133983,-27.77635894493128,0.0001454201505814183,-19.64417293732684,0.004164601053562429,,,-29.12129740003509,0.004819644707042514
-28.02658005285757,2.412375464526828,-27.76593306543435,0.0001254020286172799,-19.63374705782991,0.00421866552052484,,,-29.11087152053816,0.005885163707893886
-28.01615417336064,2.2204923986254,-27.75550718593742,0.0001078460765796813,-19.62332117833298,0.00427094509147393,,,-29.10044564104123,0.007166743942649415
-28.00572829386371,2.038325299084856,-27.74508130644049,9.249621345347006e-05,-19.61289529883605,0.004323682881634665,,,-29.0900197615443,0.00870372265894678
-27.99530241436678,1.866025244896664,-20.353132743118,0.0001099369070912577,-19.60246941933912,0.004376269830621866,,,-29.07959388204737,0.01054163599450362
-27.98487653486985,1.703653818254444,-20.34270686362106,0.0001317121231545472,-19.59204353984219,0.004430900004856645,,,-29.06916800255044,0.01273300189567342
-27.97445065537292,1.55119002377937,-20.33228098412414,0.0001573721225525659,-19.58161766034527,0.004489228773608345,,,-29.05874212305352,0.01533816507998316
-27.96402477587599,1.408537685462403,-20.32185510462721,0.000187520896363965,-19.57119178084834,0.004552994884053129,,,-29.04831624355659,0.01842620198601659
-27.95359889637907,1.275533164861344,-20.31142922513028,0.000222839078678142,-19.56076590135141,0.004624073175742485,,,-29.03789036405966,0.02207588197144918
-27.94317301688214,1.151953252060443,-20.30100334563335,0.0002640905457902917,-19.55034002185448,0.004704463045732269,,,-29.02746448456273,0.02637667907752454
-27.93274713738521,1.037523091227881,-20.29057746613642,0.0003121290352629416,-19.53991414235755,0.004796274642044156,,,-29.0170386050658,0.03142982647431668
-27.92232125788828,0.9319240148386261,-20.28015158663949,0.0003679046711562764,-19.52948826286062,0.004901712811085385,,,-29.00661272556887,0.0373494032417418
-27.91189537839135,0.8348011743057074,-20.26972570714257,0.0004324702624753697,-19.51906238336369,0.0050230588535118,,,-28.99618684607194,0.04426344044125145
-27.90146949889442,0.7457708694274801,-20.25929982764563,0.000506987222208704,-19.50863650386676,0.005162650173782542,,,-28.98576096657501,0.05231503051728851
-27.89104361939749,0.6644274942755495,-20.24887394814871,0.0005927309346839746,-19.49821062436984,0.005322857941271306,,,-28.97533508707809,0.06166342097196986
-27.88061773990056,0.5903500325107465,-20.23844806865178,0.0006910953798690432,-19.48778474487291,0.005506062915148138,,,-28.96490920758116,0.07248507002932102
-27.87019186040364,0.5231080502532683,-20.22802218915485,0.00080359680530034,-19.47735886537598,0.005714629621117922,,,-28.95448332808423,0.08497463870793151
-27.85976598090671,0.462267149222589,-20.21759630965792,0.0009318762202019063,-19.46693298587905,0.005950879105179815,,,-28.9440574485873,0.0993458904276909
-27.84934010140978,0.4073938566262199,-20.20717043016099,0.001077700472801823,-19.45650710638212,0.006217060527415698,,,-28.93363156909037,0.1158324660752849
-27.83891422191285,0.3580599409885082,-20.19674455066406,0.001242961661644442,-19.44608122688519,0.006515321896850056,,,-28.92320568959344,0.134688499445326
-27.82848834241592,0.3138461545977825,-20.18631867116714,0.001429674625654148,-19.43565534738826,0.006847680285931907,,,-28.91277981009651,0.1561890352723181
-27.81806246291899,0.2743454133897082,-20.1758927916702,0.001639972256658142,-19.42522946789133,0.007215991899312746,,,-28.90235393059958,0.1806302097964979
-27.80763658342206,0.2391654338025939,-20.16546691217328,0.001876098382837094,-19.41480358839441,0.007621922405339528,,,-28.89192805110266,0.2083291520956075
-27.79721070392513,0.2079308534074097,-20.15504103267635,0.002140397982916791,-19.40437770889748,0.008066917968934646,,,-28.88150217160573,0.2396235634018563
-27.78678482442821,0.1802848679425752,-20.14461515317942,0.002435304509541433,-19.39395182940055,0.008552177450084858,,,-28.8710762921088,0.2748709314476373
-27.77635894493128,0.1558904218174364,-20.13418927368249,0.002763324126773737,-19.38352594990362,0.009078626251731687,,,-28.86065041261187,0.3144473376815998
-27.76593306543435,0.1344309922644789,-20.12376339418556,0.00312701670150129,-19.37310007040669,0.009646892313143689,,,-28.85022453311494,0.358745817098065
-27.75550718593742,0.1156110092180741,-20.11333751468863,0.003528973431969086,-19.36267419090976,0.01025728474857321,,,-28.83979865361801,0.4081742335448685
-27.74508130644049,0.09915595379406494,-20.1029116351917,0.0039717910487716,-19.35224831141283,0.01090977562494517,,,-28.82937277412108,0.4631526378170667
-27.73465542694356,0.08481217806914432,-20.09248575569477,0.004458042584249633,-19.3418224319159,0.01160398535541019,,,-28.81894689462415,0.5241100816824057
-27.72422954744663,0.07234648784811314,-20.08205987619785,0.004990244774904468,-19.33139655241898,0.01233917215692245,,,-28.80852101512723,0.5914808682653896
-27.7138036679497,0.06154552839939485,-20.07163399670092,0.00557082223743184,-19.32097067292205,0.01311422597892335,,,-28.7980951356303,0.6657002279513642
-27.70337778845278,0.05221501087136539,-20.06120811720399,0.006202068641253067,-19.31054479342512,0.01392766725637467,,,-28.78766925613337,0.7471994191310061
-27.69295190895585,0.04417881440555011,-20.05078223770706,0.006886105187633217,-19.30011891392819,0.01477765077379062,,,-28.77724337663644,0.8364002646147365
-27.68252602945892,0.03727799596068433,-20.04035635821013,0.007624836795971868,-19.28969303443126,0.01566197484796204,,,-28.76681749713951,0.9337091472830306
-27.67210014996199,0.03136973666677376,-20.0299304787132,0.008419906489686801,-19.27926715493433,0.01657809594656766,,,-28.75639161764258,1.039510502328442
-27.66167427046506,0.02632625024137793,-20.01950459921627,0.009272648565075236,-19.2688412754374,0.01752314875909148,,,-28.74596573814565,1.154159858062592
-27.65124839096813,0.02203367570918781,-20.00907871971934,0.01018404121419809,-19.25841539594047,0.01849397162712358,,,-28.73553985864872,1.277976492429099
-27.6408225114712,0.01839097344500026,-19.99865284022242,0.01115465935458225,-19.24798951644355,0.01948713712536147,,,-28.7251139791518,1.411235787755561
-27.63039663197427,0.01530884047049253,-19.98822696072549,0.0121846284916567,-19.23756363694662,0.02049898746500155,,,-28.71468809965487,1.554161381523987
-27.61997075247735,0.01270865802492441,-19.97780108122856,0.01327358050157421,-19.22713775744969,0.02152567427062254,,,-28.70426222015794,1.706917225631628
-27.60954487298042,0.01052148173502608,-19.96737520173163,0.01442061226971185,-19.21671187795276,0.02256320216331237,,,-28.69383634066101,1.869599680315972
-27.59911899348349,0.008687082254650863,-19.9569493222347,0.01564250001495748,-19.20628599845583,0.02360747547008098,,,-28.68341046116408,2.042229781173213
-27.58869311398656,0.007153042045040306,-19.94652344273777,0.01690549559377661,-19.1958601189589,0.02465434727604871,,,-28.67298458166715,2.224745828046924
-27.57826723448963,0.005873912027746848,-19.93609756324084,0.01822150356374432,-19.18543423946197,0.02569966994501923,,,-28.66255870217022,2.416996452548644
-27.5678413549927,0.004810430162918064,-19.92567168374391,0.01958743568250424,-19.17500835996504,0.02673934615923838,,,-28.65213282267329,2.618734326162733
-27.55741547549577,0.003928802578152315,-19.91524580424699,0.02099959701008663,-19.16458248046812,0.02776937947356365,,,-28.64170694317637,2.829610672890373
-27.54698959599884,0.003200046684999926,-19.90481992475006,0.02245369260888513,-19.15415660097119,0.02878592334572949,,,-28.63128106367944,3.049170748861905
-27.53656371650192,0.002599394755233749,-19.89439404525313,0.02394484508748182,-19.14373072147426,0.02978532759520416,,,-28.62085518418251,3.276850446022213
-27.52613783700499,0.002105755668481576,-19.8839681657562,0.02546762377271074,-19.13330484197733,0.03076418126003426,,,-28.61042930468558,3.511974167683698
-27.51571195750806,0.001701231966311996,-19.87354228625927,0.02701608615710239,-19.1228789624804,0.03171935086510399,,,-28.60000342518865,3.753754110355143
-27.50528607801113,0.00137068893422802,-19.86311640676234,0.02858383210947538,-19.11245308298347,0.03264801318668836,,,-28.58957754569172,4.001291068809836
-27.4948601985142,0.001101372161018691,-19.85269052726541,0.03016407115699458,-19.10202720348654,0.03354768169651992,,,-28.57915166619479,4.253576859984793
-27.48443431901727,0.0008825698738331488,-19.84226464776848,0.03174970295010266,-19.09160132398961,0.03441622599243833,,,-28.56872578669786,4.509498436257535
-27.47400843952034,0.0007053162974372468,-19.83183876827156,0.03333341081043913,-19.08117544449269,0.03525188366982755,,,-28.55829990720094,4.767843730300594
-27.46358256002341,0.0005621323189708612,-19.82141288877463,0.03490776803967469,-19.07074956499576,0.03605326425541783,,,-28.547874027704,5.027309242558403
-27.45315668052649,0.0004467998382835327,-19.8109870092777,0.03646535643789566,-19.06032368549883,0.03681934500882964,,,-28.53744814820708,5.286509349028157
-27.44273080102956,0.0003541663334313699,-19.80056112978077,0.03799889624775209,-19.0498978060019,0.03754945859297759,,,-28.52702226871015,5.54398727215748
-27.43230492153263,0.0002799763577864632,-19.79013525028384,0.03950138650908105,-19.03947192650497,0.03828332663831472,,,-28.51659638921322,5.798227622082456
-27.4218790420357,0,-19.77970937078691,0.04096625458213357,-19.02904604700804,0.03902059830518404,,,-28.50617050971629,6.047670379970546
-20.56165033305657,0.0001392923737932724,-19.76928349128998,0.04238751337969306,-19.01862016751111,0.03972082001397848,,,-28.49574463021936,6.290726160797033
-20.55122445355964,0.0001762029826066276,-19.75885761179305,0.04375992464282113,-19.00819428801418,0.04038383705652219,,,-28.48531875072243,6.525792560381361
-20.54079857406271,0.0002222895196473356,-19.74843173229613,0.04507916640486503,-18.99776840851726,0.04100970233198046,,,-28.47489287122551,6.751271361842716
-20.53037269456578,0.0002796691324739922,-19.7380058527992,0.04634200261641736,-18.98734252902032,0.04159863447481347,,,-28.46446699172857,6.965586350665969
-20.51994681506886,0.0003509052768664383,-19.72757997330227,0.04754645275232375,-18.9769166495234,0.04215097265361093,,,-28.45404111223165,7.167201466099326
-20.50952093557193,0.0004390915495029419,-19.71715409380534,0.04869195909224731,-18.96649077002647,0.04266712924991224,,,-28.44361523273472,7.354639000339962
-20.499095056075,0.000547948919512436,-19.70672821430841,0.04977954925983747,-18.95606489052954,0.04314754170418708,,,-28.43318935323779,7.526497546494193
-20.48866917657807,0.0006819379925158191,-19.69630233481148,0.05081199152284232,-18.94563901103261,0.04359262486017468,,,-28.42276347374086,7.681469392074581
-20.47824329708114,0.0008463880337400822,-19.68587645531455,0.05179394029773693,-18.93521313153568,0.04400272514665845,,,-28.41233759424393,7.81835705711179
-20.46781741758421,0.001047644551170098,-19.67545057581762,0.05273206926746962,-18.92478725203875,0.04437807790644828,,,-28.401911714747,7.936088684936377
-20.45739153808728,0.001293237288837241,-19.6650246963207,0.05363518950939091,-18.91436137254183,0.0447187691159486,,,-28.39148583525007,8.033732009268325
-20.44696565859035,0.001592070496691358,-19.65459881682377,0.05451435004187537,-18.90393549304489,0.04502470263643949,,,-28.38105995575314,8.110506643201408
-20.43653977909343,0.001954637318674426,-19.64417293732684,0.05544943128812194,-18.89350961354797,0.04529557400245781,,,-28.37063407625622,8.165794463567611
-20.4261138995965,0.002393260065446898,-19.63374705782991,0.05645563534852917,-18.88308373405104,0.04553085158686947,,,-28.36020819675929,8.199147897426617
-20.41568802009957,0.002922358002891599,-19.62332117833298,0.05748352604504688,-18.87265785455411,0.04572976579078589,,,-28.34978231726236,8.210295955304453
-20.40526214060264,0.003558744081729466,-19.61289529883605,0.05855277787338601,-18.86223197505718,0.04589130669465857,,,-28.33935643776543,8.210295955304453
-20.39483626110571,0.004321951746763659,-19.60246941933912,0.05968504926461188,-18.85180609556025,0.04601423038063127,,,-28.3289305582685,8.199147897426617
-20.38441038160878,0.005234592585892981,-19.59204353984219,0.0609047919192538,-18.84138021606332,0.04609707390198815,,,-28.31850467877157,8.165794463567611
-20.37398450211185,0.006322745098958605,-19.58161766034527,0.06223863724455479,-18.83095433656639,0.04613817864005563,,,-28.30807879927464,8.110506643201408
-20.36355862261492,0.00761637427537291,-19.57119178084834,0.06371541075918047,-18.82052845706946,0.04613572155901825,,,-28.29765291977771,8.033732009268325
-20.353132743118,0.009149780959279917,-19.56076590135141,0.06536598126047437,-18.81010257757254,0.04608775365148542,,,-28.28722704028079,7.936088684936377
-20.34270686362106,0.01096207914549964,-19.55034002185448,0.06722307088541488,-18.79967669807561,0.04599224466862579,,,-28.27680116078386,7.81835705711179
-20.33228098412414,0.01309769838492606,-19.53991414235755,0.06932102516885855,-18.78925081857868,0.04584713305404062,,,-28.26637528128693,7.681469392074581
-20.32185510462721,0.01560690738364924,-19.52948826286062,0.0716955426227644,-18.77882493908175,0.04565037985530697,,,-28.25594940179,7.526497546494193
-20.31142922513028,0.01854635365883311,-19.51906238336369,0.07438336383303849,-18.76839905958482,0.04540002527540267,,,-28.24552352229307,7.354639000339962
-20.30100334563335,0.02197961277364336,-19.50863650386676,0.0774219205979978,-18.75797318008789,0.04509424645112102,,,-28.23509764279614,7.167201466099326
-20.29057746613642,0.02597773922561422,-19.49821062436984,0.080848946214612,-18.74754730059096,0.04473141500905315,,,-28.22467176329921,6.965586350665969
-20.28015158663949,0.03061980952567224,-19.48778474487291,0.08470204865445498,-18.73712142109403,0.04431015295254253,,,-28.21424588380228,6.751271361842716
-20.26972570714257,0.03599344640255565,-19.47735886537598,0.08901824905759778,-18.72669554159711,0.04382928291292769,,,-28.20382000430536,6.525792560381361
-20.25929982764563,0.04219531142997109,-19.46693298587905,0.09383348870418812,-18.71626966210018,0.04328830873443984,,,-28.19339412480843,6.290726160797033
-20.24887394814871,0.04933155173854158,-19.45650710638212,0.09918210839237568,-18.70584378260325,0.04268677261909043,,,-28.1829682453115,6.047670379970546
-20.23844806865178,0.05751818488510975,-19.44608122688519,0.1050963049470773,-18.69541790310632,0.04206965481966445,,,-28.17254236581457,5.798227622082456
-20.22802218915485,0.06688140445839337,-19.43565534738826,0.1116055703935343,-18.68499202360939,0.04144027592155812,,,-28.16211648631764,5.54398727215748
-20.21759630965792,0.07755778765843754,-19.42522946789133,0.1187361201366479,-18.67456614411246,0.04075404799725724,,,-28.15169060682071,5.286509349028157
-20.20717043016099,0.08969438495903637,-19.41480358839441,0.126510317272951,-18.66414026461553,0.04000861682671984,,,-28.14126472732378,5.027309242558403
-20.19674455066406,0.1034486711126842,-19.40437770889748,0.1349461009056771,-18.6537143851186,0.03920527104469527,,,-28.13083884782685,4.767843730300594
-20.18631867116714,0.1189883362546971,-19.39395182940055,0.144056427011604,-18.64328850562168,0.03834582089787262,,,-28.12041296832993,4.509498436257535
-20.1758927916702,0.136490895775903,-19.38352594990362,0.1538487309966168,-18.63286262612475,0.03743259172617407,,,-28.109987088833,4.253576859984793
-20.16546691217328,0.1561430980295764,-19.37310007040669,0.1643244215498664,-18.62243674662782,0.03646840803856465,,,-28.09956120933607,4.001291068809836
-20.15504103267635,0.1781401098824487,-19.36267419090976,0.1754784157386607,-18.61201086713089,0.03545656860079136,,,-28.08913532983914,3.753754110355143
-20.14461515317942,0.2026844616699486,-19.35224831141283,0.1872987254532769,-18.60158498763396,0.03440081314975958,,,-28.07870945034221,3.511974167683698
-20.13418927368249,0.2299847353217356,-19.3418224319159,0.1997661052900688,-18.59115910813703,0.0333052815256613,,,-28.06828357084528,3.276850446022213
-20.12376339418556,0.2602539823227573,-19.33139655241898,0.2128537717326836,-18.5807332286401,0.0321744661644498,,,-28.05785769134835,3.049170748861905
-20.11333751468863,0.2937078617905117,-19.32097067292205,0.2265272030388163,-18.57030734914317,0.03101315901663209,,,-28.04743181185142,2.829610672890373
-20.1029116351917,0.3305624932864669,-19.31054479342512,0.2407440285523873,-18.55988146964625,0.02982639405137615,,,-28.0370059323545,2.618734326162733
-20.09248575569477,0.3710320240241687,-19.30011891392819,0.2554540152325929,-18.54945559014932,0.02861938656631224,,,-28.02658005285757,2.416996452548644
-20.08205987619785,0.4153259158515831,-19.28969303443126,0.2705991580225938,-18.53902971065239,0.02739747055281262,,,-28.01615417336064,2.224745828046924
-20.07163399670092,0.4636459637096733,-19.27926715493433,0.2861138792792119,-18.52860383115546,0.02616603536455411,,,-28.00572829386371,2.042229781173213
-20.06120811720399,0.5161830641167546,-19.2688412754374,0.3019253408657844,-18.51817795165853,0.02493046290525719,,,-27.99530241436678,1.869599680315972
-20.05078223770706,0.5731137594866482,-19.25841539594047,0.3179538706956125,-18.5077520721616,0.02369606649189115,,,-27.98487653486985,1.706917225631628
-20.04035635821013,0.6345965916203962,-19.24798951644355,0.3341135035329187,-18.49732619266467,0.02246803246523872,,,-27.97445065537292,1.554161381523987
-20.0299304787132,0.700768305354481,-19.23756363694662,0.3503126337485867,-18.48690031316774,0.02125136551398615,,,-27.96402477587599,1.411235787755561
-20.01950459921627,0.7717399509192343,-19.22713775744969,0.3664547755321911,-18.47647443367082,0.02005083855530932,,,-27.95359889637907,1.277976492429099
-20.00907871971934,0.8475929408569063,-19.21671187795276,0.3824394238283891,-18.46604855417389,0.01887094787841026,,,-27.94317301688214,1.154159858062592
-19.99865284022242,0.9283751241527006,-19.20628599845583,0.3981630070473142,-18.45562267467696,0.01771587411189447,,,-27.93274713738521,1.039510502328442
-19.98822696072549,1.014096946317726,-19.1958601189589,0.4135199204507716,-18.44519679518003,0.01658944942554149,,,-27.92232125788828,0.9337091472830306
-19.97780108122856,1.104727769300968,-19.18543423946197,0.4284036270956258,-18.4347709156831,0.01549513122604741,,,-27.91189537839135,0.8364002646147365
-19.96737520173163,1.200192429072441,-19.17500835996504,0.4427078113793229,-18.42434503618617,0.01443598245860094,,,-27.90146949889442,0.7471994191310061
-19.9569493222347,1.300773464342053,-19.16458248046812,0.4563275686342348,-18.41391915668924,0.01341465848523707,,,-27.89104361939749,0.6657002279513642
-19.94652344273777,1.405594392673207,-19.15415660097119,0.4691606129078756,-18.40349327719231,0.01243340037990642,,,-27.88061773990056,0.5914808682653896
-19.93609756324084,1.514754047506489,-19.14373072147426,0.4811084840895647,-18.39306739769539,0.01149403436172454,,,-27.87019186040364,0.5241100816824057
-19.92567168374391,1.627978474407794,-19.13330484197733,0.4920777349382013,-18.38264151819846,0.01059797698400626,,,-27.85976598090671,0.4631526378170667
-19.91524580424699,1.744939656543854,-19.1228789624804,0.5019810783588984,-18.37221563870153,0.009746245608973428,,,-27.84934010140978,0.4081742335448685
-19.90481992475006,1.865255402025065,-19.11245308298347,0.5107384754869463,-18.3617897592046,0.008939473627415663,,,-27.83891422191285,0.358745817098065
-19.89439404525313,1.988490026625352,-19.10202720348654,0.5182781457735595,-18.35136387970767,0.008177929829505586,,,-27.82848834241592,0.3144473376815998
-19.8839681657562,2.114155884100494,-19.09160132398961,0.5245374813253264,-18.34093800021074,0.007461541297331636,,,-27.81806246291899,0.2748709314476373
-19.87354228625927,2.241715784160186,-19.08117544449269,0.5294638492128132,-18.33051212071381,0.006789919170955509,,,-27.80763658342206,0.2396235634018563
-19.86311640676234,2.370586324289904,-19.07074956499576,0.5330152673064067,-18.32008624121688,0.00616238663695862,,,-27.79721070392513,0.2083291520956075
-19.85269052726541,2.500142146290872,-19.06032368549883,0.5351609413813625,-18.30966036171996,0.005578008500197589,,,-27.78678482442821,0.1806302097964979
-19.84226464776848,2.629721111887162,-19.0498978060019,0.5358816537113433,-18.29923448222303,0.005035621724251727,,,-27.77635894493128,0.1561890352723181
-19.83183876827156,2.75863037436212,-19.03947192650497,0.5358953566896618,-18.2888086027261,0.004533866362019268,,,-27.76593306543435,0.134688499445326
-19.82141288877463,2.886153305295265,-19.02904604700804,0.5352006207928595,-18.27838272322917,0.004071216343175736,,,-27.75550718593742,0.1158324660752849
-19.8109870092777,3.011557217469273,-19.01862016751111,0.5330766269151981,-18.26795684373224,0.003646009637755288,,,-27.74508130644049,0.0993458904276909
-19.80056112978077,3.134101807318252,-19.00819428801418,0.5295397033927967,-18.25753096423531,0.003256477372963753,,,-27.73465542694356,0.08497463870793151
-19.79013525028384,3.253048223314369,-18.99776840851726,0.5246177183219001,-18.24710508473838,0.002900771541548031,,,-27.72422954744663,0.07248507002932102
-19.77970937078691,3.367668650857199,-18.98734252902032,0.5183496784765048,-18.23667920524145,0.002576991002808539,,,-27.7138036679497,0.06166342097196986
-19.76928349128998,3.477256289938281,-18.9769166495234,0.510785181883882,-18.22625332574453,0.002283205539976583,,,-27.70337778845278,0.05231503051728851
-19.75885761179305,3.581135589472008,-18.96649077002647,0.5019837344054661,-18.2158274462476,0.002017477798698058,,,-27.69295190895585,0.04426344044125145
-19.74843173229613,3.67867259204063,-18.95606489052954,0.4920139431078396,-18.20540156675067,0.00177788298948499,,,-27.68252602945892,0.0373494032417418
-19.7380058527992,3.769285235170869,-18.94563901103261,0.4809526013433224,-18.19497568725374,0.001562526291153844,,,-27.67210014996199,0.03142982647431668
-19.72757997330227,3.852453450355094,-18.93521313153568,0.4688836822441131,-18.18454980775681,0.001369557941626294,,,-27.66167427046506,0.02637667907752454
-19.71715409380534,3.927728898994897,-18.92478725203875,0.4558972587302672,-18.17412392825988,0.00119718604641004,,,-27.65124839096813,0.02207588197144918
-19.70672821430841,3.994744185348943,-18.91436137254183,0.4420883691132493,-18.16369804876295,0.001043687173204563,,,-27.6408225114712,0.01842620198601659
-19.69630233481148,4.053221390402934,-18.90393549304489,0.4275558479283033,-18.15327216926602,0.0009074148331903419,,,-27.63039663197427,0.01533816507998316
-19.68587645531455,4.102979777265319,-18.89350961354797,0.4124011417471704,-18.1428462897691,0.0007868059756420645,,,-27.61997075247735,0.01273300189567342
-19.67545057581762,4.143942528072221,-18.88308373405104,0.3967271294161597,-18.13242041027217,0.0006803856426985177,,,-27.60954487298042,0.01054163599450362
-19.6650246963207,4.176142384237276,-18.87265785455411,0.3806369654528045,-18.12199453077524,0.0005859753776280352,,,-27.59911899348349,0.00870372265894678
-19.65459881682377,4.199726075926581,-18.86223197505718,0.3642329642470856,-18.11156865127831,0.0005040428146994213,,,-27.58869311398656,0.007166743942649415
-19.64417293732684,4.220493162159294,-18.85180609556025,0.3476155412892959,-18.10114277178138,0.0004323898859812367,,,-27.57826723448963,0.005885163707893886
-19.63374705782991,4.238781264218234,-18.84138021606332,0.330882225932486,-18.09071689228445,0.0003699164667441172,,,-27.5678413549927,0.004819644707042514
-19.62332117833298,4.249466954989174,-18.83095433656639,0.3141267582454738,-18.08029101278752,0.0003156107889861359,,,-27.55741547549577,0.003936328334370898
-19.61289529883605,4.253320158165922,-18.82052845706946,0.297438280379198,-18.06986513329059,0.0002685468467556347,,,-27.54698959599884,0.003206176484286181
-19.60246941933912,4.250619733347369,-18.81010257757254,0.2809006306137513,-18.05943925379367,0.0002278811035645616,,,-27.53656371650192,0.002604373985127493
-19.59204353984219,4.24224949510845,-18.79967669807561,0.2645917459352438,-18.04901337429674,0.0001928486537124654,,,-27.52613783700499,0.002109789315757471
-19.58161766034527,4.229121765791939,-18.78925081857868,0.2485831766690702,-18.03858749479981,0.0001627589764759179,,,-27.51571195750806,0.00170449073454864
-19.57119178084834,4.212221068699611,-18.77882493908175,0.2329397144246321,-18.02816161530288,0.000136991408389299,,,-27.50528607801113,0.001373314535938799
-19.56076590135141,4.192629149668737,-18.76839905958482,0.2177191324373111,-18.01773573580595,0.0001149904446886347,,,-27.4948601985142,0.001103481877204445
-19.55034002185448,4.171515862425498,-18.75797318008789,0.2029720353720647,-18.00730985630902,9.626096679298724e-05,,,-27.48443431901727,0.000884260466726075
-19.53991414235755,4.150128676492757,-18.74754730059096,0.1887418138185208,-12.94033242080164,0.0001014882907927213,,,-27.47400843952034,0.0007066673550192756
-19.52948826286062,4.129780901076591,-18.73712142109403,0.1750646970915901,-12.92990654130471,0.0001199494565892609,,,-27.46358256002341,0.0005632091027264733
-19.51906238336369,4.111838734685239,-18.72669554159711,0.1619685771250038,-12.91948066180778,0.0001413840604038127,,,-27.45315668052649,0.0004476556987128968
-19.50863650386676,4.097707265319367,-18.71626966210018,0.1494787933541859,-12.90905478231085,0.0001661967144644746,,,-27.44273080102956,0.0003548447512019791
-19.49821062436984,4.088815559886594,-18.70584378260325,0.1376096087390146,-12.89862890281393,0.0001948337711948238,,,-27.43230492153263,0.0002805126621117008
-19.48778474487291,4.086600994038406,-18.69541790310632,0.1263772419976196,-12.888203023317,0.0002277853864061034,,,-27.4218790420357,0
-19.47735886537598,4.092492984923977,-18.68499202360939,0.1157857077183129,-12.87777714382007,0.0002655872969681352,,,-20.56165033305657,0.0001410960989292074
-19.46693298587905,4.107896299430132,-18.67456614411246,0.1058272674289584,-12.86735126432314,0.0003088222325136595,,,-20.55122445355964,0.000178484670685445
-19.45650710638212,4.134174119350672,-18.66414026461553,0.09649580745346324,-12.85692538482621,0.0003581208745346123,,,-20.54079857406271,0.000225167991620524
-19.44608122688519,4.172631052605126,-18.6537143851186,0.08778091791440082,-12.84649950532928,0.0004141622710173324,,,-20.53037269456578,0.0002832906246652096
-19.43565534738826,4.224496286081821,-18.64328850562168,0.0796684036748898,-12.83607362583235,0.0004776736108387383,,,-20.51994681506886,0.0003554492203069858
-19.42522946789133,4.290907080850525,-18.63286262612475,0.07214079623791057,-12.82564774633542,0.0005494292598213126,,,-20.50952093557193,0.0004447774348335382
-19.41480358839441,4.372892814269234,-18.62243674662782,0.0651778584829302,-12.8152218668385,0.0006302489599398612,,,-20.499095056075,0.0005550444209560385
-19.40437770889748,4.471359775744606,-18.61201086713089,0.05875707503305316,-12.80479598734157,0.0007209950950007529,,,-20.48866917657807,0.0006907685455802341
-19.39395182940055,4.58707692339442,-18.60158498763396,0.05285412202106299,-12.79437010784464,0.0008225689304719745,,,-20.47824329708114,0.0008573480836669887
-19.38352594990362,4.720662807359648,-18.59115910813703,0.04744331103080562,-12.78394422834771,0.0009359057422990298,,,-20.46781741758421,0.001061210712468169
-19.37310007040669,4.872573861742919,-18.5807332286401,0.04249800300451727,-12.77351834885078,0.001061968759725753,,,-20.45739153808728,0.00130998368019436
-19.36267419090976,5.043094260806609,-18.57030734914317,0.03799098890258024,-12.76309246935385,0.001201741860524526,,,-20.44696565859035,0.0016126865397299
-19.35224831141283,5.232327525835389,-18.55988146964625,0.03389483485846104,-12.75266658985692,0.001356220973733586,,,-20.43653977909343,0.001979948312861101
-19.3418224319159,5.440190056652996,-18.54945559014932,0.03018219047017064,-12.74224071035999,0.001526404165025748,,,-20.4261138995965,0.002424250874342743
-19.33139655241898,5.666406745909811,-18.53902971065239,0.02682605969586432,-12.73181483086307,0.001713280403125986,,,-20.41568802009957,0.002960200208049502
-19.32097067292205,5.910508814706539,-18.52860383115546,0.02380003456402163,-12.72138895136614,0.001917817032084813,,,-20.40526214060264,0.003604826979003526
-19.31054479342512,6.171833984745112,-18.51817795165853,0.02107849256028163,-12.71096307186921,0.002140946003418616,,,-20.39483626110571,0.004377917574537585
-19.30011891392819,6.449529074950716,-18.5077520721616,0.0186367591089661,-12.70053719237228,0.002383548953748442,,,-20.38441038160878,0.005302376384577947
-19.28969303443126,6.742555079454738,-18.49732619266467,0.01645123702610533,-12.69011131287535,0.002646441247087362,,,-20.37398450211185,0.006404619604737557
-19.27926715493433,7.049694749164018,-18.48690031316774,0.01449950518357767,-12.67968543337842,0.002930355135707774,,,-20.36355862261492,0.00771500024714052
-19.2688412754374,7.369562661208543,-18.47647443367082,0.01276038889429622,-12.66925955388149,0.003235922228816658,,,-20.353132743118,0.009268263324502913
-19.25841539594047,7.700617719849413,-18.46604855417389,0.01121400471168208,-12.65883367438456,0.003563655493229818,,,-20.34270686362106,0.01110402932667892
-19.24798951644355,8.041177989585755,-18.45562267467696,0.009841782439951905,-12.64840779488764,0.003913931043930319,,,-20.33228098412414,0.01326730313180796
-19.23756363694662,8.389437717014751,-18.44519679518003,0.008626467183171022,-12.63798191539071,0.004286970013819676,,,-20.32185510462721,0.0158090043856278
-19.22713775744969,8.7434863533987,-18.4347709156831,0.007552104229504934,-12.62755603589378,0.004682820820078008,,,-20.31142922513028,0.01878651414546553
-19.21671187795276,9.101329345920101,-18.42434503618617,0.006604009481983838,-12.61713015639685,0.005101342168282641,,,-20.30100334563335,0.02226423122731963
-19.20628599845583,9.460910423391752,-18.41391915668924,0.005768728017819872,-12.60670427689992,0.005542187153751303,,,-20.29057746613642,0.02631413022779175
-19.1958601189589,9.820135062927543,-18.40349327719231,0.005033983194146986,-12.59627839740299,0.006004788831485835,,,-20.28015158663949,0.0310163116355506
-19.18543423946197,10.17689478898447,-18.39306739769539,0.004388618527838005,-12.58585251790606,0.00648834763069208,,,-20.26972570714257,0.03645953282378049
-19.17500835996504,10.5290919264562,-18.38264151819846,0.00382253436903598,-12.57542663840913,0.006991820986361262,,,-20.25929982764563,0.04274170705646675
-19.16458248046812,10.87466440626994,-18.37221563870153,0.003326621169712013,-12.56500075891221,0.007513915548197132,,,-20.24887394814871,0.04997035598490716
-19.15415660097119,11.21161020624477,-18.3617897592046,0.002892690926574248,-12.55457487941528,0.008053082305832501,,,-20.23844806865178,0.0582629995007656
-19.14373072147426,11.53801100269771,-18.35136387970767,0.0025134081577367,-12.54414899991835,0.008607514938591338,,,-20.22802218915485,0.06774746529907714
-19.13330484197733,11.85205461013158,-18.34093800021074,0.002182221559512066,-12.53372312042142,0.009175151658057337,,,-20.21759630965792,0.07856209914568844
-19.1228789624804,12.15205579778242,-18.33051212071381,0.001893297287394024,-12.52329724092449,0.009753680762710474,,,-20.20717043016099,0.09085585570073648
-19.11245308298347,12.43647509306519,-18.32008624121688,0.001641454616725087,-12.51287136142756,0.01034055006646741,,,-20.19674455066406,0.1047882488891528
-19.10202720348654,12.70393521297951,-18.30966036171996,0.001422104565855714,-12.50244548193063,0.01093298029796631,,,-20.18631867116714,0.1205291402997498
-19.09160132398961,12.95323480497873,-18.29923448222303,0.001231191909178002,-12.4920196024337,0.0115279824959972,,,-20.1758927916702,0.1382583440060742
-19.08117544449269,13.18335922802484,-18.2888086027261,0.001065140869975932,-12.48159372293678,0.01212237934997677,,,-20.16546691217328,0.158165026603618
-19.07074956499576,13.39348816162161,-18.27838272322917,0.0009208046637022578,-12.47116784343985,0.01271283035440858,,,-20.15504103267635,0.1804468822143645
-19.06032368549883,13.58299989433863,-18.26795684373224,0.0007954189607078191,-12.46074196394292,0.01329586056465889,,,-20.14461515317942,0.2053090637800405
-19.0498978060019,13.75147221226414,-18.25753096423531,0.0006865592528535677,-12.45031608444599,0.01386789266006312,,,-20.13418927368249,0.2329628541999222
-19.03947192650497,13.91478931069672,-18.24710508473838,0.0005921020397630783,-12.43989020494906,0.01442528194140743,,,-20.12376339418556,0.2636240638057495
-19.02904604700804,14.07278595168193,-18.23667920524145,0.000510189696434389,-12.42946432545213,0.0149643538152915,,,-20.11333751468863,0.2975111443285745
-19.01862016751111,14.20924018356926,-18.22625332574453,0.0004391988430880931,-12.4190384459552,0.01548144324983933,,,-20.1029116351917,0.3348430139058012
-19.00819428801418,14.32421480187416,-18.2158274462476,0.0003777120089667004,-12.40861256645827,0.01597293562666621,,,-20.09248575569477,0.3758365927865796
-18.99776840851726,14.41793659050965,-18.20540156675067,0.0003244923627788728,-12.39818668696135,0.01643530836476473,,,-20.08205987619785,0.4207040551827321
-18.98734252902032,14.49078246607726,-18.19497568725374,0.0002784612720870542,-12.38776080746442,0.01686517265466161,,,-20.07163399670092,0.4696498091187485
-18.9769166495234,14.54326343078888,-18.18454980775681,0.0002386784507176618,-12.37733492796749,0.01725931461717422,,,-20.06120811720399,0.5228672230705903
-18.96649077002647,14.57600671981234,-18.17412392825988,0.00020432445587197,-12.36690904847056,0.01761473519139388,,,-20.05078223770706,0.5805351255355209
-18.95606489052954,14.58973656920464,-18.16369804876295,0.0001746853037895638,-12.35648316897363,0.0179286880618176,,,-20.04035635821013,0.6428141113044469
-18.94563901103261,14.5852540602818,-18.15327216926602,0.0001491389834487648,-12.3460572894767,0.01819871495512066,,,-20.0299304787132,0.7098426959504111
-18.93521313153568,14.56341651434782,-18.1428462897691,0.0001271436608981396,-12.33563140997977,0.01842267767278094,,,-20.01950459921627,0.7817333677156496
-18.92478725203875,14.52511691757483,-18.13242041027217,0.0001082273815543818,-12.32520553048284,0.01859878627608463,,,-20.00907871971934,0.8585685933698977
-18.91436137254183,14.47126384926115,-18.12199453077524,7.758974531044137e-05,-12.31477965098591,0.01872562290400499,,,-19.99865284022242,0.9403968415045511
-18.90393549304489,14.40276236783238,-13.20097940822486,0.0007785794807059947,-12.30435377148899,0.01880216078070397,,,-19.98822696072549,1.027228692891755
-18.89350961354797,14.32049627830192,-13.19055352872793,0.001047212090799564,-12.29392789199206,0.01882777805625974,,,-19.97780108122856,1.119033112742174
-18.88308373405104,14.22531216333546,-13.180127649231,0.001321328194773773,-12.28350201249513,0.01882780446974705,,,-19.96737520173163,1.215733963711585
-18.87265785455411,14.11800550876157,-13.16970176973407,0.001662672648002095,-12.2730761329982,0.01880226621966024,,,-19.9569493222347,1.317631453879108
-18.86223197505718,13.99930919482393,-13.15927589023715,0.002086521187356285,-12.26265025350127,0.01872583292485965,,,-19.94652344273777,1.423813442275373
-18.85180609556025,13.86988455840867,-13.14885001074022,0.002611312468963889,-12.25222437400434,0.01859909917632236,,,-19.93609756324084,1.534391263181643
-18.84138021606332,13.7303151608197,-13.13842413124329,0.003259229054086342,-12.24179849450741,0.01842309092741031,,,-19.92567168374391,1.649087627625617
-18.83095433656639,13.5811033224622,-13.12799825174636,0.004056868414273784,-12.23137261501048,0.01819922525060235,,,-19.91524580424699,1.767570529062782
-18.82052845706946,13.42266941213152,-13.11757237224943,0.005036014337475522,-12.22094673551356,0.01792929134030193,,,-19.90481992475006,1.889453137692719
-18.81010257757254,13.25535380659121,-13.1071464927525,0.006234519574135319,-12.21052085601663,0.01761542670444154,,,-19.89439404525313,2.014294501799685
-18.79967669807561,13.07942136778069,-13.09672061325557,0.007697310870216936,-12.2000949765197,0.01726008898796577,,,-19.8839681657562,2.141601109179413
-18.78925081857868,12.89506822220681,-13.08629473375864,0.00947752764746196,-12.18966909702277,0.01686602394755608,,,-19.87354228625927,2.270829349399768
-18.77882493908175,12.70243057153198,-13.07586885426172,0.01163780545971816,-12.17924321752584,0.01643623016094985,,,-19.86311640676234,2.401388903611693
-18.76839905958482,12.50159521651583,-13.06544297476479,0.01425171492291759,-12.16881733802891,0.01597392110455385,,,-19.85269052726541,2.53264707310557
-18.75797318008789,12.29261143945219,-13.05501709526786,0.01740536602624419,-12.15839145853198,0.01548248526880119,,,-19.84226464776848,2.663934041076599
-18.74754730059096,12.07550386389811,-13.04459121577093,0.02119918652121171,-12.14796557903505,0.01496544500130387,,,-19.83183876827156,2.79454904444828
-18.73712142109403,11.85028589531155,-13.034165336274,0.0257498813901247,-12.13753969953813,0.01442641477317787,,,-19.82141288877463,2.923767414472859
-18.72669554159711,11.61686352745014,-13.02373945677707,0.03119257815212923,-12.1271138200412,0.0138690595542471,,,-19.8109870092777,3.050848426579291
-18.71626966210018,11.3755114851784,-13.01331357728014,0.03768315991236813,-12.11668794054427,0.0132970539588375,,,-19.80056112978077,3.175043881991028
-18.70584378260325,11.12615189982236,-13.00288769778321,0.04540078454091071,-12.10626206104734,0.01271404278658801,,,-19.79013525028384,3.295607326413113
-18.69541790310632,10.87834139492274,-12.99246181828628,0.05455058413397694,-12.09583618155041,0.01212360353348258,,,-19.77970937078691,3.411803795012306
-18.68499202360939,10.63380324827413,-12.98203593878936,0.06536653392219445,-12.08541030205348,0.01152921138876814,,,-19.76928349128998,3.522919958388759
-18.67456614411246,10.38312912442274,-12.97161005929243,0.07811447402525538,-12.07498442255655,0.01093420716539997,,,-19.75885761179305,3.628274531636496
-18.66414026461553,10.12477549197019,-12.9611841797955,0.09309526090360422,-12.06455854305962,0.01034176853712836,,,-19.74843173229613,3.727228798244024
-18.6537143851186,9.858925077538425,-12.95075830029857,0.1106480180419972,-12.0541326635627,0.00975488487637724,,,-19.7380058527992,3.819197092773033
-18.64328850562168,9.585845103205905,-12.94033242080164,0.1311534473592916,-12.04370678406577,0.009176335905752944,,,-19.72757997330227,3.903657081188277
-18.63286262612475,9.305890841651813,-12.92990654130471,0.155037154145862,-12.03328090456884,0.008608674294408996,,,-19.71715409380534,3.980159675540066
-18.62243674662782,9.019506926814877,-12.91948066180778,0.1827729290901776,-12.02285502507191,0.008054212250529758,,,-19.70672821430841,4.048338420493679
-18.61201086713089,8.727226444405952,-12.90905478231085,0.2148859213112268,-12.01242914557498,0.007515012084684645,,,-19.69630233481148,4.107918192950941
-18.60158498763396,8.429667881651032,-12.89862890281393,0.2519556264442439,-12.00200326607805,0.006992880647353299,,,-19.68587645531455,4.158723062635731
-18.59115910813703,8.127530066249234,-12.888203023317,0.2946186039541206,-11.99157738658112,0.006489367478912403,,,-19.67545057581762,4.200683170862035
-18.5807332286401,7.821585269511424,-12.87777714382007,0.3435708282347448,-11.98115150708419,0.006005766452932591,,,-19.6650246963207,4.233840496547623
-18.57030734914317,7.512670687022542,-12.86735126432314,0.399569568993036,-11.97072562758727,0.005543120644616484,,,-19.65459881682377,4.258353392598027
-18.55988146964625,7.201678541210681,-12.85692538482621,0.463434688249557,-11.96029974809034,0.005102230116194767,,,-19.64417293732684,4.280107194500981
-18.54945559014932,6.88954507342311,-12.84649950532928,0.5360492343808693,-11.94987386859341,0.00468366228039042,,,-19.63374705782991,4.29945556508729
-18.53902971065239,6.577238708273909,-12.83607362583235,0.6183592083750614,-11.93944798909648,0.004287764481701545,,,-19.62332117833298,4.311221426125698
-18.52860383115546,6.265747680155168,-12.82564774633542,0.7113723742806838,-11.92902210959955,0.003914678423033667,,,-19.61289529883605,4.316196618920946
-18.51817795165853,5.956067411141801,-12.8152218668385,0.8161559851166715,-11.91859623010262,0.003564356061704738,,,-19.60246941933912,4.314681052442605
-18.5077520721616,5.6491879215293,-12.80479598734157,0.9338332976868043,-11.90817035060569,0.003236576603429887,,,-19.59204353984219,4.307585187032564
-18.49732619266467,5.346081539567736,-12.79437010784464,1.065578755196946,-11.89774447110876,0.002930964234788519,,,-19.58161766034527,4.295849631810107
-18.48690031316774,5.04769115639332,-12.78394422834771,1.212611725661307,-11.88731859161184,0.002647006252980884,,,-19.57119178084834,4.280489474342847
-18.47647443367082,4.754919246627974,-12.77351834885078,1.37618869710757,-11.87689271211491,0.002384071275404326,,,-19.56076590135141,4.262619204104955
-18.46604855417389,4.468617845619737,-12.76309246935385,1.557593847782676,-11.86646683261798,0.002141427239679159,,,-19.55034002185448,4.243443396356648
-18.45562267467696,4.18957964188179,-12.75266658985692,1.758127931066798,-11.85604095312105,0.001918258936171684,,,-19.53991414235755,4.224245976303662
-18.44519679518003,3.918530309016683,-12.74224071035999,1.97909544066396,-11.84561507362412,0.001713684848752377,,,-19.52948826286062,4.206378156510443
-18.4347709156831,3.656122166325982,-12.73181483086307,2.221790051775053,-11.83518919412719,0.001526773114488657,,,-19.51906238336369,4.191245157371791
-18.42434503618617,3.402929222393001,-12.72138895136614,2.487478368160249,-11.82476331463026,0.001356556448268436,,,-19.50863650386676,4.18029183609115
-18.41391915668924,3.15944362209959,-12.71096307186921,2.777382042905473,-11.81433743513333,0.001202045913133781,,,-19.49821062436984,4.17498736404248
-18.40349327719231,2.926073485609151,-12.70053719237228,3.092658381811698,-11.80391155563641,0.00106224345062587,,,-19.48778474487291,4.176809105608011
-18.39306739769539,2.703142098513385,-12.69011131287535,3.434379581960966,-11.79348567613948,0.0009361531170672524,,,-19.47735886537598,4.187225863602693
-18.38264151819846,2.490888386166785,-12.67968543337842,3.803510803359423,-11.78305979664255,0.0008227910009169967,,,-19.46693298587905,4.207680667239502
-18.37221563870153,2.289468582653584,-12.66925955388149,4.200887317649125,-11.77263391714562,0.0007211938227299817,,,-19.45650710638212,4.239573288270467
-18.3617897592046,2.098958986141735,-12.65883367438456,4.627191023616898,-11.76220803764869,0.0006304262425512131,,,-19.44608122688519,4.284242679449054
-18.35136387970767,1.919359677739102,-12.64840779488764,5.08292666339577,-11.75178215815176,0.0005495869196095427,,,-19.43565534738826,4.34294953676129
-18.34093800021074,1.750599070411962,-12.63798191539071,5.568398114548788,-11.74135627865483,0.0004778133858752188,,,-19.42522946789133,4.416859192886488
-18.33051212071381,1.592539147971758,-12.62755603589378,6.083685170285136,-11.7309303991579,0.0004142858084378327,,,-19.41480358839441,4.507025053947527
-18.32008624121688,1.444981251395444,-12.61713015639685,6.628621251500936,-11.72050451966097,0.000358229725851716,,,-19.40437770889748,4.614372794619219
-18.30966036171996,1.307672270541303,-12.60670427689992,7.202772518798848,-11.71007864016405,0.0003089178507585465,,,-19.39395182940055,4.739685527856111
-18.29923448222303,1.180311103307563,-12.59627839740299,7.805418868821476,-11.69965276066712,0.0002656710354600644,,,-19.38352594990362,4.883590164608
-18.2888086027261,1.062555251052249,-12.58585251790606,8.435537305944738,-11.68922688117019,0.0002278584989464555,,,-19.37310007040669,5.046545175605931
-18.27838272322917,0.9540274282090904,-12.57542663840913,9.091788176587784,-11.67880100167326,0.0001948974134853806,,,-19.36267419090976,5.228829961293845
-18.26795684373224,0.8543220750348969,-12.56500075891221,9.772504738278608,-11.66837512217633,0.0001662519465560631,,,-19.35224831141283,5.430536026913613
-18.25753096423531,0.7630116748431015,-12.55457487941528,10.47568650859068,-11.6579492426794,0.0001414318499908815,,,-19.3418224319159,5.651560147298476
-18.24710508473838,0.6796527904599849,-12.54414899991835,11.19899679984318,-11.64752336318247,0.0001199906829777404,,,-19.33139655241898,5.891599689799417
-18.23667920524145,0.6037917485506178,-12.53372312042142,11.93976479406424,-11.63709748368554,0.0001015237493820463,,,-19.32097067292205,6.15015024372428
-18.22625332574453,0.5349699144992583,-12.52329724092449,12.69499244952282,-11.62667160418862,8.566582295036205e-05,,,-19.31054479342512,6.426505680553875
-18.2158274462476,0.4727285143331897,-12.51287136142756,13.46136645587204,-3.848965499479755,0.0001067387767276904,,,-19.30011891392819,6.719760740957099
-18.20540156675067,0.4166129734358305,-12.50244548193063,14.23527537070592,-3.838539619982826,0.0001254775310694047,,,-19.28969303443126,7.028816212325297
-18.19497568725374,0.3661767542411252,-12.4920196024337,15.01283197755985,-3.828113740485898,0.0001471067937865948,,,-19.27926715493433,7.352386724389799
-18.18454980775681,0.3209846865258833,-12.48159372293678,15.78990080586252,-3.817687860988968,0.0001719976513903017,,,-19.2688412754374,7.689011150833419
-18.17412392825988,0.2806157941614074,-12.47116784343985,16.56213064915445,-3.80726198149204,0.0002005558453144527,,,-19.25841539594047,8.037065562172151
-18.16369804876295,0.2446656311426501,-12.46074196394292,17.32499181136208,-3.796836101995111,0.0002332228790624918,,,-19.24798951644355,8.394778630244039
-18.15327216926602,0.2127481473220915,-12.45031608444599,18.0738177045904,-3.786410222498182,0.0002704767878862434,,,-19.23756363694662,8.760249338228338
-18.1428462897691,0.1844971105197225,-12.43989020494906,18.80385031844125,-3.775984343001253,0.0003128325015577964,,,-19.22713775744969,9.131466803201519
-18.13242041027217,0.1595671165815654,-12.42946432545213,19.51028898300173,-3.765558463504325,0.0003608417277033127,,,-19.21671187795276,9.506331971911804
-18.12199453077524,0.1373146515875381,-12.4190384459552,20.18834175808376,-3.755132584007396,0.0004150922812638118,,,-19.20628599845583,9.882680905909149
-18.11156865127831,0.1181449820158865,-12.40861256645827,20.83327870262886,-3.744706704510467,0.0004762067851732496,,,-19.1958601189589,10.25830933065436
-18.10114277178138,0.1013757189132441,-12.39818668696135,21.44048621283197,-3.734280825013538,0.0005448406685365691,,,-19.18543423946197,10.63099808602511
-18.09071689228445,0.08675067840005914,-12.38776080746442,22.00552156762416,-3.72385494551661,0.0006216793916766106,,,-19.17500835996504,10.99853908399477
-18.08029101278752,0.07403414739910204,-12.37733492796749,22.52416678748089,-3.713429066019681,0.0007074348326053814,,,-19.16458248046812,11.35876135437775
-18.06986513329059,0.06301029988789818,-12.36690904847056,22.99248089847233,-3.703003186522752,0.0008028407769389634,,,-19.15415660097119,11.70955674249838
-18.05943925379367,0.05348244859612628,-12.35648316897363,23.4068496989601,-3.692577307025823,0.0009086474631531509,,,-19.14373072147426,12.04890481438249
-18.04901337429674,0.04527216748676971,-12.3460572894767,23.76403215177683,-3.682151427528895,0.001025615147455613,,,-19.13330484197733,12.37489652632981
-18.03858749479981,0.03821831740955707,-12.33563140997977,24.06120256996955,-3.671725548031966,0.001154506667456988,,,-19.1228789624804,12.68575622700642
-18.02816161530288,0.03217600415589991,-12.32520553048284,24.29598782857121,-3.661299668535037,0.001296079001215711,,,-19.11245308298347,12.97986158173882
-18.01773573580595,0.02701549487843635,-12.31477965098591,24.46649891717446,-3.650873789038108,0.001451073837990437,,,-19.10202720348654,13.25576104044958
-18.00730985630902,0.02262111555495832,-12.30435377148899,24.57135624659345,-3.64044790954118,0.001620207198956686,,,-19.09160132398961,13.51218851229649
-17.99688397681209,0.01889014895217998,-12.29392789199206,24.60970823542489,-3.630022030044251,0.001804158169940125,,,-19.08117544449269,13.74807496090749
-17.98645809731516,0.01573174944242099,-12.28350201249513,24.61218492009312,-3.619596150547322,0.002003556833506396,,,-19.07074956499576,13.96255669318344
-17.97603221781824,0.01306588809579713,-12.2730761329982,24.58124282625656,-3.609170271050393,0.002218971514056696,,,-19.06032368549883,14.15498018072883
-17.96560633832131,0.01082233874963567,-12.26265025350127,24.48619171368829,-3.598744391553464,0.002450895476353522,,,-19.0498978060019,14.32490332456846
-17.95518045882438,0.008939713271954836,-12.25222437400434,24.32532720403882,-3.588318512056536,0.002699733244508918,,,-19.03947192650497,14.4889679940247
-17.94475457932745,0.00736455200317266,-12.24179849450741,24.09995176627204,-3.577892632559607,0.002965786734207664,,,-19.02904604700804,14.64700717077999
-17.93432869983052,0.006050473387010417,-12.23137261501048,23.81188047188543,-3.567466753062678,0.003249241415057115,,,-19.01862016751111,14.78203763049844
-17.92390282033359,0.004957385087466883,-12.22094673551356,23.46341665490686,-3.557040873565749,0.003550152741666199,,,-19.00819428801418,14.89413834232348
-17.91347694083666,0.004050757427074715,-12.21052085601663,23.05732124852668,-3.546614994068821,0.003868433110556753,,,-18.99776840851726,14.98356401116353
-17.90305106133973,0.003300958760669748,-12.2000949765197,22.59677636927464,-3.536189114571892,0.004203839614509018,,,-18.98734252902032,15.05073077902858
-17.89262518184281,0.002682651403015979,-12.18966909702277,22.08534382038084,-3.525763235074963,0.004555962875683234,,,-18.9769166495234,15.09619958532638
-17.88219930234588,0.002174245939491703,-12.17924321752584,21.52691927078185,-3.515337355578034,0.004924217243146518,,,-18.96649077002647,15.12065758346772
-17.87177342284895,0.001757411146552158,-12.16881733802891,20.92568293335299,-3.504911476081106,0.00530783263866378,,,-18.95606489052954,15.12489805401667
-17.86134754335202,0.001416636311835796,-12.15839145853198,20.28604761407399,-3.494485596584177,0.005705848326295285,,,-18.94563901103261,15.1097992864853
-17.85092166385509,0.001138842451400179,-12.14796557903505,19.61260503221479,-3.484059717087248,0.0061171088661351,,,-18.93521313153568,15.07630292173859
-17.84049578435816,0.0009130387529136405,-12.13753969953813,18.91007132004912,-3.473633837590319,0.006540262490242518,,,-18.92478725203875,15.02539225421155
-17.83006990486123,0.0007300205088517903,-12.1271138200412,18.1832325993935,-3.463207958093391,0.006973762109464511,,,-18.91436137254183,14.95807098749035
-17.8196440253643,0.0005821048242795096,-12.11668794054427,17.43689150227142,-3.452782078596462,0.007415869123621737,,,-18.90393549304489,14.87534291839712
-17.80921814586738,0.0004629004725848228,-12.10626206104734,16.67581545553213,-3.442356199099533,0.007864660164840966,,,-18.89350961354797,14.77819299405155
-17.79879226637045,0.0003671084141956131,-12.09583618155041,15.90468748604883,-3.431930319602604,0.008318036855280372,,,-18.88308373405104,14.66757014433849
-17.78836638687352,0.0002903496742377492,-12.08541030205348,15.12806022627543,-3.421504440105676,0.008773738606933987,,,-18.87265785455411,14.54437224000516
-17.77794050737659,4.145588389107932e-05,-12.07498442255655,14.35031371182911,-3.411078560608747,0.009229358433635048,,,-18.86223197505718,14.40943346576568
-12.87777714382007,0.0001051622130028888,-12.06455854305962,13.57561746596272,-3.400652681111818,0.009682361684998385,,,-18.85180609556025,14.2635143300786
-12.86735126432314,0.0001222813025732387,-12.0541326635627,12.80789726299207,-3.390226801614889,0.01013060802025313,,,-18.84138021606332,14.10729446065418
-12.85692538482621,0.0001418012999608753,-12.04370678406577,12.05080685667352,-3.37980092211796,0.01057050620548157,,,-18.83095433656639,13.94136825934773
-12.84649950532928,0.0001639910643413964,-12.03328090456884,11.30770485286975,-3.369375042621031,0.01099995289184645,,,-18.82052845706946,13.76624341406974
-12.83607362583235,0.000189138514263075,-12.02285502507191,10.58163680115477,-3.358949163124103,0.01141611569771971,,,-18.81010257757254,13.58234219085645
-12.82564774633542,0.0002175502457462732,-12.01242914557498,9.875322479661282,-3.348523283627174,0.01181700570202343,,,-18.79967669807561,13.39000535838455
-12.8152218668385,0.0002495508190309982,-12.00200326607805,9.19114825358761,-3.338097404130245,0.01219789348043526,,,-18.78925081857868,13.18949853192993
-12.80479598734157,0.0002854816756969696,-11.99157738658112,8.531164302183088,-3.327671524633316,0.01255714900949372,,,-18.77882493908175,12.98102066581192
-12.79437010784464,0.0003256996496067082,-11.98115150708419,7.897086433218284,-3.317245645136388,0.01289223024104269,,,-18.76839905958482,12.76471437422854
-12.78394422834771,0.0003705750379565599,-11.97072562758727,7.290302139064289,-3.306819765639459,0.01320071856989606,,,-18.75797318008789,12.54067772127538
-12.77351834885078,0.0004204892027536272,-11.96029974809034,6.71188049533803,-3.29639388614253,0.01348036664670118,,,-18.74754730059096,12.30897709272568
-12.76309246935385,0.0004758316783371468,-11.94987386859341,6.162585462040576,-3.285968006645601,0.01372912973990248,,,-18.73712142109403,12.06966074535569
-12.75266658985692,0.0005369967671730371,-11.93944798909648,5.642892118300548,-3.275542127148673,0.01394519549776723,,,-18.72669554159711,11.82266138748808
-12.74224071035999,0.0006043796140802881,-11.92902210959955,5.15300534498795,-3.265116247651744,0.01412701165642995,,,-18.71626966210018,11.56827858726703
-12.73181483086307,0.0006783717582710124,-11.91859623010262,4.69288046404626,-3.254690368154815,0.01427331127640654,,,-18.70584378260325,11.30644828118046
-12.72138895136614,0.0007593561730349438,-11.90817035060569,4.262245348609772,-3.244264488657886,0.01438313513780179,,,-18.69541790310632,11.04678829174002
-12.71096307186921,0.0008477018144624343,-11.89774447110876,3.860623532824933,-3.233838609160958,0.01445585097947902,,,-18.68499202360939,10.791029231914
-12.70053719237228,0.0009437577131196521,-11.88731859161184,3.487357873610479,-3.223412729664029,0.01449923004047509,,,-18.67456614411246,10.52971043984895
-12.69011131287535,0.001047846655860739,-11.87689271211491,3.141634347084953,-3.2129868501671,0.01451327226774683,,,-18.66414026461553,10.26127991625037
-12.67968543337842,0.001160258518732363,-11.86646683261798,2.822505598705009,-3.202560970670171,0.01450179269937548,,,-18.6537143851186,9.985911266497524
-12.66925955388149,0.001281243325900588,-11.85604095312105,2.528913906910822,-3.192135091173243,0.01446536690962125,,,-18.64328850562168,9.703859327778673
-12.65883367438456,0.001411004123372058,-11.84561507362412,2.259713263899002,-3.181709211676314,0.01439327438070374,,,-18.63286262612475,9.415464229615901
-12.64840779488764,0.001549689769620899,-11.83518919412719,2.013690322724567,-3.171283332179385,0.0142867483055703,,,-18.62243674662782,9.121153193336371
-12.63798191539071,0.001697387757672739,-11.82476331463026,1.789584006042386,-3.160857452682456,0.01414739668232382,,,-18.61201086713089,8.8214400880398
-12.62755603589378,0.001854117194324157,-11.81433743513333,1.586103617317054,-3.150431573185527,0.01397719692038193,,,-18.60158498763396,8.516922816821852
-12.61713015639685,0.002019822071570532,-11.80391155563641,1.401945339271392,-3.140005693688598,0.01377848721914693,,,-18.59115910813703,8.208278658805703
-12.60670427689992,0.002194364972565054,-11.79348567613948,1.235807045865731,-3.12957981419167,0.01355395498618917,,,-18.5807332286401,7.896257738680393
-12.59627839740299,0.002377521359144595,-11.78305979664255,1.086401392514543,-3.119153934694741,0.01330662260088179,,,-18.57030734914317,7.581674834941753
-12.58585251790606,0.002568974589776526,-11.77263391714562,0.9524671840207939,-3.108728055197812,0.01303983085702263,,,-18.55988146964625,7.265399770120519
-12.57542663840913,0.002768311815395882,-11.76220803764869,0.832779050462117,-3.098302175700884,0.01275722043333024,,,-18.54945559014932,6.948346650459592
-12.56500075891221,0.002975020895768548,-11.75178215815176,0.7261554877632453,-3.087876296203955,0.01246271174327717,,,-18.53902971065239,6.631462238522589
-12.55457487941528,0.003188488470563973,-11.74135627865483,0.6314653418382371,-3.077450416707026,0.01216048350540943,,,-18.52860383115546,6.315713750083744
-12.54414899991835,0.003407999307167978,-11.7309303991579,0.5476328330086565,-3.067024537210097,0.0118549503524047,,,-18.51817795165853,6.002076366607341
-12.53372312042142,0.003632737031428536,-11.72050451966097,0.4736412310309175,-3.056598657713169,0.01155073976238177,,,-18.5077520721616,5.691520747130157
-12.52329724092449,0.003861786328124596,-11.71007864016405,0.4085353007185191,-3.04617277821624,0.0112526685505477,,,-18.49732619266467,5.385000809059081
-12.51287136142756,0.004094136675209855,-11.69965276066712,0.3514226441159136,-3.035746898719311,0.01096571910470963,,,-18.48690031316774,5.083442027090885
-12.50244548193063,0.00432868765014816,-11.68922688117019,0.3014740678181623,-3.025321019222382,0.01069501548639886,,,-18.47647443367082,4.78773047407758
-12.4920196024337,0.004564255818371555,-11.67880100167326,0.2579231037201832,-3.014895139725454,0.01044579945258312,,,-18.46604855417389,4.498702798209829
-12.48159372293678,0.00479958318360191,-11.66837512217633,0.2200648086292875,-3.004469260228525,0.0102234063836601,,,-18.45562267467696,4.217137298433636
-12.47116784343985,0.005033347148119999,-11.6579492426794,0.1872539632007424,-2.994043380731596,0.01003324103430218,,,-18.44519679518003,3.943746225625397
-12.46074196394292,0.005264171898754554,-11.64752336318247,0.1589027839694823,-2.983617501234667,0.009880752957541487,,,-18.4347709156831,3.679169401781534
-12.45031608444599,0.005490641102170526,-11.63709748368554,0.134478254247633,-2.973191621737739,0.009771411392059136,,,-18.42434503618617,3.423969214333587
-12.43989020494906,0.005711311761771481,-11.62667160418862,0.1134991707089689,-2.96276574224081,0.00971067935073474,,,-18.41391915668924,3.178627008602647
-12.42946432545213,0.005924729059022038,-11.61624572469169,0.09553299292868749,-2.952339862743881,0.009703986607738331,,,-18.40349327719231,2.943540869183205
-12.4190384459552,0.006129441975061252,-11.60581984519476,0.08019257329524813,-2.941913983246952,0.009756701254199857,,,-18.39306739769539,2.719024751402948
-12.40861256645827,0.006324019464901037,-11.59539396569783,0.0671328348271113,-2.931488103750023,0.009874099480846539,,,-18.38264151819846,2.505308897519828
-12.39818668696135,0.006507066937010677,-11.5849680862009,0.05604745473752618,-2.921062224253094,0.01006133325164213,,,-18.37221563870153,2.30254144943227
-12.38776080746442,0.006677242776320983,-11.57454220670397,0.0466656022814947,-2.910636344756166,0.01032339555661329,,,-18.3617897592046,2.110791150695724
-12.37733492796749,0.006833274639175464,-11.56411632720704,0.03874877063819385,-2.900210465259237,0.01066508297539859,,,-18.35136387970767,1.930051015726345
-12.36690904847056,0.006973975244920139,-11.55369044771011,0.03208773444024615,-2.889784585762308,0.01109095534571665,,,-18.34093800021074,1.760242833268807
-12.35648316897363,0.007098257390924907,-11.54326456821319,0.02649965713522481,-2.879358706265379,0.01160529241241551,,,-18.33051212071381,1.601222364430108
-12.3460572894767,0.007205147925979329,-11.53283868871626,0.02182536570121636,-2.868932826768451,0.01221204743188852,,,-18.32008624121688,1.452785092649128
-12.33563140997977,0.007293800431152225,-11.52241280921933,0.01792680435705961,-2.858506947271522,0.01291479782163199,,,-18.30966036171996,1.314672383607356
-12.32520553048284,0.007363506377131568,-11.5119869297224,0.01468467380628628,-2.848081067774593,0.01371669307315022,,,-18.29923448222303,1.186577916940992
-12.31477965098591,0.007413704552389062,-11.50156105022547,0.01199625821030253,-2.837655188277664,0.01462040028525981,,,-18.2888086027261,1.068154258284244
-12.30435377148899,0.007443988586709733,-11.49113517072854,0.009773438464548577,-2.827229308780736,0.01562804782053163,,,-18.27838272322917,0.9590194492159683
-12.29392789199206,0.007454112429016738,-11.48070929123161,0.007940887403501958,-2.816803429283807,0.01674116773608297,,,-18.26795684373224,0.8587635036333602
-12.28350201249513,0.007454113703985927,-11.47028341173468,0.006434440230659778,-2.806377549786878,0.01796063778675278,,,-18.25753096423531,0.766954711468919
-12.2730761329982,0.00744399367620886,-11.45985753223776,0.005199631697172287,-2.795951670289949,0.01928662393913776,,,-18.24710508473838,0.6831456640412958
-12.26265025350127,0.007413714690017448,-11.44943165274083,0.004190390274203922,-2.785525790793021,0.02071852446415827,,,-18.23667920524145,0.6068789292498609
-12.25222437400434,0.007363521480709435,-11.4390057732439,0.003367878715617517,-2.775099911296092,0.0222549167888603,,,-18.22625332574453,0.5376923188823229
-12.24179849450741,0.007293820378799178,-11.42857989374697,0.002699469926881534,-2.764674031799163,0.02389350838027022,,,-18.2158274462476,0.4751237041408545
-12.23137261501048,0.007205172557752058,-11.41815401425004,0.002157846883692545,-2.754248152302234,0.02563109300080767,,,-18.20540156675067,0.4187153487880945
-12.22094673551356,0.007098286510952523,-11.40772813475311,0.001720215424071046,-2.743822272805306,0.02746351371196666,,,-18.19497568725374,0.3680177418043662
-12.21052085601663,0.006974008623997244,-11.39730225525618,0.001367619019640526,-2.733396393308377,0.02938563400721914,,,-18.18454980775681,0.3225929229182273
-12.2000949765197,0.006833312017764988,-11.38687637575925,0.001084345069537982,-2.722970513811448,0.03139131842363001,,,-18.17412392825988,0.2820173046636895
-12.18966909702277,0.006677283867911749,-11.37645049626233,0.0008574128133398948,-2.712544634314519,0.03347342391260781,,,-18.16369804876295,0.2458840036196444
-12.17924321752584,0.006507111431769009,-11.3660246167654,6.231950148724413e-05,-2.70211875481759,0.03562380314263212,,,-18.15327216926602,0.2138047011387306
-12.16881733802891,0.006324067033551417,-4.120038366399903,0.0001775090263908555,-2.691692875320661,0.03783332076083747,,,-18.1428462897691,0.1854110601562628
-12.15839145853198,0.006129492272928213,-4.109612486902974,0.0002234638538723555,-2.681266995823733,0.04009188345725297,,,-18.13242041027217,0.1603557296058183
-12.14796557903505,0.005924781730164205,-4.099186607406045,0.000280558214348834,-2.670841116326804,0.0423884844577075,,,-18.12199453077524,0.1379782167104766
-12.13753969953813,0.005711366443138869,-4.088760727909117,0.0003512913889189399,-2.660415236829875,0.04471126282246113,,,-18.11156865127831,0.1187157522169513
-12.1271138200412,0.005490697427717922,-4.078334848412188,0.0004386728741220385,-2.649989357332946,0.04704757765216697,,,-18.10114277178138,0.1018653387956072
-12.11668794054427,0.005264229503446815,-4.067908968915259,0.0005463145484892695,-2.639563477836018,0.04938409700647188,,,-18.09071689228445,0.08716954604379581
-12.10626206104734,0.005033405671769464,-4.05748308941833,0.0006785368087726696,-2.629137598339089,0.05170781832478538,,,-18.08029101278752,0.07439151452322859
-12.09583618155041,0.00479964227448352,-4.047057209921402,0.000840490227022865,-2.61871171884216,0.05400275882854729,,,-18.06986513329059,0.06331436906319636
-12.08541030205348,0.004564315136567638,-4.036631330424473,0.001038294335235543,-2.608285839345232,0.05625649914893111,,,-18.05943925379367,0.05374046671889053
-12.07498442255655,0.004328746870581967,-4.026205450927544,0.00127919517477692,-2.597859959848303,0.05845137509801553,,,-18.04901337429674,0.04549051489564361
-12.06455854305962,0.004094195490334573,-4.015779571430615,0.001571743246305643,-2.587434080351374,0.06057541686442406,,,-18.03858749479981,0.03840259218505795
-12.0541326635627,0.003861844450242555,-4.005353691933687,0.001925993454797117,-2.577008200854445,0.06261177542683884,,,-18.02816161530288,0.03233110128408973
-12.04370678406577,0.00363279419462347,-3.994927812436758,0.002353728555278273,-2.566582321357517,0.06454550807955936,,,-18.01773573580595,0.02714568008600527
-12.03328090456884,0.00340805526884124,-3.984501932939829,0.002868707459219117,-2.556156441860588,0.06636331458013557,,,-18.00730985630902,0.02273009373269905
-12.02285502507191,0.003188543012573414,-3.9740760534429,0.003486939550085721,-2.545730562363659,0.06805170309587842,,,-17.99688397681209,0.01898112717776747
-12.01242914557498,0.002975073825176155,-3.963650173945971,0.004226985870103207,-2.53530468286673,0.06959795408129581,,,-17.98645809731516,0.01580749469220035
-12.00200326607805,0.002768362964837065,-3.953224294449043,0.005110287669730909,-2.524878803369802,0.07099027912649075,,,-17.97603221781824,0.01312877979978425
-11.99157738658112,0.002569023817470055,-3.942798414952114,0.006161522348130125,-2.514452923872873,0.07221797228746017,,,-17.96560633832131,0.010874416395196
-11.98115150708419,0.0023775685485675,-3.932372535455185,0.007408986249302597,-2.504027044375944,0.07327155138621595,,,-17.95518045882438,0.008982719300811747
-11.97072562758727,0.002194410031821234,-3.921946655958256,0.008885003108212148,-2.493601164879015,0.07414288691364597,,,-17.94475457932745,0.007399970274752611
-11.96029974809034,0.00201986493248534,-3.911520776461328,0.01062635615950275,-2.483175285382086,0.0748253163685125,,,-17.93432869983052,0.006079563499930718
-11.94987386859341,0.001854157811299851,-3.901094896964399,0.01267474102616654,-2.472749405885157,0.0753336316626725,,,-17.92390282033359,0.004981212861483876
-11.93944798909648,0.001697426106341323,-3.89066901746747,0.01507723549736805,-2.462323526388229,0.07566421790386942,,,-17.91347694083666,0.004070221851269096
-11.92902210959955,0.001549725845331693,-3.880243137970541,0.0178867811877387,-2.4518976468913,0.07580602514243059,,,-17.90305106133973,0.003316815711225939
-11.91859623010262,0.001411037939551262,-3.869817258473613,0.0211626708529918,-2.441471767394371,0.07577622900019261,,,-17.89262518184281,0.002695534426750129
-11.90817035060569,0.001281274912319303,-3.859391378976684,0.02497103383140681,-2.431045887897442,0.07561884329091145,,,-17.88219930234588,0.002184684388303218
-11.89774447110876,0.001160287919717998,-3.848965499479755,0.02938531070536136,-2.420620008400514,0.07531939834113432,,,-17.87177342284895,0.001765845934122493
-11.88731859161184,0.001047873928484659,-3.838539619982826,0.03448670685483964,-2.410194128903585,0.07482778106860727,,,-17.86134754335202,0.001423433547978091
-11.87689271211491,0.0009437829253913287,-3.828113740485898,0.04036461313459509,-2.399768249406656,0.07414863970431798,,,-17.85092166385509,0.00114430519217297
-11.86646683261798,0.0008477250435573889,-3.817687860988968,0.04711698048308318,-2.389342369909727,0.07328910926301278,,,-17.84049578435816,0.0009174170865485821
-11.85604095312105,0.0007593775035805331,-3.80726198149204,0.05485063390483907,-2.378916490412799,0.07225797832000426,,,-17.83006990486123,0.0007335201792094938
-11.84561507362412,0.000678391280710674,-3.796836101995111,0.06368151000455978,-2.36849061091587,0.0710656108482931,,,-17.8196440253643,0.0005848945753492948
-11.83518919412719,0.0006043974231333668,-3.786410222498182,0.07373480114161679,-2.358064731418941,0.06972385187521467,,,-17.80921814586738,0.00046511827981037
-11.82476331463026,0.0005370129604038135,-3.775984343001253,0.08514498837310695,-2.347638851922012,0.06824591881705414,,,-17.79879226637045,0.0003688667513917672
-11.81433743513333,0.0004758463548432846,-3.765558463504325,0.09805574471999175,-2.337212972425084,0.06664628054449616,,,-17.78836638687352,0.0002917399487504953
-11.80391155563641,0.0004205024619810072,-3.755132584007396,0.1126196899843049,-2.326787092928155,0.06494052636891474,,,-17.77794050737659,4.153449984038086e-05
-11.79348567613948,0.0003705869786444331,-3.744706704510467,0.1289979784258967,-2.316361213431226,0.06314522721668675,,,-13.20097940822486,0.0007794767310216578
-11.78305979664255,0.0003257103688643306,-3.734280825013538,0.1473597011330651,-2.305935333934297,0.06127763137017678,,,-13.19055352872793,0.001048347797111666
-11.77263391714562,0.0002854912682103999,-3.72385494551661,0.1678810859471595,-2.295509454437369,0.05935619062231954,,,-13.180127649231,0.001322760951633357
-11.76220803764869,0.0002495593763965804,-3.713429066019681,0.1907444793751127,-2.28508357494044,0.05739911281074586,,,-13.16970176973407,0.001664475245530386
-11.75178215815176,0.0002175578559254962,-3.703003186522752,0.2161370970854692,-2.274657695443511,0.05542593919969518,,,-13.15927589023715,0.002088782938736629
-11.74135627865483,0.0001891452611519961,-3.692577307025823,0.2442495323612892,-2.264231815946582,0.05345566101048364,,,-13.14885001074022,0.002614142627570941
-11.7309303991579,0.0001639970274466454,-3.682151427528895,0.2752740152920606,-2.253805936449653,0.05150766636809084,,,-13.13842413124329,0.003262760857350554
-11.72050451966097,0.0001418065541733864,-3.671725548031966,0.3094024195251475,-2.243380056952724,0.04960131329998198,,,-13.12799825174636,0.004061263851179829
-11.71007864016405,0.0001222859180302855,-3.661299668535037,0.3468240180457544,-2.232954177455796,0.04775580039505232,,,-13.11757237224943,0.005041469747723226
-11.69965276066712,0.0001051662550286875,-3.650873789038108,0.3877229946732817,-2.222528297958867,0.04599004448166052,,,-13.1071464927525,0.006241272198601213
-11.68922688117019,9.019785011075855e-05,-3.64044790954118,0.4322757236901334,-2.212102418461938,0.04432256568069089,,,-13.09672061325557,0.007705646484280938
-4.047057209921402,0.0001076216658593892,-3.630022030044251,0.4806478361731247,-2.201676538965009,0.04277137989139704,,,-13.08629473375864,0.009487789420795645
-4.036631330424473,0.000132955329361448,-3.619596150547322,0.5329910980716812,-2.191250659468081,0.04135389848946777,,,-13.07586885426172,0.01165040419800313
-4.026205450927544,0.0001638099187198569,-3.609170271050393,0.5894401317432294,-2.180824779971152,0.04008683476788438,,,-13.06544297476479,0.0142671408583504
-4.015779571430615,0.000201281099289018,-3.598744391553464,0.6501090193661589,-2.170398900474223,0.03898611644033608,,,-13.05501709526786,0.01742420233419975
-4.005353691933687,0.0002466573746226224,-3.588318512056536,0.7150878332379084,-2.159973020977294,0.03806680336164398,,,-13.04459121577093,0.02122212474962673
-3.994927812436758,0.0003014487407454344,-3.577892632559607,0.7844391442482697,-2.149547141480366,0.0373430095057837,,,-13.034165336274,0.0257777389955035
-3.984501932939829,0.0003674185308698416,-3.567466753062678,0.8581945656030556,-2.139121261983437,0.03682782818401918,,,-13.02373945677707,0.03122631834097645
-3.9740760534429,0.0004466185984318846,-3.557040873565749,0.9363513939615388,-2.128695382486508,0.03653325948589186,,,-13.01331357728014,0.03772391398866067
-3.963650173945971,0.0005414279496585547,-3.546614994068821,1.018869414342559,-2.11826950298958,0.03647013898498246,,,-13.00288769778321,0.04544987695821877
-3.953224294449043,0.0006545948894297491,-3.536189114571892,1.105667938254164,-2.107843623492651,0.03664806686815988,,,-12.99246181828628,0.05460956044426477
-3.942798414952114,0.0007892826848607697,-3.525763235074963,1.196623146327315,-2.097417743995722,0.03707533681819684,,,-12.98203593878936,0.06543719180136517
-3.932372535455185,0.0009491186788134086,-3.515337355578034,1.291565807121466,-2.086991864498793,0.03775886420003096,,,-12.97161005929243,0.07819889753732212
-3.921946655958256,0.001138246699623344,-3.504911476081106,1.390279442580077,-2.076565985001865,0.03870411336368595,,,-12.9611841797955,0.09319585814013234
-3.911520776461328,0.001361382513118673,-3.494485596584177,1.492499007740886,-2.066140105504936,0.03991502417345277,,,-12.95075830029857,0.1107675622403527
-3.901094896964399,0.001623871948208911,-3.484059717087248,1.597910147680539,-2.055714226008007,0.04139393819350272,,,-12.94033242080164,0.1312951215614799
-3.89066901746747,0.00193175119802732,-3.473633837590319,1.706149088271148,-2.045288346511078,0.04314152529368957,,,-12.92990654130471,0.1552045994086552
-3.880243137970541,0.002291808655338254,-3.463207958093391,1.816803209170107,-2.034862467014149,0.04515671177411438,,,-12.91948066180778,0.1829702961962344
-3.869817258473613,0.002711647484718561,-3.452782078596462,1.92941233762759,-2.02443658751722,0.04743661143081561,,,-12.90905478231085,0.2151179258595866
-3.859391378976684,0.003199747966516143,-3.442356199099533,2.04347079030432,-2.014010708020292,0.04997646128533347,,,-12.89862890281393,0.2522276071166951
-3.848965499479755,0.003765528471053473,-3.431930319602604,2.158430177523273,-2.003584828523363,0.05276956396575598,,,-12.888203023317,0.2949365836615224
-3.838539619982826,0.004419403738949275,-3.421504440105676,2.273702970461294,-1.993158949026434,0.05580723894469754,,,-12.87777714382007,0.3439415777447159
-3.828113740485898,0.005172838958477628,-3.411078560608747,2.388666816995093,-1.982733069529505,0.05907878499999722,,,-12.86735126432314,0.4000006725281229
-3.817687860988968,0.006038397948016957,-3.400652681111818,2.502669576566954,-1.972307190032577,0.06257145635762705,,,-12.85692538482621,0.4639346104240523
-3.80726198149204,0.00702978357604597,-3.390226801614889,2.61507542235967,-1.961881310535648,0.0662704549959303,,,-12.84649950532928,0.5366273877162279
-3.796836101995111,0.008161868388707269,-3.37980092211796,2.72512029304925,-1.951455431038719,0.07015894153040621,,,-12.83607362583235,0.6190260205001631
-3.786410222498182,0.009450713272206323,-3.369375042621031,2.832192999038738,-1.94102955154179,0.07421806695558518,,,-12.82564774633542,0.7121393537862515
-3.775984343001253,0.01091357186130641,-3.358949163124103,2.93552527952387,-1.930603672044862,0.0784270272942737,,,-12.8152218668385,0.8170357848956427
-3.765558463504325,0.01256887832338251,-3.348523283627174,3.03458797488771,-1.920177792547933,0.08276314289629534,,,-12.80479598734157,0.934839774457502
-3.755132584007396,0.01443621610760368,-3.338097404130245,3.128432799650303,-1.909751913051004,0.08720196374310341,,,-12.79437010784464,1.066727023777024
-3.744706704510467,0.01653626525854027,-3.327671524633316,3.216447796260579,-1.899326033554075,0.09171740165812615,,,-12.78394422834771,1.213918206441563
-3.734280825013538,0.01889072596033456,-3.317245645136388,3.298044302736159,-1.888900154057147,0.09628188980471399,,,-12.77351834885078,1.37767115507005
-3.72385494551661,0.0215222161085332,-3.306819765639459,3.372622474582305,-1.878474274560218,0.1008665692856231,,,-12.76309246935385,1.559271421321538
-3.713429066019681,0.02445414090796777,-3.29639388614253,3.439627617480496,-1.868048395063289,0.1054415020536231,,,-12.75266658985692,1.760021148807705
-3.703003186522752,0.02771053277178695,-3.285968006645601,3.498557660474513,-1.85762251556636,0.1099759087172345,,,-12.74224071035999,1.981226224443066
-3.692577307025823,0.03131586015256288,-3.275542127148673,3.548970140740664,-1.847196636069431,0.114438429195222,,,-12.73181483086307,2.22418170393645
-3.682151427528895,0.03529480437323002,-3.265116247651744,3.590671561304236,-1.836770756572503,0.118797403555509,,,-12.72138895136614,2.490155541365369
-3.671725548031966,0.03967200404332411,-3.254690368154815,3.623355629951294,-1.826344877075574,0.1230211697861715,,,-12.71096307186921,2.780370690723355
-3.661299668535037,0.04447176724208559,-3.244264488657886,3.64660816223345,-1.815918997578645,0.1270783747054019,,,-12.70053719237228,3.095985688478565
-3.650873789038108,0.04971775231941557,-3.233838609160958,3.660278573038887,-1.805493118081716,0.1309382937403518,,,-12.69011131287535,3.438073869863915
-3.64044790954118,0.05543261890060416,-3.223412729664029,3.666886600103942,-1.795067238584788,0.1345711549068227,,,-12.67968543337842,3.807601417013864
-3.630022030044251,0.06163765147051008,-3.2129868501671,3.666430251638164,-1.784641359087859,0.1379514369984443,,,-12.66925955388149,4.205404483203842
-3.619596150547322,0.06835235874388497,-3.202560970670171,3.65859419700017,-1.77421547959093,0.1410544617829986,,,-12.65883367438456,4.6321656832335
-3.609170271050393,0.07559405288442199,-3.192135091173243,3.643512846677614,-1.763789600094001,0.1438450665900543,,,-12.64840779488764,5.08839028420932
-3.598744391553464,0.08337741349683872,-3.181709211676314,3.619183756520173,-1.753363720597072,0.1463059208914958,,,-12.63798191539071,5.574382472320282
-3.588318512056536,0.09171404216250693,-3.171283332179385,3.585898732698348,-1.742937841100144,0.1484170529598044,,,-12.62755603589378,6.090222108299539
-3.577892632559607,0.1006120140964867,-3.160857452682456,3.544035197841032,-1.732511961603215,0.1501610088837624,,,-12.61713015639685,6.635742415740788
-3.567466753062678,0.1100754342475533,-3.150431573185527,3.494053616050688,-1.722086082106286,0.1515298094993558,,,-12.60670427689992,7.21050907092516
-3.557040873565749,0.120104005817332,-3.140005693688598,3.436494098325024,-1.711660202609357,0.1525414703256776,,,-12.59627839740299,7.813801179012108
-3.546614994068821,0.1306926197142945,-3.12957981419167,3.371972268918619,-1.701234323112429,0.1531854708253888,,,-12.58585251790606,8.444594628165206
-3.536189114571892,0.1418309738580962,-3.119153934694741,3.301174484078695,-1.6908084436155,0.1534863592201225,,,-12.57542663840913,9.101548309389537
-3.525763235074963,0.1535032314860545,-3.108728055197812,3.224852502719123,-1.680382564118571,0.1534419946358029,,,-12.56500075891221,9.782993674722574
-3.515337355578034,0.1656877276653798,-3.098302175700884,3.143817713735904,-1.669956684621642,0.1530596129462962,,,-12.55457487941528,10.48692807936707
-3.504911476081106,0.1783567330642321,-3.087876296203955,3.058935026684107,-1.659530805124714,0.1523834337859322,,,-12.54414899991835,11.21101231408894
-3.494485596584177,0.1914762836680574,-3.077450416707026,2.971116531393331,-1.649104925627785,0.1513508541747427,,,-12.53372312042142,11.95257268275373
-3.484059717087248,0.2050060845361277,-3.067024537210097,2.88131502785452,-1.638679046130856,0.1499312178247514,,,-12.52329724092449,12.70860791661366
-3.473633837590319,0.2188994948734884,-3.056598657713169,2.790517520519646,-1.628253166633927,0.1481375930249111,,,-12.51287136142756,13.47580114261372
-3.463207958093391,0.2331036006484656,-3.04617277821624,2.699738761263358,-1.617827287136999,0.145986315794867,,,-12.50244548193063,14.25053703865404
-3.452782078596462,0.247559379724874,-3.035746898719311,2.610014912994433,-1.60740140764007,0.1434968327546956,,,-12.4920196024337,15.02892421587423
-3.442356199099533,0.2622019630171517,-3.025321019222382,2.522397391683608,-1.596975528143141,0.1406915142403728,,,-12.48159372293678,15.8068227683961
-3.431930319602604,0.2769609935386353,-3.014895139725454,2.437946928868617,-1.586549648646212,0.1375989498573046,,,-12.47116784343985,16.57987682665698
-3.421504440105676,0.2917610834272974,-3.004469260228525,2.357727880034982,-1.576123769149284,0.1342406131544528,,,-12.46074196394292,17.34355184382549
-3.411078560608747,0.3065223671347738,-2.994043380731596,2.282802787218871,-1.565697889652355,0.1306537600466302,,,-12.45031608444599,18.09317623835263
-3.400652681111818,0.3211611469939621,-2.983617501234667,2.214227187324794,-1.555272010155426,0.1268617275784865,,,-12.43989020494906,18.82398691214443
-3.390226801614889,0.3355911371896219,-2.973191621737739,2.153044641590299,-1.544846130658497,0.122910065707573,,,-12.42946432545213,19.53117806587603
-3.37980092211796,0.3497223631542623,-2.96276574224081,2.100281946944458,-1.534420251161568,0.1188293904143404,,,-12.4190384459552,20.20995264330865
-3.369375042621031,0.3634656919988508,-2.952339862743881,2.056944477250334,-1.52399437166464,0.1146461705426708,,,-12.40861256645827,20.85557565772043
-3.358949163124103,0.3767289529790304,-2.941913983246952,2.024011592101446,-1.513568492167711,0.1104048389703807,,,-12.39818668696135,21.46342858813374
-3.348523283627174,0.389423359014215,-2.931488103750023,2.002432043404706,-1.503142612670782,0.106144975600998,,,-12.38776080746442,22.02906398305514
-3.338097404130245,0.4014582613444602,-2.921062224253094,1.993119305797446,-1.492716733173853,0.1019130008845702,,,-12.37733492796749,22.54825937673724
-3.327671524633316,0.4127472925141238,-2.910636344756166,1.996946756295026,-1.482290853676925,0.09773314970106041,,,-12.36690904847056,23.01706960890864
-3.317245645136388,0.423208348798461,-2.900210465259237,2.014742631629011,-1.471864974179996,0.09365324838531978,,,-12.35648316897363,23.43187664441284
-3.306819765639459,0.4327633114170148,-2.889784585762308,2.04728469858675,-1.461439094683067,0.08971055281660813,,,-12.3460572894767,23.78943601465794
-3.29639388614253,0.441339637040801,-2.879358706265379,2.095294583258897,-1.451013215186138,0.08594637299369601,,,-12.33563140997977,24.08691904807349
-3.285968006645601,0.4488712800288777,-2.868932826768451,2.159431719282308,-1.44058733568921,0.08239978719116672,,,-12.32520553048284,24.32195012122443
-3.275542127148673,0.455299546430705,-2.858506947271522,2.240286892653534,-1.430161456192281,0.0791108182655412,,,-12.31477965098591,24.49263824463085
-3.265116247651744,0.4605967144950634,-2.848081067774593,2.338375381089685,-1.419735576695352,0.07611910105227032,,,-12.30435377148899,24.59760239596086
-3.254690368154815,0.4647208220638362,-2.837655188277664,2.454129708726465,-1.409309697198423,0.07346420476033486,,,-12.29392789199206,24.63599012591017
-3.244264488657886,0.4676162328043891,-2.827229308780736,2.587892061565537,-1.398883817701494,0.0711856626071766,,,-12.28350201249513,24.63846683826686
-3.233838609160958,0.469259970929488,-2.816803429283807,2.739906434825615,-1.388457938204566,0.06932301778031291,,,-12.2730761329982,24.60748908615243
-3.223412729664029,0.4699699602345793,-2.806377549786878,2.910310609452615,-1.378032058707637,0.06791588128572829,,,-12.26265025350127,24.51233126130317
-3.2129868501671,0.4697409821028861,-2.795951670289949,3.099128080688631,-1.367606179210708,0.06700399676594007,,,-12.25222437400434,24.35128982469585
-3.202560970670171,0.468530051317691,-2.785525790793021,3.306260085939588,-1.357180299713779,0.06662730700848825,,,-12.24179849450741,24.12566867757825
-3.192135091173243,0.4663477267996524,-2.775099911296092,3.531477901358851,-1.346754420216851,0.06682601662750422,,,-12.23137261501048,23.83728486969378
-3.181709211676314,0.4629272203991185,-2.764674031799163,3.774415595734697,-1.336328540719922,0.06764064529331874,,,-12.22094673551356,23.48844423275811
-3.171283332179385,0.4582970715222462,-2.754248152302234,4.034563445628551,-1.325902661222993,0.06911206591139284,,,-12.21052085601663,23.08191068385511
-3.160857452682456,0.4524954989472726,-2.743822272805306,4.311262226518472,-1.315476781726064,0.07128152231298901,,,-12.2000949765197,22.62086977028038
-3.150431573185527,0.4455699182094187,-2.733396393308377,4.603698600308924,-1.305050902229135,0.07419062131389843,,,-12.18966909702277,22.1088871281963
-3.140005693688598,0.437576343905364,-2.722970513811448,4.910901819438259,-1.294625022732207,0.07788129441934721,,,-12.17924321752584,21.54986261237456
-3.12957981419167,0.4285786881437503,-2.712544634314519,5.231741961550327,-1.284199143235278,0.082395724995315,,,-12.16881733802891,20.94798092149109
-3.119153934694741,0.418647968136745,-2.70211875481759,5.564929896053488,-1.273773263738349,0.08777623737868318,,,-12.15839145853198,20.30765959161571
-3.108728055197812,0.4078614373842915,-2.691692875320661,5.909019164796461,-1.26334738424142,0.094065145148201,,,-12.14796557903505,19.63349525894625
-3.098302175700884,0.3963016560167827,-2.681266995823733,6.262409933657668,-1.252921504744492,0.1013045566102751,,,-12.13753969953813,18.93020910126544
-3.087876296203955,0.3840555166127002,-2.670841116326804,6.623355140372223,-1.242495625247563,0.1095361364511478,,,-12.1271138200412,18.20259235637546
-3.077450416707026,0.3712132421846212,-2.660415236829875,6.989968926899912,-1.232069745750634,0.1188008234515507,,,-12.11668794054427,17.45545278573371
-3.067024537210097,0.3578673730296399,-2.649989357332946,7.36023740274323,-1.221643866253705,0.1291385051315401,,,-12.10626206104734,16.69356290399049
-3.056598657713169,0.3441117587784936,-2.639563477836018,7.732031739708196,-1.211217986756777,0.1405876511711803,,,-12.09583618155041,15.92161073185679
-3.04617277821624,0.3300405712709011,-2.629137598339089,8.103153619793606,-1.200792107259848,0.1531849084158781,,,-12.08541030205348,15.14415375280077
-3.035746898719311,0.3157473528610355,-2.61871171884216,8.471240484401239,-1.190366227762919,0.1669646612023513,,,-12.07498442255655,14.36557666586509
-3.025321019222382,0.3013241134525225,-2.608285839345232,8.834060460841108,-1.17994034826599,0.181958561611934,,,-12.06455854305962,13.59005342999018
-3.014895139725454,0.2868604880192156,-2.597859959848303,9.188997528478295,-1.169514468769062,0.1981950350527373,,,-12.0541326635627,12.8215139923187
-3.004469260228525,0.2724429646335667,-2.587434080351374,9.533857082444756,-1.159088589272133,0.2156987672733495,,,-12.04370678406577,12.0636159867739
-2.994043380731596,0.2581541911494483,-2.577008200854445,9.866091335263215,-1.148662709775204,0.2344901795026442,,,-12.03328090456884,11.319721582433
-2.983617501234667,0.2440723667234029,-2.566582321357517,10.18321000282367,-1.138236830278275,0.2545848988799087,,,-12.02285502507191,10.59287955641788
-2.973191621737739,0.2302707223603692,-2.556156441860588,10.48298111966306,-1.127810950781347,0.2759932316769772,,,-12.01242914557498,9.885812565571145
-2.96276574224081,0.2168170926885482,-2.545730562363659,10.76316041961601,-1.117385071284418,0.2987672720433029,,,-12.00200326607805,9.200909497199795
-2.952339862743881,0.2037735792520744,-2.53530468286673,11.0216145924485,-1.106959191787489,0.3229180879740033,,,-11.99157738658112,8.540222693479469
-2.941913983246952,0.1911963038044191,-2.524878803369802,11.25634671366375,-1.09653331229056,0.3483093434016538,,,-11.98115150708419,7.905469768219787
-2.931488103750023,0.1791352484296761,-2.514452923872873,11.46552063075984,-1.086107432793631,0.3750023790347979,,,-11.97072562758727,7.298039669740723
-2.921062224253094,0.1676341778467931,-2.504027044375944,11.64748389041383,-1.075681553296703,0.4029759601812847,,,-11.96029974809034,6.71900259038671
-2.910636344756166,0.1567306379903888,-2.493601164879015,11.80078880917579,-1.065255673799774,0.4322479234608628,,,-11.94987386859341,6.169123282132265
-2.900210465259237,0.1464560239309194,-2.483175285382086,11.92421131767329,-1.054829794302845,0.4628808826938896,,,-11.93944798909648,5.648877308888592
-2.889784585762308,0.1368357094091174,-2.472749405885157,12.01837255123661,-1.044403914805916,0.4945557293896878,,,-11.92902210959955,5.158469749256316
-2.879358706265379,0.1278892297200115,-2.462323526388229,12.08252860411083,-1.033978035308988,0.5273650303555075,,,-11.91859623010262,4.697855858047515
-2.868932826768451,0.1196305093885422,-2.4518976468913,12.11701864379478,-1.023552155812059,0.5612522929436228,,,-11.90817035060569,4.266763200125522
-2.858506947271522,0.112068126023253,-2.441471767394371,12.12342948986214,-1.01312627631513,0.5961540256245587,,,-11.89774447110876,3.86471478497944
-2.848081067774593,0.1052056019021442,-2.431045887897442,12.10747777831461,-1.002700396818201,0.6320000941894114,,,-11.88731859161184,3.491052753791946
-2.837655188277664,0.09904171521560498,-2.420620008400514,12.06997428512164,-0.9922745173212725,0.6687434806736314,,,-11.87689271211491,3.144962201285748
-2.827229308780736,0.09357082344100968,-2.410194128903585,12.00314828119027,-0.9818486378243437,0.7063080526421325,,,-11.86646683261798,2.825494750988247
-2.816803429283807,0.08878319202416116,-2.399768249406656,11.90519216397756,-0.971422758327415,0.7445324782634729,,,-11.85604095312105,2.531591543350574
-2.806377549786878,0.08466532236383285,-2.389342369909727,11.77700881408209,-0.9609968788304861,0.7833718276684445,,,-11.84561507362412,2.262105340028465
-2.795951670289949,0.08120027400518294,-2.378916490412799,11.61975744171242,-0.9505709993335574,0.8227338912905096,,,-11.83518919412719,2.015821493262189
-2.785525790793021,0.07836797691317673,-2.36849061091587,11.43484087382414,-0.9401451198366286,0.8626402361217212,,,-11.82476331463026,1.791477575451059
-2.775099911296092,0.07614553068611504,-2.358064731418941,11.22389005192287,-0.9297192403396999,0.9028063775379869,,,-11.81433743513333,1.587781509585032
-2.764674031799163,0.0745074885508952,-2.347638851922012,10.98874240538658,-0.9192933608427711,0.9432157305399702,,,-11.80391155563641,1.403428085183999
-2.754248152302234,0.07342612492672294,-2.337212972425084,10.73143698896361,-0.9088674813458424,0.9838221654033764,,,-11.79348567613948,1.237113785961443
-2.743822272805306,0.07287168622634965,-2.326787092928155,10.45416826379963,-0.8984416018489135,1.024523767640119,,,-11.78305979664255,1.087549893884325
-2.733396393308377,0.07281262536053143,-2.316361213431226,10.15927993389707,-0.8880157223519848,1.06520337713208,,,-11.77263391714562,0.953473869111734
-2.722970513811448,0.07321582110304997,-2.305935333934297,9.849184661280168,-0.877589842855056,1.10582749960804,,,-11.76220803764869,0.8336590360810652
-2.712544634314519,0.07404678404516704,-2.295509454437369,9.526555301795167,-0.8671639633581273,1.146461364459612,,,-11.75178215815176,0.7269226325387803
-2.70211875481759,0.07526985130898704,-2.28508357494044,9.193912902829247,-0.8567380838611985,1.18735900675884,,,-11.74135627865483,0.6321323004852643
-2.691692875320661,0.07684837249248729,-2.274657695443511,8.854029270061741,-0.8463122043642697,1.228387344771616,,,-11.7309303991579,0.5482111158445409
-2.681266995823733,0.07874488948293989,-2.264231815946582,8.509544708993054,-0.8358863248673409,1.269244535486246,,,-11.72050451966097,0.4741412673109424
-2.670841116326804,0.08092131280236572,-2.253805936449653,8.163151805282766,-0.8254604453704122,1.30993421519679,,,-11.71007864016405,0.4089665044873079
-2.660415236829875,0.08333909704481125,-2.243380056952724,7.817517378997322,-0.8150345658734834,1.350496908025696,,,-11.69965276066712,0.3517934814064024
-2.649989357332946,0.08595941774060772,-2.232954177455796,7.475261331733186,-0.8046086863765547,1.391261462725013,,,-11.68922688117019,0.3017921241672195
-2.639563477836018,0.08874335165060253,-2.222528297958867,7.138937048337371,-0.7941828068796259,1.432495566425195,,,-11.67880100167326,0.2581951511069145
-2.629137598339089,0.0916521519021718,-2.212102418461938,6.811013497843401,-0.7837569273826971,1.47407319304244,,,-11.66837512217633,0.2202968710757714
-2.61871171884216,0.09464710385890168,-2.201676538965009,6.493859128254651,-0.7733310478857683,1.515992225598928,,,-11.6579492426794,0.1874513804031719
-2.608285839345232,0.09769148756065921,-2.191250659468081,6.189727600624997,-0.7629051683888396,1.55846566679073,,,-11.64752336318247,0.1590702724486464
-2.597859959848303,0.1007456623205643,-2.180824779971152,5.900745360931957,-0.7524792888919108,1.601745199123905,,,-11.63709748368554,0.1346199656199835
-2.587434080351374,0.1037747823421871,-2.170398900474223,5.62890100483088,-0.7420534093949821,1.64613469123774,,,-11.62667160418862,0.1136187467822004
-2.577008200854445,0.1067423715614937,-2.159973020977294,5.37603635170012,-0.7316275298980532,1.691985149164195,,,-11.61624572469169,0.09563361741819537
-2.566582321357517,0.1096148799021628,-2.149547141480366,5.143839111443741,-0.7212016504011245,1.739697822447373,,,-11.60581984519476,0.08027702003972793
-2.556156441860588,0.1123598113048563,-2.139121261983437,4.93383700111684,-0.7107757709041957,1.789727769485074,,,-11.59539396569783,0.06720351245289991
-2.545730562363659,0.1149464379372329,-2.128695382486508,4.747393149166707,-0.700349891407267,1.84258383604106,,,-11.5849680862009,0.05610644778229665
-2.53530468286673,0.1173460133501116,-2.11826950298958,4.58570261329236,-0.6899240119103383,1.898829050076372,,,-11.57454220670397,0.04671470883901666
-2.524878803369802,0.1195319772730817,-2.107843623492651,4.449789833728993,-0.6794981324134094,1.959080340408981,,,-11.56411632720704,0.0387895366276365
-2.514452923872873,0.1214801486690146,-2.097417743995722,4.340506847033466,-0.6690722529164806,2.024146914448128,,,-11.55369044771011,0.03212148463662331
-2.504027044375944,0.1231689035209448,-2.086991864498793,4.258532095822051,-0.6586463734195519,2.094748443113712,,,-11.54326456821319,0.02652752312283061
-2.493601164879015,0.1245793338816794,-2.076565985001865,4.204369686811939,-0.6482204939226232,2.171697417722473,,,-11.53283868871626,0.0218483109300926
-2.483175285382086,0.1256953848813847,-2.066140105504936,4.178348972164615,-0.6377946144256944,2.255803746781231,,,-11.52241280921933,0.01794564649451083
-2.472749405885157,0.1265243067431085,-2.055714226008007,4.180624356568957,-0.6273687349287655,2.348025498277829,,,-11.5119869297224,0.0147001045820459
-2.462323526388229,0.1270558932293583,-2.045288346511078,4.211175263637752,-0.6169428554318368,2.44960639598292,,,-11.50156105022547,0.01200886095596217
-2.4518976468913,0.1273003946991047,-2.034862467014149,4.269806228815808,-0.6065169759349081,2.561154059086185,,,-11.49113517072854,0.009783703546060283
-2.441471767394371,0.12727087268333,-2.02443658751722,4.35614712082917,-0.5960910964379793,2.68323740106716,,,-11.48070929123161,0.007949225740665242
-2.431045887897442,0.1269936519803431,-2.014010708020292,4.469653528426714,-0.5856652169410506,2.816786692219526,,,-11.47028341173468,0.00644119509016773
-2.420620008400514,0.126482952736723,-2.003584828523363,4.609607382464049,-0.5752393374441218,2.963063510560649,,,-11.45985753223776,0.005205088936604063
-2.410194128903585,0.1256757511045623,-1.993158949026434,4.775117913985548,-0.564813457947193,3.122986920068137,,,-11.44943165274083,0.004194787203837021
-2.399768249406656,0.1245466220533123,-1.982733069529505,4.965123075684487,-0.5543875784502642,3.297165287127638,,,-11.4390057732439,0.003371411733546424
-2.389342369909727,0.1231040687117643,-1.972307190032577,5.178391575891865,-0.5439616989533355,3.486459278741211,,,-11.42857989374697,0.00270230107105771
-2.378916490412799,0.1213593230160893,-1.961881310535648,5.413525690139831,-0.5335358194564067,3.691641085174567,,,-11.41815401425004,0.002160109432468885
-2.36849061091587,0.1193261796442006,-1.951455431038719,5.668965024622674,-0.523109939959478,3.913462619700333,,,-11.40772813475311,0.001722018664907172
-2.358064731418941,0.1170208032614136,-1.94102955154179,5.942991407996861,-0.5126840604625491,4.152584516388394,,,-11.39730225525618,0.00136905229401512
-2.347638851922012,0.1144610588242339,-1.930603672044862,6.233735082603292,-0.5022581809656204,4.40959318999593,,,-11.38687637575925,0.001085481190983621
-2.337212972425084,0.1116681850049946,-1.920177792547933,6.53918235327481,-0.4918323014686916,4.684970365365927,,,-11.37645049626233,0.0008583109449842668
-2.326787092928155,0.108663510804636,-1.909751913051004,6.857184831565537,-0.4814064219717629,4.97907852353111,,,-11.3660246167654,6.232019819717569e-05
-2.316361213431226,0.1054703377973333,-1.899326033554075,7.185470385899461,-0.4709805424748341,5.292146721168724,,,-4.130464245896832,0.0001094421252805898
-2.305935333934297,0.1021065300589861,-1.888900154057147,7.521655874409251,-0.4605546629779053,5.624257027161386,,,-4.120038366399903,0.0002008465530316195
-2.295509454437369,0.09861188574435355,-1.878474274560218,7.86326169796262,-0.4501287834809766,5.975331827786997,,,-4.109612486902974,0.000252845951489201
-2.28508357494044,0.09499833384128506,-1.868048395063289,8.207728167088408,-0.4397029039840478,6.345122255472651,,,-4.099186607406045,0.0003174508267110114
-2.274657695443511,0.09130459743447329,-1.85762251556636,8.552433629418678,-0.429277024487119,6.733197994720741,,,-4.088760727909117,0.0003974895417424115
-2.264231815946582,0.08754977262012879,-1.847196636069431,8.894714255191548,-0.4188511449901903,7.138938712456533,,,-4.078334848412188,0.0004963678977226622
-2.253805936449653,0.08375989094336578,-1.836770756572503,9.231885328740894,-0.4084252654932615,7.561527348461163,,,-4.067908968915259,0.0006181734529843022
-2.243380056952724,0.07996050493044021,-1.826344877075574,9.561263845216574,-0.3979993859963327,7.999945484662305,,,-4.05748308941833,0.0007677956557172474
-2.232954177455796,0.07617646882061786,-1.815918997578645,9.880192165522924,-0.3875735064994039,8.452970989896794,,,-4.047057209921402,0.0009510635464991843
-2.222528297958867,0.07243173817282132,-1.805493118081716,10.18606244008989,-0.3771476270024752,8.919178109504019,,,-4.036631330424473,0.001174902849978082
-2.212102418461938,0.06874919010823333,-1.795067238584788,10.4763414749722,-0.3667217475055464,9.396940137054044,,,-4.026205450927544,0.001447514309622658
-2.201676538965009,0.06515046542815787,-1.784641359087859,10.74865237956951,-0.3562958680086176,9.884434769088232,,,-4.015779571430615,0.001778575117895246
-2.191250659468081,0.06165583332763959,-1.77421547959093,11.00062155134778,-0.3458699885116889,10.37965220350637,,,-4.005353691933687,0.002179465247804024
-2.180824779971152,0.05828407892331129,-1.763789600094001,11.23010362778624,-0.3354441090147601,10.88040599884269,,,-3.994927812436758,0.002663520391197564
-2.170398900474223,0.05505241334131802,-1.753363720597072,11.43508565441684,-0.3250182295178313,11.38434666591034,,,-3.984501932939829,0.003246313044435921
-2.159973020977294,0.05197640567923018,-1.742937841100144,11.6137953067446,-0.3145923500209026,11.88897791602492,,,-3.9740760534429,0.00394596304288668
-2.149547141480366,0.04906993577421649,-1.732511961603215,11.76464945135043,-0.3041664705239738,12.39167544218131,,,-3.963650173945971,0.004783478521593995
-2.139121261983437,0.0463451663861251,-1.722086082106286,11.88637142169037,-0.293740591027045,12.88970806214284,,,-3.953224294449043,0.005783127860175003
-2.128695382486508,0.04381253314420611,-1.711660202609357,11.97897274343864,-0.2833147115301163,13.38026100642268,,,-3.942798414952114,0.006972842645786663
-2.11826950298958,0.0414807504135561,-1.701234323112429,12.0415519846061,-0.2728888320331875,13.86046109061539,,,-3.932372535455185,0.008384651050147848
-2.107843623492651,0.03935683111337542,-1.6908084436155,12.07699927399698,-0.2624629525362587,14.32740347146473,,,-3.921946655958256,0.0100551402578627
-2.097417743995722,0.03744611846309723,-1.680382564118571,12.08494491564818,-0.25203707303933,14.77817965038089,,,-3.911520776461328,0.01202594569848928
-2.086991864498793,0.03575232764166235,-1.669956684621642,12.06629677466696,-0.2416111935424012,15.20990635771674,,,-3.901094896964399,0.01434426382140169
-2.076565985001865,0.03427759541511922,-1.659530805124714,12.0260519521472,-0.2311853140454724,15.61975492675347,,,-3.89066901746747,0.01706338401125415
-2.066140105504936,0.03302253591213442,-1.649104925627785,11.95881073720708,-0.2207594345485437,16.00498074868446,,,-3.880243137970541,0.02024323397745161
-2.055714226008007,0.03198630089832846,-1.638679046130856,11.86018473788898,-0.2103335550516149,16.36295238943694,,,-3.869817258473613,0.02395093157270232
-2.045288346511078,0.0311666431099206,-1.628253166633927,11.73094613182596,-0.1999076755546861,16.69307264729275,,,-3.859391378976684,0.02826133451787829
-2.034862467014149,0.03055998144548878,-1.617827287136999,11.57211664613819,-0.1894817960577573,16.99680280819589,,,-3.848965499479755,0.03325757795314253
-2.02443658751722,0.03016146707174951,-1.60740140764007,11.38495370640675,-0.1790559165608286,17.27006177168796,,,-3.838539619982826,0.03903158812485832
-2.014010708020292,0.02996504976499111,-1.596975528143141,11.17093382638805,-0.1686300370638998,17.50705132266708,,,-3.828113740485898,0.04568455888685931
-2.003584828523363,0.02996354407414632,-1.586549648646212,10.93179987722613,-0.158204157566971,17.70601265151685,,,-3.817687860988968,0.05332737608249043
-1.993158949026434,0.03014869514489834,-1.576123769149284,10.66929212978574,-0.1477782780700423,17.86729946256299,,,-3.80726198149204,0.06208097332619949
-1.982733069529505,0.03051124427782877,-1.565697889652355,10.38553364742918,-0.1373523985731135,17.99682651275084,,,-3.796836101995111,0.07207660127232954
-1.972307190032577,0.03104099449954258,-1.555272010155426,10.08253477764406,-0.1269265190761847,18.09172719561562,,,-3.786410222498182,0.08345599120170934
-1.961881310535648,0.0317268765972346,-1.544846130658497,9.762801864257028,-0.116500639579256,18.14408224221405,,,-3.775984343001253,0.09637139273597116
-1.951455431038719,0.03255701619892093,-1.534420251161568,9.428579678765717,-0.1060747600823272,18.1534333347965,,,-3.765558463504325,0.1109854647710776
-1.94102955154179,0.03351880256966432,-1.52399437166464,9.082021267686295,-0.09564888058539844,18.11963885147378,,,-3.755132584007396,0.1274709983731723
-1.930603672044862,0.03459895983624464,-1.513568492167711,8.725628529138231,-0.08522300108846967,18.04287481800862,,,-3.744706704510467,0.1460104504696102
-1.920177792547933,0.0357836213481415,-1.503142612670782,8.362100324536613,-0.07479712159154089,17.92479576876637,,,-3.734280825013538,0.1667952677619362
-1.909751913051004,0.03705840783227005,-1.492716733173853,7.993819635649317,-0.06437124209461213,17.76843804231124,,,-3.72385494551661,0.1900249814473693
-1.899326033554075,0.03840850990504547,-1.482290853676925,7.622910534647981,-0.05394536259768336,17.57369769990477,,,-3.713429066019681,0.2159060551156858
-1.888900154057147,0.03981877537188287,-1.471864974179996,7.251866902061131,-0.0435194831007546,17.33965425143351,,,-3.703003186522752,0.2446504706341951
-1.878474274560218,0.04127380157630148,-1.461439094683067,6.882830846221538,-0.03309360360382583,17.06790271664401,,,-3.692577307025823,0.2764740399770051
-1.868048395063289,0.04275803286464654,-1.451013215186138,6.518023981426312,-0.02266772410689706,16.76486946575506,,,-3.682151427528895,0.3115944348127462
-1.85762251556636,0.04425586301523163,-1.44058733568921,6.159473766724632,-0.01224184460996829,16.43296448154566,,,-3.671725548031966,0.3502289302359286
-1.847196636069431,0.04575174225028085,-1.430161456192281,5.809131811050822,-0.001815965113039525,16.06980526264925,,,-3.661299668535037,0.3925918642890556
-1.836770756572503,0.04723028821367782,-1.419735576695352,5.46881482588071,0.008609914383889243,15.67874956684914,,,-3.650873789038108,0.4388918208306877
-1.826344877075574,0.04867640006563911,-1.409309697198423,5.140211004443376,0.01903579388081801,15.26389879600092,,,-3.64044790954118,0.4893285497896943
-1.815918997578645,0.05007537462534682,-1.398883817701494,4.824876744876049,0.02946167337774678,14.82651405024155,,,-3.630022030044251,0.5440896458135749
-1.805493118081716,0.05141302329226187,-1.388457938204566,4.524235683931343,0.03988755287467555,14.36771404214573,,,-3.619596150547322,0.6033470136490726
-1.795067238584788,0.05267578830363918,-1.378032058707637,4.23957989396533,0.05031343237160431,13.89026969566405,,,-3.609170271050393,0.6672531561417082
-1.784641359087859,0.05385349347110964,-1.367606179210708,3.972073060636475,0.06073931186853308,13.39699560141785,,,-3.598744391553464,0.7359373283393512
-1.77421547959093,0.0549296060609034,-1.357180299713779,3.722755429185382,0.07116519136546184,12.89073123938898,,,-3.588318512056536,0.8095016086449242
-1.763789600094001,0.05589668331361595,-1.346754420216851,3.492550283677605,0.08159107086239062,12.37428745200191,,,-3.577892632559607,0.8880169450789643
-1.753363720597072,0.0567423173963612,-1.336328540719922,3.282271706337523,0.09201695035931939,11.85044412492598,,,-3.567466753062678,0.9715192412656662
-1.742937841100144,0.05745891535495238,-1.325902661222993,3.092633353076331,0.1024428298562482,11.32191977080205,,,-3.557040873565749,1.060005552520537
-1.732511961603215,0.05803898092349699,-1.315476781726064,2.924257976362541,0.1128687093531769,10.79134375586846,,,-3.546614994068821,1.15343046716741
-1.722086082106286,0.05847632048338795,-1.305050902229135,2.777687427400787,0.1232945888501057,10.261254194879,,,-3.536189114571892,1.251702751726769
-1.711660202609357,0.05876966740551656,-1.294625022732207,2.653392875754525,0.1337204683470345,9.734059361134921,,,-3.525763235074963,1.354682340689053
-1.701234323112429,0.05891555279371324,-1.284199143235278,2.55178499554978,0.1441463478439632,9.212023635790432,,,-3.515337355578034,1.462177752029992
-1.6908084436155,0.05895963426565911,-1.273773263738349,2.473223882630268,0.154572227340892,8.697263166964962,,,-3.504911476081106,1.573944008282973
-1.680382564118571,0.05890085084318858,-1.26334738424142,2.418028485842163,0.1649981068378208,8.19173038828243,,,-3.494485596584177,1.689681139735239
-1.669956684621642,0.05871288561901064,-1.252921504744492,2.386485357317825,0.1754239863347495,7.697205238681454,,,-3.484059717087248,1.809033341082802
-1.659530805124714,0.05839691512440891,-1.242495625247563,2.378856550498288,0.1858498658316783,7.21528882225997,,,-3.473633837590319,1.931588845634879
-1.649104925627785,0.05793027301283858,-1.232069745750634,2.395386519987825,0.1962757453286071,6.747399454495618,,,-3.463207958093391,2.056880571928037
-1.638679046130856,0.05731668351223993,-1.221643866253705,2.436307903501679,0.2067016248255358,6.294771007277774,,,-3.452782078596462,2.184387586476085
-1.628253166633927,0.0565611872913683,-1.211217986756777,2.501846092524766,0.2171275043224646,5.858453434780047,,,-3.442356199099533,2.313537413486312
-1.617827287136999,0.0556700721946291,-1.200792107259848,2.592222524278168,0.2275533838193934,5.439315335683885,,,-3.431930319602604,2.443709207917189
-1.60740140764007,0.05465079610985271,-1.190366227762919,2.707656652694842,0.2379792633163221,5.038048384915828,,,-3.421504440105676,2.574237792495526
-1.596975528143141,0.05351189869475644,-1.17994034826599,2.848366579919349,0.2484051428132509,4.655170684491365,,,-3.411078560608747,2.704418542563501
-1.586549648646212,0.05226716975333466,-1.169514468769062,3.014568352037047,0.2588310223101797,4.291046019647198,,,-3.400652681111818,2.833513085245914
-1.576123769149284,0.05091960965945443,-1.159088589272133,3.206473943064009,0.2692569018071084,3.945870579748644,,,-3.390226801614889,2.960797167569545
-1.565697889652355,0.04948491242235911,-1.148662709775204,3.424287969537386,0.2796827813040372,3.619711480949674,,,-3.37980092211796,3.085413162408995
-1.555272010155426,0.04797263908895332,-1.138236830278275,3.668203194272145,0.290108660800966,3.312483664501631,,,-3.369375042621031,3.206658643929436
-1.544846130658497,0.04639747173170209,-1.127810950781347,3.938394892011617,0.3005345402978947,3.023996169274468,,,-3.358949163124103,3.32367034820062
-1.534420251161568,0.04477062460760516,-1.117385071284418,4.235028861601372,0.3109604197948235,2.753950645278742,,,-3.348523283627174,3.435828339603948
-1.52399437166464,0.0431063213271109,-1.106959191787489,4.558228025032351,0.3213862992917523,2.501932722480016,,,-3.338097404130245,3.542088954475199
-1.513568492167711,0.04141683767393094,-1.09653331229056,4.90803254058952,0.3318121787886811,2.26745204406669,,,-3.327671524633316,3.641752237784197
-1.503142612670782,0.03971759394345814,-1.086107432793631,5.284495371993863,0.3422380582856098,2.049936658088402,,,-3.317245645136388,3.734144881775663
-1.492716733173853,0.03802191939198928,-1.075681553296703,5.687587200789102,0.3526639377825386,1.848774770268544,,,-3.306819765639459,3.818586504569218
-1.482290853676925,0.03634259719687501,-1.065255673799774,6.117209414074967,0.3630898172794674,1.663279200667119,,,-3.29639388614253,3.894447621167998
-1.471864974179996,0.03469306404747362,-1.054829794302845,6.573189820330922,0.3735156967763961,1.492735307484444,,,-3.285968006645601,3.961158070243294
-1.461439094683067,0.03308655676934232,-1.044403914805916,7.055244647473288,0.3839415762733249,1.336394842813661,,,-3.275542127148673,4.018214882669136
-1.451013215186138,0.03153606210468052,-1.033978035308988,7.563007127262593,0.3943674557702537,1.193492229765345,,,-3.265116247651744,4.065395287455728
-1.44058733568921,0.0300542742711871,-1.023552155812059,8.09599107050113,0.4047933352671824,1.063249931317117,,,-3.254690368154815,4.102349763291537
-1.430161456192281,0.02865356344847155,-1.01312627631513,8.653586174542873,0.4152192147641112,0.944888029257953,,,-3.244264488657886,4.12860753017564
-1.419735576695352,0.02734595416978676,-1.002700396818201,9.235047581045231,0.42564509426104,0.8376311065619998,,,-3.233838609160958,4.143994394947854
-1.409309697198423,0.02614311297024008,-0.9922745173212725,9.839487855170802,0.4360709737579687,0.7407146984605356,,,-3.223412729664029,4.151355790378997
-1.398883817701494,0.02505634431388443,-0.9818486378243437,10.46586659729221,0.4464968532548975,0.6533909180117354,,,-3.2129868501671,4.150684506008796
-1.388457938204566,0.02409659361137454,-0.971422758327415,11.11296971046732,0.4569227327518263,0.5749332713912234,,,-3.202560970670171,4.141626041017237
-1.378032058707637,0.02327445596342844,-0.9609968788304861,11.77942728427815,0.467348612248755,0.5046406889992082,,,-3.192135091173243,4.124325940386887
-1.367606179210708,0.02260018912690908,-0.9505709993335574,12.46368901519212,0.4777744917456838,0.4418408077076605,,,-3.181709211676314,4.096504251299995
-1.357180299713779,0.02208372910270976,-0.9401451198366286,13.16405385444487,0.4882003712426126,0.3858925471502999,,,-3.171283332179385,4.058482552526164
-1.346754420216851,0.02173470668956579,-0.9297192403396999,13.87876433881905,0.4986262507395414,0.3361880289223875,,,-3.160857452682456,4.010678093470629
-1.336328540719922,0.02156246333617141,-0.9192933608427711,14.60539863311564,0.5090521302364701,0.292153891971235,,,-3.150431573185527,3.953600731180489
-1.325902661222993,0.02157606465529722,-0.9088674813458424,15.34182029902851,0.5194780097333989,0.2532520604133955,,,-3.140005693688598,3.887848929449535
-1.315476781726064,0.02178431003673932,-0.8984416018489135,16.08571375590989,0.5299038892303276,0.218980021623569,,,-3.12957981419167,3.814104912048561
-1.305050902229135,0.02219573690871729,-0.8880157223519848,16.83419128656337,0.5403297687272564,0.1888706728324689,,,-3.119153934694741,3.733129074816321
-1.294625022732207,0.02281861834674249,-0.877589842855056,17.5845630896221,0.5507556482241852,0.1624917937867152,,,-3.108728055197812,3.645753770960436
-1.284199143235278,0.02366095291119121,-0.8671639633581273,18.33611808286482,0.561181527721114,0.1394452014102096,,,-3.098302175700884,3.552876590186016
-1.273773263738349,0.02473044580534882,-0.8567380838611985,19.08708237937699,0.5716074072180427,0.1193656400126801,,,-3.087876296203955,3.455453255040085
-1.26334738424142,0.02603448067947897,-0.8463122043642697,19.83308541000327,0.5820332867149715,0.1019194575647165,,,-3.077450416707026,3.354490257083362
-1.252921504744492,0.02758008165800298,-0.8358863248673409,20.56935137507857,0.5924591662119002,0.0868031150422747,,,-3.067024537210097,3.251037351236565
-1.242495625247563,0.02937386543030893,-0.8254604453704122,21.29118825956282,0.6028850457088291,0.07374157197209892,,,-3.056598657713169,3.146180019060521
-1.232069745750634,0.03142198351501622,-0.8150345658734834,21.9950092948285,0.6133109252057578,0.06248658720755285,,,-3.04617277821624,3.041032001084807
-1.221643866253705,0.03373005507661114,-0.8046086863765547,22.68023553557078,0.6237368047026866,0.05281496974499231,,,-3.035746898719311,2.936727984960179
-1.211217986756777,0.03630309093623422,-0.7941828068796259,23.34549626429667,0.6341626841996153,0.04452681015417367,,,-3.025321019222382,2.83441652062253
-1.200792107259848,0.03914540966924916,-0.7837569273826971,23.98411343309948,0.644588563696544,0.03744371902886028,,,-3.014895139725454,2.735253216340416
-1.190366227762919,0.04226054691561321,-0.7733310478857683,24.59000361193583,0.6550144431934729,0.03140709483855821,,,-3.004469260228525,2.640394251052209
-1.17994034826599,0.04565115924002607,-0.7629051683888396,25.15981347657384,0.6654403226904017,0.02627643973840475,,,-2.994043380731596,2.550990219402621
-1.169514468769062,0.04931892406297748,-0.7524792888919108,25.68988343923143,0.6758662021873304,0.02192773831777518,,,-2.983617501234667,2.468180307005739
-1.159088589272133,0.05326443733743905,-0.7420534093949821,26.17709862541908,0.6862920816842591,0.0182519109730125,,,-2.973191621737739,2.393086775342728
-1.148662709775204,0.05748711076613128,-0.7316275298980532,26.61846463218711,0.6967179611811879,0.01515335059836129,,,-2.96276574224081,2.32680971898374
-1.138236830278275,0.061985070438947,-0.7212016504011245,27.01102801556134,0.7071438406781168,0.01254854861410161,,,-2.952339862743881,2.270422043110147
-1.127810950781347,0.06675505881801297,-0.7107757709041957,27.35222897657242,0.7175697201750455,0.01032726752084912,,,-2.941913983246952,2.224964597160065
-1.117385071284418,0.07179234279632236,-0.700349891407267,27.63981157815272,0.7279955996719742,0.008434225927651562,,,-2.931488103750023,2.191441391315228
-1.106959191787489,0.07709062575199342,-0.6899240119103383,27.87185506635698,0.738421479168903,0.006934464312693823,,,-2.921062224253094,2.170814816895882
-1.09653331229056,0.08264197325368554,-0.6794981324134094,28.04680245642335,0.7488473586658317,0.005686566888595344,,,-2.910636344756166,2.164000789842027
-1.086107432793631,0.08843674754792996,-0.6690722529164806,28.16612225824436,0.7592732381627605,0.004651104478900196,,,-2.900210465259237,2.171863738535329
-1.075681553296703,0.09446355320411985,-0.6586463734195519,28.22903583529674,0.7696991176596893,0.003757562777963011,,,-2.889784585762308,2.195211363341584
-1.065255673799774,0.1007092227287875,-0.6482204939226232,28.23486600980754,0.7801249971566181,0.002916552037616754,,,-2.879358706265379,2.234789105391323
-1.054829794302845,0.1071588523110825,-0.6377946144256944,28.18366400679037,0.7905508766535468,0.002371263239761824,,,-2.868932826768451,2.291274276102739
-1.044403914805916,0.1137953581186981,-0.6273687349287655,28.0790746408309,0.8009767561504756,0.001922786083189969,,,-2.858506947271522,2.365269816498419
-1.033978035308988,0.1206002020296188,-0.6169428554318368,27.93154181081248,0.8114026356474043,0.001554974287380532,,,-2.848081067774593,2.457297676064978
-1.023552155812059,0.1275529359336331,-0.6065169759349081,27.73679694610012,0.8218285151443332,0.001254169898045318,,,-2.837655188277664,2.56779182422733
-1.01312627631513,0.1346313671285314,-0.5960910964379793,27.48810725873463,0.8322543946412619,0.001008858670275794,,,-2.827229308780736,2.697090932827079
-1.002700396818201,0.1418116231654824,-0.5856652169410506,27.18976185460505,0.8426802741381907,0.000786280604884674,,,-2.816803429283807,2.84543079458586
-0.9922745173212725,0.1490683386645411,-0.5752393374441218,26.84844802801173,0.8531061536351194,0.0005848677757739952,,,-2.806377549786878,3.0129365696032
-0.9818486378243437,0.1563745358406822,-0.564813457947193,26.46466911130394,0.8635320331320482,0.0004674923330791828,,,-2.795951670289949,3.199614978632952
-0.971422758327415,0.1637016774426212,-0.5543875784502642,26.03847562354624,0.8739579126289769,0.0003726673216407867,,,-2.785525790793021,3.405346587316923
-0.9609968788304861,0.171020325003693,-0.5439616989533355,25.57330704182437,0.8843837921259058,0.0002962771395855855,,,-2.775099911296092,3.629878348833826
-0.9505709993335574,0.1782998315257543,-0.5335358194564067,25.07108144761025,0.8948096716228345,0.000144020261584298,,,-2.764674031799163,3.872816592665862
-0.9401451198366286,0.185508672709222,-0.523109939959478,24.53582206543934,0.9052355511197633,0.00010685537299595,,,-2.754248152302234,4.133620663556083
-0.9297192403396999,0.1926145194813683,-0.5126840604625491,23.971184863861,0.915661430616692,8.460095555880691e-05,,,-2.743822272805306,4.411597426456789
-0.9192933608427711,0.1995845923813894,-0.5022581809656204,23.38163781387918,2.145915211254287,0.0001128366296276532,,,-2.733396393308377,4.705896859676676
-0.9088674813458424,0.2063857914754408,-0.4918323014686916,22.77180678632379,2.156341090751215,0.0001287028744099297,,,-2.722970513811448,5.015508958964938
-0.8984416018489135,0.2129849189733322,-0.4814064219717629,22.1464281123874,2.166766970248144,0.0001464025771274611,,,-2.712544634314519,5.339262169508103
-0.8880157223519848,0.2193488996220222,-0.4709805424748341,21.51029984244104,2.177192849745073,0.0001660854009164238,,,-2.70211875481759,5.675823550505106
-0.877589842855056,0.2254450736044971,-0.4605546629779053,20.86823236451908,2.187618729242002,0.0001879041612218403,,,-2.691692875320661,6.023700858049787
-0.8671639633581273,0.2313461832586526,-0.4501287834809766,20.22499904562592,2.198044608738931,0.0002120134771568588,,,-2.681266995823733,6.381246706597861
-0.8567380838611985,0.237020203879671,-0.4397029039840478,19.5852875489566,2.208470488235859,0.0002385682254957749,,,-2.670841116326804,6.746664937632296
-0.8463122043642697,0.2423879967320124,-0.429277024487119,18.9536524589071,2.218896367732788,0.0002677217972040316,,,-2.660415236829875,7.118019286767184
-0.8358863248673409,0.247418754929757,-0.4188511449901903,18.33446981429657,2.229322247229717,0.0002996241432166273,,,-2.649989357332946,7.493244398136008
-0.8254604453704122,0.2520254877304144,-0.4084252654932615,17.73189410966379,2.239748126726646,0.0003344196318317035,,,-2.639563477836018,7.870159188365271
-0.8150345658734834,0.2561805452060749,-0.3979993859963327,17.14981827612765,2.250174006223574,0.0003722447277284516,,,-2.629137598339089,8.246513590020562
-0.8046086863765547,0.2598584863870434,-0.3875735064994039,16.59183709851947,2.260599885720503,0.00041322551126786,,,-2.61871171884216,8.61989034708869
-0.7941828068796259,0.2630362561670885,-0.3771476270024752,16.06121446577026,2.271025765217432,0.0004574750621281316,,,-2.608285839345232,8.988008447550703
-0.7837569273826971,0.2656937149030293,-0.3667217475055464,15.56085478833845,2.281451644714361,0.0005050907367956224,,,-2.597859959848303,9.348194565896877
-0.7733310478857683,0.2678123587959648,-0.3562958680086176,15.09327885122744,2.291877524211289,0.0005561513748449711,,,-2.587434080351374,9.698207281651371
-0.7629051683888396,0.2693801329916872,-0.3458699885116889,14.66060430521411,2.302303403708218,0.0006107144741535212,,,-2.577008200854445,10.03544548225155
-0.7524792888919108,0.2703842051129135,-0.3354441090147601,14.26453093351831,2.312729283205147,0.0006688133800497612,,,-2.566582321357517,10.3573703908054
-0.7420534093949821,0.2708180156666125,-0.3250182295178313,13.90633076736786,2.323155162702076,0.000730454537731429,,,-2.556156441860588,10.66170424554805
-0.7316275298980532,0.2706767738491996,-0.3145923500209026,13.58684306266202,2.333581042199004,0.0007956148609421323,,,-2.545730562363659,10.94615856064912
-0.7212016504011245,0.2699598837680837,-0.3041664705239738,13.30647409193761,2.344006921695933,0.0008642392727046727,,,-2.53530468286673,11.20855855987991
-0.7107757709041957,0.2686703553575642,-0.293740591027045,13.06520165164063,2.354432801192862,0.0009362384757216183,,,-2.524878803369802,11.44686897006332
-0.700349891407267,0.2668148095402199,-0.2833147115301163,12.86258413467014,2.364858680689791,0.001011487010729646,,,-2.514452923872873,11.65921875171632
-0.6899240119103383,0.2644034476213019,-0.2728888320331875,12.6977739724964,2.375284560186719,0.001089821660513632,,,-2.504027044375944,11.843924345321
-0.6794981324134094,0.2614499844571488,-0.2624629525362587,12.5695352099236,2.385710439683648,0.001171040255353989,,,-2.493601164879015,11.99951102997112
-0.6690722529164806,0.2581410895747557,-0.25203707303933,12.47626493871866,2.396136319180577,0.001254900932330801,,,-2.483175285382086,12.12473201892319
-0.6586463734195519,0.2544957807916755,-0.2416111935424012,12.41601828371643,2.406562198677506,0.001341121896109843,,,-2.472749405885157,12.22023048964239
-0.6482204939226232,0.2504092965134985,-0.2311853140454724,12.38653660644609,2.416988078174435,0.001429381722595609,,,-2.462323526388229,12.28524871524406
-0.6377946144256944,0.2459049850908246,-0.2207594345485437,12.38527856657725,2.427413957671364,0.001519320239203231,,,-2.4518976468913,12.32012506363632
-0.6273687349287655,0.2409830813983667,-0.2103335550516149,12.40945366033874,2.437839837168292,0.001610540006565287,,,-2.441471767394371,12.32647659154566
-0.6169428554318368,0.2356873561729428,-0.1999076755546861,12.45664202928477,2.448265716665221,0.001702608416384746,,,-2.431045887897442,12.31009027358587
-0.6065169759349081,0.23002944025699,-0.1894817960577573,12.52481699926411,2.45869159616215,0.001795060409047135,,,-2.420620008400514,12.2717766361995
-0.5960910964379793,0.2240257444094672,-0.1790559165608286,12.61005744773263,2.469117475659079,0.00188740180272827,,,-2.410194128903585,12.20365181336344
-0.5856652169410506,0.2177100572906115,-0.1686300370638998,12.7077605299693,2.479543355156007,0.001979113213335508,,,-2.399768249406656,12.10388742573519
-0.5752393374441218,0.2111177005008003,-0.158204157566971,12.81442378783438,2.489969234652936,0.002069654531931754,,,-2.389342369909727,11.97340199205686
-0.564813457947193,0.2042850256325741,-0.1477782780700423,12.92654071167895,2.500395114149865,0.002158469913753264,,,-2.378916490412799,11.81337474304851
-0.5543875784502642,0.1972490883540119,-0.1373523985731135,13.04091976345734,2.510820993646794,0.002244993220668625,,,-2.36849061091587,11.62523266431663
-0.5439616989533355,0.1900475008055671,-0.1269265190761847,13.1541052395958,2.521246873143722,0.002328653847357413,,,-2.358064731418941,11.4106347070595
-0.5335358194564067,0.182718001109236,-0.116500639579256,13.26244246699077,2.531672752640651,0.002408882851030021,,,-2.347638851922012,11.17144938302787
-0.523109939959478,0.1752981312363227,-0.1060747600823272,13.3627169038978,2.54209863213758,0.002485119295277881,,,-2.337212972425084,10.9097514545131
-0.5126840604625491,0.1678249086765714,-0.09564888058539844,13.45187977912303,2.552524511634509,0.002556816711057418,,,-2.326787092928155,10.62777230097319
-0.5022581809656204,0.1603345139649378,-0.08522300108846967,13.52707875140348,2.562950391131437,0.002623449572073556,,,-2.316361213431226,10.32789549891109
-0.4918323014686916,0.1528619935856475,-0.07479712159154089,13.58576156131796,2.573376270628366,0.002684532470915996,,,-2.305935333934297,10.01256882270933
-0.4814064219717629,0.1454409819426472,-0.06437124209461213,13.62578650042906,2.583802150125295,0.00273960061291983,,,-2.295509454437369,9.684523378161845
-0.4709805424748341,0.1381034457302138,-0.05394536259768336,13.64496503617372,2.594228029622224,0.002788215694237599,,,-2.28508357494044,9.34631034948128
-0.4605546629779053,0.1308794536235254,-0.0435194831007546,13.64123168862184,2.604653909119152,0.002829997060358053,,,-2.274657695443511,9.00075980669591
-0.4501287834809766,0.1237969737465581,-0.03309360360382583,13.6130603236178,2.615079788616081,0.002864613873402775,,,-2.264231815946582,8.65055014262367
-0.4397029039840478,0.1168817008750617,-0.02266772410689706,13.5604158333439,2.62550566811301,0.002891789473025683,,,-2.253805936449653,8.298419362594229
-0.429277024487119,0.1101569148075837,-0.01224184460996829,13.49067414358134,2.635931547609939,0.002911305057775929,,,-2.243380056952724,7.947079197227745
-0.4188511449901903,0.1036433707999005,-0.001815965113039525,13.4026054404814,2.646357427106868,0.00292300261841462,,,-2.232954177455796,7.599193600948854
-0.4084252654932615,0.09735922242010364,0.008609914383889243,13.2877899048116,2.656783306603796,0.002926787068182601,,,-2.222528297958867,7.257358830991857
-0.3979993859963327,0.09131997665488081,0.01903579388081801,13.15133193855051,2.667209186100725,0.002926589835869513,,,-2.212102418461938,6.924085253632328
-0.3875735064994039,0.08553848059342017,0.02946167337774678,12.9930829130687,2.677635065597654,0.002922412421984799,,,-2.201676538965009,6.601780973574204
-0.3771476270024752,0.08002493854396574,0.03988755287467555,12.80758955836942,2.688060945094583,0.002910326379781007,,,-2.191250659468081,6.292737332442105
-0.3667217475055464,0.07478695800823049,0.05031343237160431,12.59547421638718,2.698486824591511,0.002890429721464414,,,-2.180824779971152,5.999116274623154
-0.3562958680086176,0.06982962255797971,0.06073931186853308,12.35774081158356,2.70891270408844,0.002862883288505058,,,-2.170398900474223,5.722939534612533
-0.3458699885116889,0.06515558933187739,0.07116519136546184,12.09554672175836,2.719338583585369,0.002827908586385449,,,-2.159973020977294,5.466079560740996
-0.3354441090147601,0.06076520860318776,0.08159107086239062,11.81031097972373,2.729764463082298,0.00278578481854077,,,-2.149547141480366,5.230252056723741
-0.3250182295178313,0.05665666266247757,0.09201695035931939,11.50360568675426,2.740190342579226,0.002736845175046252,,,-2.139121261983437,5.017009995686984
-0.3145923500209026,0.05282612111474394,0.1024428298562482,11.17720639816739,2.750616222076155,0.00268147244505197,,,-2.128695382486508,4.827738941796805
-0.3041664705239738,0.04926790960649646,0.1128687093531769,10.83297531188222,2.761042101573084,0.002620094033762081,,,-2.11826950298958,4.6636535026909
-0.293740591027045,0.04597468897291896,0.1232945888501057,10.47304230603455,2.771467981070013,0.002553176474641365,,,-2.107843623492651,4.525794731710527
-0.2833147115301163,0.04293764182473574,0.1337204683470345,10.09956607206529,2.781893860566941,0.002481219535299315,,,-2.097417743995722,4.41502830231476
-0.2728888320331875,0.04014666367417394,0.1441463478439632,9.714685423483589,2.79231974006387,0.002404750021003105,,,-2.086991864498793,4.332043287663744
-0.2624629525362587,0.03759055582396586,0.154572227340892,9.320632343449638,2.802745619560799,0.00232431538292211,,,-2.076565985001865,4.277351395590744
-0.25203707303933,0.03525721740660238,0.1649981068378208,8.919646800607639,2.813171499057728,0.002240477238988841,,,-2.066140105504936,4.251286532250202
-0.2416111935424012,0.03313383415656782,0.1754239863347495,8.513950953864224,2.823597378554656,0.002153804913719036,,,-2.055714226008007,4.254004595660789
-0.2311853140454724,0.03120706171944152,0.1858498658316783,8.10572485346751,2.834023258051585,0.002064869099572348,,,-2.045288346511078,4.285483432041362
-0.2207594345485437,0.02946320154196262,0.1962757453286071,7.697083932090517,2.844449137548514,0.001974235736615787,,,-2.034862467014149,4.345522922035411
-0.2103335550516149,0.02788836764005897,0.2067016248255358,7.29005853611644,2.854875017045443,0.001882460199585435,,,-2.02443658751722,4.433745199331734
-0.1999076755546861,0.02646867410272439,0.2171275043224646,6.886575700692529,2.865300896542372,0.001790081872179618,,,-2.014010708020292,4.549595039477038
-0.1894817960577573,0.02519033760964722,0.2275533838193934,6.488443323514772,2.875726776039301,0.001697619177843561,,,-2.003584828523363,4.692340490503952
-0.1790559165608286,0.02403976720464557,0.2379792633163221,6.09733684288712,2.886152655536229,0.001605565124728904,,,-1.993158949026434,4.861073848075145
-0.1686300370638998,0.02300374559321795,0.2484051428132509,5.714736177070325,2.896578535033158,0.001514383410252022,,,-1.982733069529505,5.054713104962315
-0.158204157566971,0.02206954450567824,0.2588310223101797,5.342137909943385,2.907004414530087,0.001424505118056674,,,-1.972307190032577,5.272004026749033
-0.1477782780700423,0.02122596803879264,0.2692569018071084,4.980653755595379,2.917430294027016,0.001336326027526506,,,-1.961881310535648,5.511523021732994
-0.1373523985731135,0.02046748735012975,0.2796827813040372,4.631449988956594,2.927856173523944,0.00125020454359354,,,-1.951455431038719,5.771680982352003
-0.1269265190761847,0.01978222818649412,0.290108660800966,4.29526217473503,2.938282053020873,0.001166460242728967,,,-1.94102955154179,6.050728277522112
-0.116500639579256,0.01915397621624209,0.3005345402978947,3.972885258564213,2.948707932517802,0.001085373019931346,,,-1.930603672044862,6.346761069733811
-0.1060747600823272,0.0185733166160973,0.3109604197948235,3.665188206169242,2.959133812014731,0.001007182811458345,,,-1.920177792547933,6.657729117519247
-0.09564888058539844,0.01803164626142825,0.3213862992917523,3.372344521815506,2.969559691511659,0.0009320898591554543,,,-1.909751913051004,6.981445203140908
-0.08522300108846967,0.01752118741232004,0.3318121787886811,3.094655836093087,2.979985571008588,0.0008602554746510708,,,-1.899326033554075,7.315596297462635
-0.07479712159154089,0.01703909141104357,0.3422380582856098,2.832237988690008,2.990411450505517,0.0007918032555009826,,,-1.888900154057147,7.657756539585847
-0.06437124209461213,0.01658570201884933,0.3526639377825386,2.585303743421326,3.000837330002446,0.0007268207006232252,,,-1.878474274560218,8.005402068824546
-0.05394536259768336,0.01615147471135642,0.3630898172794674,2.353579056843707,3.011263209499374,0.0006653611690720472,,,-1.868048395063289,8.355927702006678
-0.0435194831007546,0.0157251889403998,0.3735156967763961,2.13697602499143,3.021689088996303,0.0006074461243247716,,,-1.85762251556636,8.706665401151149
-0.03309360360382583,0.01530288242660501,0.3839415762733249,1.935131469454225,3.032114968493232,0.0005530676057307346,,,-1.847196636069431,9.05490442663705
-0.02266772410689706,0.01488254231020939,0.3943674557702537,1.747697977949912,3.042540847990161,0.0005021908695006335,,,-1.836770756572503,9.397913020510082
-0.01224184460996829,0.01446168196027618,0.4047933352671824,1.574213538500783,3.052966727487089,0.0004547571434762746,,,-1.826344877075574,9.732961415068385
-0.001815965113039525,0.01403710792483764,0.4152192147641112,1.414170133615469,3.063392606984018,0.0004106864427746127,,,-1.815918997578645,10.05734591485367
0.008609914383889243,0.01360769096227768,0.42564509426104,1.267009497297002,3.073818486480947,0.0003698803970923207,,,-1.805493118081716,10.3684137571225
0.01903579388081801,0.01317320342022206,0.4360709737579687,1.132133726190475,3.084244365977876,0.0003322250448262714,,,-1.795067238584788,10.66358841818267
0.02946167337774678,0.01273291859236629,0.4464968532548975,1.008915316353909,3.094670245474805,0.0002975935540469485,,,-1.784641359087859,10.94045731003906
0.03988755287467555,0.01228624814872483,0.4569227327518263,0.896706532944566,3.105096124971733,0.0002658488355255419,,,-1.77421547959093,11.19660561919168
0.05031343237160431,0.01183151995277295,0.467348612248755,0.794848041407841,3.115522004468662,0.0002368460189361729,,,-1.763789600094001,11.42984537768991
0.06073931186853308,0.01137405949935541,0.4777744917456838,0.7026767492745555,3.125947883965591,0.0002104347673050221,,,-1.753363720597072,11.6381338927047
0.07116519136546184,0.01091110242416334,0.4882003712426126,0.6195328270307456,3.13637376346252,0.000186461412803194,,,-1.742937841100144,11.81967127505935
0.08159107086239062,0.0104463908200516,0.4986262507395414,0.5447658944078108,3.146799642959448,0.0001647708994601275,,,-1.732511961603215,11.97284944115769
0.09201695035931939,0.009979877782731678,0.5090521302364701,0.4777403746073277,3.157225522456377,0.0001452085249675506,,,-1.722086082106286,12.09637755167311
0.1024428298562482,0.009513077089571376,0.5194780097333989,0.4178400332515378,3.167651401953306,0.000127621477687425,,,-1.711660202609357,12.19028388116984
0.1128687093531769,0.00904757769311032,0.5299038892303276,0.3644717311320261,3.178077281450235,0.0001118601691545219,,,-1.701234323112429,12.25365300822521
0.1232945888501057,0.008585005568926293,0.5403297687272564,0.3170684300724645,3.188503160947163,9.777936597387147e-05,,,-1.6908084436155,12.28944526748276
0.1337204683470345,0.008126989013950679,0.5507556482241852,0.2750914994396652,4.40833106208783,0.0001045031160784283,,,-1.680382564118571,12.29728776112717
0.1441463478439632,0.007675127571087921,0.561181527721114,0.23803237709292,4.418756941584758,0.0001226401352217232,,,-1.669956684621642,12.27806927323227
0.154572227340892,0.007230964688174718,0.5716074072180427,0.205413642958471,4.429182821081687,0.0001435413948358118,,,-1.659530805124714,12.23683230105754
0.1649981068378208,0.006795964154951982,0.5820332867149715,0.1767895660911055,4.439608700578615,0.000167557481521294,,,-1.649104925627785,12.16809186439467
0.1754239863347495,0.006371490301556072,0.5924591662119002,0.1517461872008976,4.450034580075545,0.0001950714026529424,,,-1.638679046130856,12.06743263922597
0.1858498658316783,0.005958791886711979,0.6028850457088291,0.1299009983602383,4.460460459572473,0.0002264996590326985,,,-1.628253166633927,11.93564491214224
0.1962757453286071,0.005558989553889447,0.6133109252057578,0.1109022801551404,4.470886339069402,0.0002622930285316709,,,-1.617827287136999,11.77377303412769
0.2067016248255358,0.005173066689613992,0.6237368047026866,0.09442815409976368,4.48131221856633,0.0003029370022752761,,,-1.60740140764007,11.58310133527129
0.2171275043224646,0.004801863480244534,0.6341626841996153,0.08018540488654402,4.49173809806326,0.0003489518126237791,,,-1.596975528143141,11.36513723932318
0.2275533838193934,0.004446073932053222,0.644588563696544,0.06790812318153412,4.502163977560188,0.0004008919909020765,,,-1.586549648646212,11.12166599683676
0.2379792633163221,0.004106245594461715,0.6550144431934729,0.05735621536983392,4.512589857057117,0.0004593453927209569,,,-1.576123769149284,10.85445235259964
0.2484051428132509,0.003779418376482326,0.6654403226904017,0.04831382206928203,4.523015736554046,0.0005249316299843243,,,-1.565697889652355,10.56567231989817
0.2588310223101797,0.003473301107556771,0.6758662021873304,0.04058768250538281,4.533441616050975,0.0005982998514573016,,,-1.555272010155426,10.2573691443115
0.2692569018071084,0.003182919392285391,0.6862920816842591,0.03400547710223917,4.543867495547904,0.0006801258182234165,,,-1.544846130658497,9.932109401696307
0.2796827813040372,0.002910238910521264,0.6967179611811879,0.02841417599986962,4.554293375044832,0.0007711082266029655,,,-1.534420251161568,9.59217969378766
0.290108660800966,0.002653703286758399,0.7071438406781168,0.02367841674579418,4.564719254541761,0.0008719642392227558,,,-1.52399437166464,9.239773759556076
0.3005345402978947,0.002413620403071194,0.7175697201750455,0.01966734128438096,4.575145134038689,0.0009834241949619401,,,-1.513568492167711,8.877450205782548
0.3109604197948235,0.002189918047861295,0.7279955996719742,0.01627893844540237,4.585571013535619,0.001106225480443831,,,-1.503142612670782,8.507962894081068
0.3213862992917523,0.001981821973434148,0.738421479168903,0.01345796362655454,4.595996893032547,0.001241105559539761,,,-1.492716733173853,8.133754555925876
0.3318121787886811,0.001788872333385733,0.7488473586658317,0.01109586831339707,4.606422772529476,0.001388794172879929,,,-1.482290853676925,7.75698628154592
0.3422380582856098,0.001610539813940405,0.7592732381627605,0.00912371837190374,4.616848652026404,0.00155000473644724,,,-1.471864974179996,7.380213214493928
0.3526639377825386,0.001446245773302997,0.7696991176596893,0.00748160834429297,4.627274531523334,0.001725424986719452,,,-1.461439094683067,7.00562795580749
0.3630898172794674,0.001295360506550612,0.7801249971566181,0.006112657007940788,4.637700411020262,0.001915706939214605,,,-1.451013215186138,6.635506416524694
0.3735156967763961,0.001157223346061966,0.7905508766535468,0.004985887677797977,4.648126290517191,0.002121456247316226,,,-1.44058733568921,6.271927828186985
0.3839415762733249,0.001031149610528387,0.8009767561504756,0.00405585903703363,4.658552170014119,0.00234322106848305,,,-1.430161456192281,5.916896192764836
0.3943674557702537,0.0009164402308480012,0.8114026356474043,0.003290418183808392,4.668978049511049,0.002581480564908942,,,-1.419735576695352,5.572279881102769
0.4047933352671824,0.0008123900296061598,0.8218285151443332,0.002662240006894018,4.679403929007977,0.002836633184878501,,,-1.409309697198423,5.239818322173954
0.4152192147641112,0.0007182952636107924,0.8322543946412619,0.002148182440673358,4.689829808504906,0.003108984888920919,,,-1.398883817701494,4.921118751797107
0.42564509426104,0.0006334603017241044,0.8426802741381907,0.001727207847485455,4.700255688001834,0.003398737500843446,,,-1.388457938204566,4.617655295323029
0.4360709737579687,0.0005572034388380961,0.8531061536351194,0.001381492265092217,4.710681567498764,0.003705977377272341,,,-1.378032058707637,4.330770231214489
0.4464968532548975,0.0004888618614062582,0.8635320331320482,0.001105833452152643,4.721107446995692,0.004030664599907831,,,-1.367606179210708,4.061677246529324
0.4569227327518263,0.0004277957925250463,0.8739579126289769,0.0008827915727324401,4.731533326492621,0.004372622901811269,,,-1.357180299713779,3.811466465296578
0.467348612248755,0.0003733918551138301,0.8843837921259058,0.0007028357037810933,4.74195920598955,0.004731530542242148,,,-1.346754420216851,3.581111006994675
0.4777744917456838,0.0003250657002829008,0.8948096716228345,0.0005346413542889996,4.752385085486479,0.005106912343476776,,,-1.336328540719922,3.371474814967013
0.4882003712426126,0.0002822639545646422,0.9052355511197633,0.0002591521709446047,4.762810964983408,0.005498133097384433,,,-1.325902661222993,3.183321483643022
0.4986262507395414,0.0002444655444120801,0.915661430616692,0.0001930830385052936,4.773236844480336,0.005904392539128641,,,-1.315476781726064,3.01732380871227
0.5090521302364701,0.0002111824593729322,0.9260873101136208,0.0001469236605247444,4.783662723977265,0.006324722070135293,,,-1.305050902229135,2.874073785623404
0.5194780097333989,0.0001819600167820324,0.9365131896105496,0,4.794088603474194,0.006757983392483936,,,-1.294625022732207,2.754092788520616
0.5299038892303276,0.0001563766908541831,1.645472995401706,0.0001059122498085784,4.804514482971123,0.00720286919232374,,,-1.284199143235278,2.657841673456287
0.5403297687272564,0.0001340435678872914,1.655898874898635,0.0001253154430737948,4.814940362468051,0.007657905981113826,,,-1.273773263738349,2.585730565814301
0.5507556482241852,0.0001146034870906954,1.666324754395563,0.0001454352040288474,4.82536624196498,0.008121459170891378,,,-1.26334738424142,2.538128111669844
0.561181527721114,9.772992352331107e-05,1.676750633892492,0.0001684889477715388,4.835792121461909,0.008591740423957167,,,-1.252921504744492,2.515369995586104
1.416103646469273,0.0001067486974625613,1.687176513389421,0.000194863987856525,4.846218000958838,0.009066817279025041,,,-1.242495625247563,2.517766552379745
1.426529525966202,0.0001299947833055794,1.69760239288635,0.0002249943620299779,4.856643880455766,0.009544625015796147,,,-1.232069745750634,2.545609326954393
1.43695540546313,0.0001578734429548177,1.708028272383278,0.0002593661226233178,4.867069759952695,0.01002298067895332,,,-1.221643866253705,2.59917646370983
1.447381284960059,0.0001912106387165267,1.718454151880207,0.0002985231903582624,4.877495639449624,0.01049959914164593,,,-1.211217986756777,2.67873683463218
1.457807164456988,0.0002309589732106002,1.728880031377136,0.0003430738168441947,4.887921518946553,0.01097211104859927,,,-1.200792107259848,2.784552842363295
1.468233043953917,0.0002782130158176844,1.739305910874065,0.0003936976993010426,4.898347398443481,0.01143808244098919,,,-1.190366227762919,2.916881860812807
1.478658923450846,0.0003342257172134381,1.749731790370993,0.0004561047450335176,4.90877327794041,0.01189503583009846,,,-1.17994034826599,3.07597630077131
1.489084802947774,0.0004004258441661569,1.760157669867922,0.0005225517125938637,4.919199157437339,0.01234047245539541,,,-1.169514468769062,3.262082311152762
1.499510682444703,0.0004784363315394293,1.770583549364851,0.0005979475778347898,4.929625036934268,0.01277189543584176,,,-1.159088589272133,3.475437147674798
1.509936561941632,0.0005700934084649807,1.78100942886178,0.000683418531513596,4.940050916431196,0.01318683350164226,,,-1.148662709775204,3.716265259806162
1.520362441438561,0.0006774663110411114,1.791435308358709,0.0007802245851826,4.950476795928125,0.01358286497786069,,,-1.138236830278275,3.984773163590998
1.530788320935489,0.0008028773449373087,1.801861187855637,0.0008897741344780732,4.960902675425054,0.01395764168177246,,,-1.127810950781347,4.281143182506606
1.541214200432418,0.0009489220083961313,1.812287067352566,0.001013639718687633,4.971328554921983,0.01430891239277293,,,-1.117385071284418,4.605588476440998
1.551640079929347,0.001118488829973267,1.822712946849495,0.001153574973953713,4.981754434418912,0.01463454555721851,,,-1.106959191787489,4.958236738758349
1.562065959426276,0.001360767801865729,1.833138826346424,0.001311532752124717,4.99218031391584,0.01493255090069164,,,-1.09653331229056,5.33898385724486
1.572491838923205,0.001599497777603596,1.843564705843352,0.001489684347296576,5.002606193412769,0.01520109963654057,,,-1.086107432793631,5.747934498576592
1.582917718420133,0.001875388429167167,1.853990585340281,0.001690439737378785,5.013032072909698,0.01543854298208785,,,-1.075681553296703,6.185026714174507
1.593343597917062,0.002193376683069062,1.86441646483721,0.001916468708569041,5.023457952406627,0.01564342872136439,,,-1.065255673799774,6.650166560264617
1.603769477413991,0.002558918533487196,1.874842344334139,0.002170722686562164,5.033883831903555,0.01583022565909238,,,-1.054829794302845,7.143229555335894
1.61419535691092,0.002978024303290734,1.885268223831067,0.00245645704993914,5.044309711400484,0.01599778760922903,,,-1.044403914805916,7.663595734981671
1.624621236407848,0.003457294021582431,1.895694103327996,0.002777253648938333,5.054735590897413,0.01612936460892147,,,-1.033978035308988,8.210972359647723
1.635047115904777,0.004003952699504878,1.906119982824925,0.003137043197345224,5.065161470394342,0.01622416121447445,,,-1.023552155812059,8.784796299378389
1.645472995401706,0.004625885298382661,1.916545862321854,0.003540127147386051,5.07558734989127,0.01628163390377257,,,-1.01312627631513,9.384371567295963
1.655898874898635,0.005366138003357584,1.926971741818783,0.003991198598310998,5.086013229388199,0.01630149566330388,,,-1.002700396818201,10.00885929840013
1.666324754395563,0.00617421810099135,1.937397621315711,0.004495361730040089,5.096439108885128,0.01628371764696763,,,-0.9922745173212725,10.65729967450897
1.676750633892492,0.007087798630449197,1.94782350081264,0.005058149195248494,5.106864988382057,0.01622852791362456,,,-0.9818486378243437,11.32854918577504
1.687176513389421,0.008118266002201552,1.958249380309569,0.005685536848195462,5.117290867878985,0.01613640729603562,,,-0.971422758327415,12.02120386617341
1.69760239288635,0.009277942040908288,1.968675259806498,0.006383955138218729,5.127716747375914,0.01600808249760197,,,-0.9609968788304861,12.73381943695029
1.708028272383278,0.010580135354041,1.979101139303426,0.007160296452018662,5.138142626872843,0.01584451655433487,,,-0.9505709993335574,13.46472273800839
1.718454151880207,0.01203919534758323,1.989527018800355,0.008021917653631944,5.148568506369772,0.01564689683701155,,,-0.9401451198366286,14.21220276327581
1.728880031377136,0.01367056947233345,1.999952898297284,0.008976637046379445,5.1589943858667,0.01541662080188096,,,-0.9297192403396999,14.97418523583841
1.739305910874065,0.01549086436668419,2.010378777794213,0.01003272496910233,5.169420265363629,0.01515527972706177,,,-0.9192933608427711,15.748198956037
1.749731790370993,0.0175821089609568,2.020804657291142,0.01119888724165093,5.179846144860558,0.01486464069553481,,,-0.9088674813458424,16.53202825590732
1.760157669867922,0.01985204777320025,2.03123053678807,0.01248424069371938,5.190272024357487,0.01454662710411664,,,-0.8984416018489135,17.32322244252334
1.770583549364851,0.02237259702272544,2.041656416284999,0.0138982800483991,5.200697903854416,0.01420329799087712,,,-0.8880157223519848,18.11874356331747
1.78100942886178,0.0251666917210633,2.052082295781928,0.01545083548867805,5.211123783351344,0.01384501724656841,,,-0.877589842855056,18.91583566283463
1.791435308358709,0.02825902266027724,2.062508175278857,0.01715202031264805,5.221549662848274,0.01347398328190534,,,-0.8671639633581273,19.71392563058307
1.801861187855637,0.03167617551131385,2.072934054775785,0.01901216818212743,5.231975542345202,0.01308420751894612,,,-0.8567380838611985,20.5114615900155
1.812287067352566,0.03544678486031744,2.083359934272714,0.02104175959005024,5.242401421842131,0.01267794198161607,,,-0.8463122043642697,21.30386075150689
1.822712946849495,0.03960170411891044,2.093785813769643,0.02325133731411781,5.252827301339059,0.01225746816321534,,,-0.8358863248673409,22.08601466549457
1.833138826346424,0.04417419196414922,2.104211693266572,0.02565141078712108,5.263253180835989,0.01182507713322783,,,-0.8254604453704122,22.85314796249003
1.843564705843352,0.04920011559413573,2.1146375727635,0.02825234949672574,5.273679060332917,0.01138305033230796,,,-0.8150345658734834,23.60168674806028
1.853990585340281,0.05471817062025028,2.125063452260429,0.03106426572748666,5.284104939829846,0.01093364125018978,,,-0.8046086863765547,24.33135548468284
1.86441646483721,0.06077011685299984,2.135489331757358,0.03409688717295315,5.294530819326774,0.0104790581599639,,,-0.7941828068796259,25.04102808688895
1.874842344334139,0.06740102857453442,2.145915211254287,0.03735942017289361,5.304956698823704,0.01002144805958435,,,-0.7837569273826971,25.72388034104494
1.885268223831067,0.07465955712909328,2.156341090751215,0.0408604045663056,5.315382578320632,0.009562881948054758,,,-0.7733310478857683,26.37380819633071
1.895694103327996,0.08259820280867797,2.166766970248144,0.04460756139087518,5.325808457817561,0.009105341539932806,,,-0.7629051683888396,26.98765927635625
1.906119982824925,0.0912735920747072,2.177192849745073,0.04860763489934488,5.336234337314489,0.008650707497941191,,,-0.7524792888919108,27.56201284346826
1.916545862321854,0.1007467551510767,2.187618729242002,0.05287041438309391,5.346660216811419,0.008200749239953268,,,-0.7420534093949821,28.09405133232345
1.926971741818783,0.1110833979680694,2.198044608738931,0.05740016853761228,5.357086096308347,0.007757116353738917,,,-0.7316275298980532,28.58112655520049
1.937397621315711,0.1223541613524676,2.208470488235859,0.0621954820032453,5.367511975805276,0.007326453880968103,,,-0.7212016504011245,29.02068572177678
1.94782350081264,0.134634859273813,2.218896367732788,0.06725749639765335,5.377937855302204,0.006901265288095097,,,-0.7107757709041957,29.41062710141506
1.958249380309569,0.1480066869008244,2.229322247229717,0.07258557081302791,5.388363734799134,0.006486907638799807,,,-0.700349891407267,29.74921022373399
1.968675259806498,0.1625563882298465,2.239748126726646,0.07817713357054855,5.398789614296062,0.006084575329994534,,,-0.6899240119103383,30.03508756405466
1.979101139303426,0.1783763721560784,2.250174006223574,0.08402754413742984,5.409215493792991,0.005695340231758252,,,-0.6794981324134094,30.26733278128951
1.989527018800355,0.1955647651075216,2.260599885720503,0.09012996794884064,5.41964137328992,0.005320155393701222,,,-0.6690722529164806,30.44841026226725
1.999952898297284,0.2142253877915129,2.271025765217432,0.09647526688369969,5.430067252786849,0.004968021797675612,,,-0.6586463734195519,30.57828005920213
2.010378777794213,0.2344676432547556,2.281451644714361,0.1030519081017354,5.440493132283778,0.004625513236881744,,,-0.6482204939226232,30.65697272404349
2.020804657291142,0.2564063033690494,2.291877524211289,0.1098458938567168,5.450919011780706,0.004299802543735939,,,-0.6377946144256944,30.68537273866245
2.03123053678807,0.2801611810629412,2.302303403708218,0.1168407147557822,5.461344891277635,0.003991563876262678,,,-0.6273687349287655,30.66808322050709
2.041656416284999,0.3058566761567202,2.312729283205147,0.1240173287366517,5.471770770774564,0.003701423307520698,,,-0.6169428554318368,30.61683556296838
2.052082295781928,0.3336211835515787,2.323155162702076,0.1313541677836025,5.482196650271493,0.003429977519197988,,,-0.6065169759349081,30.5279804454433
2.062508175278857,0.36358635379349,2.333581042199004,0.1388271741008912,5.492622529768421,0.00318415078283968,,,-0.5960910964379793,30.39537040421129
2.072934054775785,0.3958861976904568,2.344006921695933,0.1464098671114533,5.50304840926535,0.002953553158346873,,,-0.5856652169410506,30.22425860411517
2.083359934272714,0.4306560287109459,2.354432801192862,0.1540734422529297,5.513474288762279,0.00274390270522269,,,-0.5752393374441218,30.02262923907317
2.093785813769643,0.4680312393239914,2.364858680689791,0.1617869021072496,5.523900168259208,0.002556007866758425,,,-0.564813457947193,29.79194105700468
2.104211693266572,0.5081459102390324,2.375284560186719,0.1695172199300777,5.534326047756136,0.002390796357580947,,,-0.5543875784502642,29.53288999902789
2.1146375727635,0.5511312546360074,2.385710439683648,0.1772295351493601,5.544751927253065,0.002249351882263637,,,-0.5439616989533355,29.24981382137117
2.125063452260429,0.5971139029018897,2.396136319180577,0.1848873798858793,5.555177806749994,0.00214882116892397,,,-0.5335358194564067,28.94544053389406
2.135489331757358,0.6462140370556922,2.406562198677506,0.192452935021812,5.565603686246923,0.00206319260463734,,,-0.523109939959478,28.624582816376
2.145915211254287,0.6985433878860977,2.416988078174435,0.1998873138151405,5.576029565743851,0.002006977246362993,,,-0.5126840604625491,28.29159428892597
2.156341090751215,0.7542031117705352,2.427413957671364,0.2071508705382508,5.58645544524078,0.001982553764032158,,,-0.5022581809656204,27.95156551784005
2.166766970248144,0.8132815681093791,2.437839837168292,0.2142035311183324,5.596881324737708,0.001992738624464809,,,-0.4918323014686916,27.60963914527536
2.177192849745073,0.8758520222046454,2.448265716665221,0.2210051422855946,5.607307204234638,0.002040851421243766,,,-0.4814064219717629,27.27094761786116
2.187618729242002,0.942172512434414,2.45869159616215,0.2275158353030407,5.617733083731566,0.002132266565171284,,,-0.4709805424748341,26.94055000933996
2.198044608738931,1.012277426704312,2.469117475659079,0.2336963999685182,5.628158963228495,0.002268953099905613,,,-0.4605546629779053,26.623368845304
2.208470488235859,1.085975188865441,2.479543355156007,0.2396132012717128,5.638584842725424,0.002457364037081204,,,-0.4501287834809766,26.32412784715947
2.218896367732788,1.163252092482164,2.489969234652936,0.2452286348693113,5.649010722222353,0.002703597432525706,,,-0.4397029039840478,26.04729150530431
2.229322247229717,1.244067955493033,2.500395114149865,0.2504015146804335,5.659436601719282,0.003014652339541483,,,-0.429277024487119,25.79700736843543
2.239748126726646,1.328354123420765,2.510820993646794,0.255097387209453,5.66986248121621,0.003398520126222648,,,-0.4188511449901903,25.57705189755301
2.250174006223574,1.416011652281464,2.521246873143722,0.259284368599914,5.680288360713139,0.003864278805191287,,,-0.4084252654932615,25.39078068054508
2.260599885720503,1.506909712723687,2.531672752640651,0.262933497835079,5.690714240210068,0.00442218963272017,,,-0.3979993859963327,25.24108373744484
2.271025765217432,1.600884256224391,2.54209863213758,0.2660190637303306,5.701140119706997,0.005083795053341367,,,-0.3875735064994039,25.1303465690097
2.281451644714361,1.697736982637478,2.552524511634509,0.2685189006713273,5.711565999203925,0.005862016870704341,,,-0.3771476270024752,25.06041751381825
2.291877524211289,1.797234646015064,2.562950391131437,0.2704146484413392,5.721991878700854,0.006771253317849677,,,-0.3667217475055464,25.03258188340072
2.302303403708218,1.899108732403445,2.573376270628366,0.2717863413240382,5.732417758197783,0.007827473483092283,,,-0.3562958680086176,25.04754324287365
2.312729283205147,2.003055539276044,2.583802150125295,0.2726230773055851,5.742843637694712,0.00904830732495438,,,-0.3458699885116889,25.10541209805236
2.323155162702076,2.10873668144399,2.594228029622224,0.2728231578666768,5.75326951719164,0.01045312928536952,,,-0.3354441090147601,25.20570214096418
2.333581042199004,2.215780042740561,2.604653909119152,0.2723836959020781,5.763695396688569,0.01206313328972511,,,-0.3250182295178313,25.34733409594069
2.344006921695933,2.323781186585255,2.615079788616081,0.2713062964072181,5.774121276185498,0.01390139671094145,,,-0.3145923500209026,25.52864709980168
2.354432801192862,2.432305231791002,2.62550566811301,0.2695970544022978,5.784547155682427,0.01599293067905536,,,-0.3041664705239738,25.74741744372542
2.364858680689791,2.54088919279322,2.635931547609939,0.2672665004703856,5.794973035179355,0.01836471394460325,,,-0.293740591027045,26.00088440275638
2.375284560186719,2.649044775974899,2.646357427106868,0.2643294944944033,5.805398914676284,0.02104570736085263,,,-0.2833147115301163,26.28578278291758
2.385710439683648,2.756261616071474,2.656783306603796,0.2608050690202841,5.815824794173213,0.02406684594430976,,,-0.2728888320331875,26.59838172678596
2.396136319180577,2.862010928905023,2.667209186100725,0.2569129840983388,5.826250673670142,0.02746100541279504,,,-0.2624629525362587,26.93452923721229
2.406562198677506,2.96574954906696,2.677635065597654,0.2526783566861135,5.83667655316707,0.03126294009356784,,,-0.25203707303933,27.28970180650617
2.416988078174435,3.066924313792039,2.688060945094583,0.2479313911506024,5.847102432663999,0.03550918914810724,,,-0.2416111935424012,27.65905847558973
2.427413957671364,3.16497674729343,2.698486824591511,0.2427022148668097,5.857528312160929,0.0402379481823643,,,-0.2311853140454724,28.037498594919
2.437839837168292,3.259347993404578,2.70891270408844,0.2370238002942155,5.867954191657857,0.04548890350802998,,,-0.2207594345485437,28.41972251680368
2.448265716665221,3.349483938636935,2.719338583585369,0.230931618145275,5.878380071154786,0.05130302659708261,,,-0.2103335550516149,28.80029441741573
2.45869159616215,3.434840462842171,2.729764463082298,0.2244632671267436,5.888805950651714,0.05772232663282378,,,-0.1999076755546861,29.17618335068025
2.469117475659079,3.514888750678642,2.740190342579226,0.2176580856602644,5.899231830148643,0.0647895595085225,,,-0.1894817960577573,29.54681014506964
2.479543355156007,3.590948287775605,2.750616222076155,0.2105567512083395,5.909657709645572,0.07254789216103799,,,-0.1790559165608286,29.90415898662523
2.489969234652936,3.662521818854848,2.761042101573084,0.2032008729461097,5.920083589142501,0.08104052174774756,,,-0.1686300370638998,30.23781559822958
2.500395114149865,3.727300618503322,2.771467981070013,0.1956325835268417,5.930509468639429,0.09031024988517891,,,-0.158204157566971,30.54250598385692
2.510820993646794,3.784839999058828,2.781893860566941,0.1878941355907313,5.940935348136358,0.1003990129508095,,,-0.1477782780700423,30.81506614228072
2.521246873143722,3.834736555166975,2.79231974006387,0.1800275084660543,5.951361227633287,0.1113470586541411,,,-0.1373523985731135,31.05821376355831
2.531672752640651,3.876632721958289,2.802745619560799,0.1720740302146787,5.961787107130216,0.1231937081615846,,,-0.1269265190761847,31.26561466339791
2.54209863213758,3.910220883667001,2.813171499057728,0.1640740197884841,5.972212986627144,0.1359746859655121,,,-0.116500639579256,31.42567868542104
2.552524511634509,3.935246969132748,2.823597378554656,0.1560664535992626,5.982638866124073,0.1497229789637584,,,-0.1060747600823272,31.5347235553104
2.562950391131437,3.951513477804792,2.834023258051585,0.1480886602737715,5.993064745621002,0.1644677986330657,,,-0.09564888058539844,31.58955027685823
2.573376270628366,3.960251658228115,2.844449137548514,0.1401760467806844,6.003490625117931,0.1802339201072217,,,-0.08522300108846967,31.58747475682443
2.583802150125295,3.961372570458147,2.854875017045443,0.1323618584910914,6.013916504614859,0.1970410105625735,,,-0.07479712159154089,31.52759642149539
2.594228029622224,3.953468303581739,2.865300896542372,0.1246769750833525,6.024342384111788,0.2149029555375025,,,-0.06437124209461213,31.41081024475914
2.604653909119152,3.93656332710565,2.875726776039301,0.1171497435411238,6.034768263608717,0.2338271926563609,,,-0.05394536259768336,31.23481421078984
2.615079788616081,3.910744663012494,2.886152655536229,0.1098058488346246,6.045194143105646,0.2538140629718558,,,-0.0435194831007546,30.99661112899575
2.62550566811301,3.87616110636814,2.896578535033158,0.1026682222335234,6.055620022602574,0.2748561907582848,,,-0.03309360360382583,30.69626592268841
2.635931547609939,3.833021734048797,2.907004414530087,0.09575698658804863,6.066045902099503,0.296937903057518,,,-0.02266772410689706,30.34016784140918
2.646357427106868,3.78159372253918,2.917430294027016,0.08908943734474516,6.076471781596433,0.3200347005776242,,,-0.01224184460996829,29.93810030708728
2.656783306603796,3.722199506684952,2.927856173523944,0.08268005754484398,6.086897661093361,0.3441127916500669,,,-0.001815965113039525,29.48644781105548
2.667209186100725,3.657764634479338,2.938282053020873,0.07654056459495888,6.09732354059029,0.3691287008476576,,,0.008609914383889243,28.980147162623
2.677635065597654,3.588690351895287,2.948707932517802,0.07067998620838989,6.107749420087218,0.3950289635375048,,,0.01903579388081801,28.42840393797166
2.688060945094583,3.512849356737685,2.959133812014731,0.06510476259539115,6.118175299584148,0.4217499170805997,,,0.02946167337774678,27.83232988190261
2.698486824591511,3.430704784068906,2.969559691511659,0.05981887173508114,6.128601179081076,0.4492174361021147,,,0.03988755287467555,27.18758984866386
2.70891270408844,3.342754108186821,2.979985571008588,0.05482397439105195,6.139027058578005,0.4773476303356657,,,0.05031343237160431,26.49757543200401
2.719338583585369,3.249524047662824,2.990411450505517,0.05011957543613944,6.149452938074933,0.5060458945404567,,,0.06073931186853308,25.76611047250077
2.729764463082298,3.151565233236653,3.000837330002446,0.04570319802651786,6.159878817571863,0.5352079436025466,,,0.07116519136546184,24.9971890635715
2.740190342579226,3.049446713832425,3.011263209499374,0.04157056720702328,6.170304697068791,0.564720005169891,,,0.08159107086239062,24.1950448225457
2.750616222076155,2.94375037724168,3.021689088996303,0.03771579963281448,6.18073057656572,0.5944593542547569,,,0.09201695035931939,23.36402968946297
2.761042101573084,2.835065361941561,3.032114968493232,0.03413159625049465,6.191156456062648,0.6242949840818682,,,0.1024428298562482,22.50863924605902
2.771467981070013,2.723982535097532,3.042540847990161,0.03080943498715677,6.201582335559578,0.6540884113620693,,,0.1128687093531769,21.63336664544379
2.781893860566941,2.611089109086345,3.052966727487089,0.02773976074042387,6.212008215056506,0.6836946118818582,,,0.1232945888501057,20.74288150648248
2.79231974006387,2.496963464940636,3.063392606984018,0.02491217023806283,6.222434094553435,0.7129630799605943,,,0.1337204683470345,19.84175242221417
2.802745619560799,2.382170246061479,3.073818486480947,0.02231558963371397,6.232859974050363,0.741739002984928,,,0.1441463478439632,18.93438418684511
2.813171499057728,2.26725577949255,3.084244365977876,0.01993844301742006,6.243285853547293,0.7698645399318946,,,0.154572227340892,18.02512647510278
2.823597378554656,2.152743875142396,3.094670245474805,0.01776881033804039,6.253711733044221,0.797180190587603,,,0.1649981068378208,17.11817315304502
2.834023258051585,2.039132045738909,3.105096124971733,0.0157944905560499,6.26413761254115,0.8235262401072343,,,0.1754239863347495,16.21752768284724
2.844449137548514,1.926888182173702,3.115522004468662,0.01400348486729914,6.274563492038078,0.8487442616931378,,,0.1858498658316783,15.32697246761419
2.854875017045443,1.816447710422737,3.125947883965591,0.01238356211898726,6.284989371535008,0.872882225606621,,,0.1962757453286071,14.45004237614003
2.865300896542372,1.708211247594844,3.13637376346252,0.01092275877986866,6.295415251031937,0.8957872691013548,,,0.2067016248255358,13.59000261008383
2.875726776039301,1.60254276604223,3.146799642959448,0.009609366847915536,6.305841130528865,0.9171072777272403,,,0.2171275043224646,12.74983099895282
2.886152655536229,1.499768266040665,3.157225522456377,0.00843201362615756,6.316267010025794,0.9367012556820097,,,0.2275533838193934,11.93220473313071
2.896578535033158,1.400174949475762,3.167651401953306,0.007379728473783248,6.326692889522723,0.9544500080866027,,,0.2379792633163221,11.13949147339741
2.907004414530087,1.304010879405439,3.178077281450235,0.006441997085336962,6.337118769019652,0.9702101020245171,,,0.2484051428132509,10.37368627993817
2.917430294027016,1.211485103439656,3.188503160947163,0.005608803992546554,6.34754464851658,0.9842066106605224,,,0.2588310223101797,9.636657230698139
2.927856173523944,1.122768212699314,3.198929040444092,0.004870664095653134,6.357970528013509,0.996340800908689,,,0.2692569018071084,8.929707254736309
2.938282053020873,1.037993302776907,3.209354919941021,0.004218644115067983,6.368396407510438,1.006201322728056,,,0.2796827813040372,8.254071708816786
2.948707932517802,0.9572572986888322,3.21978079943795,0.003644374911296714,6.378822287007367,1.013716580712761,,,0.290108660800966,7.610399542523418
2.959133812014731,0.8806226023258247,3.230206678934878,0.003140055653348719,6.389248166504295,1.018831270468752,,,0.3005345402978947,6.999295048241753
2.969559691511659,0.8081190183920861,3.240632558431807,0.00269845082564218,6.399674046001224,1.021507073989008,,,0.3109604197948235,6.421328769495843
2.979985571008588,0.7397459132706169,3.251058437928736,0.002312881053318731,6.410099925498153,1.021974964244708,,,0.3213862992917523,5.876259066268955
2.990411450505517,0.6754745606350245,3.261484317425665,0.001977208698642234,6.420525804995082,1.020229844933533,,,0.3318121787886811,5.363896752493163
3.000837330002446,0.6152506278998315,3.271910196922593,0.001685819139574535,6.43095168449201,1.016030667223741,,,0.3422380582856098,4.883785186592352
3.011263209499374,0.5589967586974234,3.282336076419522,0.001433598588474961,6.441377563988939,1.009406021322361,,,0.3526639377825386,4.435524759463174
3.021689088996303,0.5066152084107155,3.292761955916451,0.001215909246843769,6.451803443485868,1.000402056748033,,,0.3630898172794674,4.018153618017376
3.032114968493232,0.4579904922849704,3.30318783541338,0.001028562523654583,6.462229322982797,0.9890820012715774,,,0.3735156967763961,3.630868555821935
3.042540847990161,0.4129920086897099,3.313613714910309,0.000867790972432105,6.472655202479725,0.9761560735405065,,,0.3839415762733249,3.272557461878415
3.052966727487089,0.3714766035965964,3.324039594407238,0.0007302195279325056,6.483081081976654,0.9617143029553333,,,0.3943674557702537,2.942106647946106
3.063392606984018,0.3332910461732688,3.334465473904166,0.000612836548924574,6.493506961473583,0.9452255620216904,,,0.4047933352671824,2.638275859847505
3.073818486480947,0.2982743894587688,3.344891353401095,0.0005129651007337723,6.503932840970512,0.926802826837375,,,0.4152192147641112,2.359776458137033
3.084244365977876,0.2662601942790078,3.355317232898024,0.000428234841213981,6.51435872046744,0.9065713914894952,,,0.42564509426104,2.105274064160726
3.094670245474805,0.2370785987820762,3.365743112394953,0.0003565548077046933,6.524784599964369,0.8846675528432058,,,0.4360709737579687,1.873405628089849
3.105096124971733,0.2105542087836609,3.376168991891881,0.00029608734111534,6.535210479461298,0.8612960849672435,,,0.4464968532548975,1.662795096227051
3.115522004468662,0.1865247250447527,3.38659487138881,0.0002452233271199608,6.545636358958227,0.836610486741697,,,0.4569227327518263,1.472067600128314
3.125947883965591,0.1648156676603338,3.397020750885739,0.0002004851298090021,6.556062238455156,0.8107114395889637,,,0.467348612248755,1.299862122262163
3.13637376346252,0.1452607382682141,3.407446630382668,0.0001652431180061555,6.566488117952084,0.7837634984992903,,,0.4777744917456838,1.144842622682499
3.146799642959448,0.1276979057801837,3.417872509879596,0.0001358317834432994,6.576913997449013,0.755934625291845,,,0.4882003712426126,1.00570763813561
3.157225522456377,0.1119703999963612,3.428298389376525,0.0001113565782034858,6.587339876945942,0.7273946250760654,,,0.4986262507395414,0.8811983888746097
3.167651401953306,0.09792753144559257,3.438724268873454,9.10471711145667e-05,6.597765756442871,0.6983136177177468,,,0.5090521302364701,0.7701054490379355
3.178077281450235,0.08542534598820384,4.158109954161539,0.0001062103100610657,6.608191635939799,0.6688605645619092,,,0.5194780097333989,0.6712740536817156
3.188503160947163,0.0743271244104011,4.168535833658468,0.0001330985764384669,6.618617515436728,0.6392018689640393,,,0.5299038892303276,0.5836081294464492
3.198929040444092,0.06450373855030846,4.178961713155396,0.0001663415545485065,6.629043394933657,0.6095000671579811,,,0.5403297687272564,0.5060731464728206
3.209354919941021,0.05583387644008344,4.189387592652325,0.000207323586285032,6.639469274430586,0.579912623694847,,,0.5507556482241852,0.437697896713471
3.21978079943795,0.0482041495495585,4.199813472149254,0.000257701698308066,6.649895153927514,0.5505908431806575,,,0.561181527721114,0.3775753084266529
3.230206678934878,0.04150909550261885,4.210239351646183,0.0003194526238878442,6.660321033424443,0.5216789073828484,,,0.5716074072180427,0.3248624086370934
3.240632558431807,0.03565108964026453,4.220665231143111,0.0003949264755375851,6.670746912921372,0.4933130440314725,,,0.5820332867149715,0.2787795449940172
3.251058437928736,0.03054017855896025,4.23109111064004,0.0004869077081632237,6.681172792418301,0.4656208308747931,,,0.5924591662119002,0.238608976051476
3.261484317425665,0.02609384829586981,4.241516990136969,0.000598684012398798,6.691598671915229,0.4387206358249461,,,0.6028850457088291,0.2036929348570444
3.271910196922593,0.02223673920067798,4.251942869633898,0.0007341237622824509,6.702024551412158,0.4127211914088681,,,0.6133109252057578,0.1734312651771156
3.282336076419522,0.01890031876305178,4.262368749130826,0.0008977626072119793,6.712450430909087,0.3877212992801608,,,0.6237368047026866,0.147278723017955
3.292761955916451,0.01602252279002301,4.272794628627755,0.00109489974174992,6.722876310406016,0.3638096583010476,,,0.6341626841996153,0.1247420286139503
3.30318783541338,0.01354737438112283,4.283220508124684,0.001331704304739842,6.733302189902944,0.3410648077156322,,,0.644588563696544,0.1053767460200879
3.313613714910309,0.01142458916067048,4.293646387621613,0.00165849349458837,6.743728069399873,0.3195551752443364,,,0.6550144431934729,0.0887840591117004
3.324039594407238,0.009609174222781316,4.304072267118542,0.00200865226591371,6.754153948896803,0.2993392185645093,,,0.6654403226904017,0.07460750438020863
3.334465473904166,0.008061027248594992,4.31449814661547,0.002426270831433487,6.764579828393731,0.2804656476248016,,,0.6758662021873304,0.06252971260857078
3.344891353401095,0.00674454128661682,4.3249240261124,0.002922929314367116,6.77500570789066,0.2629737145829676,,,0.6862920816842591,0.05226920347378287
3.355317232898024,0.00562821976208192,4.335349905609328,0.003511906071288314,6.785431587387588,0.2468935578611457,,,0.6967179611811879,0.04357726948542975
3.365743112394953,0.004684305412654275,4.345775785106257,0.004208371596374365,6.795857466884518,0.232246586873251,,,0.7071438406781168,0.03623497852942843
3.376168991891881,0.003888426045084888,4.356201664603185,0.005073645556972912,6.806283346381446,0.2190458943811542,,,0.7175697201750455,0.03000118170881763
3.38659487138881,0.00321925927720933,4.366627544100115,0.006050883622567841,6.816709225878375,0.2072966841570469,,,0.7279955996719742,0.02471854207276625
3.397020750885739,0.002621960884931569,4.377053423597043,0.007197493124492642,6.827135105375303,0.1969967026387072,,,0.738421479168903,0.02039681675847506
3.407446630382668,0.002160649399067943,4.387479303093972,0.008539049261963571,6.837560984872233,0.1881366645258429,,,0.7488473586658317,0.01678600773171162
3.417872509879596,0.001775746280811858,4.3979051825909,0.01010428733670854,6.847986864369161,0.1807006637370919,,,0.7592732381627605,0.01377772340478898
3.428298389376525,0.001455511574525302,4.40833106208783,0.01192537273554069,6.85841274386609,0.1746665627830694,,,0.7696991176596893,0.01124150069953603
3.438724268873454,0.001189838927893311,4.418756941584758,0.01403817436412913,6.868838623363018,0.1700063553606801,,,0.7801249971566181,0.009030971810433969
3.449150148370383,0.0009700588322251928,4.429182821081687,0.01648253799306741,6.879264502859948,0.166686498787631,,,0.7905508766535468,0.007358573693538917
3.459576027867311,0.0007887602231466911,4.439608700578615,0.01930255540768697,6.889690382356876,0.1646682147211148,,,0.8009767561504756,0.00597979047040582
3.47000190736424,0.0006396296641183883,4.450034580075545,0.0225468246784071,6.900116261853805,0.1639077583901044,,,0.8114026356474043,0.004846312073086557
3.480427786861169,0.0005173071838338296,4.460460459572473,0.02626869630147044,6.910542141350733,0.1643619448785931,,,0.8218285151443332,0.0039171463178654
3.490853666358098,0.0003900849048103434,4.470886339069402,0.03052649941507936,6.920968020847662,0.165968617159312,,,0.8322543946412619,0.003157629281243038
3.501279545855026,0.0003142928613033538,4.48131221856633,0.0353837417891058,6.931393900344591,0.1686747037719488,,,0.8426802741381907,0.002513875638276051
3.511705425351955,0.0002525397259746452,4.49173809806326,0.04090927683479798,6.94181977984152,0.17241883609161,,,0.8531061536351194,0.001966539278995753
3.522131304848884,0.000202369337068724,4.502163977560188,0.0471774305022259,6.952245659338448,0.1771356879348334,,,0.8635320331320482,0.001573469152125817
3.532557184345813,0.0001617258822989542,4.512589857057117,0.05426808064602212,6.962671538835377,0.1827561471898522,,,0.8739579126289769,0.001255573260521943
3.542983063842742,0.0001288944344326712,4.523015736554046,0.06226668126266196,6.973097418332307,0.1892074953540715,,,0.8843837921259058,0.0009992038297164728
3.553408943339671,0.0001024492108292214,4.533441616050975,0.07126422395287114,6.983523297829235,0.196413603093465,,,0.8948096716228345,0.0006787093514891987
3.563834822836599,8.12087611797599e-05,4.543867495547904,0.08135712905731816,6.993949177326164,0.2042951497149946,,,0.9052355511197633,0.000366043585290459
4.168535833658468,0.0001164355104468092,4.554293375044832,0.09264705916727074,7.004375056823092,0.212769873928531,,,0.915661430616692,0.0002777125378995639
4.178961713155396,0.0001454892757806861,4.564719254541761,0.1052406481366028,7.014800936320022,0.2217528624837978,,,0.9260873101136208,0.0001868154057647007
4.189387592652325,0.0001812997179549113,4.575145134038689,0.1192491393265263,7.02522681581695,0.2311568822228507,,,0.9365131896105496,0
4.199813472149254,0.0002253117759766255,4.585571013535619,0.1347879276050554,7.035652695313879,0.2408927598189005,,,1.416103646469273,0.0001089573584963376
4.210239351646183,0.0002792487702251192,4.595996893032547,0.1519760006005814,7.046078574810807,0.2508698120135743,,,1.426529525966202,0.0001326844124936258
4.220665231143111,0.0003451590490071494,4.606422772529476,0.1709352758694214,7.056504454307737,0.2609963275581326,,,1.43695540546313,0.0001611398895720677
4.23109111064004,0.0004254689529226622,4.616848652026404,0.1917898319721378,7.066930333804665,0.2711801003552422,,,1.447381284960059,0.0001951668414338929
4.241516990136969,0.0005230426475480392,4.627274531523334,0.2146650329489227,7.077356213301594,0.2813290115353371,,,1.457807164456988,0.0002357375803192271
4.251942869633898,0.0006412493605617735,4.637700411020262,0.239686547321271,7.087782092798522,0.2913516564359911,,,1.468233043953917,0.0002839693225617684
4.262368749130826,0.0007840385287464249,4.648126290517191,0.266979264501313,7.098207972295452,0.3011580107351154,,,1.478658923450846,0.0003411409427444492
4.272794628627755,0.0009560233103186096,4.658552170014119,0.2966661133326052,7.10863385179238,0.3106601283693627,,,1.489084802947774,0.0004087107692280012
4.283220508124684,0.00116257284567107,4.668978049511049,0.3288667893837453,7.119059731289309,0.3197728623956305,,,1.499510682444703,0.0004883353158617876
4.293646387621613,0.001442313633384376,4.679403929007977,0.3636963995322934,7.129485610786237,0.3284145986700953,,,1.509936561941632,0.0005818888038826247
4.304072267118542,0.00174622527690429,4.689829808504906,0.4012640342719725,7.139911490283167,0.3365079911648274,,,1.520362441438561,0.0006914832824745804
4.31449814661547,0.002108538259862376,4.700255688001834,0.4416712800102968,7.150337369780095,0.3439806869496005,,,1.530788320935489,0.0008194891064746031
4.3249240261124,0.002539242788914826,4.710681567498764,0.4850106853555786,7.160763249277024,0.3507660283617509,,,1.541214200432418,0.0009685554757250643
4.335349905609328,0.003049786272852276,4.721107446995692,0.5313641969814675,7.171189128773952,0.3568037196876029,,,1.551640079929347,0.00114163068326232
4.345775785106257,0.003653237983345653,4.731533326492621,0.5808015820657239,7.181615008270882,0.3620404457943315,,,1.562065959426276,0.001390601354274462
4.356201664603185,0.004393874581399891,4.74195920598955,0.633378855493036,7.192040887767811,0.3664304305816221,,,1.572491838923205,0.001634715601512021
4.366627544100115,0.005237513983142364,4.752385085486479,0.6891367309591685,7.202466767264739,0.369934768402836,,,1.582917718420133,0.001916869986177916
4.377053423597043,0.006226728942850465,4.762810964983408,0.7480991157908293,7.212892646761668,0.3725280779654656,,,1.593343597917062,0.002242129098986413
4.387479303093972,0.007383353820548137,4.773236844480336,0.810271669684056,7.223318526258597,0.3741870142633534,,,1.603769477413991,0.002616092717286707
4.3979051825909,0.008731888098460424,4.783662723977265,0.8756404476523064,7.233744405755526,0.3749110773593146,,,1.61419535691092,0.003044932806077025
4.40833106208783,0.01029971689721242,4.794088603474194,0.944170647259776,7.244170285252454,0.3751840770422605,,,1.624621236407848,0.00353543079944126
4.418756941584758,0.01211733255940175,4.804514482971123,1.0158054796992,7.254596164749383,0.3750173552073038,,,1.635047115904777,0.004095014959329753
4.429182821081687,0.01421855405835212,4.814940362468051,1.090465183467095,7.265022044246312,0.3739066468555406,,,1.645472995401706,0.004731797622305875
4.439608700578615,0.0166407404990309,4.82536624196498,1.168046198310287,7.275447923743241,0.3718827444510229,,,1.655898874898635,0.005491453853345435
4.450034580075545,0.01942499448754986,4.835792121461909,1.248420515788718,7.285873803240169,0.368962856120724,,,1.666324754395563,0.006319653809473716
4.460460459572473,0.02261635066721174,4.846218000958838,1.33143522124863,7.296299682737098,0.3651807735157236,,,1.676750633892492,0.007256288202879374
4.470886339069402,0.02626394426604183,4.856643880455766,1.416912240258689,7.306725562234027,0.3605782917885823,,,1.687176513389421,0.008313130762606275
4.48131221856633,0.03042115408778216,4.867069759952695,1.504648300662525,7.317151441730956,0.3552046927548327,,,1.69760239288635,0.009502937357114412
4.49173809806326,0.03514571402109119,4.877495639449624,1.594415119378543,7.327577321227884,0.3491111427841979,,,1.708028272383278,0.01083950265348866
4.502163977560188,0.04049978685656669,4.887921518946553,1.685959820964526,7.338003200724813,0.3423710537392953,,,1.718454151880207,0.01233771998716758
4.512589857057117,0.04654999400488591,4.898347398443481,1.779005592791072,7.348429080221742,0.335045931654624,,,1.728880031377136,0.01401364507100192
4.523015736554046,0.05336739461837622,4.90877327794041,1.873252579461314,7.358854959718671,0.3272086785827792,,,1.739305910874065,0.01588456425305318
4.533441616050975,0.06102740764855251,4.919199157437339,1.968379016897068,7.369280839215599,0.3189347203290055,,,1.749731790370993,0.01803831608714499
4.543867495547904,0.06960967053820026,4.929625036934268,2.064042604300778,7.379706718712528,0.3103034863795521,,,1.760157669867922,0.02037472888413243
4.554293375044832,0.07919782856121349,4.940050916431196,2.159882110009984,7.390132598209457,0.3013835012175951,,,1.770583549364851,0.02297070770960585
4.564719254541761,0.08987924929692337,4.950476795928125,2.255519205092694,7.400558477706386,0.2922845402594298,,,1.78100942886178,0.02585031530560487
4.575145134038689,0.1017446573653266,4.960902675425054,2.350560516389183,7.410984357203315,0.2831232750037535,,,1.791435308358709,0.02903950433916684
4.585571013535619,0.1148876853590655,4.971328554921983,2.444599888585337,7.421410236700243,0.2738942661593882,,,1.801861187855637,0.03256627112458793
4.595996893032547,0.1294043378867164,4.981754434418912,2.537220842798854,7.431836116197172,0.2647177216331913,,,1.812287067352566,0.03646082548958396
4.606422772529476,0.1453923667848459,4.99218031391584,2.627999217065117,7.442261995694101,0.2556720496260615,,,1.822712946849495,0.04075577771988224
4.616848652026404,0.1629505568534728,5.002606193412769,2.716505972017508,7.45268787519103,0.246831538983134,,,1.833138826346424,0.04548634321120368
4.627274531523334,0.182177922906061,5.013032072909698,2.802310142962785,7.463113754687958,0.2382706448444841,,,1.843564705843352,0.05069056505794763
4.637700411020262,0.2031728204809607,5.023457952406627,2.884981917455013,7.473539634184887,0.2300556202725063,,,1.853990585340281,0.0564095543082028
4.648126290517191,0.226031974211383,5.033883831903555,2.964861081369505,7.483965513681816,0.2222495782412146,,,1.86441646483721,0.06268774701129601
4.658552170014119,0.2508494295660635,5.044309711400484,3.042665631655861,7.494391393178745,0.2149106277723874,,,1.874842344334139,0.0695731764760714
4.668978049511049,0.2777154354192177,5.054735590897413,3.117201640120807,7.504817272675673,0.2080915861611826,,,1.885268223831067,0.07711775834786505
4.679403929007977,0.3067152666493568,5.065161470394342,3.186903636642747,7.515243152172602,0.2018397876549954,,,1.895694103327996,0.08537758520583308
4.689829808504906,0.3379279976626874,5.07558734989127,3.251366603148012,7.525669031669531,0.1961969892319455,,,1.906119982824925,0.09441322639013276
4.700255688001834,0.371425239347404,5.086013229388199,3.310207531703248,7.53609491116646,0.1911993726406984,,,1.916545862321854,0.104290027705065
4.710681567498764,0.4072698534491539,5.096439108885128,3.363068999893776,7.546520790663388,0.1868776404415486,,,1.926971741818783,0.1150784045288352
4.721107446995692,0.4455146596751904,5.106864988382057,3.409622605163619,7.556946670160317,0.18325720244438,,,1.937397621315711,0.1268541207168362
4.731533326492621,0.4862011519473516,5.117290867878985,3.449572215748228,7.567372549657246,0.1803584476836065,,,1.94782350081264,0.1396985445415271
4.74195920598955,0.5293582410976051,5.127716747375914,3.482656996240766,7.577798429154175,0.1781970959118297,,,1.958249380309569,0.1536988718004615
4.752385085486479,0.575001041904781,5.138142626872843,3.508654166852857,7.588224308651103,0.1767846215384853,,,1.968675259806498,0.1689483051809002
4.762810964983408,0.6231297226834078,5.148568506369772,3.527381457098826,7.598650188148032,0.1761287419907719,,,1.979101139303426,0.1855461780338221
4.773236844480336,0.6737284356381098,5.1589943858667,3.538699216977014,7.609076067644961,0.176233961633603,,,1.989527018800355,0.2035980099233317
4.783662723977265,0.7267643458802382,5.169420265363629,3.542512151757393,7.61950194714189,0.1771021616539706,,,1.999952898297284,0.2232154807218936
4.794088603474194,0.7821867763656132,5.179846144860558,3.538770650211852,7.629927826638818,0.1787332256931017,,,2.010378777794213,0.2445163096599365
4.804514482971123,0.8399264850600792,5.190272024357487,3.527471680524934,7.640353706135747,0.1811256904970507,,,2.020804657291142,0.2676240256512732
4.814940362468051,0.8998950893876991,5.200697903854416,3.508659233163248,7.650779585632677,0.1842875704316886,,,2.03123053678807,0.292667615441828
4.82536624196498,0.9619846514873451,5.211123783351344,3.484139598133733,7.661205465129605,0.1881990768221534,,,2.041656416284999,0.3197810367024988
4.835792121461909,1.026067436026657,5.221549662848274,3.454036295830442,7.671631344626534,0.1928668281906946,,,2.052082295781928,0.3491025841360618
4.846218000958838,1.091995850333498,5.231975542345202,3.416789284385919,7.682057224123462,0.1982907399806337,,,2.062508175278857,0.3807740980141237
4.856643880455766,1.159602574444616,5.242401421842131,3.372598444388657,7.692483103620392,0.2044726442689474,,,2.072934054775785,0.4149400063160382
4.867069759952695,1.22870088638317,5.252827301339059,3.321706720041991,7.70290898311732,0.211416856539626,,,2.083359934272714,0.4517461938104474
4.877495639449624,1.299085185607002,5.263253180835989,3.264398100346175,7.713334862614249,0.2191306883545826,,,2.093785813769643,0.4913386939939653
4.887921518946553,1.370531715164226,5.273679060332917,3.202745814575988,7.723760742111177,0.2276715099253326,,,2.104211693266572,0.5338622027612187
4.898347398443481,1.442799480696646,5.284104939829846,3.137093888378041,7.734186621608107,0.2369730169906801,,,2.1146375727635,0.5794584159946996
4.90877327794041,1.515631362086822,5.294530819326774,3.066054074359565,7.744612501105035,0.2470912215798015,,,2.125063452260429,0.628264196888177
4.919199157437339,1.588755411288932,5.304956698823704,2.990018193549834,7.755038380601964,0.2580498135340268,,,2.135489331757358,0.6804095826982999
4.929625036934268,1.661886327749359,5.315382578320632,2.909403946105672,7.765464260098892,0.2698770305141464,,,2.145915211254287,0.7360156446886188
4.940050916431196,1.73472710083623,5.325808457817561,2.824651115630941,7.775890139595822,0.2826434403795702,,,2.156341090751215,0.7951922192112507
4.950476795928125,1.806970806877196,5.336234337314489,2.736217558450581,7.78631601909275,0.2963207983490779,,,2.166766970248144,0.8580355320773816
4.960902675425054,1.878302546763892,5.346660216811419,2.644575030718153,7.796741898589679,0.3109809024068391,,,2.177192849745073,0.9246257425049065
4.971328554921983,1.948401508625093,5.357086096308347,2.550204909153484,7.807167778086607,0.3266698402145666,,,2.187618729242002,0.9952308309787296
4.981754434418912,2.016943138797867,5.367511975805276,2.453650002025154,7.817593657583537,0.3434373559788014,,,2.198044608738931,1.06988960871908
4.99218031391584,2.083606833613736,5.377937855302204,2.355300551161971,7.828019537080465,0.3615464356584179,,,2.208470488235859,1.148409239094182
5.002606193412769,2.14805798988607,5.388363734799134,2.255685885138853,7.838445416577394,0.3810507810291826,,,2.218896367732788,1.230777310677021
5.013032072909698,2.209979013110502,5.398789614296062,2.155283822427372,7.848871296074322,0.4017941170956205,,,2.229322247229717,1.316953150449278
5.023457952406627,2.269053696925527,5.409215493792991,2.054561011113385,7.859297175571252,0.4238313400589163,,,2.239748126726646,1.406865676623144
5.033883831903555,2.325745159798983,5.41964137328992,1.953969243285589,7.869723055068181,0.4472175757722415,,,2.250174006223574,1.500411441146622
5.044309711400484,2.3806213311878,5.430067252786849,1.85399540944993,7.880148934565109,0.4720072656546587,,,2.260599885720503,1.597452906183796
5.054735590897413,2.432606748763571,5.440493132283778,1.754963321113547,7.890574814062038,0.4982836184999203,,,2.271025765217432,1.697816998170218
5.065161470394342,2.480533887888083,5.450919011780706,1.657296515876558,7.901000693558967,0.5260439540423071,,,2.281451644714361,1.801293981476009
5.07558734989127,2.524125234013711,5.461344891277635,1.561360858647117,7.911426573055896,0.5553977373511325,,,2.291877524211289,1.907636691246626
5.086013229388199,2.563124001063342,5.471770770774564,1.46749071349334,7.921852452552824,0.5863198627660379,,,2.302303403708218,2.016560161633381
5.096439108885128,2.597296504363309,5.482196650271493,1.375990774666479,7.932278332049753,0.6188776604300373,,,2.312729283205147,2.127741681392745
5.106864988382057,2.626434369826248,5.492622529768421,1.287136490311884,7.942704211546681,0.653101295762342,,,2.323155162702076,2.240821303765324
5.117290867878985,2.650356553383135,5.50304840926535,1.201167908787585,7.953130091043611,0.6890133505910596,,,2.333581042199004,2.355402831702394
5.127716747375914,2.66891114602823,5.513474288762279,1.118297280561431,7.963555970540539,0.7266279561895288,,,2.344006921695933,2.471055292969413
5.138142626872843,2.681976941523351,5.523900168259208,1.038704352968716,7.973981850037468,0.7659500205238478,,,2.354432801192862,2.587314912519653
5.148568506369772,2.689464745814165,5.534326047756136,0.9625381419537451,7.984407729534396,0.8069745705012193,,,2.364858680689791,2.703687581911199
5.1589943858667,2.691318409543311,5.544751927253065,0.8899179050628618,7.994833609031326,0.8496862291597957,,,2.375284560186719,2.819651817565489
5.169420265363629,2.687515567699909,5.555177806749994,0.8209999990467183,8.005259488528255,0.8940588464261099,,,2.385710439683648,2.934662191476187
5.179846144860558,2.678068073413129,5.565603686246923,0.7557346848653012,8.015685368025183,0.9400553002712618,,,2.396136319180577,3.048153209723233
5.190272024357487,2.663022116162002,5.576029565743851,0.6942135006741568,8.026111247522111,0.9876274828161429,,,2.406562198677506,3.159543605984882
5.200697903854416,2.642458018209253,5.58645544524078,0.6364536663996213,8.03653712701904,1.036716483174173,,,2.416988078174435,3.268241009329775
5.211123783351344,2.617777342066771,5.596881324737708,0.582452103678694,8.04696300651597,1.087252975593636,,,2.427413957671364,3.373646938070884
5.221549662848274,2.589116288901096,5.607307204234638,0.5321879377141027,8.057388886012898,1.13915781779988,,,2.437839837168292,3.475162064529475
5.231975542345202,2.55534467316732,5.617733083731566,0.4856387628995148,8.067814765509826,1.192342860382722,,,2.448265716665221,3.572191689338914
5.242401421842131,2.516650480606764,5.628158963228495,0.4427323642346502,8.078240645006757,1.246711963682658,,,2.45869159616215,3.664151358554257
5.252827301339059,2.47325073866278,5.638584842725424,0.4034213850765359,8.088666524503685,1.302162213970822,,,2.469117475659079,3.750472552449887
5.263253180835989,2.425389733956978,5.649010722222353,0.3676407302703077,8.099092404000613,1.358585325876087,,,2.479543355156007,3.832540602260654
5.273679060332917,2.374505796568446,5.659436601719282,0.3353210332967307,8.109518283497541,1.4159343404346,,,2.489969234652936,3.909820108256091
5.284104939829846,2.320881808075245,5.66986248121621,0.3063912987378249,8.119944162994472,1.474096657377447,,,2.500395114149865,3.979860603097508
5.294530819326774,2.263642803646291,5.680288360713139,0.280781449105064,8.1303700424914,1.533009081754577,,,2.510820993646794,4.042182379488948
5.304956698823704,2.203100694769055,5.690714240210068,0.2584247481965155,8.140795921988328,1.592443429541414,,,2.521246873143722,4.096349577614246
5.315382578320632,2.139582795148829,5.701140119706997,0.2392600756356307,8.151221801485256,1.652728542822272,,,2.531672752640651,4.141975102644397
5.325808457817561,2.073429044607736,5.711565999203925,0.2232340296856375,8.161647680982187,1.713747018094724,,,2.54209863213758,4.178725066692609
5.336234337314489,2.004989126088921,5.721991878700854,0.210302837779358,8.172073560479115,1.774979516491005,,,2.552524511634509,4.206322686515132
5.346660216811419,1.934619510471605,5.732417758197783,0.2004340564189995,8.182499439976043,1.836320491518572,,,2.562950391131437,4.224551575818204
5.357086096308347,1.86268046523043,5.742843637694712,0.193608044163247,8.192925319472971,1.897689034105988,,,2.573376270628366,4.234722532023069
5.367511975805276,1.789533335043579,5.75326951719164,0.1898191933241881,8.203351198969902,1.959017905098017,,,2.583802150125295,4.236735248376652
5.377937855302204,1.715536574716198,5.763695396688569,0.1890769077530636,8.21377707846683,2.020255069229025,,,2.594228029622224,4.229079677142653
5.388363734799134,1.641044299545424,5.774121276185498,0.1914063157238216,8.224202957963758,2.081364968535108,,,2.604653909119152,4.211777020068086
5.398789614296062,1.566402611988162,5.784547155682427,0.196848708460978,8.234628837460686,2.142329494050776,,,2.615079788616081,4.184915573293114
5.409215493792991,1.491947184767583,5.794973035179355,0.2054616963470655,8.245054716957616,2.20314861910522,,,2.62550566811301,4.148649950243462
5.41964137328992,1.418000801174021,5.805398914676284,0.2173190763359165,8.255480596454545,2.263840663122992,,,2.635931547609939,4.103199539576958
5.430067252786849,1.34487129782295,5.815824794173213,0.2325104056466218,8.265906475951473,2.324442161464416,,,2.646357427106868,4.048846219651997
5.440493132283778,1.272888846811561,5.826250673670142,0.2511402784762211,8.276332355448401,2.385025185640074,,,2.656783306603796,3.985931362773418
5.450919011780706,1.202255516454311,5.83667655316707,0.2733273043025394,8.286758234945331,2.445660515038516,,,2.667209186100725,3.917604208413545
5.461344891277635,1.133254334245946,5.847102432663999,0.2992027884031028,8.29718411444226,2.506416259495921,,,2.677635065597654,3.844291121003384
5.471770770774564,1.066115027801837,5.857528312160929,0.3289091175353312,8.307609993939188,2.567391942489396,,,2.688060945094583,3.763691074268068
5.482196650271493,1.001044646245187,5.867954191657857,0.3625978563406577,8.318035873436118,2.628698465387911,,,2.698486824591511,3.67629742865718
5.492622529768421,0.9382500393230105,5.878380071154786,0.4004275629717113,8.328461752933046,2.692449564786289,,,2.70891270408844,3.58264079176954
5.50304840926535,0.8778508515047343,5.888805950651714,0.4425613357034873,8.338887632429975,2.758754738430227,,,2.719338583585369,3.483283574394484
5.513474288762279,0.8200015517964385,5.899231830148643,0.4891641058665617,8.349313511926903,2.825716330969374,,,2.729764463082298,3.378814285181937
5.523900168259208,0.7648145423468794,5.909657709645572,0.5403996963059654,8.359739391423833,2.893477318332577,,,2.740190342579226,3.269841644667736
5.534326047756136,0.7123787988237407,5.920083589142501,0.5964276686769768,8.370165270920761,2.962050589896378,,,2.750616222076155,3.156988600895071
5.544751927253065,0.6627604683654331,5.930509468639429,0.6573999871808651,8.38059115041769,3.031560780031141,,,2.761042101573084,3.040886328921432
5.555177806749994,0.6160039528679269,5.940935348136358,0.7234575307344798,8.391017029914618,3.102086602215978,,,2.771467981070013,2.922168295099015
5.565603686246923,0.5721319027635177,5.951361227633287,0.7947113089947848,8.401442909411548,3.17369429166259,,,2.781893860566941,2.801464464212374
5.576029565743851,0.5311478236281399,5.961787107130216,0.8712800971474702,8.411868788908476,3.246434490980151,,,2.79231974006387,2.679395723427692
5.58645544524078,0.4930365030769072,5.972212986627144,0.9532807094271457,8.422294668405405,3.320339299210788,,,2.802745619560799,2.556568591659079
5.596881324737708,0.4577656776385118,5.982638866124073,1.040744771034981,8.432720547902333,3.39541955292105,,,2.813171499057728,2.433570276520022
5.607307204234638,0.4252875886991161,5.993064745621002,1.133703197275319,8.443146427399263,3.471662404847583,,,2.823597378554656,2.310964133655378
5.617733083731566,0.3955406957362091,6.003490625117931,1.232153974498801,8.453572306896191,3.549029260739939,,,2.834023258051585,2.189285575112252
5.628158963228495,0.3684510817200716,6.013916504614859,1.336058859061677,8.46399818639312,3.627454128606327,,,2.844449137548514,2.069038464691002
5.638584842725424,0.3439345917297618,6.024342384111788,1.445340313649259,8.474424065890048,3.706842426682303,,,2.854875017045443,1.950692029113413
5.649010722222353,0.3218983252912938,6.034768263608717,1.559878738916492,8.484849945386978,3.787070287284598,,,2.865300896542372,1.834678304550376
5.659436601719282,0.302242446072346,6.045194143105646,1.679510057522034,8.495275824883906,3.867984383497735,,,2.875726776039301,1.721390128761197
5.66986248121621,0.2848619138943048,6.055620022602574,1.804023705671771,8.505701704380835,3.949402294618735,,,2.886152655536229,1.611179680000018
5.680288360713139,0.2696481851055931,6.066045902099503,1.933161084203222,8.516127583877763,4.031113414729484,,,2.896578535033158,1.504357555119537
5.690714240210068,0.256490867985884,6.076471781596433,2.066614517020408,8.526553463374693,4.112880396970263,,,2.907004414530087,1.401192371111544
5.701140119706997,0.2452793213111067,6.086897661093361,2.204026759344063,8.536979342871621,4.194441114353747,,,2.917430294027016,1.301910866811927
5.711565999203925,0.2359041855357618,6.09732354059029,2.344991091818785,8.54740522236855,4.275511106589533,,,2.927856173523944,1.206698474787751
5.721991878700854,0.2282588372082984,6.107749420087218,2.489052029090398,8.55783110186548,4.355786471679196,,,2.938282053020873,1.115700327614594
5.732417758197783,0.2222407582043669,6.118175299584148,2.635706663135838,8.568256981362408,4.4353509263747,,,2.948707932517802,1.029022657917153
5.742843637694712,0.2177528121301868,6.128601179081076,2.784372625193249,8.578682860859336,4.513868588941879,,,2.959133812014731,0.9467345477326742
5.75326951719164,0.2147044208139878,6.139027058578005,2.934534105502249,8.589108740356265,4.590587910593046,,,2.969559691511659,0.8688699799863226
5.763695396688569,0.2130126341783943,6.149452938074933,3.085517645558927,8.599534619853195,4.665156682371248,,,2.979985571008588,0.7954301431363199
5.774121276185498,0.2126030869920153,6.159878817571863,3.236657254574409,8.609960499350123,4.737222546427135,,,2.990411450505517,0.7263859393266648
5.784547155682427,0.2134108360648762,6.170304697068791,3.387255744670824,8.620386378847051,4.806437318723,,,3.000837330002446,0.6616806466269726
5.794973035179355,0.2153810714182526,6.18073057656572,3.536589775560951,8.63081225834398,4.872461268004193,,,3.011263209499374,0.6012326870735187
5.805398914676284,0.2184696948698842,6.191156456062648,3.683880669250168,8.64123813784091,4.936819818657245,,,3.021689088996303,0.5449384541678547
5.815824794173213,0.222643759380161,6.201582335559578,3.828446731713477,8.651664017337838,4.999187340067904,,,3.032114968493232,0.4926751561411957
5.826250673670142,0.2278817624562275,6.212008215056506,3.969477436687852,8.662089896834766,5.057391044598916,,,3.042540847990161,0.4443036345463673
5.83667655316707,0.2341737869624691,6.222434094553435,4.106204623386781,8.672515776331695,5.111134927412753,,,3.052966727487089,0.3996711214804965
5.847102432663999,0.2415214828899183,6.232859974050363,4.237865326636519,8.682941655828625,5.160150593872344,,,3.063392606984018,0.3586139028541062
5.857528312160929,0.2499378840430437,6.243285853547293,4.363708785580241,8.693367535325553,5.205701030415129,,,3.073818486480947,0.3209598594895751
5.867954191657857,0.2594470542545603,6.253711733044221,4.483003490184467,8.703793414822481,5.247569128054766,,,3.084244365977876,0.2865308623412541
5.878380071154786,0.2700835586749618,6.26413761254115,4.595044173442424,8.71421929431941,5.284059757074327,,,3.094670245474805,0.2551450026741635
5.888805950651714,0.2818917569326998,6.274563492038078,4.699158656523359,8.72464517381634,5.315015369501949,,,3.105096124971733,0.2266145481752364
5.899231830148643,0.294924916542783,6.284989371535008,4.796945513976744,8.735071053313268,5.34031628416569,,,3.115522004468662,0.200765055930988
5.909657709645572,0.3094599596684495,6.295415251031937,4.887800074269991,8.745496932810196,5.359877085289995,,,3.125947883965591,0.177409664546626
5.920083589142501,0.3255628379695275,6.305841130528865,4.968920530602879,8.755922812307126,5.373664194120171,,,3.13637376346252,0.1563699584608859
5.930509468639429,0.3430871417311924,6.316267010025794,5.039794077557016,8.766348691804055,5.38166747649168,,,3.146799642959448,0.1374720435275594
5.940935348136358,0.3621059508379142,6.326692889522723,5.100017286088939,8.776774571300983,5.383918950949037,,,3.157225522456377,0.1205476221474863
5.951361227633287,0.3826790376143386,6.337118769019652,5.149128339660546,8.787200450797911,5.380494876098322,,,3.167651401953306,0.1054348813970633
5.961787107130216,0.4048982142320683,6.34754464851658,5.18897485340435,8.797626330294841,5.371480628299439,,,3.178077281450235,0.09197920324269532
5.972212986627144,0.4288559778273731,6.357970528013509,5.219472473120455,8.80805220979177,5.358224360407797,,,3.188503160947163,0.08003370776892152
5.982638866124073,0.4546003299319034,6.368396407510438,5.238307884489547,8.818478089288698,5.34087672007749,,,3.198929040444092,0.06945964177407743
5.993064745621002,0.4821951859103004,6.378822287007367,5.245199330598287,8.828903968785626,5.319933646680719,,,3.209354919941021,0.06012662611834836
6.003490625117931,0.5116962684459354,6.389248166504295,5.240113076745896,8.839329848282556,5.295572036285178,,,3.21978079943795,0.05191277586926133
6.013916504614859,0.5431489159597134,6.399674046001224,5.223096369970588,8.849755727779485,5.266437783185831,,,3.230206678934878,0.04470470760928003
6.024342384111788,0.5765859035352008,6.410099925498153,5.19433564288937,8.860181607276413,5.232732674265861,,,3.240632558431807,0.03839744828380213
6.034768263608717,0.6120253127748088,6.420525804995082,5.154036892251662,8.870607486773341,5.194685261590238,,,3.251058437928736,0.03289425971309037
6.045194143105646,0.6494684889114859,6.43095168449201,5.102423355808541,8.881033366270271,5.152502428522254,,,3.261484317425665,0.02810639240770188
6.055620022602574,0.6888981247717754,6.441377563988939,5.039850526470675,8.8914592457672,5.106431029214462,,,3.271910196922593,0.02395278165343883
6.066045902099503,0.730276511741631,6.451803443485868,4.966743457303147,8.901885125264128,5.056714609217924,,,3.282336076419522,0.02035969800768272
6.076471781596433,0.7735439976509034,6.462229322982797,4.883592203212157,8.912311004761056,5.003600452084942,,,3.292761955916451,0.01726036341156695
6.086897661093361,0.8186176904065632,6.472655202479725,4.793551533691749,8.922736884257986,4.947337123146076,,,3.30318783541338,0.01459454310680439
6.09732354059029,0.8653904442274969,6.483081081976654,4.697204229654376,8.933162763754915,4.888172166400882,,,3.313613714910309,0.0123081224842077
6.107749420087218,0.9137301624451946,6.493506961473583,4.592555194996017,8.943588643251843,4.826349973202529,,,3.324039594407238,0.01035267691173101
6.118175299584148,0.9634794470378512,6.503932840970512,4.480256467308378,8.954014522748771,4.762109837257499,,,3.334465473904166,0.008685041518299574
6.128601179081076,1.014430076911399,6.51435872046744,4.36099606443822,8.964440402245701,4.695684206623546,,,3.344891353401095,0.007266886867076656
6.139027058578005,1.066431056010203,6.524784599964369,4.235491516825436,8.97486628174263,4.627297139939613,,,3.355317232898024,0.006064305455663153
6.149452938074933,1.119218667300415,6.535210479461298,4.105025654262792,8.985292161239558,4.557162971101988,,,3.365743112394953,0.00504741304487232
6.159878817571863,1.172538730498078,6.545636358958227,3.970350822017002,8.995718040736488,4.48548518402672,,,3.376168991891881,0.00418996795251666
6.170304697068791,1.226115855538237,6.556062238455156,3.831682367573245,9.006143920233416,4.412455496999299,,,3.38659487138881,0.003469010661204369
6.18073057656572,1.279655498521011,6.566488117952084,3.689781476639115,9.016569799730345,4.338253154376591,,,3.397020750885739,0.002826194738812492
6.191156456062648,1.332823217029338,6.576913997449013,3.54540667324213,9.026995679227273,4.265632695447043,,,3.407446630382668,0.002328987619518417
6.201582335559578,1.385345178019685,6.587339876945942,3.39930796156806,9.037421558724203,4.194723762002673,,,3.417872509879596,0.001914126575356459
6.212008215056506,1.436856280718639,6.597765756442871,3.252221297025286,9.047847438221131,4.123040848510941,,,3.428298389376525,0.001568960905743416
6.222434094553435,1.487013439925794,6.608191635939799,3.104863440664432,9.05827331771806,4.050666362855035,,,3.438724268873454,0.001282599935416062
6.232859974050363,1.535469850598139,6.618617515436728,2.957927243230259,9.068699197214988,3.97766522530138,,,3.449150148370383,0.001045701086790612
6.243285853547293,1.581878852580331,6.629043394933657,2.812077396749342,9.079125076711918,3.904119597265552,,,3.459576027867311,0.000850277716681403
6.253711733044221,1.625897926569486,6.639469274430586,2.667946682819118,9.089550956208846,3.830071795685815,,,3.47000190736424,0.000689525882814193
6.26413761254115,1.667192758956521,6.649895153927514,2.526132737822459,9.099976835705775,3.755566701604019,,,3.480427786861169,0.0005576690420530257
6.274563492038078,1.705446495684082,6.660321033424443,2.38719534631017,9.110402715202703,3.680642004567486,,,3.490853666358098,0.0004207744330100509
6.284989371535008,1.740355163717529,6.670746912921372,2.251654264933848,9.120828594699633,3.60532955369312,,,3.501279545855026,0.0003390195285262897
6.295415251031937,1.771637218807658,6.681172792418301,2.119987570732075,9.131254474196561,3.529656760939084,,,3.511705425351955,0.0002724080288653029
6.305841130528865,1.799019997562525,6.691598671915229,1.992630519425773,9.14168035369349,3.453648037480623,,,3.522131304848884,0.0002182905362746925
6.316267010025794,1.822268882160826,6.702024551412158,1.869974891806721,9.152106233190418,3.377326243746483,,,3.532557184345813,0.0001744494995531246
6.326692889522723,1.841198943016881,6.712450430909087,1.752368799437369,9.162532112687348,3.300714133277917,,,3.542983063842742,0.0001390350713338352
6.337118769019652,1.855605456889073,6.722876310406016,1.640116914836641,9.172957992184276,3.223835770193992,,,3.553408943339671,0.0001105092969951032
6.34754464851658,1.865376211747937,6.733302189902944,1.533481086204894,9.183383871681205,3.146717899689988,,,3.563834822836599,8.759777684162272e-05
6.357970528013509,1.872005864907895,6.743728069399873,1.432681292622531,9.193809751178135,3.069390896422001,,,4.126832315670753,0.0001000817158381467
6.368396407510438,1.875413481805204,6.754153948896803,1.337896892600951,9.204235630675063,2.99189147157236,,,4.137258195167681,0.000126432417959418
6.378822287007367,1.873959835183704,6.764579828393731,1.249268116910298,9.214661510171991,2.914261408742319,,,4.14768407466461,0.0001592878911404384
6.389248166504295,1.867638971091683,6.77500570789066,1.166897755771081,9.22508738966892,2.836550217754254,,,4.158109954161539,0.0002001371444534292
6.399674046001224,1.856485263702644,6.785431587387588,1.090852990768757,9.23551326916585,2.758853180333142,,,4.168535833658468,0.0002507802049715368
6.410099925498153,1.841494211215972,6.795857466884518,1.021167323200621,9.245939148662778,2.681131759102394,,,4.178961713155396,0.0003133858797482134
6.420525804995082,1.822771456277342,6.806283346381446,0.9578425529390131,9.256365028159706,2.60357930203586,,,4.189387592652325,0.0003905586074065478
6.43095168449201,1.799531388441135,6.816709225878375,0.9008507652181582,9.266790907656635,2.526231756336861,,,4.199813472149254,0.0004854154777803913
6.441377563988939,1.77194535712399,6.827135105375303,0.8501362869276876,9.277216787153565,2.451032387918305,,,4.210239351646183,0.0006016745527279801
6.451803443485868,1.740218193724992,6.837560984872233,0.805617578909324,9.287642666650493,2.378071420116109,,,4.220665231143111,0.0007437556620758972
6.462229322982797,1.704585575005096,6.847986864369161,0.767189036273234,9.298068546147421,2.305585903742214,,,4.23109111064004,0.0009168948711101404
6.472655202479725,1.66532180149267,6.85841274386609,0.734722674733158,9.30849442564435,2.233669640672141,,,4.241516990136969,0.001127273815016522
6.483081081976654,1.622714873951759,6.868838623363018,0.7080696872493314,9.31892030514128,2.16242528585973,,,4.251942869633898,0.001382165065563358
6.493506961473583,1.577062960992261,6.879264502859948,0.6870618617043794,9.329346184638208,2.091963740199326,,,4.262368749130826,0.001690094630028275
6.503932840970512,1.528692321017494,6.889690382356876,0.6715128567544865,9.339772064135136,2.022403321771832,,,4.272794628627755,0.002061022575435895
6.51435872046744,1.477942710400628,6.900116261853805,0.6612193392319752,9.350197943632065,1.953868726392909,,,4.283220508124684,0.002506542615883174
6.524784599964369,1.425163515600938,6.910542141350733,0.6559798536157733,9.360623823128995,1.88653165435653,,,4.293646387621613,0.00311586871870428
6.535210479461298,1.370712972874,6.920968020847662,0.6555290037244359,9.371049702625923,1.82045305076244,,,4.304072267118542,0.003773081865272748
6.545636358958227,1.314948227054043,6.931393900344591,0.6596323964598734,9.381475582122851,1.755802194094291,,,4.31449814661547,0.00455675285403272
6.556062238455156,1.258221693086475,6.94181977984152,0.6680280409609652,9.39190146161978,1.692715974382168,,,4.3249240261124,0.00548855249137705
6.566488117952084,1.200883772872322,6.952245659338448,0.6804411210473388,9.40232734111671,1.631330153514379,,,4.335349905609328,0.006593321339015719
6.576913997449013,1.143276567922296,6.962671538835377,0.696584671427234,9.412753220613638,1.571777575567323,,,4.345775785106257,0.007899429828810875
6.587339876945942,1.085730937693651,6.973097418332307,0.7161602691947766,9.423179100110566,1.514186367334268,,,4.356201664603185,0.009512622454609196
6.597765756442871,1.028563865392432,6.983523297829235,0.7388587708997015,9.433604979607496,1.458678168132083,,,4.366627544100115,0.01134204016461854
6.608191635939799,0.972076156620197,6.993949177326164,0.7643611245792591,9.444030859104425,1.405366428178595,,,4.377053423597043,0.01348785135375331
6.618617515436728,0.9165504884532096,7.004375056823092,0.7923392842220131,9.454456738601353,1.35442227142477,,,4.387479303093972,0.01599767661902259
6.629043394933657,0.8622498187363118,7.014800936320022,0.8224572512357422,9.464882618098281,1.305821091057595,,,4.3979051825909,0.01892498630040885
6.639469274430586,0.8094161577368996,7.02522681581695,0.8543722636928506,9.475308497595211,1.259696839176878,,,4.40833106208783,0.02232959274883154
6.649895153927514,0.7582696970072171,7.035652695313879,0.8877361495281256,9.48573437709214,1.216108888146117,,,4.418756941584758,0.0262781470587526
6.660321033424443,0.7090082834999669,7.046078574810807,0.9221968545899238,9.496160256589068,1.175128171641437,,,4.429182821081687,0.03084463344625535
6.670746912921372,0.6618072208074898,7.056504454307737,0.9574001506415445,9.506586136085996,1.136783106613924,,,4.439608700578615,0.03611085338823917
6.681172792418301,0.6168193739608114,7.066930333804665,0.9929915222355894,9.517012015582926,1.101097294639901,,,4.450034580075545,0.04216689056860991
6.691598671915229,0.5741755496201625,7.077356213301594,1.028618225013669,9.527437895079855,1.0681344781277,,,4.460460459572473,0.04911154662771489
6.702024551412158,0.5339851197767956,7.087782092798522,1.063931501597474,9.537863774576783,1.037793184375633,,,4.470886339069402,0.05705273670965287
6.712450430909087,0.4963368543059006,7.098207972295452,1.098588935018125,9.548289654073711,1.010097638860912,,,4.48131221856633,0.06610783287916325
6.722876310406016,0.4612999258765111,7.10863385179238,1.132256913759315,9.558715533570641,0.9850639429375163,,,4.49173809806326,0.07640394266851294
6.733302189902944,0.4289250498278625,7.119059731289309,1.164613177138702,9.56914141306757,0.962582325727225,,,4.502163977560188,0.08807810934969468
6.743728069399873,0.3992457216324005,7.129485610786237,1.195349405081044,9.579567292564498,0.9426206262314183,,,4.512589857057117,0.101277420043629
6.754153948896803,0.3722795154341064,7.139911490283167,1.224173812487717,9.589993172061426,0.9251179935643407,,,4.523015736554046,0.1161590075110225
6.764579828393731,0.3480294088104658,7.150337369780095,1.250813705500741,9.600419051558356,0.9100163777751575,,,4.533441616050975,0.132889931452881
6.77500570789066,0.3264851012767001,7.160763249277024,1.275017955089547,9.610844931055285,0.8971985835687462,,,4.543867495547904,0.1516469254137419
6.785431587387588,0.3076242970396713,7.171189128773952,1.29655934262144,9.621270810552213,0.8866643970095636,,,4.554293375044832,0.1726159959550872
6.795857466884518,0.2914139260155335,7.181615008270882,1.315236732446947,9.631696690049143,0.8783033916384212,,,4.564719254541761,0.195991861672749
6.806283346381446,0.2778112810432149,7.192040887767811,1.330877028042303,9.642122569546071,0.8720456417251559,,,4.575145134038689,0.2219772208868149
6.816709225878375,0.2667650534455055,7.202466767264739,1.343307902604026,9.652548449043,0.867866430104224,,,4.585571013535619,0.2507818384445648
6.827135105375303,0.2582119723118904,7.212892646761668,1.352488589145199,9.662974328539928,0.865639052481524,,,4.595996893032547,0.2826214440468375
6.837560984872233,0.2520956408489651,7.223318526258597,1.358295669701535,9.673400208036858,0.865348211344386,,,4.606422772529476,0.3177164368271473
6.847986864369161,0.2483385832622071,7.233744405755526,1.360704153645454,9.683826087533786,0.866959169791912,,,4.616848652026404,0.356290393562058
6.85841274386609,0.2468630683392128,7.244170285252454,1.361497939717605,9.694251967030715,0.8704513586356465,,,4.627274531523334,0.3985683808417032
6.868838623363018,0.2475860952031226,7.254596164749383,1.36069935644274,9.704677846527643,0.8761732952703029,,,4.637700411020262,0.4447750747414463
6.879264502859948,0.2504196924331173,7.265022044246312,1.356455647635658,9.715103726024573,0.8841351465221112,,,4.648126290517191,0.4951326949600123
6.889690382356876,0.2552711114992025,7.275447923743241,1.348912906153456,9.725529605521501,0.8939861237201099,,,4.658552170014119,0.5498587639671519
6.900116261853805,0.262042928853967,7.285873803240169,1.338113749638537,9.73595548501843,0.9058257305307549,,,4.668978049511049,0.609163705367872
6.910542141350733,0.2706433064119094,7.296299682737098,1.324173266636675,9.746381364515358,0.9196606277131754,,,4.679403929007977,0.673248299366529
6.920968020847662,0.2809477436095978,7.306725562234027,1.307239835631661,9.756807244012288,0.9356473914495266,,,4.689829808504906,0.7423010168235809
6.931393900344591,0.2928529505784515,7.317151441730956,1.28748901763256,9.767233123509216,0.9538582202371898,,,4.700255688001834,0.8164952568585444
6.94181977984152,0.3062427809950165,7.327577321227884,1.265120166335366,9.777659003006145,0.9744253769792145,,,4.710681567498764,0.8959865161820048
6.952245659338448,0.3209962339856367,7.338003200724813,1.240358832201629,9.788084882503073,0.9979875652718994,,,4.721107446995692,0.9809095212565658
6.962671538835377,0.3369874174856577,7.348429080221742,1.213446196853771,9.798510762000003,1.024807108065362,,,4.731533326492621,1.071375356914887
6.973097418332307,0.3540855605397909,7.358854959718671,1.184656695332283,9.808936641496931,1.054420932824142,,,4.74195920598955,1.167468627132883
6.983523297829235,0.3721550932050616,7.369280839215599,1.154237139432245,9.81936252099386,1.08710529244429,,,4.752385085486479,1.269244685207426
6.993949177326164,0.3910558107471722,7.379706718712528,1.122482877650981,9.829788400490788,1.12307910887099,,,4.762810964983408,1.376726971571622
7.004375056823092,0.4106431363967009,7.390132598209457,1.089632778917605,9.840214279987718,1.162575501609566,,,4.773236844480336,1.489904497861295
7.014800936320022,0.4307684941130697,7.400558477706386,1.056095545043618,9.850640159484646,1.205839632574264,,,4.783662723977265,1.60872951560268
7.02522681581695,0.4512797996600399,7.410984357203315,1.022145129884987,9.861066038981575,1.253128027256607,,,4.794088603474194,1.733115407017873
7.035652695313879,0.4720220749023165,7.421410236700243,0.9879974942817807,9.871491918478505,1.304699651107071,,,4.804514482971123,1.862934833951603
7.046078574810807,0.4928381866703136,7.431836116197172,0.953974729532475,9.881917797975433,1.360822127756111,,,4.814940362468051,1.998018178835907
7.056504454307737,0.5135697078951679,7.442261995694101,0.9203555478639982,9.892343677472361,1.421763213601474,,,4.82536624196498,2.138152308968524
7.066930333804665,0.5340578950770943,7.45268787519103,0.8873966927415583,9.90276955696929,1.487789151751784,,,4.835792121461909,2.283079692239332
7.077356213301594,0.5541447726061263,7.463113754687958,0.8553758834325401,9.91319543646622,1.559161607273205,,,4.846218000958838,2.432497888861153
7.087782092798522,0.5736743110926472,7.473539634184887,0.824517764320051,9.923621315963148,1.636134552277327,,,4.856643880455766,2.586059439719101
7.098207972295452,0.592493683769748,7.483965513681816,0.7950430559688618,9.934047195460076,1.718951128075922,,,4.867069759952695,2.743372167724648
7.10863385179238,0.6104545822785409,7.494391393178745,0.7671533963263624,9.944473074957004,1.807789165285053,,,4.877495639449624,2.903999904127192
7.119059731289309,0.6274145708115187,7.504817272675673,0.7410301522379366,9.954898954453935,1.902974431058928,,,4.887921518946553,3.067463647177352
7.129485610786237,0.6432384557286781,7.515243152172602,0.7168335600166682,9.965324833950863,2.004634314304733,,,4.898347398443481,3.233243155928708
7.139911490283167,0.6577996464257945,7.525669031669531,0.6947021958261399,9.975750713447791,2.112938109746457,,,4.90877327794041,3.400778977378235
7.150337369780095,0.6709814824605178,7.53609491116646,0.6747527714090972,9.986176592944719,2.228029009404429,,,4.919199157437339,3.569474900641395
7.160763249277024,0.6826785017524177,7.546520790663388,0.6570802457600142,9.99660247244165,2.350021326035356,,,4.929625036934268,3.73870082748598
7.171189128773952,0.6927976250755259,7.556946670160317,0.6417582387549843,10.00702835193858,2.478997838348284,,,4.940050916431196,3.907796044347856
7.181615008270882,0.7012592330489937,7.567372549657246,0.6288397285644099,10.01745423143551,2.615064050150605,,,4.950476795928125,4.076072876947751
7.192040887767811,0.7082041973048127,7.577798429154175,0.6183580109176279,10.02788011093243,2.758133769215101,,,4.960902675425054,4.242820704834847
7.202466767264739,0.713603607130836,7.588224308651103,0.610327894988399,10.03830599042936,2.908226174879315,,,4.971328554921983,4.407310309603203
7.212892646761668,0.7171744610292767,7.598650188148032,0.6047471078415573,10.04873186992629,3.065275224816213,,,4.981754434418912,4.568798527153941
7.223318526258597,0.7189137449362379,7.609076067644961,0.6015978770319587,10.05915774942322,3.229172640394652,,,4.99218031391584,4.726538601579546
7.233744405755526,0.7188466578994546,7.61950194714189,0.6008486590792232,10.06958362892015,3.399766356098737,,,5.002606193412769,4.87976506154012
7.244170285252454,0.7177031758392756,7.629927826638818,0.6024559801532363,10.08000950841708,3.576859212984983,,,5.013032072909698,5.027727699055375
7.254596164749383,0.7155299292060795,7.640353706135747,0.6063663543906286,10.09043538791401,3.760207916641242,,,5.023457952406627,5.169679043101905
7.265022044246312,0.71159230870688,7.650779585632677,0.6125183065263881,10.10086126741094,3.949522281324617,,,5.033883831903555,5.306436466827582
7.275447923743241,0.7059091166491007,7.661205465129605,0.6208441099031791,10.11128714690787,4.144464783017927,,,5.044309711400484,5.439284750452891
7.285873803240169,0.6986158734676217,7.671631344626534,0.6312720532832996,10.12171302640479,4.344650444921598,,,5.054735590897413,5.565937753493301
7.296299682737098,0.6897535935691488,7.682057224123462,0.6437281167702863,10.13213890590172,4.549647079244714,,,5.065161470394342,5.683661685745306
7.306725562234027,0.67941741258226,7.692483103620392,0.6581378084449936,10.14256478539865,4.758975908938432,,,5.07558734989127,5.791773471065497
7.317151441730956,0.6677154496537772,7.70290898311732,0.6744278288331832,10.15299066489558,4.973609622443756,,,5.086013229388199,5.889633028429895
7.327577321227884,0.6547493300201863,7.713334862614249,0.6925275834528423,10.16341654439251,5.192967575967391,,,5.096439108885128,5.976649221904053
7.338003200724813,0.6406898616503762,7.723760742111177,0.7123857757848302,10.17384242388944,5.414917848738018,,,5.106864988382057,6.052285502903494
7.348429080221742,0.6256534223595223,7.734186621608107,0.7339145518470885,10.18426830338637,5.638786162889761,,,5.117290867878985,6.116065176427399
7.358854959718671,0.6097870286369177,7.744612501105035,0.7570708386405076,10.1946941828833,5.863825334731787,,,5.127716747375914,6.167576224766598
7.369280839215599,0.593243584580581,7.755038380601964,0.7818063402238705,10.20512006238022,6.089373297961668,,,5.138142626872843,6.206475624930543
7.379706718712528,0.5761802793204021,7.765464260098892,0.8080800039783447,10.21554594187715,6.31461212313486,,,5.148568506369772,6.232493099750004
7.390132598209457,0.5587567641814044,7.775890139595822,0.8359125500691618,10.22597182137408,6.53874613770394,,,5.1589943858667,6.245434247322207
7.400558477706386,0.5411344625728348,7.78631601909275,0.8651834069158399,10.23639770087101,6.760960334495553,,,5.169420265363629,6.245182999184364
7.410984357203315,0.5234737326591652,7.796741898589679,0.8959168381223882,10.24682358036794,6.980425649156162,,,5.179846144860558,6.231703364320517
7.421410236700243,0.5059328797376259,7.807167778086607,0.9281008375504335,10.25724945986487,7.196314884115181,,,5.190272024357487,6.205040423791053
7.431836116197172,0.4886672212251892,7.817593657583537,0.9617291773059929,10.2676753393618,7.40777014263569,,,5.200697903854416,6.165320549363378
7.442261995694101,0.4718273359749466,7.828019537080465,0.9975102246988236,10.27810121885873,7.615638042915506,,,5.211123783351344,6.115761957447071
7.45268787519103,0.455557944383457,7.838445416577394,1.035440268790157,10.28852709835565,7.819059514237413,,,5.221549662848274,6.056626568013444
7.463113754687958,0.4399971317195495,7.848871296074322,1.074802198960078,10.29895297785258,8.01554315958197,,,5.231975542345202,5.985218165072185
7.473539634184887,0.4252750529021648,7.859297175571252,1.115589561903622,10.30937885734951,8.204275982888364,,,5.242401421842131,5.901926866977038
7.483965513681816,0.4115134862046949,7.869723055068181,1.157795207075267,10.31980473684644,8.384475334648672,,,5.252827301339059,5.807214926867987
7.494391393178745,0.3988251784176451,7.880148934565109,1.201409677544169,10.33023061634337,8.555395576572856,,,5.263253180835989,5.701612911436381
7.504817272675673,0.3873134259923205,7.890574814062038,1.246419934746392,10.3406564958403,8.716334509384856,,,5.273679060332917,5.588634661476742
7.515243152172602,0.3770718131903003,7.901000693558967,1.292806209251649,10.35108237533723,8.866639471216686,,,5.284104939829846,5.468909337703477
7.525669031669531,0.368184102620491,7.911426573055896,1.340564515248235,10.36150825483416,9.00574580487212,,,5.294530819326774,5.340175936165821
7.53609491116646,0.3607242707727329,7.921852452552824,1.389621102997087,10.37193413433108,9.135740433912266,,,5.304956698823704,5.203140336378474
7.546520790663388,0.3547566785721679,7.932278332049753,1.439947854640039,10.38236001382801,9.256186493689599,,,5.315382578320632,5.058549623202556
7.556946670160317,0.3503363646166309,7.942704211546681,1.491487406952146,10.39278589332494,9.363918227896461,,,5.325808457817561,4.90718550177861
7.567372549657246,0.3475094466506258,7.953130091043611,1.544169379257056,10.40321177282187,9.458562088171607,,,5.336234337314489,4.749857392037443
7.577798429154175,0.3463136150005072,7.963555970540539,1.597909363035632,10.4136376523188,9.539833356455087,,,5.346660216811419,4.58739529042971
7.588224308651103,0.3467787001693225,7.973981850037468,1.652608146306243,10.42406353181573,9.607514260477044,,,5.357086096308347,4.420642490737653
7.598650188148032,0.3489272955863476,7.984407729534396,1.708151200712333,10.43448941131266,9.661466779961815,,,5.367511975805276,4.250509790949701
7.609076067644961,0.3527754156429629,7.994833609031326,1.764408455047735,10.44491529080959,9.703850244063812,,,5.377937855302204,4.077738391166264
7.61950194714189,0.3583331686380434,8.005259488528255,1.821234374163184,10.45534117030651,9.734640155957019,,,5.388363734799134,3.903217092323077
7.629927826638818,0.3656054241150423,8.015685368025183,1.878468356901734,10.46576704980344,9.751699456533691,,,5.398789614296062,3.727771009745529
7.640353706135747,0.3745924543095795,8.026111247522111,1.93593546099064,10.47619292930037,9.758562675339034,,,5.409215493792991,3.552203536112725
7.650779585632677,0.3852905592879042,8.03653712701904,1.993447456766274,10.4866188087973,9.755419478612177,,,5.41964137328992,3.377290199853312
7.661205465129605,0.3976924894366341,8.04696300651597,2.050804205328407,10.49704468829423,9.739128196169437,,,5.430067252786849,3.203834729070555
7.671631344626534,0.4117880498390978,8.057388886012898,2.107795350318228,10.50747056779116,9.709991098137918,,,5.440493132283778,3.03247768116199
7.682057224123462,0.4275643564997476,8.067814765509826,2.164202306102932,10.51789644728809,9.668739966443741,,,5.450919011780706,2.863851834874605
7.692483103620392,0.4450061025481928,8.078240645006757,2.219800518843175,10.52832232678502,9.615798667302096,,,5.461344891277635,2.698606756769326
7.70290898311732,0.4640956803988302,8.088666524503685,2.274361970834004,10.53874820628194,9.551278215575163,,,5.471770770774564,2.537307164602697
7.713334862614249,0.4848131749846288,8.099092404000613,2.32765789275993,10.54917408577887,9.475704418516187,,,5.482196650271493,2.380465398430864
7.723760742111177,0.5071362232814021,8.109518283497541,2.379478653003917,10.5595999652758,9.389666250555599,,,5.492622529768421,2.228570680417735
7.734186621608107,0.5310397387448615,8.119944162994472,2.430180893419824,10.57002584477273,9.295330654452496,,,5.50304840926535,2.081972313450666
7.744612501105035,0.5564955028921064,8.1303700424914,2.479559981668898,10.58045172426966,9.193340533435633,,,5.513474288762279,1.941042735063092
7.755038380601964,0.5834716300089605,8.140795921988328,2.526796671912878,10.59087760376659,9.082745828066074,,,5.523900168259208,1.806074903182354
7.765464260098892,0.6119319147825452,8.151221801485256,2.572546279772187,10.60130348326352,8.96420902278591,,,5.534326047756136,1.677307737135067
7.775890139595822,0.6418414171465845,8.161647680982187,2.616586221391702,10.61172936276045,8.838450823548747,,,5.544751927253065,1.554927725310559
7.78631601909275,0.673141937740522,8.172073560479115,2.65797238508493,10.62215524225737,8.706078307080004,,,5.555177806749994,1.439152773083569
7.796741898589679,0.705784531761218,8.182499439976043,2.696510303871854,10.6325811217543,8.567834681708822,,,5.565603686246923,1.329929780233456
7.807167778086607,0.7397074991129331,8.192925319472971,2.732077918206908,10.64300700125123,8.424405890299759,,,5.576029565743851,1.22736830154866
7.817593657583537,0.7748404233433108,8.203351198969902,2.764581745613823,10.65343288074816,8.276483244059811,,,5.58645544524078,1.131472723240561
7.828019537080465,0.8115098988640427,8.21377707846683,2.793958815763147,10.66385876024509,8.1247696191512,,,5.596881324737708,1.042210519941671
7.838445416577394,0.8496219783909635,8.224202957963758,2.820178168305869,10.67428463974202,7.969905508630218,,,5.607307204234638,0.9595163778344626
7.848871296074322,0.8886613974099874,8.234628837460686,2.843307952170885,10.68471051923895,7.812565720034998,,,5.617733083731566,0.8833117252008951
7.859297175571252,0.9285076071635487,8.245054716957616,2.863269122871227,10.69513639873588,7.653394170118327,,,5.628158963228495,0.8134523990546273
7.869723055068181,0.9690276215603152,8.255480596454545,2.880183714087235,10.7055622782328,7.493038658044212,,,5.638584842725424,0.7498133408433788
7.880148934565109,1.010075704808424,8.265906475951473,2.894154762807243,10.71598815772973,7.335774169766894,,,5.649010722222353,0.6922426529941273
7.890574814062038,1.051493285709565,8.276332355448401,2.905915976774324,10.72641403722666,7.182169575390465,,,5.659436601719282,0.6405781317086181
7.901000693558967,1.093108944682304,8.286758234945331,2.915627840270773,10.73683991672359,7.029028430315335,,,5.66986248121621,0.5946517327583524
7.911426573055896,1.134751095157062,8.29718411444226,2.922875487033565,10.74726579622052,6.876835757644144,,,5.680288360713139,0.5542939130158483
7.921852452552824,1.176203004866636,8.307609993939188,2.927868365510588,10.75769167571745,6.726057022515604,,,5.690714240210068,0.5193378058151196
7.932278332049753,1.21726785941569,8.318035873436118,2.930838513896063,10.76811755521438,6.577139116582962,,,5.701140119706997,0.4896231920000788
7.942704211546681,1.257729458331729,8.328461752933046,2.933791631091518,10.77854343471131,6.430579051799223,,,5.711565999203925,0.4650002320921034
7.953130091043611,1.297363227497643,8.338887632429975,2.936979859282301,10.78896931420824,6.286789523023175,,,5.721991878700854,0.4453329283055061
7.963555970540539,1.335937897459506,8.349313511926903,2.938897818351393,10.79939519370516,6.146100157094549,,,5.732417758197783,0.4305022881064587
7.973981850037468,1.373217432450056,8.359739391423833,2.939820180552025,10.80982107320209,6.008894382765988,,,5.742843637694712,0.4204091636183882
7.984407729534396,1.408963189883713,8.370165270920761,2.939974883197257,10.82024695269902,5.875542974047732,,,5.75326951719164,0.4149767434235453
7.994833609031326,1.442936283770267,8.38059115041769,2.939634883570216,10.83067283219595,5.746404981920536,,,5.763695396688569,0.414152675221183
8.005259488528255,1.474900119558425,8.391017029914618,2.939053335402123,10.84109871169288,5.621828447524552,,,5.774121276185498,0.4179107994267782
8.015685368025183,1.504623062529706,8.401442909411548,2.938473727420854,10.85152459118981,5.502150852655745,,,5.784547155682427,0.4262524752049094
8.026111247522111,1.5318811971807,8.411868788908476,2.938125807820063,10.86195047068674,5.387699271415084,,,5.794973035179355,0.4392074817099214
8.03653712701904,1.556461131205308,8.422294668405405,2.938221741760775,10.87237635018367,5.278790195601031,,,5.805398914676284,0.4568344785666533
8.04696300651597,1.578162794846012,8.432720547902333,2.938952581271198,10.88280222968059,5.175729015737854,,,5.815824794173213,0.4792210109710926
8.057388886012898,1.596802184627296,8.443146427399263,2.940485122147261,10.89322810917752,5.078809149308724,,,5.826250673670142,0.5064830463452437
8.067814765509826,1.612213999889318,8.453572306896191,2.942959215911099,10.90365398867445,4.98831081762741,,,5.83667655316707,0.5387640313585764
8.078240645006757,1.624254121148131,8.46399818639312,2.94648559665379,10.91407986817138,4.904499482644588,,,5.847102432663999,0.5762334604411283
8.088666524503685,1.632801881128955,8.474424065890048,2.951144272813781,10.92450574766831,4.827623964653347,,,5.857528312160929,0.6190849497607391
8.099092404000613,1.6377620823254,8.484849945386978,2.956983522809905,10.93493162716524,4.760180140011314,,,5.867954191657857,0.6675338141032481
8.109518283497541,1.639062808693456,8.495275824883906,2.964019521183642,10.94535750666217,4.702341934362037,,,5.878380071154786,0.7218141482437558
8.119944162994472,1.637586982179355,8.505701704380835,2.972236608771385,10.9557833861591,4.652009020075684,,,5.888805950651714,0.7821754192690108
8.1303700424914,1.633312350948537,8.516127583877763,2.98158820671491,10.96620926565602,4.609304085823744,,,5.899231830148643,0.848878581917867
8.140795921988328,1.625331008975074,8.526553463374693,2.991998360140816,10.97663514515295,4.574321578619941,,,5.909657709645572,0.922407548135453
8.151221801485256,1.614846116849262,8.536979342871621,3.003363883425225,10.98706102464988,4.547125278686671,,,5.920083589142501,1.003031028394252
8.161647680982187,1.601900211605856,8.54740522236855,3.015557065442212,10.99748690414681,4.527745887019732,,,5.930509468639429,1.090797378797236
8.172073560479115,1.585439150674846,8.55783110186548,3.028428880403936,11.00791278364374,4.516178687819761,,,5.940935348136358,1.185962494523204
8.182499439976043,1.565552524119871,8.568256981362408,3.041815090701121,11.01833866314067,4.512381349206216,,,5.951361227633287,1.288737405263264
8.192925319472971,1.542378198069474,8.578682860859336,3.055535335059413,11.0287645426376,4.516271925436216,,,5.961787107130216,1.399372019541123
8.203351198969902,1.516081609799084,8.589108740356265,3.069397419605354,11.03919042213453,4.52775032236634,,,5.972212986627144,1.518111373220031
8.21377707846683,1.486854017479979,8.599534619853195,3.083206719557075,11.04961630163145,4.546610231134903,,,5.982638866124073,1.645068079930643
8.224202957963758,1.454910403316825,8.609960499350123,3.096768291405574,11.06004218112838,4.57266037631181,,,5.993064745621002,1.780366181818685
8.234628837460686,1.420487066125903,8.620386378847051,3.109891425770476,11.07046806062531,4.6056171418313,,,6.003490625117931,1.924084163051958
8.245054716957616,1.383838944708296,8.63081225834398,3.122394087925514,11.08089394012224,4.645247859312326,,,6.013916504614859,2.076248785583964
8.255480596454545,1.345236717672202,8.64123813784091,3.134713534075112,11.09131981961917,4.691172629816964,,,6.024342384111788,2.236829172721962
8.265906475951473,1.304963728574084,8.651664017337838,3.146692526047083,11.1017456991161,4.74300590788472,,,6.034768263608717,2.405731244347662
8.276332355448401,1.263312787335418,8.662089896834766,3.157582928047368,11.11217157861303,4.800320253621802,,,6.045194143105646,2.582792609405375
8.286758234945331,1.220582899826191,8.672515776331695,3.167266604065636,11.12259745810996,4.862648287373541,,,6.055620022602574,2.767778021201831
8.29718411444226,1.177075977324888,8.682941655828625,3.175651671349812,11.13302333760688,4.929485169546147,,,6.066045902099503,2.960375499002371
8.307609993939188,1.133093576289067,8.693367535325553,3.18483439105606,11.14344921710381,5.000291586285863,,,6.076471781596433,3.160193215248936
8.318035873436118,1.088933716588901,8.703793414822481,3.194763245289432,11.15387509660074,5.074497211205061,,,6.086897661093361,3.366757241400693
8.328461752933046,1.044893336369927,8.71421929431941,3.20323986159725,11.16430097609767,5.15155182758928,,,6.09732354059029,3.57951023689394
8.338887632429975,1.001254326917955,8.72464517381634,3.210256762434104,11.1747268555946,5.231162707234052,,,6.107749420087218,3.797811155073097
8.349313511926903,0.9582808402136065,8.735071053313268,3.215837234110265,11.18515273509153,5.312725856085007,,,6.118175299584148,4.020936027254288
8.359739391423833,0.916228107849795,8.745496932810196,3.220020255028428,11.19557861458846,5.395620989674854,,,6.128601179081076,4.248020138206764
8.370165270920761,0.8753339512039396,8.755922812307126,3.2229181430614,11.20600449408539,5.479185819730312,,,6.139027058578005,4.478312791848118
8.38059115041769,0.8358179507713468,8.766348691804055,3.224620066832909,11.21643037358231,5.562292059518372,,,6.149452938074933,4.710782207399799
8.391017029914618,0.7978791255311525,8.776774571300983,3.225255801661524,11.22685625307924,5.644268007321409,,,6.159878817571863,4.944403928675033
8.401442909411548,0.761694765976887,8.787200450797911,3.225020413033849,11.23728213257617,5.724450366629784,,,6.170304697068791,5.178091605378952
8.411868788908476,0.7274194080292266,8.797626330294841,3.223998286198342,11.2477080120731,5.802189628596945,,,6.18073057656572,5.41070462833672
8.422294668405405,0.6951841096166527,8.80805220979177,3.222417035681416,11.25813389157003,5.876855285531578,,,6.191156456062648,5.640998870361375
8.432720547902333,0.6650960235304235,8.818478089288698,3.220458668982125,11.26855977106696,5.947840809716941,,,6.201582335559578,5.867880321095231
8.443146427399263,0.6372382560088919,8.828903968785626,3.219170296944136,11.27898565056389,6.015871421633075,,,6.212008215056506,6.090028329288349
8.453572306896191,0.6116699969096997,8.839329848282556,3.21872486646388,11.28941153006082,6.080338474408594,,,6.222434094553435,6.30618114327317
8.46399818639312,0.5884269043202146,8.849755727779485,3.218400840840852,11.29983740955774,6.14075094745187,,,6.232859974050363,6.515074180219586
8.474424065890048,0.5675217240500968,8.860181607276413,3.218343261838043,11.31026328905467,6.197122379784126,,,6.243285853547293,6.715452178092466
8.484849945386978,0.5489451226395695,8.870607486773341,3.21869110248646,11.3206891685516,6.247761649114818,,,6.253711733044221,6.906081607341556
8.495275824883906,0.5326667112803667,8.881033366270271,3.219532653789551,11.33111504804853,6.29166530987685,,,6.26413761254115,7.085763172506176
8.505701704380835,0.5186362373461649,8.8914592457672,3.220959315846314,11.34154092754546,6.328458691022544,,,6.274563492038078,7.25334941390058
8.516127583877763,0.5067849200163044,8.901885125264128,3.223026398846263,11.35196680704239,6.357819736367286,,,6.284989371535008,7.410182903300893
8.526553463374693,0.4970269066922637,8.912311004761056,3.225759214262091,11.36239268653932,6.380569769855497,,,6.295415251031937,7.555224562179005
8.536979342871621,0.4892608274858496,8.922736884257986,3.229151213987064,11.37281856603625,6.397411899739568,,,6.305841130528865,7.685047805892647
8.54740522236855,0.4833714259333792,8.933162763754915,3.233162799521857,11.38324444553317,6.406978557911765,,,6.316267010025794,7.798764215399855
8.55783110186548,0.479231245192646,8.943588643251843,3.237720831672357,11.3936703250301,6.408244941855843,,,6.326692889522723,7.895666237192422
8.568256981362408,0.4767035122857068,8.954014522748771,3.242718856704808,11.40409620452703,6.401287154962694,,,6.337118769019652,7.974943898574135
8.578682860859336,0.4756415446391297,8.964440402245701,3.248018050136261,11.41452208402396,6.386006253953686,,,6.34754464851658,8.038557675812809
8.589108740356265,0.4758904914685378,8.97486628174263,3.253448864629727,11.42494796352089,6.362475450103716,,,6.357970528013509,8.087819138937038
8.599534619853195,0.4772913946916291,8.985292161239558,3.258813354122686,11.43537384301782,6.330733361584914,,,6.368396407510438,8.119922689022808
8.609960499350123,0.4796817261470978,8.995718040736488,3.263888132640547,11.44579972251475,6.290973756428461,,,6.378822287007367,8.132875746494753
8.620386378847051,0.4828970460692248,9.006143920233416,3.26842791351137,11.45622560201168,6.243404755688694,,,6.389248166504295,8.126583318306329
8.63081225834398,0.4867726092828992,9.016569799730345,3.272169563158537,11.46665148150861,6.188266845833468,,,6.399674046001224,8.101088707662239
8.64123813784091,0.4911449087109397,9.026995679227273,3.275512592389375,11.47707736100553,6.126646906474182,,,6.410099925498153,8.057804818350048
8.651664017337838,0.4958531467629959,9.037421558724203,3.278154448400697,11.48750324050246,6.058833306438833,,,6.420525804995082,7.997038193462537
8.662089896834766,0.5007406260539525,9.047847438221131,3.279146494122693,11.49792911999939,5.984540615189196,,,6.43095168449201,7.917985411473416
8.672515776331695,0.5056560516894099,9.05827331771806,3.278176343955753,11.50835499949632,5.904157216080315,,,6.441377563988939,7.821201904917026
8.682941655828625,0.5104547380756681,9.068699197214988,3.274937560368602,11.51878087899325,5.818150053624755,,,6.451803443485868,7.707363707776171
8.693367535325553,0.5152517036039469,9.079125076711918,3.269191060018557,11.52920675849018,5.728719559609712,,,6.462229322982797,7.577259779488831
8.703793414822481,0.5199166375343739,9.089550956208846,3.260657396104744,11.53963263798711,5.636386192230936,,,6.472655202479725,7.435029408724925
8.71421929431941,0.5240748125476145,9.099976835705775,3.249101938505917,11.55005851748404,5.539987043706765,,,6.483081081976654,7.281633406561467
8.72464517381634,0.5276139380297163,9.110402715202703,3.234318175367123,11.56048439698096,5.440082519321278,,,6.493506961473583,7.114843718009973
8.735071053313268,0.5304328708095297,9.120828594699633,3.21613204104153,11.57091027647789,5.337254590906481,,,6.503932840970512,6.935751615163248
8.745496932810196,0.5324341220159582,9.131254474196561,3.194405746870922,11.58133615597482,5.232853971731616,,,6.51435872046744,6.745510166328343
8.755922812307126,0.533558295969122,9.14168035369349,3.169041046597936,11.59176203547175,5.12748801373574,,,6.524784599964369,6.545322585269579
8.766348691804055,0.5337304711244899,9.152106233190418,3.142608012531551,11.60218791496868,5.021016592695174,,,6.535210479461298,6.337034712104034
8.776774571300983,0.5328986047770654,9.162532112687348,3.115073367137059,11.61261379446561,4.914055993469152,,,6.545636358958227,6.121909535812745
8.787200450797911,0.5310235458616679,9.172957992184276,3.083802044926091,11.62303967396254,4.80847440442859,,,6.556062238455156,5.900615500248683
8.797626330294841,0.5280782350711625,9.183383871681205,3.048831958422594,11.63346555345947,4.704802098903833,,,6.566488117952084,5.674428748010727
8.80805220979177,0.5240497502309656,9.193809751178135,3.010236364790677,11.64389143295639,4.602536394020962,,,6.576913997449013,5.44461786645627
8.818478089288698,0.5189358598758196,9.204235630675063,2.968173533771836,11.65431731245332,4.502186522149673,,,6.587339876945942,5.212433524337777
8.828903968785626,0.5132285894961366,9.214661510171991,2.922806229178062,11.66474319195025,4.404260404308658,,,6.597765756442871,4.979098780135464
8.839329848282556,0.5069444823498921,9.22508738966892,2.87435613189702,11.67516907144718,4.309316429965897,,,6.608191635939799,4.745800161846538
8.849755727779485,0.4996227622849699,9.23551326916585,2.82308861523035,11.68559495094411,4.217864917478864,,,6.618617515436728,4.513679600647508
8.860181607276413,0.4912963485117828,9.245939148662778,2.769265874901608,11.69602083044104,4.130384804316549,,,6.629043394933657,4.283827282643636
8.870607486773341,0.4820145602514269,9.256365028159706,2.71330233239978,11.70644670993797,4.047325123110527,,,6.639469274430586,4.057275464250864
8.881033366270271,0.4718150780312295,9.266790907656635,2.65551973269632,11.7168725894349,3.969092068069025,,,6.649895153927514,3.834993278010333
8.8914592457672,0.4607615169898658,9.277216787153565,2.597033266452689,11.72729846893182,3.896051624590621,,,6.660321033424443,3.617882537192985
8.901885125264128,0.4489182890342363,9.287642666650493,2.538248118632582,11.73772434842875,3.828524462392367,,,6.670746912921372,3.40677452977281
8.912311004761056,0.4363554015544471,9.298068546147421,2.478854079899641,11.74815022792568,3.766782897878513,,,6.681172792418301,3.20242777556768
8.922736884257986,0.4231474816052461,9.30849442564435,2.419274156727563,11.75857610742261,3.711048280400472,,,6.691598671915229,3.005526704870882
8.933162763754915,0.4093727877653084,9.31892030514128,2.359934778324668,11.76900198691954,3.661488853118013,,,6.702024551412158,2.816681202992385
8.943588643251843,0.3951122227100824,9.329346184638208,2.301260076038611,11.77942786641647,3.618218134054429,,,6.712450430909087,2.636426953023431
8.954014522748771,0.380448359298717,9.339772064135136,2.243666197143486,11.7898537459134,3.581293856585195,,,6.722876310406016,2.4652264990142
8.964440402245701,0.3654644925211677,9.350197943632065,2.18755573705649,11.80027962541033,3.550717501117991,,,6.733302189902944,2.303470943748389
8.97486628174263,0.3502437289868311,9.360623823128995,2.13332820725627,11.81070550490725,3.526434441249315,,,6.743728069399873,2.151482189499268
8.985292161239558,0.3348681247753215,9.371049702625923,2.081315795517161,11.82113138440418,3.508334718382982,,,6.754153948896803,2.009515626599566
8.995718040736488,0.3194178814325751,9.381475582122851,2.031862094008731,11.83155726390111,3.496254448854838,,,6.764579828393731,1.877763173345566
9.006143920233416,0.3039706087048339,9.39190146161978,1.985265170004277,11.84198314339804,3.489977857230027,,,6.77500570789066,1.756356571630749
9.016569799730345,0.2886006612862946,9.40232734111671,1.9417862048601,11.85240902289497,3.489574952383568,,,6.785431587387588,1.645370845669574
9.026995679227273,0.2733856221374815,9.412753220613638,1.90164617533449,11.8628349023919,3.494826786210801,,,6.795857466884518,1.544827836089405
9.037421558724203,0.2583734888270501,9.423179100110566,1.865023105983214,11.87326078188883,3.504941918276138,,,6.806283346381446,1.454699728363382
9.047847438221131,0.2436586310175081,9.433604979607496,1.832049927981309,11.88368666138576,3.51952349211428,,,6.816709225878375,1.374912502820711
9.05827331771806,0.2292744974173078,9.444030859104425,1.802812970820292,11.89411254088268,3.538141500568836,,,6.827135105375303,1.305344961878285
9.068699197214988,0.2152490411817366,9.454456738601353,1.777352077393159,11.90453842037961,3.560337953402039,,,6.837560984872233,1.245849884284132
9.079125076711918,0.2016791144692981,9.464882618098281,1.755656769084864,11.91496429987654,3.585632339106737,,,6.847986864369161,1.196228283272533
9.089550956208846,0.1885756851886185,9.475308497595211,1.73767183243424,11.92539017937347,3.613527301525201,,,6.85841274386609,1.15625230585544
9.099976835705775,0.1759735148764387,9.48573437709214,1.723295141139461,11.9358160588704,3.643514447465786,,,6.868838623363018,1.125662137813134
9.110402715202703,0.163901904701202,9.496160256589068,1.712380358864441,11.94624193836733,3.675080198660475,,,6.879264502859948,1.104168052925128
9.120828594699633,0.1523848645224425,9.506586136085996,1.704738943038409,11.95666781786426,3.708633615877341,,,6.889690382356876,1.091452182974804
9.131254474196561,0.1414413416312398,9.517012015582926,1.700143266295791,11.96709369736119,3.74366054039867,,,6.900116261853805,1.087170026476047
9.14168035369349,0.131085501782723,9.527437895079855,1.698335862798633,11.97751957685811,3.77872915730687,,,6.910542141350733,1.090985104906276
9.152106233190418,0.1213270546313798,9.537863774576783,1.699011266855345,11.98794545635504,3.813346897412338,,,6.920968020847662,1.102445364493345
9.162532112687348,0.1121716153407199,9.548289654073711,1.701851391333291,11.99837133585197,3.847043408720007,,,6.931393900344591,1.121160050810274
9.172957992184276,0.1036210939784656,9.558715533570641,1.706501381137747,12.0087972153489,3.879375092534271,,,6.94181977984152,1.146689658047591
9.183383871681205,0.09567410428803459,9.56914141306757,1.712619197444111,12.01922309484583,3.909929124854361,,,6.952245659338448,1.178573042967809
9.193809751178135,0.08832638355186302,9.579567292564498,1.719815347280398,12.02964897434276,3.938326909330687,,,6.962671538835377,1.216328236102744
9.204235630675063,0.08157121553536729,9.589993172061426,1.727705634022763,12.04007485383969,3.964226919081473,,,6.973097418332307,1.259453325088639
9.214661510171991,0.07539984887606431,9.600419051558356,1.73591020768865,12.05050073333662,3.987326896535656,,,6.983523297829235,1.307427467198228
9.22508738966892,0.06980190376930753,9.610844931055285,1.74399071190504,12.06092661283354,4.007365392908113,,,6.993949177326164,1.359712085041426
9.23551326916585,0.06476805358584992,9.621270810552213,1.751671657731786,12.07135249233047,4.024122641645794,,,7.004375056823092,1.415752294547245
9.245939148662778,0.06028171452341254,9.631696690049143,1.758536495852649,12.0817783718274,4.039297542892265,,,7.014800936320022,1.47497860783261
9.256365028159706,0.05633192853722085,9.642122569546071,1.764240700670225,12.09220425132433,4.052730299601456,,,7.02522681581695,1.536808945575741
9.266790907656635,0.05290531590018881,9.652548449043,1.768485309617328,12.10263013082126,4.062435819907453,,,7.035652695313879,1.600650984249342
9.277216787153565,0.04999690901300101,9.662974328539928,1.770933435357404,12.11305601031819,4.069821804069132,,,7.046078574810807,1.665904853273812
9.287642666650493,0.04759368396580247,9.673400208036858,1.771337460812713,12.12348188981512,4.074846401872898,,,7.056504454307737,1.731966186094845
9.298068546147421,0.04567474301931041,9.683826087533786,1.769464331045898,12.13390776931205,4.075946929315096,,,7.066930333804665,1.798229517667926
9.30849442564435,0.04422800795055943,9.694251967030715,1.765116683178277,12.14433364880898,4.073119031857221,,,7.077356213301594,1.864092009155133
9.31892030514128,0.0432420719315454,9.704677846527643,1.759965017962192,12.1547595283059,4.06638909595933,,,7.087782092798522,1.928957469126112
9.329346184638208,0.04270625055796735,9.715103726024573,1.753874194931912,12.16518540780283,4.055811425220831,,,7.098207972295452,1.992240629522989
9.339772064135136,0.04261058962096828,9.725529605521501,1.744904276459626,12.17561128729976,4.041465118447168,,,7.10863385179238,2.053371624407218
9.350197943632065,0.04294583124922427,9.73595548501843,1.732987631303582,12.18603716679669,4.023450797747512,,,7.119059731289309,2.111800610345851
9.360623823128995,0.04370843977554435,9.746381364515358,1.718079539206942,12.19646304629362,4.001861406677379,,,7.129485610786237,2.167002459479817
9.371049702625923,0.04488144706372364,9.756807244012288,1.700232747093765,12.20688892579055,3.976887772024195,,,7.139911490283167,2.218481450078338
9.381475582122851,0.04646118669564328,9.767233123509216,1.67947951478841,12.21731480528748,3.948618211599618,,,7.150337369780095,2.265775874910859
9.39190146161978,0.04844018554890709,9.777659003006145,1.655912758883833,12.22774068478441,3.917248596751308,,,7.160763249277024,2.308462485203716
9.40232734111671,0.05081099059906571,9.788084882503073,1.630094340170369,12.23816656428133,3.882932663853312,,,7.171189128773952,2.346160687384569
9.412753220613638,0.05356595670369771,9.798510762000003,1.602188498278563,12.24859244377826,3.845817476880514,,,7.181615008270882,2.378536411290272
9.423179100110566,0.05669702067532455,9.808936641496931,1.571943387880609,12.25901832327519,3.80606447768249,,,7.192040887767811,2.405511655928737
9.433604979607496,0.0601954672521968,9.81936252099386,1.539578385426838,12.26944420277212,3.763833832276988,,,7.202466767264739,2.426846278137697
9.444030859104425,0.06405169278308709,9.829788400490788,1.505334359324742,12.27987008226905,3.719255756281764,,,7.212892646761668,2.442191128139941
9.454456738601353,0.06825508398540074,9.840214279987718,1.469473337247171,12.29029596176598,3.672513180297182,,,7.223318526258597,2.451396428901126
9.464882618098281,0.07279337876252066,9.850640159484646,1.43227469506781,12.30072184126291,3.623755729002393,,,7.233744405755526,2.454461888904223
9.475308497595211,0.07765304599917611,9.861066038981575,1.394075065838307,12.31114772075984,3.573096296019366,,,7.244170285252454,2.45438519259914
9.48573437709214,0.0828187062400299,9.871491918478505,1.355100669115969,12.32157360025676,3.52065979927999,,,7.254596164749383,2.451246640856123
9.496160256589068,0.08827315734282488,9.881917797975433,1.315694380224212,12.33199947975369,3.466562067017374,,,7.265022044246312,2.441954603198078
9.506586136085996,0.09399709298507429,9.892343677472361,1.276166268017703,12.34242535925062,3.41211969881231,,,7.275447923743241,2.42670476725358
9.517012015582926,0.09996912109859671,9.90276955696929,1.23682442165463,12.35285123874755,3.35742080644574,,,7.285873803240169,2.405692479226883
9.527437895079855,0.1061656845293282,9.91319543646622,1.197971406141096,12.36327711824448,3.301325660397137,,,7.296299682737098,2.379107633721547
9.537863774576783,0.1125610550162922,9.923621315963148,1.159900946554306,12.37370299774141,3.244306146021515,,,7.306725562234027,2.347235540002503
9.548289654073711,0.1191273738804692,9.934047195460076,1.122894880845427,12.38412887723834,3.186415842616221,,,7.317151441730956,2.310409160041169
9.558715533570641,0.1258349894850019,9.944473074957004,1.087207004647325,12.39455475673527,3.127925785178659,,,7.327577321227884,2.26898063913975
9.56914141306757,0.1326516683736607,9.954898954453935,1.053117162363517,12.40498063623219,3.068906007794286,,,7.338003200724813,2.223419747591301
9.579567292564498,0.1395440916546503,9.965324833950863,1.020839529366243,12.41540651572912,3.008718016837982,,,7.348429080221742,2.174145550867917
9.589993172061426,0.1464772659702762,9.975750713447791,0.9905844444795067,12.42583239522605,2.947391473534248,,,7.358854959718671,2.121652402551979
9.600419051558356,0.1534150710041686,9.986176592944719,0.9625400685434382,12.43625827472298,2.884957286365641,,,7.369280839215599,2.066415444341831
9.610844931055285,0.1603153226227635,9.99660247244165,0.936871420407311,12.44668415421991,2.821415361805049,,,7.379706718712528,2.008966643350935
9.621270810552213,0.1671515690486131,10.00702835193858,0.9137197742391681,12.45711003371684,2.756877869775756,,,7.390132598209457,1.949773044316605
9.631696690049143,0.1738798341759011,10.01745423143551,0.8932068446358683,12.46753591321377,2.691345208405495,,,7.400558477706386,1.889514547875883
9.642122569546071,0.1804627794608683,10.02788011093243,0.8754182869395588,12.4779617927107,2.624866614233617,,,7.410984357203315,1.828742137547905
9.652548449043,0.1868650012013306,10.03830599042936,0.8604274809516427,12.48838767220762,2.557498261856583,,,7.421410236700243,1.767824640178795
9.662974328539928,0.1930490241636811,10.04873186992629,0.8482814601915214,12.49881355170455,2.489288996916434,,,7.431836116197172,1.707359672390855
9.673400208036858,0.1989820565461162,10.05915774942322,0.8390053406190999,12.50923943120148,2.420343538428182,,,7.442261995694101,1.647854933465006
9.683826087533786,0.2046324758978401,10.06958362892015,0.8325513775166138,12.51966531069841,2.350723104180176,,,7.45268787519103,1.58978617610815
9.694251967030715,0.2099712111841317,10.08000950841708,0.8290198280788594,12.53009119019534,2.280516016038181,,,7.463113754687958,1.533643659996574
9.704677846527643,0.2149798392259497,10.09043538791401,0.8283121718302759,12.54051706969227,2.209793819785687,,,7.473539634184887,1.479848437494722
9.715103726024573,0.2196355507513482,10.10086126741094,0.8303795590029398,12.5509429491892,2.138715490524164,,,7.483965513681816,1.428806120414771
9.725529605521501,0.2239114731942377,10.11128714690787,0.835158450894668,12.56136882868613,2.067361021479594,,,7.494391393178745,1.380889202516395
9.73595548501843,0.2277924943695387,10.12171302640479,0.8425723882290692,12.57179470818305,1.99697454140288,,,7.504817272675673,1.33643516439144
9.746381364515358,0.231258067339862,10.13213890590172,0.8525337751431347,12.58222058767998,1.927670417017856,,,7.515243152172602,1.295745160861964
9.756807244012288,0.234322957252307,10.14256478539865,0.864945648247971,12.59264646717691,1.85843245907887,,,7.525669031669531,1.259083287678577
9.767233123509216,0.2369731596829689,10.15299066489558,0.8797978466353767,12.60307234667384,1.789374776613122,,,7.53609491116646,1.226676414822529
9.777659003006145,0.2392114275569966,10.16341654439251,0.8969790116992068,12.61349822617077,1.720614704949157,,,7.546520790663388,1.198714564773731
9.788084882503073,0.2413348883036638,10.17384242388944,0.9162781627566547,12.6239241056677,1.652271898588513,,,7.556946670160317,1.175351805815995
9.798510762000003,0.2433537630056865,10.18426830338637,0.9375758286214965,12.63434998516463,1.584467379438443,,,7.567372549657246,1.156707622898642
9.808936641496931,0.2449882481576214,10.1946941828833,0.9607365847902469,12.64477586466156,1.517322557218946,,,7.577798429154175,1.142868721829965
9.81936252099386,0.2462545302840941,10.20512006238022,0.9856707878474558,12.65520174415848,1.450958238237072,,,7.588224308651103,1.133891216696207
9.829788400490788,0.2471720736155412,10.21554594187715,1.012239595131039,12.66562762365541,1.385493996746954,,,7.598650188148032,1.129803145418677
9.840214279987718,0.2477639346767328,10.22597182137408,1.040323919803885,12.67605350315234,1.321045865403659,,,7.609076067644961,1.130607254308525
9.850640159484646,0.2480563854105418,10.23639770087101,1.069806947922052,12.68647938264927,1.257727288854763,,,7.61950194714189,1.136283989371237
9.861066038981575,0.2480789638968782,10.24682358036794,1.100574713597245,12.6969052621462,1.195647037711153,,,7.629927826638818,1.14679462996138
9.871491918478505,0.2478621873354056,10.25724945986487,1.132537073267013,12.70733114164313,1.134908652041208,,,7.640353706135747,1.162084499197259
9.881917797975433,0.2474395792308055,10.2676753393618,1.165551178497016,12.71775702114006,1.075609666112404,,,7.650779585632677,1.182096436245981
9.892343677472361,0.2468455116397528,10.27810121885873,1.200208913442407,12.72818290063699,1.017840905494188,,,7.661205465129605,1.206735676161967
9.90276955696929,0.2461150141361074,10.28852709835565,1.236319482219574,12.73860878013391,0.9616858633638324,,,7.671631344626534,1.235926931313093
9.91319543646622,0.245283191519559,10.29895297785258,1.273187002696088,12.74903465963084,0.9072201614735539,,,7.682057224123462,1.269583213250668
9.923621315963148,0.2443846421635255,10.30937885734951,1.310709470049453,12.75946053912777,0.8545110998599932,,,7.692483103620392,1.307616555262134
9.934047195460076,0.2434528877490563,10.31980473684644,1.348788323415619,12.7698864186247,0.8036994879437923,,,7.70290898311732,1.34994036577164
9.944473074957004,0.2425196847328203,10.33023061634337,1.387328179673214,12.78031229812163,0.7548508485423427,,,7.713334862614249,1.396471446792054
9.954898954453935,0.2416150987271353,10.3406564958403,1.42623649855317,12.79073817761856,0.707905185798635,,,7.723760742111177,1.447193508991565
9.965324833950863,0.2407660924544663,10.35108237533723,1.465423193527975,12.80116405711549,0.6628924971063389,,,7.734186621608107,1.50192730758263
9.975750713447791,0.2399967651567289,10.36150825483416,1.504848296180477,12.81158993661242,0.6198336240608221,,,7.744612501105035,1.560657563112416
9.986176592944719,0.2393278076908649,10.37193413433108,1.544380552111462,12.82201581610935,0.5787403674533368,,,7.755038380601964,1.623327783766858
9.99660247244165,0.2387761994937169,10.38236001382801,1.583972830752947,12.83244169560627,0.5396156825882928,,,7.765464260098892,1.689888949275037
10.00702835193858,0.2383549747089448,10.39278589332494,1.623502159080788,12.8428675751032,0.5024539494614074,,,7.775890139595822,1.760397407595316
10.01745423143551,0.2380738358065171,10.40321177282187,1.662883606412788,12.85329345460013,0.4672413115996132,,,7.78631601909275,1.834646143005441
10.02788011093243,0.2379361744969126,10.4136376523188,1.702033258481787,12.86371933409706,0.433956076753502,,,7.796741898589679,1.912682272290446
10.03830599042936,0.2379431446902516,10.42406353181573,1.74086655700837,12.87414521359399,0.4025508816593986,,,7.807167778086607,1.994478176877934
10.04873186992629,0.2380911546890272,10.43448941131266,1.779298365472956,12.88457109309092,0.3730302660304964,,,7.817593657583537,2.080006956628106
10.05915774942322,0.2383726163995596,10.44491529080959,1.817511748145497,12.89499697258785,0.3453289363025686,,,7.828019537080465,2.170566559221283
10.06958362892015,0.2387761532930071,10.45534117030651,1.855399912684753,12.90542285208478,0.3193989984818359,,,7.838445416577394,2.266113028210302
10.08000950841708,0.2392868729304513,10.46576704980344,1.892592154619159,12.9158487315817,0.2951873599028807,,,7.848871296074322,2.365257713465687
10.09043538791401,0.2398866979936286,10.47619292930037,1.929143702858649,12.92627461107863,0.2726363457391874,,,7.859297175571252,2.467928509126088
10.10086126741094,0.2405547487252574,10.4866188087973,1.964962312068772,12.93670049057556,0.2516843227630801,,,7.869723055068181,2.574040404407823
10.11128714690787,0.2412677688055636,10.49704468829423,1.99984160266959,12.94712637007249,0.2322663233900441,,,7.880148934565109,2.683492648007253
10.12171302640479,0.2420005859932613,10.50747056779116,2.033689372211505,12.95755224956942,0.2143146634733524,,,7.890574814062038,2.796196838955878
10.13213890590172,0.2427265983491639,10.51789644728809,2.066683791090044,12.96797812906635,0.1977595478150961,,,7.901000693558967,2.91195910797626
10.14256478539865,0.2434182765467763,10.52832232678502,2.098734210647991,12.97840400856328,0.1825296579142839,,,7.911426573055896,3.030713347756429
10.15299066489558,0.2441388088481328,10.53874820628194,2.129482146024774,12.98882988806021,0.1685527170665865,,,7.921852452552824,3.15214397062976
10.16341654439251,0.2448595926553291,10.54917408577887,2.158842430212096,12.99925576755713,0.1557187981060343,,,7.932278332049753,3.276093374485768
10.17384242388944,0.2454607379897058,10.5595999652758,2.186778005224384,13.00968164705406,0.1440377112831671,,,7.942704211546681,3.402318161046219
10.18426830338637,0.2459145739059893,10.57002584477273,2.214074365231,13.02010752655099,0.1333905814839734,,,7.953130091043611,3.530545957345758
10.1946941828833,0.246194811148987,10.58045172426966,2.240693942412624,13.03053340604792,0.1236766596303921,,,7.963555970540539,3.660475216684669
10.20512006238022,0.2462776559611733,10.59087760376659,2.265636766955272,13.04095928554485,0.114896962911177,,,7.973981850037468,3.791775599280149
10.21554594187715,0.2461410971203621,10.60130348326352,2.288846588241453,13.05138516504178,0.1069460215761371,,,7.984407729534396,3.924088961097267
10.22597182137408,0.2457660107182667,10.61172936276045,2.310297616274715,13.06181104453871,0.09975446672347413,,,7.994833609031326,4.057030967977798
10.23639770087101,0.2451362278288502,10.62215524225737,2.329898584894636,13.07223692403564,0.09325914762116363,,,8.005259488528255,4.190193340147719
10.24682358036794,0.2442387511670578,10.6325811217543,2.347734447257466,13.08266280353256,0.08740029302983297,,,8.015685368025183,4.323146719702704
10.25724945986487,0.2430643517935625,10.64300700125123,2.363770788136629,13.09308868302949,0.08211859480700648,,,8.026111247522111,4.455444140987482
10.2676753393618,0.2416060173842568,10.65343288074816,2.378040583323369,13.10351456252642,0.0773598030842324,,,8.03653712701904,4.586625071145757
10.27810121885873,0.2400639928687547,10.66385876024509,2.390641751774239,13.11394044202335,0.07307207711845808,,,8.04696300651597,4.716219975768055
10.28852709835565,0.2384372024339106,10.67428463974202,2.401581993575763,13.12436632152028,0.0692067458310527,,,8.057388886012898,4.843755352745404
10.29895297785258,0.2365237420205502,10.68471051923895,2.411001175897173,13.13479220101721,0.06571837201325256,,,8.067814765509826,4.968759166374973
10.30937885734951,0.2343275955164247,10.69513639873588,2.419033079741043,13.14521808051414,0.06256478338098378,,,8.078240645006757,5.090766603673965
10.31980473684644,0.231855875862672,10.7055622782328,2.425837312923115,13.15564396001107,0.05970707268139283,,,8.088666524503685,5.209326065933781
10.33023061634337,0.2291186346098093,10.71598815772973,2.431777920848823,13.16606983950799,0.0571095691534417,,,8.099092404000613,5.324005300961418
10.3406564958403,0.226128630585592,10.72641403722666,2.437066410088974,13.17649571900492,0.05473978372367782,,,8.109518283497541,5.434475802131972
10.35108237533723,0.2229010634455805,10.73683991672359,2.441780258618933,13.18692159850185,0.05261386222734693,,,8.119944162994472,5.541864532976626
10.36150825483416,0.2194533374860372,10.74726579622052,2.446191312541456,13.19734747799878,0.05070505113509148,,,8.1303700424914,5.645881414372012
10.37193413433108,0.2158089508414972,10.75769167571745,2.450598170977035,13.20777335749571,0.04894358377973494,,,8.140795921988328,5.744571110429366
10.38236001382801,0.2119885821213263,10.76811755521438,2.455324767734793,13.21819923699264,0.04730798951203113,,,8.151221801485256,5.840120939443721
10.39278589332494,0.2080095506048704,10.77854343471131,2.462460363123551,13.22862511648957,0.04577942263653319,,,8.161647680982187,5.932233451092281
10.40321177282187,0.2038944121760724,10.78896931420824,2.47235932918716,13.2390509959865,0.04434151145616183,,,8.172073560479115,6.018391052250783
10.4136376523188,0.1996661897522416,10.79939519370516,2.483638575120388,13.24947687548342,0.04298019788103784,,,8.182499439976043,6.098383319510298
10.42406353181573,0.1953480423919129,10.80982107320209,2.496672621718611,13.25990275498035,0.0416595695514999,,,8.192925319472971,6.172145150382372
10.43448941131266,0.1909629490569746,10.82024695269902,2.511848496154324,13.27032863447728,0.04042281901118785,,,8.203351198969902,6.239681260510924
10.44491529080959,0.1865334120722991,10.83067283219595,2.529562082855888,13.28075451397421,0.03923161898291591,,,8.21377707846683,6.301067902472153
10.45534117030651,0.182081570264047,10.84109871169288,2.550214102710116,13.29118039347114,0.03807154767570486,,,8.224202957963758,6.356453540157802
10.46576704980344,0.1776275126476792,10.85152459118981,2.574205760311985,13.30160627296807,0.03695566320786253,,,8.234628837460686,6.406124512347565
10.47619292930037,0.173200964174087,10.86195047068674,2.601934107247901,13.312032152465,0.03585722222934973,,,8.245054716957616,6.450256686684742
10.4866188087973,0.1688200060167576,10.87237635018367,2.633787177097834,13.32245803196193,0.03480224279747147,,,8.255480596454545,6.48926109488243
10.49704468829423,0.1644912312913277,10.88280222968059,2.67013895477122,13.33288391145885,0.03377293341855923,,,8.265906475951473,6.523560652845743
10.50747056779116,0.1602294467367255,10.89322810917752,2.711344248758206,13.34330979095578,0.03276858869250397,,,8.276332355448401,6.554253949749814
10.51789644728809,0.1560505145631126,10.90365398867445,2.757733539705876,13.35373567045271,0.03178911495450813,,,8.286758234945331,6.58187125513548
10.52832232678502,0.1519657049957364,10.91407986817138,2.809607882265419,13.36416154994964,0.03083490624922108,,,8.29718411444226,6.606367723854375
10.53874820628194,0.1479816812051291,10.92450574766831,2.867233939276097,13.37458742944657,0.02990673020061572,,,8.307609993939188,6.628353884289052
10.54917408577887,0.1441061146765476,10.93493162716524,2.931034855783402,13.3850133089435,0.0290056246398179,,,8.318035873436118,6.648470695872875
10.5595999652758,0.1403449888955392,10.94535750666217,3.001159737933482,13.39543918844043,0.02813280560348754,,,8.328461752933046,6.671134532247732
10.57002584477273,0.1367499483620499,10.9557833861591,3.077580942968533,13.40586506793736,0.02728958706682265,,,8.338887632429975,6.696988924630484
10.58045172426966,0.1333233225263259,10.96620926565602,3.160380810738711,13.41629094743429,0.026477312531702,,,8.349313511926903,6.722894989534374
10.59087760376659,0.1300180680709938,10.97663514515295,3.249587324338374,13.42671682693121,0.02569729835587427,,,8.359739391423833,6.749525606734397
10.60130348326352,0.1268332712496954,10.98706102464988,3.345171570343512,13.43714270642814,0.02495078848739189,,,8.370165270920761,6.777359424297575
10.61172936276045,0.1237669429914716,10.99748690414681,3.447045814315524,13.44756858592507,0.02423892006349541,,,8.38059115041769,6.807013614372704
10.62215524225737,0.1208155482049938,11.00791278364374,3.555062232827843,13.457994465422,0.02356269914843879,,,8.391017029914618,6.839019063149252
10.6325811217543,0.1179754628552736,11.01833866314067,3.669012332989229,13.46842034491893,0.02292298572351701,,,8.401442909411548,6.873862785060332
10.64300700125123,0.1152416947079923,11.0287645426376,3.788627079455968,13.47884622441586,0.02232048690756003,,,8.411868788908476,6.911979706829442
10.65343288074816,0.1126088578719148,11.03919042213453,3.91360812366317,13.48927210391279,0.02173341574650836,,,8.422294668405405,6.953745150588215
10.66385876024509,0.1100711292985224,11.04961630163145,4.043515866970141,13.49969798340972,0.02121163934932099,,,8.432720547902333,6.999468157722673
10.67428463974202,0.1076223918797661,11.06004218112838,4.177931877782378,13.51012386290664,0.02072732980192111,,,8.443146427399263,7.049385783003734
10.68471051923895,0.1052563689482001,11.07046806062531,4.316359013647089,13.52054974240357,0.02028083265940344,,,8.453572306896191,7.103658473560738
10.69513639873588,0.1029667485495777,11.08089394012224,4.458256848562318,13.5309756219005,0.01987235230321867,,,8.46399818639312,7.162366629580329
10.7055622782328,0.1007419448421417,11.09131981961917,4.603033315333612,13.54140150139743,0.01950197566082072,,,8.474424065890048,7.225508423546181
10.71598815772973,0.09861966305046813,11.1017456991161,4.750058284723591,13.55182738089436,0.01916969468724643,,,8.484849945386978,7.29299893273407
10.72641403722666,0.09658694076262693,11.11217157861303,4.898666362998348,13.56225326039129,0.01887542673161686,,,8.495275824883906,7.364670615961745
10.73683991672359,0.09460614358702935,11.12259745810996,5.048162466439401,13.57267913988822,0.0186190320145851,,,8.505701704380835,7.440275140736285
10.74726579622052,0.09267176384776683,11.13302333760688,5.19782772075521,13.58310501938515,0.01841458822574003,,,8.516127583877763,7.5194865414607
10.75769167571745,0.09077875184787047,11.14344921710381,5.346925606064951,13.59353089888207,0.01826185107653743,,,8.526553463374693,7.601905663803341
10.76811755521438,0.08892255871253682,11.15387509660074,5.494708265975089,13.603956778379,0.01814605674271927,,,8.536979342871621,7.687065825264821
10.77854343471131,0.087118380896749,11.16430097609767,5.640454578600413,13.61438265787593,0.01806656318582472,,,8.54740522236855,7.774439597965126
10.78896931420824,0.08536259343448607,11.1747268555946,5.784175272952786,13.62480853737286,0.01802295135763051,,,8.55783110186548,7.863446597275779
10.79939519370516,0.08363275926243502,11.18515273509153,5.925145476392207,13.63523441686979,0.01801467647546811,,,8.568256981362408,7.953869529361527
10.80982107320209,0.08192621552813777,11.19557861458846,6.063786879704674,13.64566029636672,0.01804115721453354,,,8.578682860859336,8.045045468640422
10.82024695269902,0.08024085134204104,11.20600449408539,6.199350183538207,13.65608617586365,0.01810175949675287,,,8.589108740356265,8.135875821666938
10.83067283219595,0.0785750916066868,11.21643037358231,6.32913828552526,13.66651205536058,0.01819578070352987,,,8.599534619853195,8.225654796619951
10.84109871169288,0.07692787361484509,11.22685625307924,6.452455888615752,13.6769379348575,0.01832244982188741,,,8.609960499350123,8.313672563979807
10.85152459118981,0.0752986174258253,11.23728213257617,6.56864548343509,13.68736381435443,0.01847905532057887,,,8.620386378847051,8.399225790562699
10.86195047068674,0.07368719101661655,11.2477080120731,6.677092416272914,13.69778969385136,0.01866851577951927,,,8.63081225834398,8.481627965212606
10.87237635018367,0.07209387117844698,11.25813389157003,6.777229452748333,13.70821557334829,0.01888740186300453,,,8.64123813784091,8.562678261443297
10.88280222968059,0.07051930109243505,11.26855977106696,6.868540804987185,13.71864145284522,0.01913435668099929,,,8.651664017337838,8.641733012877982
10.89322810917752,0.06896444547265103,11.27898565056389,6.952476897983432,13.72906733234215,0.01940781824649855,,,8.662089896834766,8.715714598700234
10.90365398867445,0.06743054411326412,11.28941153006082,7.028618344393361,13.73949321183908,0.01970600081615378,,,8.672515776331695,8.784057583167797
10.91407986817138,0.06591906462037291,11.29983740955774,7.094683628092437,13.74991909133601,0.02002687943934276,,,8.682941655828625,8.846257003297824
10.92450574766831,0.06443165505014666,11.31026328905467,7.150376897739565,13.76034497083293,0.02036817852102626,,,8.693367535325553,8.905787125075136
10.93493162716524,0.06300199217560752,11.3206891685516,7.195448835611869,13.77077085032986,0.02072736510771202,,,8.703793414822481,8.962249010878571
10.94535750666217,0.06162976865018335,11.33111504804853,7.229700571919498,13.78119672982679,0.02110164748965041,,,8.71421929431941,9.01137443121919
10.9557833861591,0.06028650516868944,11.34154092754546,7.253015309133129,13.79162260932372,0.0214879795790017,,,8.72464517381634,9.052886069965767
10.96620926565602,0.05897364719321593,11.35196680704239,7.265341820861072,13.80204848882065,0.02188307137659885,,,8.735071053313268,9.086586389085484
10.97663514515295,0.05769262362726291,11.36239268653932,7.268060444167058,13.81247436831758,0.02228340568288453,,,8.745496932810196,9.11233146233438
10.98706102464988,0.05644481752016087,11.37281856603625,7.262907311126744,13.82290024781451,0.02268526104568948,,,8.755922812307126,9.13014063315069
10.99748690414681,0.05523153970268014,11.38324444553317,7.248610129466285,13.83332612731144,0.0230847407729516,,,8.766348691804055,9.14001801444908
11.00791278364374,0.0540540055018567,11.3936703250301,7.223660123138792,13.84375200680836,0.02347780767650894,,,8.776774571300983,9.142073357387625
11.01833866314067,0.0529133146390766,11.40409620452703,7.188274691458711,13.85417788630529,0.02386032405792083,,,8.787200450797911,9.136538834993837
11.0287645426376,0.05181043437417822,11.41452208402396,7.142721270232666,13.86460376580222,0.02422809630289081,,,8.797626330294841,9.123557149568942
11.03919042213453,0.05075013988559239,11.42494796352089,7.087325812193967,13.87502964529915,0.0245769233210073,,,8.80805220979177,9.104691146320175
11.04961630163145,0.0497262358241855,11.43537384301782,7.022461612408965,13.88545552479608,0.02490264795552928,,,8.818478089288698,9.080271248935434
11.06004218112838,0.0487423902145587,11.44579972251475,6.948569410204583,13.89588140429301,0.02520121039669536,,,8.828903968785626,9.052332533120991
11.07046806062531,0.04779718908513823,11.45622560201168,6.866118185407676,13.90630728378994,0.02546870256385494,,,8.839329848282556,9.021241385098952
11.08089394012224,0.04689487287049675,11.46665148150861,6.775627040117187,13.91673316328687,0.02570142237834217,,,8.849755727779485,8.984461386311652
11.09131981961917,0.04603325421669213,11.47707736100553,6.6793853354367,13.92715904278379,0.02589592683136183,,,8.860181607276413,8.942372284615685
11.1017456991161,0.04521229123259179,11.48750324050246,6.577879433248658,13.93758492228072,0.02604908276031347,,,8.870607486773341,8.895390924328124
11.11217157861303,0.04443180516412142,11.49792911999939,6.470096929549808,13.94801080177765,0.02615811428040721,,,8.881033366270271,8.843850160343031
11.12259745810996,0.04369149393166837,11.50835499949632,6.356641509373956,13.95843668127458,0.0262205678262644,,,8.8914592457672,8.788151862050642
11.13302333760688,0.04299094813895633,11.51878087899325,6.238163855279713,13.96886256077151,0.02623467889981087,,,8.901885125264128,8.728659297098423
11.14344921710381,0.04232966935418333,11.52920675849018,6.115988573473992,13.97928844026844,0.0261988820549375,,,8.912311004761056,8.665715067901479
11.15387509660074,0.04170709044758775,11.53963263798711,5.990794924745692,13.98971431976537,0.02611220577656047,,,8.922736884257986,8.599635818738387
11.16430097609767,0.04112260180292367,11.55005851748404,5.862612254973403,14.0001401992623,0.02600945562726215,,,8.933162763754915,8.530707753688047
11.1747268555946,0.0405930746340013,11.56048439698096,5.732130147577846,14.01056607875922,0.02588706136595388,,,8.943588643251843,8.459183027584968
11.18515273509153,0.04011773547057283,11.57091027647789,5.600039006428719,14.02099195825615,0.02571331365846437,,,8.954014522748771,8.385277053261024
11.19557861458846,0.03967575617566349,11.58133615597482,5.468692221381208,14.03141783775308,0.02548879831352943,,,8.964440402245701,8.309166749280973
11.20600449408539,0.03927513515442672,11.59176203547175,5.33875395837304,14.04184371725001,0.02521466635307078,,,8.97486628174263,8.230989733556173
11.21643037358231,0.0389085232531773,11.60218791496868,5.209194561138511,14.05226959674694,0.0248938853154424,,,8.985292161239558,8.150844449999994
11.22685625307924,0.03857531978287521,11.61261379446561,5.080633600406784,14.06269547624387,0.02452633227679959,,,8.995718040736488,8.068791198099841
11.23728213257617,0.0382750733452765,11.62303967396254,4.953931236160533,14.0731213557408,0.02411567643968778,,,9.006143920233416,7.9848540192155
11.2477080120731,0.03800751384494677,11.63346555345947,4.829653436680402,14.08354723523773,0.02366498956243749,,,9.016569799730345,7.899023378821422
11.25813389157003,0.03777258339063098,11.64389143295639,4.708081918737501,14.09397311473466,0.02317773983079562,,,9.026995679227273,7.814530909973898
11.26855977106696,0.03757046578123249,11.65431731245332,4.589767528251635,14.10439899423158,0.022656843965829,,,9.037421558724203,7.731251699230417
11.27898565056389,0.03740396592586661,11.66474319195025,4.475085804259119,14.11482487372851,0.02210842464102402,,,9.047847438221131,7.645845973651142
11.28941153006082,0.0372737252923076,11.67516907144718,4.364503326509666,14.12525075322544,0.02153572047239192,,,9.05827331771806,7.558117204228094
11.29983740955774,0.03717862725216488,11.68559495094411,4.258402282899013,14.13567663272237,0.02094331204899731,,,9.068699197214988,7.467851826851718
11.31026328905467,0.03711993037150466,11.69602083044104,4.157084348973138,14.1461025122193,0.02033592216467923,,,9.079125076711918,7.374989771753407
11.3206891685516,0.03709935121710758,11.70644670993797,4.0609141834845,14.15652839171623,0.019718361893234,,,9.089550956208846,7.279304876979176
11.33111504804853,0.03711899109588936,11.7168725894349,3.970086758197092,14.16695427121316,0.01909547786468519,,,9.099976835705775,7.180642154986374
11.34154092754546,0.03718133578970401,11.72729846893182,3.88478988267526,14.17738015071009,0.01847210175057474,,,9.110402715202703,7.078862084635807
11.35196680704239,0.03728926277350253,11.73772434842875,3.805159691234891,14.18780603020701,0.01785300290253631,,,9.120828594699633,6.973846459257092
11.36239268653932,0.03744604399619372,11.74815022792568,3.731280474141899,14.19823190970394,0.01724284500620928,,,9.131254474196561,6.865503849441241
11.37281856603625,0.03767067647339879,11.75857610742261,3.663185036510345,14.20865778920087,0.01664614751383863,,,9.14168035369349,6.753774585861281
11.38324444553317,0.03796708489199648,11.76900198691954,3.600855590747129,14.2190836686978,0.01606725250594469,,,9.152106233190418,6.641261310909412
11.3936703250301,0.03832391463345514,11.77942786641647,3.544225180931785,14.22950954819473,0.01551029750768214,,,9.162532112687348,6.527959115755697
11.40409620452703,0.03874613107641466,11.7898537459134,3.493179629822273,14.23993542769166,0.01497919465150317,,,9.172957992184276,6.411258909098549
11.41452208402396,0.03923835617434342,11.80027962541033,3.447559991389014,14.25036130718859,0.0144776164371188,,,9.183383871681205,6.291223962400616
11.42494796352089,0.03980576676940945,11.81070550490725,3.407165484050992,14.26078718668552,0.01400898819514514,,,9.193809751178135,6.167953644764539
11.43537384301782,0.04045375455539266,11.82113138440418,3.371756872269004,14.27121306618244,0.01357648721481915,,,9.204235630675063,6.041636220879563
11.44579972251475,0.04118811506713679,11.83155726390111,3.341060256987356,14.28163894567937,0.01318304835128532,,,9.214661510171991,5.912467486796444
11.45622560201168,0.04201462567892161,11.84198314339804,3.314771228744047,14.2920648251763,0.01283137578659876,,,9.22508738966892,5.78070825342058
11.46665148150861,0.04293924744039025,11.85240902289497,3.293332246726775,14.30249070467323,0.01252396048303961,,,9.23551326916585,5.646709849149341
11.47707736100553,0.04397008115660533,11.8628349023919,3.27637200650283,14.31291658417016,0.01226310273972783,,,9.245939148662778,5.510679348527414
11.48750324050246,0.04511201022992672,11.87326078188883,3.26275096691259,14.32334246366709,0.01205093914585368,,,9.256365028159706,5.373213562972858
11.49792911999939,0.04637098770748903,11.88368666138576,3.252077636129884,14.33376834316402,0.01188947311793477,,,9.266790907656635,5.234656804933369
11.50835499949632,0.04775144750510274,11.89411254088268,3.243954668331881,14.34419422266095,0.01178060811606385,,,9.277216787153565,5.098062563383993
11.51878087899325,0.04925870954169366,11.90453842037961,3.237984103698101,14.35462010215787,0.01172618255666221,,,9.287642666650493,4.963913222714493
11.52920675849018,0.05090266321898003,11.91496429987654,3.233772516150067,14.3650459816548,0.01172800537819951,,,9.298068546147421,4.830114726661165
11.53963263798711,0.05268765094386285,11.92539017937347,3.230935996969421,14.37547186115173,0.01178789117293555,,,9.30849442564435,4.697171805350262
11.55005851748404,0.05461235421084159,11.9358160588704,3.229104904517546,14.38589774064866,0.01190789991718439,,,9.31892030514128,4.565602136115943
11.56048439698096,0.0566796836183269,11.94624193836733,3.227928313497344,14.39632362014559,0.01208959794443993,,,9.329346184638208,4.435930066795904
11.57091027647789,0.05889167852013402,11.95666781786426,3.228285701014398,14.40674949964252,0.01233517167451225,,,9.339772064135136,4.308680108536286
11.58133615597482,0.06124939000057913,11.96709369736119,3.22986558519716,14.41717537913945,0.0126467652207456,,,9.350197943632065,4.184370294698623
11.59176203547175,0.06375276627689787,11.97751957685811,3.231168855054983,14.42760125863638,0.01302670277724201,,,9.360623823128995,4.063568301388343
11.60218791496868,0.06640054263290207,11.98794545635504,3.231936745533429,14.4380271381333,0.01347733690230265,,,9.371049702625923,3.946650293343324
11.61261379446561,0.06919013811018572,11.99837133585197,3.231945627812163,14.44845301763023,0.01400127884441485,,,9.381475582122851,3.834125474798666
11.62303967396254,0.07213337039096154,12.0087972153489,3.23100881021011,14.45887889712716,0.01460124888104097,,,9.39190146161978,3.726421329935352
11.63346555345947,0.07522399672279398,12.01922309484583,3.228977727516248,14.46930477662409,0.01528009565962873,,,9.40232734111671,3.623927348973543
11.64389143295639,0.07844029852820204,12.02964897434276,3.225742505809744,14.47973065612102,0.01604077221822195,,,9.412753220613638,3.526989707605509
11.65431731245332,0.08177257924753986,12.04007485383969,3.22123189985609,14.49015653561795,0.01688630257573379,,,9.423179100110566,3.435906493992806
11.66474319195025,0.08521027676154204,12.05050073333662,3.215412610305824,14.50058241511488,0.01781945597410902,,,9.433604979607496,3.350923563365589
11.67516907144718,0.0887411949604496,12.06092661283354,3.20828799800121,14.51100829461181,0.01884738640641889,,,9.444030859104425,3.272231091781972
11.68559495094411,0.09235148879936558,12.07135249233047,3.199896222533895,14.52143417410873,0.01997759213735723,,,9.454456738601353,3.20002943280333
11.69602083044104,0.09602532328587245,12.0817783718274,3.191566856233386,14.53186005360566,0.02120926834953757,,,9.464882618098281,3.134271238904979
11.70644670993797,0.09974653800635801,12.09220425132433,3.183373504492689,14.54228593310259,0.02254013290553024,,,9.475308497595211,3.075021717610295
11.7168725894349,0.1034961823872394,12.10263013082126,3.174198907447795,14.55271181259952,0.02397189598931415,,,9.48573437709214,3.022222735525607
11.72729846893182,0.1072544304697854,12.11305601031819,3.164999289661543,14.56313769209645,0.02550649747021545,,,9.496160256589068,2.975781687848703
11.73772434842875,0.111000231562547,12.12348188981512,3.156002063815336,14.57356357159338,0.0271452074338373,,,9.506586136085996,2.935519142637408
11.74815022792568,0.1147114688710846,12.13390776931205,3.146419661348202,14.58398945109031,0.02888864454159396,,,9.517012015582926,2.901209682034288
11.75857610742261,0.118365141456457,12.14433364880898,3.136412358021179,14.59441533058724,0.03073748795450448,,,9.527437895079855,2.872636025455661
11.76900198691954,0.121937567842772,12.1547595283059,3.126147356624405,14.60484121008416,0.03269095647332946,,,9.537863774576783,2.84936550624727
11.77942786641647,0.1254046090917761,12.16518540780283,3.11579469035223,14.61526708958109,0.03474668559931067,,,9.548289654073711,2.831076404074672
11.7898537459134,0.1287419086813453,12.17561128729976,3.105523093810891,14.62569296907802,0.03690211434589943,,,9.558715533570641,2.817400313560263
11.80027962541033,0.1319251460777399,12.18603716679669,3.095495968060737,14.63611884857495,0.0391536819290816,,,9.56914141306757,2.807853191544996
11.81070550490725,0.1349303004911551,12.19646304629362,3.085829592583518,14.64654472807188,0.0414967961315838,,,9.579567292564498,2.801980065166466
11.82113138440418,0.137733920962354,12.20688892579055,3.076749246245377,14.65697060756881,0.04392566726999677,,,9.589993172061426,2.79930089355738
11.83155726390111,0.1403133986557796,12.21731480528748,3.068332334932431,14.66739648706574,0.04643343466091161,,,9.600419051558356,2.799341656467976
11.84198314339804,0.142647237040894,12.22774068478441,3.060684852211751,14.67782236656267,0.04901228380921967,,,9.610844931055285,2.801504618096549
11.85240902289497,0.1447588330241616,12.23816656428133,3.053891793596803,14.68824824605959,0.05165256768453623,,,9.621270810552213,2.805487623789962
11.8628349023919,0.1466306873825576,12.24859244377826,3.048012967519616,14.69867412555652,0.05434409073831013,,,9.631696690049143,2.810719721666971
11.87326078188883,0.1482005642980851,12.25901832327519,3.043082768446269,14.70910000505345,0.05707534313553982,,,9.642122569546071,2.816749121856248
11.88368666138576,0.1494532277997259,12.26944420277212,3.039118253198386,14.71952588455038,0.0598337447706707,,,9.652548449043,2.823216740922881
11.89411254088268,0.1503757428977228,12.27987008226905,3.036054849333667,14.72995176404731,0.0626057196146753,,,9.662974328539928,2.829621512002608
11.90453842037961,0.1509576520305992,12.29029596176598,3.033879118908642,14.74037764354424,0.06537679005453442,,,9.673400208036858,2.835667728703215
11.91496429987654,0.1511911207498493,12.30072184126291,3.032553543490164,14.75080352304117,0.06813169062353479,,,9.683826087533786,2.84105597673565
11.92539017937347,0.1510710498950393,12.31114772075984,3.031933797851945,14.7612294025381,0.07085450009948631,,,9.694251967030715,2.845539252998055
11.9358160588704,0.1505951521073836,12.32157360025676,3.03189143470915,14.77165528203503,0.07352884623467738,,,9.704677846527643,2.851118152458445
11.94624193836733,0.1497639911774392,12.33199947975369,3.032273831175562,14.78208116153195,0.07613786181094888,,,9.715103726024573,2.857644892205372
11.95666781786426,0.1487381208558969,12.34242535925062,3.032910334788405,14.79250704102888,0.0786646552242258,,,9.725529605521501,2.862801873373973
11.96709369736119,0.1475224941962293,12.35285123874755,3.033606603257394,14.80293292052581,0.08109299407100809,,,9.73595548501843,2.866605856203876
11.97751957685811,0.1459664066483387,12.36327711824448,3.03414738681881,14.81335880002274,0.08340499897791347,,,9.746381364515358,2.868998234259979
11.98794545635504,0.1440789738668117,12.37370299774141,3.034307702181584,14.82378467951967,0.08558493395695869,,,9.756807244012288,2.870203095795598
11.99837133585197,0.1418718829203541,12.38412887723834,3.033852048210607,14.8342105590166,0.08761714336383319,,,9.767233123509216,2.870310894708568
12.0087972153489,0.1393592476754456,12.39455475673527,3.034241191357711,14.84463643851353,0.08948678712050546,,,9.777659003006145,2.869549563420044
12.01922309484583,0.1365574334625281,12.40498063623219,3.035288887685238,14.85506231801046,0.09118003300792361,,,9.788084882503073,2.869416793745932
12.02964897434276,0.1334848541241904,12.41540651572912,3.034941907613568,14.86548819750738,0.09268423976184467,,,9.798510762000003,2.870349369349612
12.04007485383969,0.1301617450164885,12.42583239522605,3.032930307540561,14.87591407700431,0.09398812765313698,,,9.808936641496931,2.87135256886237
12.05050073333662,0.1266099159251231,12.43625827472298,3.028991990197751,14.88633995650124,0.09508193342016533,,,9.81936252099386,2.872938208155221
12.06092661283354,0.1228524881596909,12.44668415421991,3.022863410976181,14.89676583599817,0.09595754666953338,,,9.829788400490788,2.875585541811272
12.07135249233047,0.118913620296064,12.45711003371684,3.014337798616225,14.9071917154951,0.09660862518090592,,,9.840214279987718,2.879812773533469
12.0817783718274,0.1148183879984544,12.46753591321377,3.003181566987431,14.91761759499203,0.09710774519626279,,,9.850640159484646,2.886170713052616
12.09220425132433,0.110591830345361,12.4779617927107,2.989198795127515,14.92804347448896,0.09745199811936273,,,9.861066038981575,2.895282056991792
12.10263013082126,0.1062601330206125,12.48838767220762,2.972217364654077,14.93846935398589,0.09756279041728318,,,9.871491918478505,2.907662507558444
12.11305601031819,0.1018497105208965,12.49881355170455,2.952058135464329,14.94889523348281,0.09744030795385986,,,9.881917797975433,2.923956087211128
12.12348188981512,0.09738578400988482,12.50923943120148,2.928676135371305,14.95932111297974,0.09708618811738161,,,9.892343677472361,2.94477499325893
12.13390776931205,0.09289144338523692,12.51966531069841,2.901940932572126,14.96974699247667,0.09655671393546859,,,9.90276955696929,2.970728587542521
12.14433364880898,0.08839040727959274,12.53009119019534,2.871794329633331,14.9801728719736,0.09585757278361233,,,9.91319543646622,3.00241620493386
12.1547595283059,0.08390534953713213,12.54051706969227,2.838203817569986,14.99059875147053,0.09494378378487109,,,9.923621315963148,3.040420140995158
12.16518540780283,0.07945772080456065,12.5509429491892,2.801184710806617,15.00102463096746,0.09382424088775597,,,9.934047195460076,3.085298896670404
12.17561128729976,0.07506758622542242,12.56136882868613,2.760765098821001,15.01145051046439,0.0925094925391718,,,9.944473074957004,3.137515854665198
12.18603716679669,0.07075348931868235,12.57179470818305,2.719074111365343,15.02187638996132,0.09101160575656936,,,9.954898954453935,3.197706692149579
12.19646304629362,0.06653229616899575,12.58222058767998,2.67618911430514,15.03230226945824,0.08934401177992632,,,9.965324833950863,3.266239936125441
12.20688892579055,0.06241931005784473,12.59264646717691,2.630134605185337,15.04272814895517,0.08752133616629715,,,9.975750713447791,3.343519319382692
12.21731480528748,0.05842790437417622,12.60307234667384,2.581026228527824,15.0531540284521,0.08555921642854696,,,9.986176592944719,3.429896885638732
12.22774068478441,0.05456971586372884,12.61349822617077,2.529005087827479,15.06357990794903,0.08347411048663339,,,9.99660247244165,3.525668945936384
12.23816656428133,0.050854580274947,12.6239241056677,2.474235999990918,15.07400578744596,0.08128309929181642,,,10.00702835193858,3.631072587296396
12.24859244377826,0.04729055334188573,12.63434998516463,2.416905520225042,15.08443166694289,0.07900368700089599,,,10.01745423143551,3.746344730592991
12.25901832327519,0.04388395208182348,12.64477586466156,2.357219770834879,15.09485754643982,0.07665360202042773,,,10.02788011093243,3.871488230651573
12.26944420277212,0.04063972199474736,12.65520174415848,2.295402108549327,15.10528342593675,0.07425096949187385,,,10.03830599042936,4.006596800521209
12.27987008226905,0.03756037238148367,12.66562762365541,2.231705125963871,15.11570930543367,0.07181275129530082,,,10.04873186992629,4.151647839696761
12.29029596176598,0.03464737848045271,12.67605350315234,2.166354091738476,15.1261351849306,0.06935650444828231,,,10.05915774942322,4.306550597413311
12.30072184126291,0.03190155196470955,12.68647938264927,2.099620563709474,15.13656106442753,0.06689899505496766,,,10.06958362892015,4.471093886908359
12.31114772075984,0.02932136399170997,12.6969052621462,2.031771728231304,15.14698694392446,0.06445633671489115,,,10.08000950841708,4.645165913994293
12.32157360025676,0.02690450862744964,12.70733114164313,1.963079188273877,15.15741282342139,0.06204385541093442,,,10.09043538791401,4.828406786465147
12.33199947975369,0.02464764410385285,12.71775702114006,1.893816392400296,15.16783870291832,0.05967597184196625,,,10.10086126741094,5.020456589052816
12.34242535925062,0.02254652218018956,12.72818290063699,1.82425613322691,15.17826458241525,0.05736610212539432,,,10.11128714690787,5.220891002718158
12.35285123874755,0.02059611762060424,12.73860878013391,1.754668141284919,15.18869046191218,0.05512657738695838,,,10.12171302640479,5.429223419143929
12.36327711824448,0.01879075579695392,12.74903465963084,1.685316797551099,15.1991163414091,0.05296858235662814,,,10.13213890590172,5.644907452737011
12.37370299774141,0.01712423663931063,12.75946053912777,1.616458985113712,15.20954222090603,0.05090211270964715,,,10.14256478539865,5.867339833733178
12.38412887723834,0.01558995338615435,12.7698864186247,1.548808948387133,15.21996810040296,0.0489359505388943,,,10.15299066489558,6.097546277927265
12.39455475673527,0.01418400524802915,12.78031229812163,1.482632411869497,15.23039397989989,0.04707765702599608,,,10.16341654439251,6.334806180321927
12.40498063623219,0.01289936511648825,12.79073817761856,1.417643636710415,15.24081985939682,0.04533373458653223,,,10.17384242388944,6.576656749484376
12.41540651572912,0.01172570850592428,12.80116405711549,1.354043864450562,15.25124573889375,0.04370907679650869,,,10.18426830338637,6.822276565417247
12.42583239522605,0.01065579686240309,12.81158993661242,1.292018934024554,15.26167161839068,0.04220781351886707,,,10.1946941828833,7.070756730671022
12.43625827472298,0.009682464898857197,12.82201581610935,1.231738338644103,15.27209749788761,0.04083284833825935,,,10.20512006238022,7.321321741770296
12.44668415421991,0.00879859077070045,12.83244169560627,1.173354478445976,15.28252337738453,0.03958603618817434,,,10.21554594187715,7.572992815386259
12.45711003371684,0.007997572071912604,12.8428675751032,1.117002106443767,15.29294925688146,0.03846824738156612,,,10.22597182137408,7.824836068226091
12.46753591321377,0.007272715122711491,12.85329345460013,1.062797963524542,15.30337513637839,0.0374876296911711,,,10.23639770087101,8.075903510246455
12.4779617927107,0.006617744375036026,12.86371933409706,1.010840596677646,15.31380101587532,0.03664556090365126,,,10.24682358036794,8.325239113920466
12.48838767220762,0.006026709534199716,12.87414521359399,0.9611863975566116,15.32422689537225,0.03592801853100978,,,10.25724945986487,8.571916309175757
12.49881355170455,0.005494009999960077,12.88457109309092,0.9139507085902578,15.33465277486918,0.03533439553982533,,,10.2676753393618,8.814927338516963
12.50923943120148,0.005014411865991899,12.89499697258785,0.8691479923074769,15.34507865436611,0.03486336060070298,,,10.27810121885873,9.055910949226664
12.51966531069841,0.004583058150814423,12.90542285208478,0.8268058036034914,15.35550453386304,0.03451131822778464,,,10.28852709835565,9.293816198890898
12.53009119019534,0.004195472966736224,12.9158487315817,0.7869350198854639,15.36593041335996,0.03427248055676989,,,10.29895297785258,9.525253904298607
12.54051706969227,0.003847246733721161,12.92627461107863,0.7495305835339275,15.37635629285689,0.0341423876106683,,,10.30937885734951,9.749313048454242
12.5509429491892,0.003535351876932846,12.93670049057556,0.7145723593265779,15.38678217235382,0.03411625083564557,,,10.31980473684644,9.965119533926964
12.56136882868613,0.003256036505747724,12.94712637007249,0.6820260952911582,15.39720805185075,0.03418901055411983,,,10.33023061634337,10.17184239085588
12.57179470818305,0.003006605322620578,12.95755224956942,0.651844475124423,15.40763393134768,0.03435538782304534,,,10.3406564958403,10.36869963852362
12.58222058767998,0.0027843878811974,12.96797812906635,0.6239682500019951,15.41805981084461,0.03460993066000084,,,10.35108237533723,10.55496372819024
12.59264646717691,0.002586721079300964,12.97840400856328,0.5983274372971139,15.42848569034154,0.03494698536026936,,,10.36150825483416,10.73004743853863
12.60307234667384,0.002411548619843703,12.98882988806021,0.5748425734187871,15.43891156983847,0.03536092660985463,,,10.37193413433108,10.89592993686522
12.61349822617077,0.00225709297804265,12.99925576755713,0.553401031957337,15.4493374493354,0.03584613709955269,,,10.38236001382801,11.05214790656387
12.6239241056677,0.002121834699725249,13.00968164705406,0.5339635869019559,15.45976332883232,0.03640595239906703,,,10.39278589332494,11.19542993758212
12.63434998516463,0.002004491403609199,13.02010752655099,0.5163990543121555,15.47018920832925,0.03703449649731093,,,10.40321177282187,11.32534010676047
12.64477586466156,0.001903996778270217,13.03053340604792,0.5005853346661551,15.48061508782618,0.03771657831133433,,,10.4136376523188,11.44153280468912
12.65520174415848,0.001819479808102317,13.04095928554485,0.4864574766053183,15.49104096732311,0.03844627832837353,,,10.42406353181573,11.54372885987733
12.66562762365541,0.001751599297283363,13.05138516504178,0.4738847781937464,15.50146684682004,0.0392177216669327,,,10.43448941131266,11.63172809449175
12.67605350315234,0.001697463528640119,13.06181104453871,0.4627556289388122,15.51189272631697,0.04002508070300672,,,10.44491529080959,11.70789540428161
12.68647938264927,0.001657752577281799,13.07223692403564,0.4529620474582382,15.5223186058139,0.04086265723586108,,,10.45534117030651,11.77212163890582
12.6969052621462,0.001632199435848345,13.08266280353256,0.4444148612752782,15.53274448531083,0.04172480387476593,,,10.46576704980344,11.82191912380053
12.70733114164313,0.001620641098801585,13.09308868302949,0.4369817862776961,15.54317036480775,0.04260601307264592,,,10.47619292930037,11.86090734237177
12.71775702114006,0.00162300231547574,13.10351456252642,0.4305772432292155,15.55359624430468,0.04350092064869802,,,10.4866188087973,11.88920179669771
12.72818290063699,0.00163928017111857,13.11394044202335,0.4251072021921266,15.56402212380161,0.04440555872529324,,,10.49704468829423,11.90346103013036
12.73860878013391,0.001669529482612699,13.12436632152028,0.4204832088834342,15.57444800329854,0.04531491309169352,,,10.50747056779116,11.90390991708615
12.74903465963084,0.001713848990550262,13.13479220101721,0.416622994293663,15.58487388279547,0.0462229511182446,,,10.51789644728809,11.8914742720969
12.75946053912777,0.001772368329462847,13.14521808051414,0.4134509524005644,15.5952997622924,0.04713469023549612,,,10.52832232678502,11.86649858294582
12.7698864186247,0.001844360369490161,13.15564396001107,0.4108984812148967,15.60572564178933,0.04804578224253524,,,10.53874820628194,11.82874204280506
12.78031229812163,0.001931918409863307,13.16606983950799,0.4089041845057994,15.61615152128626,0.04894254729716671,,,10.54917408577887,11.77865296340483
12.79073817761856,0.002034093169278653,13.17649571900492,0.4074139338236984,15.62657740078318,0.04982122787331084,,,10.5595999652758,11.71678924467553
12.80116405711549,0.002151030447998728,13.18692159850185,0.4067675562961922,15.63700328028011,0.05067845455837426,,,10.57002584477273,11.64615496804555
12.81158993661242,0.002282851920730553,13.19734747799878,0.4069219507194812,15.64742915977704,0.05151173350325734,,,10.58045172426966,11.56735779837458
12.82201581610935,0.002429647128150673,13.20777335749571,0.4074507950286155,15.65785503927397,0.05231779132878047,,,10.59087760376659,11.47840066309234
12.83244169560627,0.002591466365413664,13.21819923699264,0.4083208537054013,15.6682809187709,0.05309498991394269,,,10.60130348326352,11.37988888227706
12.8428675751032,0.002768314552586193,13.22862511648957,0.4095047390735459,15.67870679826783,0.05384207294860379,,,10.61172936276045,11.27251538281494
12.85329345460013,0.002960146182304761,13.2390509959865,0.41098034073552,15.68913267776476,0.05455993701435555,,,10.62215524225737,11.15679244017963
12.86371933409706,0.003166861447204782,13.24947687548342,0.412730174022196,15.69955855726169,0.05524836664391653,,,10.6325811217543,11.03354459182156
12.87414521359399,0.003385186437373902,13.25990275498035,0.4147405833136412,15.70998443675861,0.05590531524983448,,,10.64300700125123,10.90341837314438
12.88457109309092,0.003621807150762968,13.27032863447728,0.4170013165291308,15.72041031625554,0.05655860860772224,,,10.65343288074816,10.76713268525509
12.89499697258785,0.003872530249723749,13.28075451397421,0.419504196290093,15.73083619575247,0.05720935408293363,,,10.66385876024509,10.62548250022396
12.90542285208478,0.004137054305965104,13.29118039347114,0.4222426987419552,15.7412620752494,0.05783193404955989,,,10.67428463974202,10.47910989408575
12.9158487315817,0.004415020411673009,13.30160627296807,0.4252110608674665,15.75168795474633,0.0584283691395534,,,10.68471051923895,10.32882326488037
12.92627461107863,0.004706018279396418,13.312032152465,0.4283690652117729,15.76211383424326,0.05900121860184247,,,10.69513639873588,10.17539399840895
12.93670049057556,0.005009593905965467,13.32245803196193,0.4317865108238219,15.77253971374019,0.05955354860390953,,,10.7055622782328,10.01961791580947
12.94712637007249,0.005325258804820176,13.33288391145885,0.4354122296190806,15.78296559323712,0.06008889065720886,,,10.71598815772973,9.866171753666185
12.95755224956942,0.005652500769369685,13.34330979095578,0.4392367693447243,15.79339147273404,0.0606111902392972,,,10.72641403722666,9.715822926242064
12.96797812906635,0.005990796084295574,13.35373567045271,0.4432482371923789,15.80381735223097,0.06112517341037983,,,10.73683991672359,9.565414832521295
12.97840400856328,0.0063396230529713,13.36416154994964,0.4474319535541629,15.8142432317279,0.06163468014828987,,,10.74726579622052,9.415698834033364
12.98882988806021,0.006698476658489919,13.37458742944657,0.451770222334976,15.82466911122483,0.06214483953179563,,,10.75769167571745,9.267433945340512
12.99925576755713,0.007066880933528672,13.3850133089435,0.4562422242340995,15.83509499072176,0.06268630000458952,,,10.76811755521438,9.121386443030294
13.00968164705406,0.007444418582119694,13.39543918844043,0.4608240362012437,15.84552087021869,0.06326716431472106,,,10.77854343471131,8.980157795819526
13.02010752655099,0.007835094078189345,13.40586506793736,0.465488776942019,15.85594674971562,0.06386266904615409,,,10.78896931420824,8.844511445644821
13.03053340604792,0.008231023195028005,13.41629094743429,0.470206874978446,15.86637262921255,0.06447712751481278,,,10.79939519370516,8.713371491477375
13.04095928554485,0.008636025764361004,13.42671682693121,0.4749464524474915,15.87679850870947,0.0651145589687913,,,10.80982107320209,8.587493220012739
13.05138516504178,0.009050060815791091,13.43714270642814,0.479673814631286,15.8872243882064,0.065777611897941,,,10.82024695269902,8.467632321544098
13.06181104453871,0.009472816331430108,13.44756858592507,0.4843540322414998,15.89765026770333,0.06647181202951957,,,10.83067283219595,8.354542156383113
13.07223692403564,0.00990457579622606,13.457994465422,0.4889516008079464,15.90807614720026,0.06720015261862271,,,10.84109871169288,8.248970423849514
13.08266280353256,0.0103462852920472,13.46842034491893,0.4934311592220958,15.91850202669719,0.06796196598940279,,,10.85152459118981,8.151655230393558
13.09308868302949,0.01079770863873901,13.47884622441586,0.4977582476254082,15.92892790619412,0.06875991921237486,,,10.86195047068674,8.0633205696796
13.10351456252642,0.01126005192840672,13.48927210391279,0.5018591348041612,15.93935378569105,0.06959466229705015,,,10.87237635018367,7.984671243877308
13.11394044202335,0.0117343179965367,13.49969798340972,0.505794138340536,15.94977966518798,0.07046602528453175,,,10.88280222968059,7.91638727160151
13.12436632152028,0.01222169863023321,13.51012386290664,0.5094846164441377,15.9602055446849,0.07137297367334612,,,10.89322810917752,7.859117843539578
13.13479220101721,0.01272357162564497,13.52054974240357,0.5129076808480731,15.97063142418183,0.07231357761048395,,,10.90365398867445,7.813474901446551
13.14521808051414,0.01324149404056229,13.5309756219005,0.5160448992078158,15.98105730367876,0.07328499604691012,,,10.91407986817138,7.780026429530382
13.15564396001107,0.01377719158323126,13.54140150139743,0.518882846999177,15.99148318317569,0.07428347680542546,,,10.92450574766831,7.75928955897959
13.16606983950799,0.0143325441775926,13.55182738089436,0.5214135511564452,16.00190906267262,0.0753043732263477,,,10.93493162716524,7.754216987970321
13.17649571900492,0.01490956785085492,13.56225326039129,0.5236348105953513,16.01233494216955,0.07634217774832616,,,10.94535750666217,7.765131440945702
13.18692159850185,0.01552255591106835,13.57267913988822,0.5255503816386374,16.02276082166648,0.07740517271631876,,,10.9557833861591,7.789876468212907
13.19734747799878,0.01617362993344324,13.58310501938515,0.5277447007284605,16.03318670116341,0.07848617821244275,,,10.96620926565602,7.828658543755673
13.20777335749571,0.016852713929205,13.59353089888207,0.5302672078090821,16.04361258066033,0.07956263685436743,,,10.97663514515295,7.881601526585576
13.21819923699264,0.01756193224774897,13.603956778379,0.5324923693635126,16.05403846015726,0.08062603452508388,,,10.98706102464988,7.948741666550345
13.22862511648957,0.01830341893092804,13.61438265787593,0.5344700625258196,16.06446433965419,0.08166828460331957,,,10.99748690414681,8.030023241037934
13.2390509959865,0.01907928906660961,13.62480853737286,0.5362117505412157,16.07489021915112,0.08267860684147094,,,11.00791278364374,8.125294926149461
13.24947687548342,0.01989161019505819,13.63523441686979,0.5377517779726473,16.08531609864805,0.08364824741171417,,,11.01833866314067,8.234306996834523
13.25990275498035,0.02074237458078308,13.64566029636672,0.5391384390332027,16.09574197814498,0.0845677346912231,,,11.0287645426376,8.356709439266366
13.27032863447728,0.02163347318743582,13.65608617586365,0.5403942082667883,16.10616785764191,0.08542771453034298,,,11.03919042213453,8.492108585915103
13.28075451397421,0.02256667219368666,13.66651205536058,0.5415405289051236,16.11659373713884,0.08621910251497857,,,11.04961630163145,8.63985233392923
13.29118039347114,0.02354359286169212,13.6769379348575,0.5426424489754332,16.12701961663576,0.08693323604422334,,,11.06004218112838,8.799334644308745
13.30160627296807,0.02456569551540874,13.68736381435443,0.5437070717688157,16.13744549613269,0.08756202343821712,,,11.07046806062531,8.96977334456353
13.312032152465,0.02563420798786887,13.69778969385136,0.5448048550180418,16.14787137562962,0.08809938723368045,,,11.08089394012224,9.150399580745141
13.32245803196193,0.02675037388434843,13.70821557334829,0.5459612514787155,16.15829725512655,0.08854264362606402,,,11.09131981961917,9.340239199367268
13.33288391145885,0.02791504923817129,13.71864145284522,0.5472186474587555,16.16872313462348,0.08888722888193075,,,11.1017456991161,9.538276483840903
13.34330979095578,0.02912899419745823,13.72906733234215,0.5485966746999417,16.17914901412041,0.08912249255787442,,,11.11217157861303,9.743418421784272
13.35373567045271,0.03039280856192994,13.73949321183908,0.5501289943911519,16.18957489361734,0.08924506842477405,,,11.12259745810996,9.954502247744612
13.36416154994964,0.03170694980311702,13.74991909133601,0.5518389756759504,16.20000077311427,0.08925285401424914,,,11.13302333760688,10.17030383844031
13.37458742944657,0.03307175672039842,13.76034497083293,0.5537447819014354,16.21042665261119,0.08914507100049857,,,11.14344921710381,10.389546861705
13.3850133089435,0.03448747816841465,13.77077085032986,0.5558589958128549,16.22085253210812,0.08892214287827263,,,11.15387509660074,10.61091256762774
13.39543918844043,0.03595430606878972,13.78119672982679,0.5581884146891875,16.23127841160505,0.0886790379663232,,,11.16430097609767,10.83312900799262
13.40586506793736,0.03747241170326322,13.79162260932372,0.5607340280717804,16.24170429110198,0.08841814873423384,,,11.1747268555946,11.05593105482084
13.41629094743429,0.03904198408366944,13.80204848882065,0.5634911867123592,16.25213017059891,0.0880500484794767,,,11.18515273509153,11.27798906794779
13.42671682693121,0.04066326901421292,13.81247436831758,0.5664499670617417,16.26255605009584,0.08757925887147303,,,11.19557861458846,11.49908362555519
13.43714270642814,0.04233660731058238,13.82290024781451,0.5695957311306113,16.27298192959277,0.0870117097821192,,,11.20600449408539,11.71781113842295
13.44756858592507,0.0440624705256656,13.83332612731144,0.572909876976611,16.2834078090897,0.08635444651003177,,,11.21643037358231,11.93033886829681
13.457994465422,0.04584149245940858,13.84375200680836,0.5763707705070192,16.29383368858662,0.0856157079569593,,,11.22685625307924,12.13529921572004
13.46842034491893,0.04767449470628219,13.85417788630529,0.57995484483144,16.30425956808355,0.08480478285464331,,,11.23728213257617,12.33137092341015
13.47884622441586,0.04956250452234172,13.86460376580222,0.5836378491490744,16.31468544758048,0.08393189399394287,,,11.2477080120731,12.5172895587148
13.48927210391279,0.05150675726864085,13.87502964529915,0.5873962251994445,16.32511132707741,0.08300806929881703,,,11.25813389157003,12.69185732167054
13.49969798340972,0.05350871990184752,13.88545552479608,0.591208585725884,16.33553720657434,0.08204500205352262,,,11.26855977106696,12.85395208048536
13.51012386290664,0.05557003577764337,13.89588140429301,0.5950572662705478,16.34596308607127,0.08105490274293214,,,11.27898565056389,13.00575228554238
13.52054974240357,0.05769252610659591,13.90630728378994,0.5989299190007864,16.3563889655682,0.0800503450603899,,,11.28941153006082,13.14623054409426
13.5309756219005,0.05987814084508716,13.91673316328687,0.6028211805718695,16.36681484506513,0.07904410867547174,,,11.29983740955774,13.27261320279647
13.54140150139743,0.06212890308438041,13.92715904278379,0.6067340043697831,16.37724072456205,0.07804885376002872,,,11.31026328905467,13.3846192078952
13.55182738089436,0.06444683919939191,13.93758492228072,0.6106925082758724,16.38766660405899,0.07707848268058777,,,11.3206891685516,13.48030983594379
13.56225326039129,0.06683389518920692,13.94801080177765,0.6147211078369167,16.39809248355591,0.07614384231777774,,,11.33111504804853,13.55848487289224
13.57267913988822,0.06929184008167774,13.95843668127458,0.6188457973221378,16.40851836305284,0.07525763315750608,,,11.34154092754546,13.61865533594538
13.58310501938515,0.07187600328500056,13.96886256077151,0.6231175710456676,16.41894424254977,0.07443178763538423,,,11.35196680704239,13.66045082000186
13.59353089888207,0.0745881892830792,13.97928844026844,0.6276019812390734,16.4293701220467,0.07367646072029387,,,11.36239268653932,13.68607625801875
13.603956778379,0.07741573888178432,13.98971431976537,0.6323800922435051,16.43979600154363,0.07300205624519955,,,11.37281856603625,13.69798988733971
13.61438265787593,0.08030285292005553,14.0001401992623,0.6382354488652873,16.45022188104056,0.07241777628508317,,,11.38324444553317,13.69355577227005
13.62480853737286,0.08324842788318422,14.01056607875922,0.6452467812785572,16.46064776053748,0.07193185401634368,,,11.3936703250301,13.67022897962809
13.63523441686979,0.08626634835488338,14.02099195825615,0.6528984384070797,16.47107364003442,0.07155148100735391,,,11.40409620452703,13.62830797749782
13.64566029636672,0.08935447870028719,14.03141783775308,0.661284266171283,16.48149951953134,0.07128272513619577,,,11.41452208402396,13.5679658803607
13.65608617586365,0.09250919951057832,14.04184371725001,0.6705716637469178,16.49192539902827,0.07113059074727669,,,11.42494796352089,13.48960702906709
13.66651205536058,0.09572588821775853,14.05226959674694,0.6809424666462771,16.5023512785252,0.07110047342719347,,,11.43537384301782,13.39364872854927
13.6769379348575,0.09900629366136793,14.06269547624387,0.6925406478016143,16.51277715802213,0.07119192684322959,,,11.44579972251475,13.28073128170018
13.68736381435443,0.1023324999210682,14.0731213557408,0.7055682926406789,16.52320303751906,0.07140810559721374,,,11.45622560201168,13.15153756677529
13.69778969385136,0.1057027012224168,14.08354723523773,0.7202220957912323,16.53362891701599,0.07174917360089123,,,11.46665148150861,13.00683313339105
13.70821557334829,0.1091088932562346,14.09397311473466,0.7367056764654232,16.54405479651292,0.07221404577024913,,,11.47707736100553,12.85000232306749
13.71864145284522,0.1125783117646117,14.10439899423158,0.7552193263021397,16.55448067600985,0.07280086587868519,,,11.48750324050246,12.68182474991742
13.72906733234215,0.1160389469684311,14.11482487372851,0.7759894930235969,16.56490655550677,0.07352459661999314,,,11.49792911999939,12.50100853244649
13.73949321183908,0.1195096853261027,14.12525075322544,0.7992144077584533,16.5753324350037,0.07438109211673984,,,11.50835499949632,12.30855017295938
13.74991909133601,0.1229808087570075,14.13567663272237,0.8250971605893843,16.58575831450063,0.07534716518391973,,,11.51878087899325,12.10557261844616
13.76034497083293,0.1264426852418598,14.1461025122193,0.8538325416197888,16.59618419399756,0.07642589589063158,,,11.52920675849018,11.89561079630269
13.77077085032986,0.1298860922940726,14.15652839171623,0.885603508134833,16.60661007349449,0.07760966418101596,,,11.53963263798711,11.67986876792049
13.78119672982679,0.1333025870439068,14.16695427121316,0.9205775980383348,16.61703595299142,0.07888245876744331,,,11.55005851748404,11.45721165289101
13.79162260932372,0.1366849216194697,14.17738015071009,0.9589033453010848,16.62746183248835,0.08023597919278225,,,11.56048439698096,11.22889235051745
13.80204848882065,0.1400275015927875,14.18780603020701,1.000706756076427,16.63788771198528,0.08166094380689427,,,11.57091027647789,10.99618527585533
13.81247436831758,0.1433268843265491,14.19823190970394,1.046087906254722,16.6483135914822,0.08314938989010738,,,11.58133615597482,10.76279558311341
13.82290024781451,0.1465823131207564,14.20865778920087,1.095117722449454,16.65873947097913,0.08469117478259174,,,11.59176203547175,10.52999473838568
13.83332612731144,0.1497962821307862,14.2190836686978,1.1478350086503,16.66916535047606,0.08627661203677831,,,11.60218791496868,10.29661169646659
13.84375200680836,0.1529751261208295,14.22950954819473,1.204243779967819,16.67959122997299,0.08789587959658247,,,11.61261379446561,10.06387973198612
13.85417788630529,0.1561296282398324,14.23993542769166,1.264310962968131,16.69001710946992,0.08954361091157179,,,11.62303967396254,9.834539010980087
13.86460376580222,0.1592756381703322,14.25036130718859,1.327964519007071,16.70044298896685,0.09120215646124688,,,11.63346555345947,9.609679532307032
13.87502964529915,0.1624346922123093,14.26078718668552,1.395092042693423,16.71086886846378,0.09286540483314788,,,11.64389143295639,9.389058611286666
13.88545552479608,0.1656346261317491,14.27121306618244,1.465539882133646,16.72129474796071,0.09454088918848016,,,11.65431731245332,9.173726629648849
13.89588140429301,0.1689101709336905,14.28163894567937,1.539112820954095,16.73172062745763,0.09621929505629079,,,11.66474319195025,8.96455648532932
13.90630728378994,0.1723035211183574,14.2920648251763,1.615574354306955,16.74214650695456,0.09787503906543596,,,11.67516907144718,8.762560951436013
13.91673316328687,0.1758648644527003,14.30249070467323,1.69464758221771,16.75257238645149,0.09950003220257579,,,11.68559495094411,8.568618689177242
13.92715904278379,0.1796528618448257,14.31291658417016,1.776016733830543,16.76299826594842,0.1010842203075038,,,11.69602083044104,8.38349447657556
13.93758492228072,0.1839086563184769,14.32334246366709,1.859329325490322,16.77342414544535,0.1026209074200262,,,11.70644670993797,8.207985844601383
13.94801080177765,0.1887076230526073,14.33376834316402,1.94419894433269,16.78385002494228,0.1041031235142115,,,11.7168725894349,8.042675008653358
13.95843668127458,0.1939596384114287,14.34419422266095,2.030208637333513,16.79427590443921,0.1055260170044351,,,11.72729846893182,7.888095937735667
13.96886256077151,0.1997579098481689,14.35462010215787,2.116914873817848,16.80470178393614,0.1068815102228212,,,11.73772434842875,7.744684385189802
13.97928844026844,0.206205413775136,14.3650459816548,2.203852037491594,16.81512766343306,0.1081758097066586,,,11.74815022792568,7.612774840891497
13.98971431976537,0.2134149004906559,14.37547186115173,2.290537392398532,16.82555354292999,0.1094510747610734,,,11.75857610742261,7.492598458367274
14.0001401992623,0.2215313638331332,14.38589774064866,2.376483577976833,16.83597942242692,0.1107115690136494,,,11.76900198691954,7.384282011707912
14.01056607875922,0.2306811910924255,14.39632362014559,2.461177712145799,16.84640530192385,0.1118909834194267,,,11.77942786641647,7.287847924077991
14.02099195825615,0.2409901888750309,14.40674949964252,2.544124877619706,16.85683118142078,0.1129871926863725,,,11.7898537459134,7.203215395088812
14.03141783775308,0.2526012271976283,14.41717537913945,2.624830563522659,16.86725706091771,0.113999089111405,,,11.80027962541033,7.130202638584747
14.04184371725001,0.2656724354625665,14.42760125863638,2.702812447314542,16.87768294041464,0.1149280500563613,,,11.81070550490725,7.068530225791462
14.05226959674694,0.2803661935727821,14.4380271381333,2.777606432579697,16.88810881991157,0.1157725909544079,,,11.82113138440418,7.017825511614341
14.06269547624387,0.2968491016474049,14.44845301763023,2.8487726698531,16.89853469940849,0.1165360071856061,,,11.83155726390111,6.977628104497976
14.0731213557408,0.3152924591353327,14.45887889712716,2.915901172966515,16.90896057890542,0.1172215921966496,,,11.84198314339804,6.947396323014968
14.08354723523773,0.3358695441808138,14.46930477662409,2.978617128810301,16.91938645840235,0.1178337962091373,,,11.85240902289497,6.927666032134502
14.09397311473466,0.3587541496211984,14.47973065612102,3.036585722118214,16.92981233789928,0.1183782376403124,,,11.8628349023919,6.917829480096191
14.10439899423158,0.3841184234369083,14.49015653561795,3.089516394323423,16.94023821739621,0.1188625020344099,,,11.87326078188883,6.915893449486813
14.11482487372851,0.4121317990674709,14.50058241511488,3.137155051671527,16.95066409689314,0.1192933150238795,,,11.88368666138576,6.921054356043892
14.12525075322544,0.4429571413440223,14.51100829461181,3.1808638824884,16.96108997639007,0.119680308703563,,,11.89411254088268,6.93247191179844
14.13567663272237,0.4767495111535062,14.52143417410873,3.220632263543929,16.971515855887,0.1200337813583278,,,11.90453842037961,6.949279709130738
14.1461025122193,0.5136533646426398,14.53186005360566,3.255155862073767,16.98194173538392,0.1203997226890553,,,11.91496429987654,6.970595976006655
14.15652839171623,0.5537999672332294,14.54228593310259,3.284267207952544,16.99236761488085,0.1207903893889982,,,11.92539017937347,6.995534348389659
14.16695427121316,0.5973047454450975,14.55271181259952,3.307540668359472,17.00279349437778,0.1211842765035013,,,11.9358160588704,7.023214504090718
14.17738015071009,0.6442646093768789,14.56313769209645,3.325724116561889,17.01321937387471,0.1215954846911334,,,11.94624193836733,7.052772503335258
14.18780603020701,0.6947552822803844,14.57356357159338,3.339579771301506,17.02364525337164,0.1220400970377525,,,11.95666781786426,7.085657437747631
14.19823190970394,0.7488286769177899,14.58398945109031,3.348578747429249,17.03407113286857,0.1225354663486472,,,11.96709369736119,7.121048619792061
14.20865778920087,0.8065103612011529,14.59441533058724,3.352737492171121,17.0444970123655,0.1230942313461039,,,11.97751957685811,7.155864419010192
14.2190836686978,0.8677971578682614,14.60484121008416,3.352277151892328,17.05492289186243,0.1237366408487217,,,11.98794545635504,7.189362616812579
14.22950954819473,0.9326549245372879,14.61526708958109,3.346927511845954,17.06534877135935,0.1245330877213355,,,11.99837133585197,7.220860919452526
14.23993542769166,1.001016561300968,14.62569296907802,3.336969521207211,17.07577465085628,0.1255025158304197,,,12.0087972153489,7.249743150419827
14.25036130718859,1.072780292974534,14.63611884857495,3.322994203084201,17.08620053035321,0.1266128683122389,,,12.01922309484583,7.275464285833137
14.26078718668552,1.147808272119761,14.64654472807188,3.305343072918678,17.09662640985014,0.1278859189187446,,,12.02964897434276,7.297554269264623
14.27121306618244,1.225925546966969,14.65697060756881,3.284055469027565,17.10705228934707,0.1293388080034925,,,12.04007485383969,7.315620563954053
14.28163894567937,1.306919435305665,14.66739648706574,3.259495331944238,17.117478168844,0.1309941338933885,,,12.05050073333662,7.329349422766601
14.2920648251763,1.390539341294865,14.67782236656267,3.23202187828812,17.12790404834093,0.1328733754693497,,,12.06092661283354,7.338505879069015
14.30249070467323,1.476497046965122,14.68824824605959,3.201992509593058,17.13832992783786,0.1349983533594484,,,12.07135249233047,7.342932484475755
14.31291658417016,1.564467503983916,14.69867412555652,3.169758541282894,17.14875580733478,0.1373893039334624,,,12.0817783718274,7.345682787124106
14.32334246366709,1.654090144102321,14.70910000505345,3.135659213068227,17.15918168683171,0.1400725276136243,,,12.09220425132433,7.346695634439508
14.33376834316402,1.744970718692006,14.71952588455038,3.100017172732501,17.16960756632864,0.1430679998055457,,,12.10263013082126,7.342894860375865
14.34419422266095,1.836683669045498,14.72995176404731,3.063134332105448,17.18003344582557,0.1463979660860217,,,12.11305601031819,7.33667080425157
14.35462010215787,1.928775019804907,14.74037764354424,3.025288363596637,17.1904593253225,0.1500844903479753,,,12.12348188981512,7.328234249698119
14.3650459816548,2.020765778185661,14.75080352304117,2.986729898405153,17.20088520481943,0.1541493235366532,,,12.13390776931205,7.315258034048536
14.37547186115173,2.112155811774404,14.7612294025381,2.947680470703937,17.21131108431636,0.1586137611451493,,,12.14433364880898,7.297921797157995
14.38589774064866,2.202428313783916,14.77165528203503,2.908331556553154,17.22173696381329,0.1634984887294993,,,12.1547595283059,7.276441802120869
14.39632362014559,2.29105397200205,14.78208116153195,2.868842868278069,17.23216284331021,0.1688234148162884,,,12.16518540780283,7.251063836377622
14.40674949964252,2.377496791299738,14.79250704102888,2.829344321515839,17.24258872280714,0.1746074907518606,,,12.17561128729976,7.222055798483485
14.41717537913945,2.461218936866988,14.80293292052581,2.78995965726978,17.25301460230407,0.1808685172668527,,,12.18603716679669,7.189700255126935
14.42760125863638,2.541686384264912,14.81335880002274,2.750719964422613,17.263440481801,0.1876229378130931,,,12.19646304629362,7.154223295429891
14.4380271381333,2.618374563338993,14.82378467951967,2.711690844442128,17.27386636129793,0.1948856190800455,,,12.20688892579055,7.116056328327417
14.44845301763023,2.690774076575391,14.8342105590166,2.672899272227009,17.28429224079486,0.202669619493684,,,12.21731480528748,7.075378450906224
14.45887889712716,2.758396344106022,14.84463643851353,2.634350457582217,17.29471812029179,0.2109865751942888,,,12.22774068478441,7.03250316482679
14.46930477662409,2.820779132145738,14.85506231801046,2.596031423163327,17.30514399978872,0.2198771419401674,,,12.23816656428133,6.987679037725061
14.47973065612102,2.877491859921262,14.86548819750738,2.557921219268543,17.31556987928564,0.2293465674162169,,,12.24859244377826,6.941120997742019
14.49015653561795,2.928140601913091,14.87591407700431,2.519991125355615,17.32599575878257,0.239367780877832,,,12.25901832327519,6.893031198210582
14.50058241511488,2.972371634909101,14.88633995650124,2.482210006191248,17.3364216382795,0.2499530278940062,,,12.26944420277212,6.843591807470121
14.51100829461181,3.009926276512426,14.89676583599817,2.444548316660644,17.34684751777643,0.2611002456503631,,,12.27987008226905,6.792870977996914
14.52143417410873,3.042274241441144,14.9071917154951,2.406982234956815,17.35727339727336,0.2727858891814287,,,12.29029596176598,6.741039677686277
14.53186005360566,3.069932972528322,14.91761759499203,2.370161783177367,17.36769927677029,0.284998762045175,,,12.30072184126291,6.688210824457267
14.54228593310259,3.090987012519153,14.92804347448896,2.334078185211899,17.37812515626722,0.2977236628290643,,,12.31114772075984,6.634351457863019
14.55271181259952,3.104513785429281,14.93846935398589,2.298991876471463,17.38855103576415,0.3109411955608022,,,12.32157360025676,6.579455742616592
14.56313769209645,3.110449881314979,14.94889523348281,2.264919435654869,17.39897691526107,0.3246276078652656,,,12.33199947975369,6.52348354229679
14.57356357159338,3.108790208171181,14.95932111297974,2.23097426409859,17.409402794758,0.3387546624097927,,,12.34242535925062,6.467576555780905
14.58398945109031,3.09956074624799,14.96974699247667,2.197946264792561,17.41982867425493,0.353354939740414,,,12.35285123874755,6.411623527323739
14.59441533058724,3.083112946934531,14.9801728719736,2.165907675112102,17.43025455375186,0.3683904750141564,,,12.36327711824448,6.354263803012901
14.60484121008416,3.059599646757869,14.99059875147053,2.134213637804663,17.44068043324879,0.3837527684022679,,,12.37370299774141,6.295738084842407
14.61526708958109,3.028958443784741,15.00102463096746,2.102980343421329,17.45110631274572,0.3993993026736147,,,12.38412887723834,6.235857844212983
14.62569296907802,2.991446222306556,15.01145051046439,2.072348239166526,17.46153219224265,0.4152779777867465,,,12.39455475673527,6.176350981784398
14.63611884857495,2.948800489726701,15.02187638996132,2.042480671334706,17.47195807173958,0.4313272982390258,,,12.40498063623219,6.117094260596012
14.64654472807188,2.901359242442782,15.03230226945824,2.013561905187482,17.4823839512365,0.4474865657679932,,,12.41540651572912,6.055385632957475
14.65697060756881,2.848055589933256,15.04272814895517,1.985794567989975,17.49280983073343,0.4636925628559345,,,12.42583239522605,5.990977577937213
14.66739648706574,2.789290860313826,15.0531540284521,1.959396572373675,17.50323571023036,0.4798775413374183,,,12.43625827472298,5.923631741462251
14.67782236656267,2.725496393943026,15.06357990794903,1.934597587161757,17.51366158972729,0.4959865343139311,,,12.44668415421991,5.853077363551931
14.68824824605959,2.657128521607536,15.07400578744596,1.911635131124384,17.52408746922422,0.5119472686051987,,,12.45711003371684,5.779213240463894
14.69867412555652,2.584663168509714,15.08443166694289,1.890750371711298,17.53451334872115,0.5276695453071119,,,12.46753591321377,5.701799490515636
14.70910000505345,2.508590380733648,15.09485754643982,1.872183715564644,17.54493922821808,0.543077509715428,,,12.4779617927107,5.620683153736168
14.71952588455038,2.429408860528474,15.10528342593675,1.856176401445771,17.55536510771501,0.5580946970517382,,,12.48838767220762,5.535742336044859
14.72995176404731,2.347620593888826,15.11570930543367,1.84294308272043,17.56579098721193,0.5726446966276397,,,12.49881355170455,5.446841142380725
14.74037764354424,2.263725649448217,15.1261351849306,1.832699596759049,17.57621686670886,0.5866518401024905,,,12.50923943120148,5.354034085665479
14.75080352304117,2.178217221781651,15.13656106442753,1.825638290004118,17.58664274620579,0.6000419044004097,,,12.51966531069841,5.257247094903114
14.7612294025381,2.09157698502068,15.14698694392446,1.821928736288668,17.59706862570272,0.6127428192305465,,,12.53009119019534,5.156505818638249
14.77165528203503,2.004270940626228,15.15741282342139,1.821713941229486,17.60749450519965,0.6248643665616608,,,12.54051706969227,5.051844884089395
14.78208116153195,1.916745084098809,15.16783870291832,1.825106929356355,17.61792038469658,0.6363394130973615,,,12.5509429491892,4.943435553207713
14.79250704102888,1.829422663598204,15.17826458241525,1.832187776983933,17.62834626419351,0.6469245878934378,,,12.56136882868613,4.831382156806343
14.80293292052581,1.742710698829398,15.18869046191218,1.843001144796886,17.63877214369044,0.6565600572975007,,,12.57179470818305,4.719055258090842
14.81335880002274,1.656960831814155,15.1991163414091,1.857554354291752,17.64919802318736,0.6651935295805625,,,12.58222058767998,4.606643919204192
14.82378467951967,1.572519392575537,15.20954222090603,1.875816041794834,17.6596239026843,0.6727950132135744,,,12.59264646717691,4.491153785343508
14.8342105590166,1.489693248610169,15.21996810040296,1.897715412950497,17.67004978218122,0.6794032656365119,,,12.60307234667384,4.372812553760792
14.84463643851353,1.408756685854484,15.23039397989989,1.923142109543833,17.68047566167815,0.6849627303193688,,,12.61349822617077,4.251876885754679
14.85506231801046,1.329947554444644,15.24081985939682,1.951994479183807,17.69090154117508,0.6893649836086002,,,12.6239241056677,4.128629733279157
14.86548819750738,1.253481824736964,15.25124573889375,1.984002163188501,17.70132742067201,0.6925934323177673,,,12.63434998516463,4.003377391067095
14.87591407700431,1.179531034684119,15.26167161839068,2.018979657703692,17.71175330016894,0.6946837429348868,,,12.64477586466156,3.876446324832094
14.88633995650124,1.108239460016223,15.27209749788761,2.056669793389679,17.72217917966586,0.6956334253848462,,,12.65520174415848,3.748179826594501
14.89676583599817,1.039720944836617,15.28252337738453,2.096784166060844,17.73260505916279,0.6957776570720299,,,12.66562762365541,3.61895072200811
14.9071917154951,0.9740603975451723,15.29294925688146,2.139006358797833,17.74303093865973,0.695120837428951,,,12.67605350315234,3.489097420670775
14.91761759499203,0.9114315225258539,15.30337513637839,2.18327861231066,17.75345681815665,0.6932843268245192,,,12.68647938264927,3.359005605141519
14.92804347448896,0.8518660174228857,15.31380101587532,2.229238268408109,17.76388269765358,0.690283975045997,,,12.6969052621462,3.229050965378307
14.93846935398589,0.7953791926762249,15.32422689537225,2.27621895556085,17.77430857715051,0.6861443492763714,,,12.70733114164313,3.099608481413886
14.94889523348281,0.7419566128989776,15.33465277486918,2.323827902616775,17.78473445664744,0.6808970057586282,,,12.71775702114006,2.971049060828177
14.95932111297974,0.6914402541397718,15.34507865436611,2.371665447518571,17.79516033614437,0.6746372156320317,,,12.72818290063699,2.843736318892217
14.96974699247667,0.6437937708316552,15.35550453386304,2.419329163792231,17.80558621564129,0.6674079671377616,,,12.73860878013391,2.718023534131364
14.9801728719736,0.598952846170075,15.36593041335996,2.466418587898471,17.81601209513822,0.6591998505908908,,,12.74903465963084,2.594250808015202
14.99059875147053,0.5568274574070419,15.37635629285689,2.512541130481076,17.82643797463516,0.6500658378687004,,,12.75946053912777,2.472742453303168
15.00102463096746,0.5173320324462094,15.38678217235382,2.557315920476698,17.83686385413208,0.6400631648488467,,,12.7698864186247,2.354352796700416
15.01145051046439,0.4803735843908675,15.39720805185075,2.600378055381861,17.84728973362901,0.6292527198216117,,,12.78031229812163,2.239415178821702
15.02187638996132,0.4458536428317774,15.40763393134768,2.641382562003801,17.85771561312594,0.6177414708226251,,,12.79073817761856,2.127582915678329
15.03230226945824,0.4136700333536606,15.41805981084461,2.680008012354937,17.86814149262287,0.6055953737021919,,,12.80116405711549,2.0190873920049
15.04272814895517,0.3837184931255066,15.42848569034154,2.715929417318595,17.8785673721198,0.5928387471685845,,,12.81158993661242,1.914135410006107
15.0531540284521,0.3558941148691859,15.43891156983847,2.748945738655723,17.88899325161672,0.5795401233005671,,,12.82201581610935,1.81290835322559
15.06357990794903,0.3300926156242208,15.4493374493354,2.7787857785661,17.89941913111366,0.5657679185894132,,,12.83244169560627,1.715561627399682
15.07400578744596,0.3062114304745181,15.45976332883232,2.807153418838221,17.90984501061059,0.551592759994358,,,12.8428675751032,1.622224370457761
15.08443166694289,0.2841506347223068,15.47018920832925,2.833860718156575,17.92027089010751,0.537082371620722,,,12.85329345460013,1.532999421306459
15.09485754643982,0.2638137008487554,15.48061508782618,2.856843438066123,17.93069676960444,0.5223043303885555,,,12.86371933409706,1.447963534878352
15.10528342593675,0.2451081656352206,15.49104096732311,2.876196817041433,17.94112264910137,0.507363380792722,,,12.87414521359399,1.367122465653384
15.11570930543367,0.2279458356975022,15.50146684682004,2.892249422886492,17.9515485285983,0.4924411217246806,,,12.88457109309092,1.290602781771517
15.1261351849306,0.2122434594674228,15.51189272631697,2.904718835412059,17.96197440809523,0.4775593435537122,,,12.89499697258785,1.218349458859769
15.13656106442753,0.1979227053070967,15.5223186058139,2.91320423857382,17.97240028759215,0.462657324310575,,,12.90542285208478,1.150341856391292
15.14698694392446,0.1849103060219078,15.53274448531083,2.917706994646454,17.98282616708909,0.4477882536700719,,,12.9158487315817,1.086537400200018
15.15741282342139,0.1731380567002058,15.54317036480775,2.918275692696141,17.99325204658602,0.4330056972998388,,,12.92627461107863,1.026872947552511
15.16783870291832,0.1625427317102561,15.55359624430468,2.914985668232407,18.00367792608294,0.4183566130491831,,,12.93670049057556,0.9712662759956234
15.17826458241525,0.1530659335935532,15.56402212380161,2.908446268941029,18.01410380557987,0.403964065557225,,,12.94712637007249,0.9196176774860226
15.18869046191218,0.1446538858208098,15.57444800329854,2.898786170536737,18.0245296850768,0.3898690568108389,,,12.95755224956942,0.8718116393671448
15.1991163414091,0.1372571804200804,15.58487388279547,2.885677588885097,18.03495556457373,0.3760348878683024,,,12.96797812906635,0.8277185939013867
15.20954222090603,0.1308304904004363,15.5952997622924,2.869311213050358,18.04538144407066,0.3624898441061634,,,12.97840400856328,0.7871967182643692
15.21996810040296,0.125332255732087,15.60572564178933,2.849888701364049,18.05580732356758,0.3492679422172183,,,12.98882988806021,0.7500937671438634
15.23039397989989,0.1207243504541348,15.61615152128626,2.827619981637331,18.06623320306452,0.3363974727435884,,,12.99925576755713,0.7161867109968999
15.24081985939682,0.1169790368307277,15.62657740078318,2.802739927193295,18.07665908256145,0.3239038538175906,,,13.00968164705406,0.6854457167672425
15.25124573889375,0.1140513489837611,15.63700328028011,2.775495953282381,18.08708496205837,0.3118097589757154,,,13.02010752655099,0.6576247298743183
15.26167161839068,0.1119172125688675,15.64742915977704,2.746154931760128,18.0975108415553,0.3001352557233233,,,13.03053340604792,0.6324930174915752
15.27209749788761,0.1105488436755426,15.65785503927397,2.714964618757714,18.10793672105223,0.2888979505893066,,,13.04095928554485,0.6099904652808563
15.28252337738453,0.1099201552970966,15.6682809187709,2.682201796020512,18.11836260054916,0.2781131366415434,,,13.05138516504178,0.5898808605856745
15.29294925688146,0.1100064145957513,15.67870679826783,2.648151649968762,18.12878848004609,0.2677939397188034,,,13.06181104453871,0.5719829119937165
15.30337513637839,0.1107897080437559,15.68913267776476,2.613074313753608,18.13921435954302,0.2579514599657732,,,13.07223692403564,0.5561257708756279
15.31380101587532,0.112246996321863,15.69955855726169,2.577249623975927,18.14964023903995,0.2485949056287245,,,13.08266280353256,0.5421614395971585
15.32422689537225,0.1143496822217136,15.70998443675861,2.540929229143481,18.16006611853688,0.239731716473653,,,13.09308868302949,0.5298980897234417
15.33465277486918,0.1170751158187737,15.72041031625554,2.505312290122638,18.1704919980338,0.2313676746221502,,,13.10351456252642,0.5191970982418546
15.34507865436611,0.1204005367147819,15.73083619575247,2.47064105676149,18.18091787753073,0.2235070010559237,,,13.11394044202335,0.5099135973071214
15.35550453386304,0.1243025373372661,15.7412620752494,2.436199269604711,18.19134375702766,0.216152436515494,,,13.12436632152028,0.50191165334472
15.36593041335996,0.128756796666869,15.75168795474633,2.402200523278103,18.20176963652459,0.2093053060057565,,,13.13479220101721,0.4950649379325607
15.37635629285689,0.1337381106476223,15.76211383424326,2.368846138181573,18.21219551602152,0.2029655541530232,,,13.14521808051414,0.4892572298221104
15.38678217235382,0.1392200222688972,15.77253971374019,2.336323631279753,18.22262139551845,0.1971311951544836,,,13.15564396001107,0.4843827454795208
15.39720805185075,0.1451746127835983,15.78296559323712,2.30480585930142,18.23304727501538,0.1918009161303849,,,13.16606983950799,0.4803462978368336
15.40763393134768,0.1515723176576666,15.79339147273404,2.274449929157809,18.24347315451231,0.1870528169310059,,,13.17649571900492,0.4770632853982311
15.41805981084461,0.1583817705228748,15.80381735223097,2.245399966183689,18.25389903400923,0.1828805552791914,,,13.18692159850185,0.4749039744346075
15.42848569034154,0.1655687623676917,15.8142432317279,2.217772338239647,18.26432491350616,0.1791938783892373,,,13.19734747799878,0.473800631788016
15.43891156983847,0.173065701163089,15.82466911122483,2.191674456695968,18.27475079300309,0.1759829793518959,,,13.20777335749571,0.4732470927375555
15.4493374493354,0.1808944520826876,15.83509499072176,2.167906351491394,18.28517667250002,0.1732370772402888,,,13.21819923699264,0.4731907754651813
15.45976332883232,0.1890444338175224,15.84552087021869,2.14655667013266,18.29560255199695,0.1709439881699547,,,13.22862511648957,0.473587580641007
15.47018920832925,0.1974545756886458,15.85594674971562,2.126896601459488,18.30602843149388,0.1690901019789407,,,13.2390509959865,0.4744011412582914
15.48061508782618,0.2060433625817582,15.86637262921255,2.108979639460932,18.31645431099081,0.1676603615016185,,,13.24947687548342,0.4756019820982921
15.49104096732311,0.2147693979098922,15.87679850870947,2.092775581673822,18.32688019048773,0.1666382990624812,,,13.25990275498035,0.4771425274459241
15.50146684682004,0.2235933310216532,15.8872243882064,2.078241838580845,18.33730606998466,0.1660045413627312,,,13.27032863447728,0.4790576087277543
15.51189272631697,0.2324568837032301,15.89765026770333,2.065362517013722,18.34773194948159,0.1657425529150211,,,13.28075451397421,0.4813024874666955
15.5223186058139,0.241314160317015,15.90807614720026,2.054051080411182,18.35815782897852,0.1658298142902345,,,13.29118039347114,0.4838578392793521
15.53274448531083,0.2501077231140671,15.91850202669719,2.044219472874676,18.36858370847545,0.1662439462881013,,,13.30160627296807,0.4867324195907377
15.54317036480775,0.2587864681346213,15.92892790619412,2.035761368360313,18.37900958797238,0.1669615527909027,,,13.312032152465,0.4898604954289914
15.55359624430468,0.2672709131864359,15.93935378569105,2.02855256392462,18.38943546746931,0.1679611720909181,,,13.32245803196193,0.4933391275056417
15.56402212380161,0.2755839418505397,15.94977966518798,2.022452373322863,18.39986134696624,0.1692106031086577,,,13.33288391145885,0.4971002122758112
15.57444800329854,0.2836401649690136,15.9602055446849,2.017305111504074,18.41028722646316,0.1706856174522687,,,13.34330979095578,0.5011343522346865
15.58487388279547,0.2913810647328196,15.97063142418183,2.01294181606765,18.42071310596009,0.1723583186464312,,,13.35373567045271,0.5054301607088169
15.5952997622924,0.2987606712339173,15.98105730367876,2.009182198919711,18.43113898545702,0.1741998127847094,,,13.36416154994964,0.5099738096065008
15.60572564178933,0.3057355597180815,15.99148318317569,2.00583681788902,18.44156486495395,0.1761816912931909,,,13.37458742944657,0.51474870925599
15.61615152128626,0.3122653857349459,16.00190906267262,2.002709433709883,18.45199074445088,0.1782742113041193,,,13.3850133089435,0.5197353270423322
15.62657740078318,0.3183134026697131,16.01233494216955,1.999599563573751,18.46241662394781,0.1804479749225251,,,13.39543918844043,0.5249111478735209
15.63700328028011,0.3238469514404034,16.02276082166648,1.99654840886184,18.47284250344474,0.1826737913195893,,,13.40586506793736,0.5302507757121047
15.64742915977704,0.3288379910395409,16.03318670116341,1.99335314849279,18.48326838294167,0.1849229349844274,,,13.41629094743429,0.5357261715938173
15.65785503927397,0.3332632073852869,16.04361258066033,1.989569810980348,18.49369426243859,0.1871674090339622,,,13.42671682693121,0.5413070198175787
15.6682809187709,0.3371047752425523,16.05403846015726,1.985004680415827,18.50412014193552,0.1893802087356417,,,13.43714270642814,0.54696121042926
15.67870679826783,0.3403506495007691,16.06446433965419,1.979476959922016,18.51454602143245,0.1915355801464719,,,13.44756858592507,0.5526554228306607
15.68913267776476,0.3429988260516086,16.07489021915112,1.97281019642698,18.52497190092938,0.1936057177839387,,,13.457994465422,0.5583557924157937
15.69955855726169,0.3450488376254551,16.08531609864805,1.96485096437307,18.53539778042631,0.1955759604120855,,,13.46842034491893,0.564028639651895
15.70998443675861,0.3465008840559097,16.09574197814498,1.955461212050024,18.54582365992324,0.1974212653452824,,,13.47884622441586,0.5696412390553098
15.72041031625554,0.3477579440129451,16.10616785764191,1.944522869087795,18.55624953942017,0.1991232204491573,,,13.48927210391279,0.5750993078193103
15.73083619575247,0.348833681780027,16.11659373713884,1.931939763122041,18.5666754189171,0.2007043109556412,,,13.49969798340972,0.5805144975917046
15.7412620752494,0.3493522580449275,16.12701961663576,1.917639201591901,18.57710129841402,0.2021501117548088,,,13.51012386290664,0.585781982023702
15.75168795474633,0.3493350301931435,16.13744549613269,1.901573181772232,18.58752717791095,0.2034094829124118,,,13.52054974240357,0.5908810396140725
15.76211383424326,0.3488083535059986,16.14787137562962,1.883726239701043,18.59795305740788,0.2044761555053937,,,13.5309756219005,0.5957953923561216
15.77253971374019,0.3478031713336906,16.15829725512655,1.865988782768293,18.60837893690481,0.2053414757104527,,,13.54140150139743,0.6005137257443781
15.78296559323712,0.3463545264473167,16.16872313462348,1.848380197012835,18.61880481640174,0.2061882590036747,,,13.55182738089436,0.6050300850430835
15.79339147273404,0.3445010011738738,16.17914901412041,1.829025174031824,18.62923069589867,0.2070122746189052,,,13.56225326039129,0.6093441325161751
15.80381735223097,0.3422900028820451,16.18957489361734,1.807972695860478,18.6396565753956,0.2076269692159688,,,13.57267913988822,0.6134612537349002
15.8142432317279,0.3397550270207769,16.20000077311427,1.785295838054883,18.65008245489253,0.2080233138522986,,,13.58310501938515,0.6180352922392011
15.82466911122483,0.3369460817517234,16.21042665261119,1.761090397989234,18.66050833438945,0.2082208991479799,,,13.59353089888207,0.6231172481686987
15.83509499072176,0.3339230891064643,16.22085253210812,1.735467512631383,18.67093421388638,0.2082144215050213,,,13.603956778379,0.6280541649880161
15.84552087021869,0.3307372335065185,16.23127841160505,1.708608325429545,18.68136009338331,0.2080102942157175,,,13.61438265787593,0.6328394786316998
15.85594674971562,0.3274123774773056,16.24170429110198,1.680657452783527,18.69178597288024,0.2076165964716604,,,13.62480853737286,0.6374831297820305
15.86637262921255,0.3239978553320165,16.25213017059891,1.651746864935195,18.70221185237717,0.2070428508180784,,,13.63523441686979,0.6420328028029988
15.87679850870947,0.3205323541556868,16.26255605009584,1.622052361294238,18.7126377318741,0.2062986677817464,,,13.64566029636672,0.6465340749480233
15.8872243882064,0.3170546404196221,16.27298192959277,1.591757388194779,18.72306361137103,0.2053982912723428,,,13.65608617586365,0.6510051672741194
15.89765026770333,0.3136010108486644,16.2834078090897,1.561049757884185,18.73348949086796,0.2043527492316357,,,13.66651205536058,0.6554621978264117
15.90807614720026,0.3102032240456691,16.29383368858662,1.53011847520472,18.74391537036488,0.2031750220599635,,,13.6769379348575,0.6599711924586885
15.91850202669719,0.3068882234161869,16.30425956808355,1.499150665356513,18.75434124986181,0.2018783708931204,,,13.68736381435443,0.6645186270104627
15.92892790619412,0.3036790336460858,16.31468544758048,1.468327905986396,18.76476712935874,0.2004761274606133,,,13.69778969385136,0.6691760720199778
15.93935378569105,0.3005934810347941,16.32511132707741,1.437824047787598,18.77519300885567,0.198980647825679,,,13.70821557334829,0.6739575465979546
15.94977966518798,0.2976442660703258,16.33553720657434,1.407801968099923,18.7856188883526,0.197406740434957,,,13.71864145284522,0.6789313159043663
15.9602055446849,0.294838897117006,16.34596308607127,1.378411194600919,18.79604476784953,0.1957658092044259,,,13.72906733234215,0.6840434399148714
15.97063142418183,0.2921797263924311,16.3563889655682,1.349785717281806,18.80647064734646,0.194069778660051,,,13.73949321183908,0.6893446805334085
15.98105730367876,0.2896640868596667,16.36681484506513,1.322042143894289,18.81689652684339,0.1923299156926589,,,13.74991909133601,0.6948466638723007
15.99148318317569,0.2872845343482603,16.37724072456205,1.29524071095399,18.82732240634031,0.1905567609482788,,,13.76034497083293,0.7005556456643213
16.00190906267262,0.2850291449250545,16.38766660405899,1.269542652924731,18.83774828583724,0.1887600856469793,,,13.77077085032986,0.7064724532146397
16.01233494216955,0.2828819669243201,16.39809248355591,1.244957407638928,18.84817416533417,0.1869488721977133,,,13.78119672982679,0.7125926492227447
16.02276082166648,0.280826131421231,16.40851836305284,1.221517964279369,18.8586000448311,0.1851305498649419,,,13.79162260932372,0.7189069292702518
16.03318670116341,0.2788390900483759,16.41894424254977,1.19924161169664,18.86902592432803,0.1833119104942801,,,13.80204848882065,0.7254017596817455
16.04361258066033,0.2768932210073261,16.4293701220467,1.178135924903118,18.87945180382496,0.1815038571582909,,,13.81247436831758,0.7320602570711752
16.05403846015726,0.2749617967378668,16.43979600154363,1.158167766372585,18.88987768332189,0.1797094765031953,,,13.82290024781451,0.738863305297057
16.06446433965419,0.2730180724735026,16.45022188104056,1.139295727370064,18.90030356281882,0.1779341819526704,,,13.83332612731144,0.7457908998803487
16.07489021915112,0.2710320040034334,16.46064776053748,1.121461961805326,18.91072944231574,0.1761828119794519,,,13.84375200680836,0.7528237043043575
16.08531609864805,0.2689765401950304,16.47107364003442,1.104594034142577,18.92115532181267,0.1744596889280367,,,13.85417788630529,0.7599447971291929
16.09574197814498,0.2668247667008652,16.48149951953134,1.088597356993209,18.9315812013096,0.1727738235598356,,,13.86460376580222,0.7671415836222971
16.10616785764191,0.2645513930155854,16.49192539902827,1.073398011176342,18.94200708080653,0.1711320243069898,,,13.87502964529915,0.7744078407327609
16.11659373713884,0.2621333623068002,16.5023512785252,1.058883580632068,18.95243296030346,0.169666798548666,,,13.88545552479608,0.7817458598131622
16.12701961663576,0.259550410800877,16.51277715802213,1.04494034324489,18.96285883980039,0.1683796490900164,,,13.89588140429301,0.7891686476009334
16.13744549613269,0.2567855665417156,16.52320303751906,1.031459374767977,18.97328471929732,0.1671324533912435,,,13.90630728378994,0.7967021426829983
16.14787137562962,0.2538256535229277,16.53362891701599,1.018328226747205,18.98371059879425,0.1659249739623173,,,13.91673316328687,0.8043874674029121
16.15829725512655,0.2509514606070081,16.54405479651292,1.00543626645956,18.99413647829117,0.1647566943722874,,,13.92715904278379,0.8122827930459708
16.16872313462348,0.2481558536723874,16.55448067600985,0.9926768508460514,19.0045623577881,0.1636268180217253,,,13.93758492228072,0.8206502473546627
16.17914901412041,0.2451437433695113,16.56490655550677,0.9803315106268972,19.01498823728503,0.1625342524233565,,,13.94801080177765,0.8295868451699314
16.18957489361734,0.2419148558126944,16.5753324350037,0.968304128905449,19.02541411678196,0.1614775805001674,,,13.95843668127458,0.8390260035598308
16.20000077311427,0.2384737056714665,16.58575831450063,0.9561225784459139,19.03583999627889,0.1604550210221302,,,13.96886256077151,0.8491101597936473
16.21042665261119,0.2348295744024101,16.59618419399756,0.9442574111324904,19.04626587577582,0.1594643808257241,,,13.97928844026844,0.8600062770691469
16.22085253210812,0.2309962847263094,16.60661007349449,0.9326341293264446,19.05669175527275,0.1585030018768173,,,13.98971431976537,0.8719071985107215
16.23127841160505,0.226993713734544,16.61703595299142,0.9206433635710387,19.06711763476968,0.1575677065333343,,,14.0001401992623,0.8857762683256823
16.24170429110198,0.2228442894874929,16.62746183248835,0.9082352066060166,19.0775435142666,0.1566547445300147,,,14.01056607875922,0.9018150337369364
16.25213017059891,0.2185731859164092,16.63788771198528,0.8953553177028021,19.08796939376353,0.1557597452386831,,,14.02099195825615,0.9196019409405747
16.26255605009584,0.2142102149983979,16.6483135914822,0.8820233444667819,19.09839527326046,0.1548776786537807,,,14.03141783775308,0.9393742916824407
16.27298192959277,0.2097881389253721,16.65873947097913,0.8682079135557762,19.10882115275739,0.154002828319132,,,14.04184371725001,0.9614587655625553
16.2834078090897,0.2053421267895654,16.66916535047606,0.8539146082316259,19.11924703225432,0.1531287790571814,,,14.05226959674694,0.9862025455345018
16.29383368858662,0.200909203352031,16.67959122997299,0.8391615741140882,19.12967291175125,0.1522484218994545,,,14.06269547624387,1.013916081725819
16.30425956808355,0.1965284472417508,16.69001710946992,0.8239799814897515,19.14009879124818,0.1513539780635569,,,14.0731213557408,1.044976428215699
16.31468544758048,0.1922374079491293,16.70044298896685,0.8084076648224322,19.15052467074511,0.1504370431973001,,,14.08354723523773,1.079756629534483
16.32511132707741,0.1880756771059574,16.71086886846378,0.7924952086462146,19.16095055024203,0.1494870075565115,,,14.09397311473466,1.118637565917417
16.33553720657434,0.1840816279009591,16.72129474796071,0.7764477228643114,19.17137642973896,0.1484980728561067,,,14.10439899423158,1.161994593704877
16.34596308607127,0.1802924356584793,16.73172062745763,0.7603275370857666,19.18180230923589,0.1474583612680674,,,14.11482487372851,1.210229716732092
16.3563889655682,0.1767434930047944,16.74214650695456,0.7440549515336393,19.19222818873282,0.1463578326544334,,,14.12525075322544,1.263707269574868
16.36681484506513,0.1734678555867335,16.75257238645149,0.7276819388711754,19.20265406822975,0.1451863385943304,,,14.13567663272237,1.322789983791888
16.37724072456205,0.1704949816943123,16.76299826594842,0.7113104757375129,19.21307994772668,0.1439337760792264,,,14.1461025122193,1.387821828427108
16.38766660405899,0.1678542035653299,16.77342414544535,0.6949942861216571,19.22350582722361,0.1425902512390988,,,14.15652839171623,1.459121837261296
16.39809248355591,0.1655663359746727,16.78385002494228,0.678802959046355,19.23393170672054,0.1411462494822698,,,14.16695427121316,1.536977821348118
16.40851836305284,0.1636509974854189,16.79427590443921,0.6628094406881994,19.24435758621746,0.1395948511316685,,,14.17738015071009,1.621640056428538
16.41894424254977,0.1621228750622835,16.80470178393614,0.6470720967586759,19.2547834657144,0.1379277999312189,,,14.18780603020701,1.713315041259348
16.4293701220467,0.1609922596087901,16.81512766343306,0.6316532508368766,19.26520934521132,0.1361356687121185,,,14.19823190970394,1.812159428178721
16.43979600154363,0.16026422966186,16.82555354292999,0.6166032755347467,19.27563522470825,0.1342121181849106,,,14.20865778920087,1.918274231164446
16.45022188104056,0.1599391847913739,16.83597942242692,0.6019722099115975,19.28606110420518,0.1321519966170234,,,14.2190836686978,2.031699419024507
16.46064776053748,0.1600126329182766,16.84640530192385,0.5877912923105534,19.29648698370211,0.1299514654238423,,,14.22950954819473,2.15240900201279
16.47107364003442,0.1604752400570173,16.85683118142078,0.5740917308551323,19.30691286319904,0.1277491977816965,,,14.23993542769166,2.280306718920602
16.48149951953134,0.161312738858929,16.86725706091771,0.5608971066654419,19.31733874269597,0.1255431263034738,,,14.25036130718859,2.415222428418723
16.49192539902827,0.1625069932798319,16.87768294041464,0.5482238215277848,19.32776462219289,0.1231905162454694,,,14.26078718668552,2.55690930300833
16.5023512785252,0.1640348816353869,16.88810881991157,0.5360795029968173,19.33819050168983,0.1206913624888678,,,14.27121306618244,2.705041916315435
16.51277715802213,0.1658694543371278,16.89853469940849,0.5244657959777125,19.34861638118675,0.1180473303432792,,,14.28163894567937,2.859215304611045
16.52320303751906,0.1679802164098883,16.90896057890542,0.5133773509570968,19.35904226068368,0.1152617607772722,,,14.2920648251763,3.018945071388419
16.53362891701599,0.1703334088896827,16.91938645840235,0.5028025587576476,19.36946814018061,0.1123396468117179,,,14.30249070467323,3.183668589665872
16.54405479651292,0.1728924809213579,16.92981233789928,0.492724231928749,19.37989401967754,0.1092875817087042,,,14.31291658417016,3.352747340554187
16.55448067600985,0.1756185670895848,16.94023821739621,0.483115949117821,19.39031989917447,0.1061136802297608,,,14.32334246366709,3.525470408738498
16.56490655550677,0.1784741275295513,16.95066409689314,0.4739624100609669,19.4007457786714,0.1028274748299704,,,14.33376834316402,3.70105913614263
16.5753324350037,0.1814171740724255,16.96108997639007,0.4652290476866722,19.41117165816832,0.09943978918437041,,,14.34419422266095,3.878672914495075
16.58575831450063,0.1844018058755588,16.971515855887,0.4568851643787002,19.42159753766526,0.09596259189741121,,,14.35462010215787,4.057416076179417
16.59618419399756,0.187395949227185,16.98194173538392,0.4490197792711779,19.43202341716218,0.09240883361539999,,,14.3650459816548,4.236345821055454
16.60661007349449,0.1903567226030586,16.99236761488085,0.441599700063382,19.44244929665911,0.08879227103898243,,,14.37547186115173,4.414481095345872
16.61703595299142,0.1932315103465579,17.00279349437778,0.4344703869055987,19.45287517615604,0.08512728151394337,,,14.38589774064866,4.590819791677935
16.62746183248835,0.1959795697404764,17.01321937387471,0.4275995914516748,19.46330105565297,0.08142867196303523,,,14.39632362014559,4.764321282092288
16.63788771198528,0.1985543523726107,17.02364525337164,0.4209575888715328,19.4737269351499,0.07771148591112435,,,14.40674949964252,4.933956840593957
16.6483135914822,0.2009365850971484,17.03407113286857,0.4145191636827146,19.48415281464683,0.07399004631113228,,,14.41717537913945,5.098696265610394
16.65873947097913,0.2030827115838079,17.0444970123655,0.4082559060195827,19.49457869414376,0.07028099703333984,,,14.42760125863638,5.257525534356695
16.66916535047606,0.2049620924690104,17.05492289186243,0.4021499997136694,19.50500457364069,0.06659800470003077,,,14.4380271381333,5.409458332820991
16.67959122997299,0.2065474668723574,17.06534877135935,0.3964655158555443,19.51543045313761,0.06295522144426072,,,14.44845301763023,5.553548025272906
16.69001710946992,0.2078167932051489,17.07577465085628,0.391151295585106,19.52585633263454,0.05936616116121526,,,14.45887889712716,5.688898765953579
16.70044298896685,0.2087475930565103,17.08620053035321,0.385999901867642,19.53628221213147,0.05583985560075522,,,14.46930477662409,5.814676356615669
16.71086886846378,0.2093253906468609,17.09662640985014,0.3809578499078313,19.5467080916284,0.0523963584761002,,,14.47973065612102,5.930118354257699
16.72129474796071,0.2097733569870026,17.10705228934707,0.3760239587990686,19.55713397112533,0.04904185911269422,,,14.49015653561795,6.034543298812247
16.73172062745763,0.2100821436179785,17.117478168844,0.3712019914145219,19.56755985062226,0.04578616850026061,,,14.50058241511488,6.127346142554738
16.74214650695456,0.2100098901308802,17.12790404834093,0.3665001603383348,19.57798573011919,0.04263795708606265,,,14.51100829461181,6.209637545407245
16.75257238645149,0.2095598875859299,17.13832992783786,0.361930941286985,19.58841160961612,0.03960471490052195,,,14.52143417410873,6.282884097122431
16.76299826594842,0.2087225728884036,17.14875580733478,0.3575100744703627,19.59883748911304,0.03669273073685464,,,14.53186005360566,6.346298102951629
16.77342414544535,0.2075078484897961,17.15918168683171,0.3532589249369378,19.60926336860997,0.03390708955776429,,,14.54228593310259,6.397794353377227
16.78385002494228,0.2059246217688137,17.16960756632864,0.349199620786061,19.6196892481069,0.03125168699045838,,,14.55271181259952,6.436026349778069
16.79427590443921,0.2039857970621915,17.18003344582557,0.3453576548110704,19.63011512760383,0.02872925950866165,,,14.56313769209645,6.461680495347085
16.80470178393614,0.2017063561498111,17.1904593253225,0.3417605034614142,19.64054100710076,0.02634142868961285,,,14.57356357159338,6.475515186906527
16.81512766343306,0.1991054671268325,17.20088520481943,0.3384370565394145,19.65096688659769,0.02408875777634515,,,14.58398945109031,6.477028138218837
16.82555354292999,0.1962165775921693,17.21131108431636,0.3354170347940836,19.66139276609462,0.02197081867041726,,,14.59441533058724,6.466587927060155
16.83597942242692,0.1930634029487883,17.22173696381329,0.3327363047795748,19.67181864559155,0.01998626742584637,,,14.60484121008416,6.444567755123529
16.84640530192385,0.1896593634257416,17.23216284331021,0.3304244567644153,19.68224452508847,0.01813292630824102,,,14.61526708958109,6.410632641230007
16.85683118142078,0.1860316022608429,17.24258872280714,0.3285042459205623,19.6926704045854,0.01640787051997106,,,14.62569296907802,6.365317857859664
16.86725706091771,0.182208494619491,17.25301460230407,0.3270029045195718,19.70309628408233,0.01480751776776521,,,14.63611884857495,6.310948374739987
16.87768294041464,0.1782192739753048,17.263440481801,0.3259457402951733,19.71352216357926,0.01332771895793063,,,14.64654472807188,6.248199111493044
16.88810881991157,0.1740936708223169,17.27386636129793,0.3253556703751344,19.72394804307619,0.01196384844060817,,,14.65697060756881,6.176036726230819
16.89853469940849,0.1698615691806938,17.28429224079486,0.3252527962694465,19.73437392257312,0.01071089238211019,,,14.66739648706574,6.095219626918976
16.90896057890542,0.1655529804714015,17.29471812029179,0.3256547909601352,19.74479980207005,0.009563534017463588,,,14.67782236656267,6.006530556040364
16.91938645840235,0.1611971184360348,17.30514399978872,0.3265886433318306,19.75522568156698,0.008516234718020859,,,14.68824824605959,5.91077359888513
16.92981233789928,0.156822119333251,17.31556987928564,0.328063022521048,19.7656515610639,0.00756330999597794,,,14.69867412555652,5.808765800530916
16.94023821739621,0.1524553609782352,17.32599575878257,0.3300700827406396,19.77607744056083,0.006698999753883002,,,14.70910000505345,5.701324936937413
16.95066409689314,0.1481231532769473,17.3364216382795,0.3326291137140396,19.78650332005776,0.005917532268329338,,,14.71952588455038,5.589259778031646
16.96108997639007,0.1438502121920032,17.34684751777643,0.3357370299033393,19.79692919955469,0.005213181569216207,,,14.72995176404731,5.473360645608947
16.971515855887,0.1396597574070929,17.35727339727336,0.3393666295281826,19.80735507905162,0.004580318036115531,,,14.74037764354424,5.354390803099388
16.98194173538392,0.1356155883307535,17.36769927677029,0.3435053286254231,19.81778095854855,0.004013452178957141,,,14.75080352304117,5.23307881081034
16.99236761488085,0.1317371628770216,17.37812515626722,0.3481360542718596,19.82820683804548,0.003507271699666809,,,14.7612294025381,5.110111955824106
17.00279349437778,0.1279995612497243,17.38855103576415,0.3532372923459806,19.83863271754241,0.003056672043423942,,,14.77165528203503,4.98613134341406
17.01321937387471,0.124418340204602,17.39897691526107,0.3587831757599421,19.84905859703933,0.002656647975437768,,,14.78208116153195,4.861725814187828
17.02364525337164,0.1210087102412857,17.409402794758,0.3647436113754111,19.85948447653626,0.0023028715439843,,,14.79250704102888,4.737431640338271
17.03407113286857,0.1177809550758654,17.41982867425493,0.3711980248961576,19.86991035603319,0.001988076508248491,,,14.80293292052581,4.613763350170186
17.0444970123655,0.1147457647845354,17.43025455375186,0.3781074736324093,19.88033623553012,0.001714245983672078,,,14.81335880002274,4.491085795214682
17.05492289186243,0.1119126930746653,17.44068043324879,0.385314892142408,19.89076211502705,0.001474122740201344,,,14.82378467951967,4.369795170974625
17.06534877135935,0.1092924848101379,17.45110631274572,0.3927750963822367,19.90118799452398,0.001264196544133347,,,14.8342105590166,4.25020966420101
17.07577465085628,0.1068859449138398,17.46153219224265,0.4004382414218698,19.91161387402091,0.001081224777567207,,,14.84463643851353,4.132593930557208
17.08620053035321,0.1047083458322666,17.47195807173958,0.408250213540987,19.92203975351784,0.0009222269472380727,,,14.85506231801046,4.017159010615893
17.09662640985014,0.1027570943701528,17.4823839512365,0.4161486469780416,19.93246563301476,0.0007844766919983263,,,14.86548819750738,3.904087283767353
17.10705228934707,0.1010361729212566,17.49280983073343,0.4240936668417925,19.94289151251169,0.0006654917706542879,,,14.87591407700431,3.793510287692872
17.117478168844,0.09954903486450718,17.50323571023036,0.4320176127451795,19.95331739200862,0.0005630224771061459,,,14.88633995650124,3.685531399627636
17.12790404834093,0.09829874768642959,17.51366158972729,0.4399123364442469,19.96374327150555,0.000475038891136797,,,14.89676583599817,3.580226808166797
17.13832992783786,0.09728814738759591,17.52408746922422,0.4477417583820549,19.97416915100248,0.0003997173321878839,,,14.9071917154951,3.477651257682894
17.14875580733478,0.09651995034936921,17.53451334872115,0.4553696689207973,19.98459503049941,0.0003354263413307557,,,14.91761759499203,3.378701050899485
17.15918168683171,0.09599697426294986,17.54493922821808,0.4627358307028464,19.99502090999634,0.0002807124745025667,,,14.92804347448896,3.283396200754147
17.16960756632864,0.09572207379269523,17.55536510771501,0.4697808987019101,20.00544678949327,0.0002342861488780987,,,14.93846935398589,3.191933859564972
17.18003344582557,0.09569833025942719,17.56579098721193,0.476446926364374,20.01587266899019,0.0001950077447604608,,,14.94889523348281,3.104316356507706
17.1904593253225,0.09592906986833709,17.57621686670886,0.4826778668291474,20.02629854848712,0.0001618741282078295,,,14.95932111297974,3.019500706355744
17.20088520481943,0.09641788531268883,17.58664274620579,0.4884200639856088,20.03672442798405,0.0001340057252228053,,,14.96974699247667,2.938296749559685
17.21131108431636,0.09716862868354748,17.59706862570272,0.493622727869986,20.04715030748098,0.0001106342470271236,,,14.9801728719736,2.860718094065791
17.22173696381329,0.09821698258132604,17.60749450519965,0.4982940266861106,20.05757618697791,9.109113791099828e-05,,,14.99059875147053,2.785984878996576
17.23216284331021,0.09956692162778176,17.61792038469658,0.5023897850415036,21.29825584711243,0,,,15.00102463096746,2.714136616755296
17.24258872280714,0.101190620933194,17.62834626419351,0.5058138843683636,,,,,15.01145051046439,2.645231316096565
17.25301460230407,0.1030918125927991,17.63877214369044,0.5085274270257941,,,,,15.02187638996132,2.579345919923053
17.263440481801,0.1052740358134618,17.64919802318736,0.5105059108392785,,,,,15.03230226945824,2.516575950321069
17.27386636129793,0.1077404706490912,17.6596239026843,0.5118109834724083,,,,,15.04272814895517,2.457034397281779
17.28429224079486,0.110493750657716,17.67004978218122,0.5124772440947942,,,,,15.0531540284521,2.400849903671409
17.29471812029179,0.1135357701768454,17.68047566167815,0.5123960477230933,,,,,15.06357990794903,2.348164313272612
17.30514399978872,0.1168993051734536,17.69090154117508,0.5114996249695384,,,,,15.07400578744596,2.299129660890719
17.31556987928564,0.1205837991725211,17.70132742067201,0.509783913697108,,,,,15.08443166694289,2.253904693434501
17.32599575878257,0.1245551600174261,17.71175330016894,0.5073518638645228,,,,,15.09485754643982,2.212651018433827
17.3364216382795,0.128809511644268,17.72217917966586,0.5042096987465412,,,,,15.10528342593675,2.175535536572865
17.34684751777643,0.1333411144095535,17.73260505916279,0.5004737632565182,,,,,15.11570930543367,2.142701669713233
17.35727339727336,0.138142161575233,17.74303093865973,0.4961567600718472,,,,,15.1261351849306,2.114299560674754
17.36769927677029,0.143202593881916,17.75345681815665,0.4910610215807869,,,,,15.13656106442753,2.090459990366182
17.37812515626722,0.1485099377443713,17.76388269765358,0.485207779289021,,,,,15.14698694392446,2.071295379025468
17.38855103576415,0.1540491723764909,17.77430857715051,0.4786232309310524,,,,,15.15741282342139,2.056895853340626
17.39897691526107,0.1598026307888147,17.78473445664744,0.4713381734015512,,,,,15.16783870291832,2.047325632908578
17.409402794758,0.1657499391082355,17.79516033614437,0.4634061734445683,,,,,15.17826458241525,2.042619812702882
17.41982867425493,0.1718694479050116,17.80558621564129,0.4548654193004079,,,,,15.18869046191218,2.042781608004654
17.43025455375186,0.1781353473936924,17.81601209513822,0.4457385688275509,,,,,15.1991163414091,2.047780117068461
17.44068043324879,0.1845177417964283,17.82643797463516,0.4360699210372147,,,,,15.20954222090603,2.057548644904919
17.45110631274572,0.1909856841878343,17.83686385413208,0.4259061634010243,,,,,15.21996810040296,2.071983619221478
17.46153219224265,0.1975058990487133,17.84728973362901,0.4152958866671718,,,,,15.23039397989989,2.090944117023964
17.47195807173958,0.2040430030478779,17.85771561312594,0.4042966281216361,,,,,15.24081985939682,2.114307250601067
17.4823839512365,0.2105597101623701,17.86814149262287,0.3929593235157411,,,,,15.25124573889375,2.141762588968771
17.49280983073343,0.2170174047487125,17.8785673721198,0.3813278481279885,,,,,15.26167161839068,2.173104683791427
17.50323571023036,0.2233760762921135,17.88899325161672,0.3694536501389555,,,,,15.27209749788761,2.208051485403482
17.51366158972729,0.2295957520225007,17.89941913111366,0.357385424145906,,,,,15.28252337738453,2.246290357546114
17.52408746922422,0.2356357972811144,17.90984501061059,0.3451788238334832,,,,,15.29294925688146,2.287481020775151
17.53451334872115,0.2414539096701121,17.92027089010751,0.3328800614169951,,,,,15.30337513637839,2.331555950045586
17.54493922821808,0.247009537840187,17.93069676960444,0.3205369407543974,,,,,15.31380101587532,2.378130825633623
17.55536510771501,0.2522630988238438,17.94112264910137,0.3082110533492893,,,,,15.32422689537225,2.426496656313574
17.56579098721193,0.2571764365104522,17.9515485285983,0.2960564272218995,,,,,15.33465277486918,2.476237413975375
17.57621686670886,0.2617132710383074,17.96197440809523,0.2840982086504466,,,,,15.34507865436611,2.526929344834055
17.58664274620579,0.2658396309008451,17.97240028759215,0.2722636897221409,,,,,15.35550453386304,2.57814301935728
17.59706862570272,0.2695242598014744,17.98282616708909,0.2605822058562783,,,,,15.36593041335996,2.62944786512211
17.60749450519965,0.2728014465148401,17.99325204658602,0.2490983421180989,,,,,15.37635629285689,2.680421628739366
17.61792038469658,0.275645939276898,18.00367792608294,0.2378347772793952,,,,,15.38678217235382,2.73065219358124
17.62834626419351,0.2779732411392852,18.01410380557987,0.226822728462467,,,,,15.39720805185075,2.779741678719578
17.63877214369044,0.2797606237320556,18.0245296850768,0.2160859873331022,,,,,15.40763393134768,2.827310267484513
17.64919802318736,0.2810044910672494,18.03495556457373,0.205643771113744,,,,,15.41805981084461,2.872999713537813
17.6596239026843,0.281689381339515,18.04538144407066,0.1955134606386572,,,,,15.42848569034154,2.916445165046557
17.67004978218122,0.2820708337129348,18.05580732356758,0.1857126118933048,,,,,15.43891156983847,2.957372366428667
17.68047566167815,0.2821459215072717,18.06623320306452,0.1762555910788254,,,,,15.4493374493354,2.99552636774834
17.69090154117508,0.2816532347762111,18.07665908256145,0.167154504937819,,,,,15.45976332883232,3.032603805054811
17.70132742067201,0.2805972078856131,18.08708496205837,0.1584193188188532,,,,,15.47018920832925,3.068349790342532
17.71175330016894,0.2790019456244767,18.0975108415553,0.1500579810400907,,,,,15.48061508782618,3.100603378959216
17.72217917966586,0.2768798300875147,18.10793672105223,0.1420765508437355,,,,,15.49104096732311,3.129412493279698
17.73260505916279,0.2742310685141173,18.11836260054916,0.1344793274675304,,,,,15.50146684682004,3.155060475575078
17.74303093865973,0.2710744154107847,18.12878848004609,0.1272689781151747,,,,,15.51189272631697,3.177200799818297
17.75345681815665,0.2674302296954098,18.13921435954302,0.120446545856,,,,,15.5223186058139,3.195381056126696
17.76388269765358,0.2633234102038892,18.14964023903995,0.1140120629199057,,,,,15.53274448531083,3.209539521635287
17.77430857715051,0.258781748878838,18.16006611853688,0.1079638824576919,,,,,15.54317036480775,3.219668173903409
17.78473445664744,0.2538353035652248,18.1704919980338,0.102299339825746,,,,,15.55359624430468,3.225757502067541
17.79516033614437,0.2485159650199388,18.18091787753073,0.09701470294176408,,,,,15.56402212380161,3.228435769516862
17.80558621564129,0.2428569135834318,18.19134375702766,0.09210526237991411,,,,,15.57444800329854,3.227741248597444
17.81601209513822,0.2368923367373892,18.20176963652459,0.08756541242659469,,,,,15.58487388279547,3.223281604736162
17.82643797463516,0.2306571239004979,18.21219551602152,0.08338870775639308,,,,,15.5952997622924,3.215206574519771
17.83686385413208,0.2241864455064283,18.22262139551845,0.07956772028127268,,,,,15.60572564178933,3.203670043324666
17.84728973362901,0.217515357576805,18.23304727501538,0.0760951299586298,,,,,15.61615152128626,3.188827914669445
17.85771561312594,0.2106785582339989,18.24347315451231,0.07298182904465075,,,,,15.62657740078318,3.170874557736318
17.86814149262287,0.2037099625769513,18.25389903400923,0.07021809616413685,,,,,15.63700328028011,3.150021359281159
17.8785673721198,0.1966424325212376,18.26432491350616,0.06777488515230154,,,,,15.64742915977704,3.126504656302926
17.88899325161672,0.1895076561072652,18.27475079300309,0.06564106670426183,,,,,15.65785503927397,3.10054561747178
17.89941913111366,0.1823350505831379,18.28517667250002,0.06380545787049975,,,,,15.6682809187709,3.072401561177006
17.90984501061059,0.1751551490805005,18.29560255199695,0.06225636317840787,,,,,15.67870679826783,3.042344372418135
17.92027089010751,0.1679938267445277,18.30602843149388,0.06098159416680689,,,,,15.68913267776476,3.010633076819571
17.93069676960444,0.1608761766959149,18.31645431099081,0.05996848766116281,,,,,15.69955855726169,2.977546828245298
17.94112264910137,0.1538808670111197,18.32688019048773,0.05920399107289902,,,,,15.70998443675861,2.943335428449225
17.9515485285983,0.1470512103134397,18.33730606998466,0.05867217844398035,,,,,15.72041031625554,2.909628842743306
17.96197440809523,0.140350072653516,18.34773194948159,0.05836412002259672,,,,,15.73083619575247,2.876684092624452
17.97240028759215,0.1337712444894868,18.35815782897852,0.05826262219147995,,,,,15.7412620752494,2.843383461699197
17.98282616708909,0.127329094599229,18.36858370847545,0.05835327734865015,,,,,15.75168795474633,2.809963922610802
17.99325204658602,0.121036441224365,18.37900958797238,0.05862112869825988,,,,,15.76211383424326,2.776655710289413
18.00367792608294,0.114904250277619,18.38943546746931,0.05905093063145722,,,,,15.77253971374019,2.743680351217353
18.01410380557987,0.1089422309137757,18.39986134696624,0.05962638582802358,,,,,15.78296559323712,2.711249276405946
18.0245296850768,0.1031584358332641,18.41028722646316,0.06033211601953167,,,,,15.79339147273404,2.679562120570979
18.03495556457373,0.09756009608899271,18.42071310596009,0.06115229069632254,,,,,15.80381735223097,2.648815142476114
18.04538144407066,0.09215152349893119,18.43113898545702,0.06206981344551202,,,,,15.8142432317279,2.619162045408715
18.05580732356758,0.08693771481449258,18.44156486495395,0.06307156579569013,,,,,15.82466911122483,2.590765377979486
18.06623320306452,0.08192212964482862,18.45199074445088,0.06414029614919885,,,,,15.83509499072176,2.564515740602448
18.07665908256145,0.07710734651321674,18.46241662394781,0.06526051753607906,,,,,15.84552087021869,2.540561067953901
18.08708496205837,0.072495158410115,18.47284250344474,0.06641704660626568,,,,,15.85594674971562,2.518171647982947
18.0975108415553,0.06808665993605136,18.48326838294167,0.06759510013854482,,,,,15.86637262921255,2.497454622307761
18.10793672105223,0.0638823253417755,18.49369426243859,0.0687803925666358,,,,,15.87679850870947,2.4784224947983
18.11836260054916,0.05988207711701921,18.50412014193552,0.0699592328186812,,,,,15.8872243882064,2.461074090898408
18.12878848004609,0.05608534508925133,18.51454602143245,0.07111861865883722,,,,,15.89765026770333,2.445435339891906
18.13921435954302,0.05249048924871402,18.52497190092938,0.07224522294220719,,,,,15.90807614720026,2.431454457075473
18.14964023903995,0.0490974828906456,18.53539778042631,0.07333012815047922,,,,,15.91850202669719,2.419069662280266
18.16006611853688,0.04590375371678263,18.54582365992324,0.07436152335134857,,,,,15.92892790619412,2.408200321218774
18.1704919980338,0.04290718017437802,18.55624953942017,0.07532999947114741,,,,,15.93935378569105,2.398740707256465
18.18091787753073,0.04010531540799814,18.5666754189171,0.07623234624745544,,,,,15.94977966518798,2.39056266467772
18.19134375702766,0.03749540098229264,18.57710129841402,0.07705945175723126,,,,,15.9602055446849,2.383516982294427
18.20176963652459,0.03507437603329495,18.58752717791095,0.07780287684944169,,,,,15.97063142418183,2.377435120070565
18.21219551602152,0.03283888258564339,18.59795305740788,0.07845772324255434,,,,,15.98105730367876,2.372131281826288
18.22262139551845,0.03078463739034446,18.60837893690481,0.07901868600695272,,,,,15.99148318317569,2.367404829042705
18.23304727501538,0.02890909498765256,18.61880481640174,0.07956641195743074,,,,,16.00190906267262,2.363042951861285
18.24347315451231,0.02720722335998186,18.62923069589867,0.08009640897139804,,,,,16.01233494216955,2.358823708246396
18.25389903400923,0.02567449861732177,18.6396565753956,0.08052796085774291,,,,,16.02276082166648,2.354779712999389
18.26432491350616,0.02430610408846063,18.65008245489253,0.08085316290927901,,,,,16.03318670116341,2.350678416753609
18.27475079300309,0.02309693226658925,18.66050833438945,0.08108142551198075,,,,,16.04361258066033,2.346025668842042
18.28517667250002,0.02204158834889105,18.67093421388638,0.08120828579477729,,,,,16.05403846015726,2.340592511678778
18.29560255199695,0.02113439579688406,18.68136009338331,0.08123547960114286,,,,,16.06446433965419,2.334163316998838
18.30602843149388,0.02036940426280053,18.69178597288024,0.08116546432639106,,,,,16.07489021915112,2.326520807271884
18.31645431099081,0.01974040015157767,18.70221185237717,0.0810013258393656,,,,,16.08531609864805,2.317475751979815
18.32688019048773,0.01924092001706712,18.7126377318741,0.08074632144520459,,,,,16.09574197814498,2.306853713442111
18.33730606998466,0.01886423816313071,18.72306361137103,0.08040533532707,,,,,16.10616785764191,2.294501976633723
18.34773194948159,0.01860350723743911,18.73348949086796,0.07998229924204872,,,,,16.11659373713884,2.280292227943821
18.35815782897852,0.0184515883995029,18.74391537036488,0.07948185905084802,,,,,16.12701961663576,2.264122848437002
18.36858370847545,0.01840121304405464,18.75434124986181,0.07890880837332853,,,,,16.13744549613269,2.245920771752164
18.37900958797238,0.01844497468474163,18.76476712935874,0.07826800089581243,,,,,16.14787137562962,2.22565128045765
18.38943546746931,0.01857537033348597,18.77519300885567,0.07756412106204244,,,,,16.15829725512655,2.205482887001365
18.39986134696624,0.0187847958149269,18.7856188883526,0.07680223998324717,,,,,16.16872313462348,2.185423279567154
18.41028722646316,0.01906563581651971,18.79604476784953,0.07598675816783994,,,,,16.17914901412041,2.16329140995921
18.42071310596009,0.01941026769581848,18.80647064734646,0.07512206024875416,,,,,16.18957489361734,2.139132620097945
18.43113898545702,0.01981108987805236,18.81689652684339,0.07421228659530366,,,,,16.20000077311427,2.113022397740599
18.44156486495395,0.02026064348584386,18.82732240634031,0.07326130533632616,,,,,16.21042665261119,2.085065043392143
18.45199074445088,0.02075152533215564,18.83774828583724,0.07227269575453417,,,,,16.22085253210812,2.055385940235965
18.46241662394781,0.02127652052476859,18.84817416533417,0.07124974259166625,,,,,16.23127841160505,2.024281077130412
18.47284250344474,0.02182861934474485,18.8586000448311,0.07019513235444726,,,,,16.24170429110198,1.991919891005254
18.48326838294167,0.02240105753563213,18.86902592432803,0.06911008126434026,,,,,16.25213017059891,1.958370099331081
18.49369426243859,0.0229873550258679,18.87945180382496,0.06800150010655785,,,,,16.26255605009584,1.923841835164108
18.50412014193552,0.02358135245770368,18.88987768332189,0.06686888059926262,,,,,16.27298192959277,1.888557236902271
18.51454602143245,0.02417724489588936,18.90030356281882,0.06571428603616264,,,,,16.2834078090897,1.852746331183782
18.52497190092938,0.02476837313606065,18.91072944231574,0.06453961796492437,,,,,16.29383368858662,1.816643386513711
18.53539778042631,0.02535247067952345,18.92115532181267,0.06334665487076502,,,,,16.30425956808355,1.780483895452906
18.54582365992324,0.02592340256488827,18.9315812013096,0.06215035702242731,,,,,16.31468544758048,1.744497207929468
18.55624953942017,0.0264770522764635,18.94200708080653,0.06095243075903028,,,,,16.32511132707741,1.708907794192372
18.5666754189171,0.0270097618806966,18.95243296030346,0.05978226700906483,,,,,16.33553720657434,1.673928598054405
18.57710129841402,0.02751833787756696,18.96285883980039,0.05864096949406897,,,,,16.34596308607127,1.63975853300233
18.58752717791095,0.02799487893538711,18.97328471929732,0.0574879490287421,,,,,16.3563889655682,1.60657955534699
18.59795305740788,0.02844856392424759,18.98371059879425,0.0563241119658737,,,,,16.36681484506513,1.574554108156494
18.60837893690481,0.02887106225447603,18.99413647829117,0.0551504743981431,,,,,16.37724072456205,1.54378454640833
18.61880481640174,0.0292929246204707,19.0045623577881,0.05396817917800564,,,,,16.38766660405899,1.514475339170648
18.62923069589867,0.02971258438288868,19.01498823728503,0.05277850540626623,,,,,16.39809248355591,1.486667585931378
18.6396565753956,0.03009780991292996,19.02541411678196,0.05158287042486028,,,,,16.40851836305284,1.460426594922294
18.65008245489253,0.03044735539464668,19.03583999627889,0.05038282459817042,,,,,16.41894424254977,1.435796274394308
18.66050833438945,0.03076089091060516,19.04626587577582,0.04918003939589423,,,,,16.4293701220467,1.412804645232202
18.67093421388638,0.0310382032740584,19.05669175527275,0.04797628949241241,,,,,16.43979600154363,1.391434052279644
18.68136009338331,0.03127938832257102,19.06711763476968,0.04677342976730343,,,,,16.45022188104056,1.371652688446521
18.69178597288024,0.03148475193430573,19.0775435142666,0.04557336822491586,,,,,16.46064776053748,1.353406448739946
18.70221185237717,0.03165476978611236,19.08796939376353,0.04437803594492636,,,,,16.47107364003442,1.336620755206948
18.7126377318741,0.03179005122573209,19.09839527326046,0.04318935522918652,,,,,16.48149951953134,1.321192820988333
18.72306361137103,0.03189129901089462,19.10882115275739,0.04200920712291078,,,,,16.49192539902827,1.30703559520345
18.73348949086796,0.03195926768798452,19.11924703225432,0.04083939946174697,,,,,16.5023512785252,1.294018935694648
18.74391537036488,0.03199473402522993,19.12967291175125,0.03968163653311102,,,,,16.51277715802213,1.282001724425247
18.75434124986181,0.03199846336100255,19.14009879124818,0.03853749134407727,,,,,16.52320303751906,1.270847696775078
18.76476712935874,0.03197118162145887,19.15052467074511,0.03740838136373398,,,,,16.53362891701599,1.260410809237778
18.77519300885567,0.03191355063596329,19.16095055024203,0.03629515582799687,,,,,16.54405479651292,1.250542793151167
18.7856188883526,0.03182615432651036,19.17137642973896,0.03519973488903091,,,,,16.55448067600985,1.241096283814321
18.79604476784953,0.03170947770341404,19.18180230923589,0.03412247456784012,,,,,16.56490655550677,1.232330234776441
18.80647064734646,0.03156390437077054,19.19222818873282,0.03306402220358569,,,,,16.5753324350037,1.224102395094614
18.81689652684339,0.03138971267755965,19.20265406822975,0.03202481907247852,,,,,16.58575831450063,1.215871549505392
18.82732240634031,0.03118707832581054,19.21307994772668,0.0310051062202222,,,,,16.59618419399756,1.208079256250307
18.83774828583724,0.0309560842330505,19.22350582722361,0.03000493517750649,,,,,16.60661007349449,1.200600516110519
18.84817416533417,0.03069673080623409,19.23393170672054,0.02902418311243608,,,,,16.61703595299142,1.192757332685039
18.8586000448311,0.030407855245117,19.24435758621746,0.02806523540778481,,,,,16.62746183248835,1.184450755539275
18.86902592432803,0.03009134084670086,19.2547834657144,0.02712765909597852,,,,,16.63788771198528,1.175570613882307
18.87945180382496,0.02974666525311181,19.26520934521132,0.02620822784521635,,,,,16.6483135914822,1.166109319454037
18.88987768332189,0.02937315934690879,19.27563522470825,0.02530629770776441,,,,,16.65873947097913,1.155981799922175
18.90030356281882,0.02897075050786099,19.28606110420518,0.02442116497189641,,,,,16.66916535047606,1.145153312737414
18.91072944231574,0.02853942584548465,19.29648698370211,0.02355212106737465,,,,,16.67959122997299,1.133604920583028
18.92115532181267,0.02807926002520383,19.30691286319904,0.0227156117991845,,,,,16.69001710946992,1.121340385606472
18.9315812013096,0.02759058498932839,19.31733874269597,0.0219108037602258,,,,,16.70044298896685,1.108357414340189
18.94200708080653,0.02707373618481811,19.32776462219289,0.02111960172803743,,,,,16.71086886846378,1.094686004126223
18.95243296030346,0.02655693095249919,19.33819050168983,0.02034116310811129,,,,,16.72129474796071,1.080761969039794
18.96285883980039,0.02604060682384798,19.34861638118675,0.01957474451468953,,,,,16.73172062745763,1.066628975760035
18.97328471929732,0.02549728661854564,19.35904226068368,0.01881971967406541,,,,,16.74214650695456,1.051939880729955
18.98371059879425,0.02492759058534887,19.36946814018061,0.01807559339990247,,,,,16.75257238645149,1.036741858659681
18.99413647829117,0.02433236372787246,19.37989401967754,0.01734201146221007,,,,,16.76299826594842,1.02111726893342
19.0045623577881,0.02371268250573326,19.39031989917447,0.01661876629066431,,,,,16.77342414544535,1.005123042031479
19.01498823728503,0.02306985640526443,19.4007457786714,0.01590579856708629,,,,,16.78385002494228,0.9888307043293799
19.02541411678196,0.02240542438102827,19.41117165816832,0.01520319486800449,,,,,16.79427590443921,0.9723212547548257
19.03583999627889,0.02172114629920293,19.42159753766526,0.01451118161369721,,,,,16.80470178393614,0.9556599631313083
19.04626587577582,0.02101898963612159,19.43202341716218,0.01383011566280405,,,,,16.81512766343306,0.9389345276703677
19.05669175527275,0.02030111179663762,19.44244929665911,0.01316047195991112,,,,,16.82555354292999,0.9222709278879889
19.06711763476968,0.01956983851485853,19.45287517615604,0.01250282869640711,,,,,16.83597942242692,0.9057471818740354
19.0775435142666,0.01882763888193041,19.46330105565297,0.01185785048186827,,,,,16.84640530192385,0.889341639155721
19.08796939376353,0.0180770976103229,19.4737269351499,0.01122627004427628,,,,,16.85683118142078,0.8731105258023472
19.09839527326046,0.01732088519040904,19.48415281464683,0.01060876697682156,,,,,16.86725706091771,0.8571046903963377
19.10882115275739,0.01656172662259641,19.49457869414376,0.01000637788852774,,,,,16.87768294041464,0.8413711455594511
19.11924703225432,0.01580236941696678,19.50500457364069,0.009419794843520344,,,,,16.88810881991157,0.8259457647735419
19.12967291175125,0.01504555154298915,19.51543045313761,0.008849829568362881,,,,,16.89853469940849,0.8108633723440121
19.14009879124818,0.01429396998555195,19.52585633263454,0.008297265937088712,,,,,16.90896057890542,0.7961519236251478
19.15052467074511,0.01355025052191305,19.53628221213147,0.007761188186478459,,,,,16.91938645840235,0.7818334734028197
19.16095055024203,0.01281691927914813,19.5467080916284,0.007245939263725051,,,,,16.92981233789928,0.7679245889023122
19.17137642973896,0.01209637656556782,19.55713397112533,0.006750043587495739,,,,,16.94023821739621,0.7544338121304661
19.18180230923589,0.01139087339462991,19.56755985062226,0.006274036874630313,,,,,16.95066409689314,0.7413788783617935
19.19222818873282,0.01070249103904542,19.57798573011919,0.005818358331085949,,,,,16.96108997639007,0.7287595685822383
19.20265406822975,0.01003312386798086,19.58841160961612,0.005383344162347018,,,,,16.971515855887,0.7165787031441209
19.21307994772668,0.009384465634644883,19.59883748911304,0.004969223231345257,,,,,16.98194173538392,0.7050350902909863
19.22350582722361,0.008757999297026734,19.60926336860997,0.004576114827207628,,,,,16.99236761488085,0.6941272523294014
19.23393170672054,0.008154990373485696,19.6196892481069,0.004204028459865588,,,,,17.00279349437778,0.6836542246588241
19.24435758621746,0.007576483759957138,19.63011512760383,0.003852865553828527,,,,,17.01321937387471,0.67361341634741
19.2547834657144,0.00702330386263669,19.64054100710076,0.003522422879755317,,,,,17.02364525337164,0.664006396150571
19.26520934521132,0.006496057846822935,19.65096688659769,0.003212397535109666,,,,,17.03407113286857,0.6548355851072271
19.27563522470825,0.005995141747152432,19.66139276609462,0.002922393265179786,,,,,17.0444970123655,0.6460959021502221
19.28606110420518,0.00552074913886015,19.67181864559155,0.002651927902891649,,,,,17.05492289186243,0.6377993336370561
19.29648698370211,0.005072882045750322,19.68224452508847,0.002400441699773507,,,,,17.06534877135935,0.6302910883870174
19.30691286319904,0.00465177172444074,19.6926704045854,0.00216730632060857,,,,,17.07577465085628,0.6235397563293651
19.31733874269597,0.004257073686995987,19.70309628408233,0.001951834280091783,,,,,17.08620053035321,0.6173211160121473
19.32776462219289,0.003887883232521011,19.71352216357926,0.001753288610444778,,,,,17.09662640985014,0.6116008631967287
19.33819050168983,0.003543571131131393,19.72394804307619,0.00157089256364206,,,,,17.10705228934707,0.6063989397238175
19.34861638118675,0.003223392484111528,19.73437392257312,0.001403839169835804,,,,,17.117478168844,0.6017451601724173
19.35904226068368,0.002926503715398649,19.74479980207005,0.001251300493911634,,,,,17.12790404834093,0.5976722834941142
19.36946814018061,0.002651979408694511,19.75522568156698,0.001112436454063775,,,,,17.13832992783786,0.5942174420340295
19.37989401967754,0.00239882872417773,19.7656515610639,0.0009864030890922887,,,,,17.14875580733478,0.5914193287531943
19.39031989917447,0.00216601116231456,19.77607744056083,0.0008723601841080159,,,,,17.15918168683171,0.5893284268135118
19.4007457786714,0.001952451477725639,19.78650332005776,0.0007694781868698461,,,,,17.16960756632864,0.5879896943843016
19.41117165816832,0.001757053582373779,19.79692919955469,0.0006769443685466547,,,,,17.18003344582557,0.5874539511565195
19.42159753766526,0.001578713313495245,19.80735507905162,0.0005939682028568437,,,,,17.1904593253225,0.5877740636777267
19.43202341716218,0.001416329976817208,19.81778095854855,0.0005197859559482783,,,,,17.20088520481943,0.5890042653887566
19.44244929665911,0.001268816608923889,19.82820683804548,0.0004536644957884096,,,,,17.21131108431636,0.5911994246227802
19.45287517615604,0.001135108933524302,19.83863271754241,0.000394904344073361,,,,,17.22173696381329,0.5944517760904001
19.46330105565297,0.001014173014342953,19.84905859703933,0.0003425773323846503,,,,,17.23216284331021,0.5988147932084854
19.4737269351499,0.0009050116320450492,19.85948447653626,0.0002966435241485449,,,,,17.24258872280714,0.6043023576056169
19.48415281464683,0.0008066694336575822,19.86991035603319,0.0002553613456199748,,,,,17.25301460230407,0.6109632343792235
19.49457869414376,0.0007182369215121984,19.88033623553012,0.0002200035619920999,,,,,17.263440481801,0.618842713921728
19.50500457364069,0.0006388533596624473,19.89076211502705,0.000189029797708537,,,,,17.27386636129793,0.6279817601042711
19.51543045313761,0.0005677086914599043,19.90118799452398,0.0001619782643028553,,,,,17.28429224079486,0.6384161664208464
19.52585633263454,0.0005040445637075259,19.91161387402091,0.0001384232490337822,,,,,17.29471812029179,0.6501771363312692
19.53628221213147,0.0004465216816342042,19.92203975351784,0.0001179742095488648,,,,,17.30514399978872,0.6633650904454518
19.5467080916284,0.0003958861554460912,19.93246563301476,0.0001002745606575532,,,,,17.31556987928564,0.6779933891097859
19.55713397112533,0.0003507374746514512,19.94289151251169,8.500021597891802e-05,,,,,17.32599575878257,0.6939930236358978
19.56755985062226,0.0003105255633589994,21.29825584711243,0,,,,,17.3364216382795,0.7113916532523136
19.57798573011919,0.000274746316946162,,,,,,,17.34684751777643,0.730178389963256
19.58841160961612,0.0002429395615886676,,,,,,,17.35727339727336,0.7502946802848444
19.59883748911304,0.0002146867606827324,,,,,,,17.36769927677029,0.7717066845525142
19.60926336860997,0.0001896085452286961,,,,,,,17.37812515626722,0.7943696548452954
19.6196892481069,0.0001673621364127171,,,,,,,17.38855103576415,0.8182276602832739
19.63011512760383,0.0001476387197048244,,,,,,,17.39897691526107,0.8432134144140222
19.64054100710076,0.0001301608210129721,,,,,,,17.409402794758,0.8692482128934389
19.65096688659769,0.000114679726981515,,,,,,,17.41982867425493,0.8964224125415835
19.66139276609462,0.0001009729835489905,,,,,,,17.43025455375186,0.9246332960402583
19.67181864559155,8.884199949841049e-05,,,,,,,17.44068043324879,0.9535854023411042
21.29825584711243,0,,,,,,,17.45110631274572,0.9831600832436858
,,,,,,,,17.46153219224265,1.01322211825733
,,,,,,,,17.47195807173958,1.04362051482789
,,,,,,,,17.4823839512365,1.074194922908405
,,,,,,,,17.49280983073343,1.10480363444644
,,,,,,,,17.50323571023036,1.135271230374711
,,,,,,,,17.51366158972729,1.165494622780678
,,,,,,,,17.52408746922422,1.195324824268368
,,,,,,,,17.53451334872115,1.224493123898021
,,,,,,,,17.54493922821808,1.252822878258462
,,,,,,,,17.55536510771501,1.280138694577492
,,,,,,,,17.56579098721193,1.306268059502466
,,,,,,,,17.57621686670886,1.331042977969945
,,,,,,,,17.58664274620579,1.354301599286863
,,,,,,,,17.59706862570272,1.375889806902007
,,,,,,,,17.60749450519965,1.395959839762611
,,,,,,,,17.61792038469658,1.414375137415763
,,,,,,,,17.62834626419351,1.430711713401086
,,,,,,,,17.63877214369044,1.44484810805535
,,,,,,,,17.64919802318736,1.456703931487091
,,,,,,,,17.6596239026843,1.466295378025498
,,,,,,,,17.67004978218122,1.47395134344424
,,,,,,,,17.68047566167815,1.479504699549734
,,,,,,,,17.69090154117508,1.482517843354349
,,,,,,,,17.70132742067201,1.482974553900488
,,,,,,,,17.71175330016894,1.481037552423886
,,,,,,,,17.72217917966586,1.476722954218902
,,,,,,,,17.73260505916279,1.470482488842665
,,,,,,,,17.74303093865973,1.462352012911583
,,,,,,,,17.75345681815665,1.451775578100716
,,,,,,,,17.76388269765358,1.438815164538907
,,,,,,,,17.77430857715051,1.423549329086261
,,,,,,,,17.78473445664744,1.406070482725404
,,,,,,,,17.79516033614437,1.386559354096539
,,,,,,,,17.80558621564129,1.365130300021601
,,,,,,,,17.81601209513822,1.341830756155831
,,,,,,,,17.82643797463516,1.316792882806413
,,,,,,,,17.83686385413208,1.290155773756299
,,,,,,,,17.84728973362901,1.262063964065589
,,,,,,,,17.85771561312594,1.23271665717826
,,,,,,,,17.86814149262287,1.202264659794884
,,,,,,,,17.8785673721198,1.170809027817811
,,,,,,,,17.88899325161672,1.138501429546788
,,,,,,,,17.89941913111366,1.105488393318457
,,,,,,,,17.90984501061059,1.071926732908342
,,,,,,,,17.92027089010751,1.037956259782245
,,,,,,,,17.93069676960444,1.003717447838868
,,,,,,,,17.94112264910137,0.9694553011531307
,,,,,,,,17.9515485285983,0.9355487592600196
,,,,,,,,17.96197440809523,0.9020076248576748
,,,,,,,,17.97240028759215,0.8686922585222031
,,,,,,,,17.98282616708909,0.8356995541255792
,,,,,,,,17.99325204658602,0.8031404806423029
,,,,,,,,18.00367792608294,0.7710956406061974
,,,,,,,,18.01410380557987,0.7397290249334674
,,,,,,,,18.0245296850768,0.7091134799772054
,,,,,,,,18.03495556457373,0.679238755071039
,,,,,,,,18.04538144407066,0.6501548282437519
,,,,,,,,18.05580732356758,0.6219182689250154
,,,,,,,,18.06623320306452,0.5945751934672423
,,,,,,,,18.07665908256145,0.5681657052686263
,,,,,,,,18.08708496205837,0.5427242362046835
,,,,,,,,18.0975108415553,0.5182798966994655
,,,,,,,,18.10793672105223,0.4948568267748175
,,,,,,,,18.11836260054916,0.4724745412260928
,,,,,,,,18.12878848004609,0.4511482629232294
,,,,,,,,18.13921435954302,0.4308884950704873
,,,,,,,,18.14964023903995,0.4117044514392759
,,,,,,,,18.16006611853688,0.3935993526481276
,,,,,,,,18.1704919980338,0.3765741946222743
,,,,,,,,18.18091787753073,0.3606270194056858
,,,,,,,,18.19134375702766,0.3457530998777008
,,,,,,,,18.20176963652459,0.3319450944656461
,,,,,,,,18.21219551602152,0.3191931444950596
,,,,,,,,18.22262139551845,0.3074835528261007
,,,,,,,,18.23304727501538,0.2968051410766673
,,,,,,,,18.24347315451231,0.2872418693356384
,,,,,,,,18.25389903400923,0.27877315006065
,,,,,,,,18.26432491350616,0.2712748676299995
,,,,,,,,18.27475079300309,0.2647209783227469
,,,,,,,,18.28517667250002,0.2590841234596796
,,,,,,,,18.29560255199695,0.2543347471452466
,,,,,,,,18.30602843149388,0.2504411004085481
,,,,,,,,18.31645431099081,0.2473692493143589
,,,,,,,,18.32688019048773,0.2450832101524475
,,,,,,,,18.33730606998466,0.2435409579698423
,,,,,,,,18.34773194948159,0.242710180175057
,,,,,,,,18.35815782897852,0.2425440248812174
,,,,,,,,18.36858370847545,0.2429984366808061
,,,,,,,,18.37900958797238,0.2440276561739043
,,,,,,,,18.38943546746931,0.2455874730558613
,,,,,,,,18.39986134696624,0.2476217847516082
,,,,,,,,18.41028722646316,0.25008336928832
,,,,,,,,18.42071310596009,0.2529208770385724
,,,,,,,,18.43113898545702,0.2560807161082737
,,,,,,,,18.44156486495395,0.259513900574725
,,,,,,,,18.45199074445088,0.2631660327854737
,,,,,,,,18.46241662394781,0.2669850129833727
,,,,,,,,18.47284250344474,0.2709194572705998
,,,,,,,,18.48326838294167,0.2749190926586044
,,,,,,,,18.49369426243859,0.278935156626466
,,,,,,,,18.50412014193552,0.2829207940120266
,,,,,,,,18.51454602143245,0.2868314437011986
,,,,,,,,18.52497190092938,0.2906193138622067
,,,,,,,,18.53539778042631,0.2942585592420883
,,,,,,,,18.54582365992324,0.2977061912615194
,,,,,,,,18.55624953942017,0.3009302721967683
,,,,,,,,18.5666754189171,0.3039464190837932
,,,,,,,,18.57710129841402,0.306727901389607
,,,,,,,,18.58752717791095,0.3092072386972406
,,,,,,,,18.59795305740788,0.3113824426721959
,,,,,,,,18.60837893690481,0.3132312239718816
,,,,,,,,18.61880481640174,0.315047595581576
,,,,,,,,18.62923069589867,0.316821267973192
,,,,,,,,18.6396565753956,0.3182527399866418
,,,,,,,,18.65008245489253,0.3193238321562245
,,,,,,,,18.66050833438945,0.3200632155705658
,,,,,,,,18.67093421388638,0.3204609105738571
,,,,,,,,18.68136009338331,0.3205251621394312
,,,,,,,,18.69178597288024,0.3202668127323574
,,,,,,,,18.70221185237717,0.3196989464435565
,,,,,,,,18.7126377318741,0.3188350404526832
,,,,,,,,18.72306361137103,0.3176949256103075
,,,,,,,,18.73348949086796,0.3162943161616688
,,,,,,,,18.74391537036488,0.3146516151360415
,,,,,,,,18.75434124986181,0.3127856426274516
,,,,,,,,18.76476712935874,0.3107153099778846
,,,,,,,,18.77519300885567,0.3084583195236849
,,,,,,,,18.7856188883526,0.3060351347447145
,,,,,,,,18.79604476784953,0.3034620450756799
,,,,,,,,18.80647064734646,0.3007557432795757
,,,,,,,,18.81689652684339,0.2979319149655222
,,,,,,,,18.82732240634031,0.2950051446104155
,,,,,,,,18.83774828583724,0.2919888656345641
,,,,,,,,18.84817416533417,0.2888953455956136
,,,,,,,,18.8586000448311,0.2857335374645062
,,,,,,,,18.86902592432803,0.2825133326053213
,,,,,,,,18.87945180382496,0.2792520225179607
,,,,,,,,18.88987768332189,0.2759515164493667
,,,,,,,,18.90030356281882,0.2726192184966941
,,,,,,,,18.91072944231574,0.2692618557898609
,,,,,,,,18.92115532181267,0.2658856038240056
,,,,,,,,18.9315812013096,0.2625147655715912
,,,,,,,,18.94200708080653,0.2591581912508382
,,,,,,,,18.95243296030346,0.2560059965102301
,,,,,,,,18.96285883980039,0.2530612254079334
,,,,,,,,18.97328471929732,0.2501176890385312
,,,,,,,,18.98371059879425,0.2471766765135399
,,,,,,,,18.99413647829117,0.244239532498303
,,,,,,,,19.0045623577881,0.2413076797054642
,,,,,,,,19.01498823728503,0.2383826142348872
,,,,,,,,19.02541411678196,0.235465875306056
,,,,,,,,19.03583999627889,0.2325589919195036
,,,,,,,,19.04626587577582,0.2296634098577399
,,,,,,,,19.05669175527275,0.2267804031658673
,,,,,,,,19.06711763476968,0.2239109748154963
,,,,,,,,19.0775435142666,0.2210557516368611
,,,,,,,,19.08796939376353,0.2182148787939323
,,,,,,,,19.09839527326046,0.2153879190733762
,,,,,,,,19.10882115275739,0.2125737620646392
,,,,,,,,19.11924703225432,0.2097705479358951
,,,,,,,,19.12967291175125,0.2069756099755548
,,,,,,,,19.14009879124818,0.2041854393931861
,,,,,,,,19.15052467074511,0.2013956750829472
,,,,,,,,19.16095055024203,0.1985990826636565
,,,,,,,,19.17137642973896,0.1957941843107055
,,,,,,,,19.18180230923589,0.1929717092305375
,,,,,,,,19.19222818873282,0.1901243458970645
,,,,,,,,19.20265406822975,0.1872442815347898
,,,,,,,,19.21307994772668,0.1843233479340935
,,,,,,,,19.22350582722361,0.181353185713632
,,,,,,,,19.23393170672054,0.1783254229681916
,,,,,,,,19.24435758621746,0.1752365702994105
,,,,,,,,19.2547834657144,0.1720787628898341
,,,,,,,,19.26520934521132,0.1688399544041578
,,,,,,,,19.27563522470825,0.1655135576398275
,,,,,,,,19.28606110420518,0.16209391072778
,,,,,,,,19.29648698370211,0.1585764685369673
,,,,,,,,19.30691286319904,0.1551165813053218
,,,,,,,,19.31733874269597,0.1517110037506957
,,,,,,,,19.32776462219289,0.1481980012060279
,,,,,,,,19.33819050168983,0.1445760967281105
,,,,,,,,19.34861638118675,0.1408454673420803
,,,,,,,,19.35904226068368,0.1370079841667363
,,,,,,,,19.36946814018061,0.1330672196203149
,,,,,,,,19.37989401967754,0.129028421895092
,,,,,,,,19.39031989917447,0.1248984576827397
,,,,,,,,19.4007457786714,0.1206857248747824
,,,,,,,,19.41117165816832,0.1164000376347487
,,,,,,,,19.42159753766526,0.1120524868246037
,,,,,,,,19.43202341716218,0.1076552792550213
,,,,,,,,19.44244929665911,0.1032215596078175
,,,,,,,,19.45287517615604,0.09876521914387483
,,,,,,,,19.46330105565297,0.09430069545924646
,,,,,,,,19.4737269351499,0.08984276758744571
,,,,,,,,19.48415281464683,0.08540548272161144
,,,,,,,,19.49457869414376,0.08100561184337979
,,,,,,,,19.50500457364069,0.07665665290321358
,,,,,,,,19.51543045313761,0.07237275970408351
,,,,,,,,19.52585633263454,0.06816747166201151
,,,,,,,,19.53628221213147,0.0640475654688679
,,,,,,,,19.5467080916284,0.06003818389527136
,,,,,,,,19.55713397112533,0.05614264017484142
,,,,,,,,19.56755985062226,0.05237073093824994
,,,,,,,,19.57798573011919,0.04873106173409478
,,,,,,,,19.58841160961612,0.04523099862445764
,,,,,,,,19.59883748911304,0.04187664072888264
,,,,,,,,19.60926336860997,0.03867281293020062
,,,,,,,,19.6196892481069,0.0356230775867367
,,,,,,,,19.63011512760383,0.03272976378219501
,,,,,,,,19.64054100710076,0.02999401239038114
,,,,,,,,19.65096688659769,0.02741583503843633
,,,,,,,,19.66139276609462,0.02499418491914605
,,,,,,,,19.67181864559155,0.02272703732823643
,,,,,,,,19.68224452508847,0.02061147778303844
,,,,,,,,19.6926704045854,0.01864379560992991
,,,,,,,,19.70309628408233,0.01681958096405628
,,,,,,,,19.71352216357926,0.01513382335977306
,,,,,,,,19.72394804307619,0.01358100993739599
,,,,,,,,19.73437392257312,0.01215522186432367
,,,,,,,,19.74479980207005,0.01085022745956801
,,,,,,,,19.75522568156698,0.009659570833556395
,,,,,,,,19.7656515610639,0.008576655043511655
,,,,,,,,19.77607744056083,0.007594818973050681
,,,,,,,,19.78650332005776,0.006707407347787207
,,,,,,,,19.79692919955469,0.005907833492304899
,,,,,,,,19.80735507905162,0.005189634614269426
,,,,,,,,19.81778095854855,0.004546519565830375
,,,,,,,,19.82820683804548,0.003972409178748512
,,,,,,,,19.83863271754241,0.003461469396525058
,,,,,,,,19.84905859703933,0.0030077371710571
,,,,,,,,19.85948447653626,0.002606827297825994
,,,,,,,,19.86991035603319,0.002249153961185669
,,,,,,,,19.88033623553012,0.001939178789935566
,,,,,,,,19.89076211502705,0.001667391700978777
,,,,,,,,19.90118799452398,0.001429810606229347
,,,,,,,,19.91161387402091,0.001222757874414446
,,,,,,,,19.92203975351784,0.001042853919273062
,,,,,,,,19.93246563301476,0.0008870079712866932
,,,,,,,,19.94289151251169,0.0007524065787983661
,,,,,,,,19.95331739200862,0.0006365003446149531
,,,,,,,,19.96374327150555,0.0005369893601451468
,,,,,,,,19.97416915100248,0.0004518077524242376
,,,,,,,,19.98459503049941,0.0003791077114645943
,,,,,,,,19.99502090999634,0.0003172433175058195
,,,,,,,,20.00544678949327,0.0002647544409849107
,,,,,,,,20.01587266899019,0.0002203509432748429
,,,,,,,,20.02629854848712,0.0001828973641333438
,,,,,,,,20.03672442798405,0.0001513982428700851
,,,,,,,,20.04715030748098,0.0001249841848266886
,,,,,,,,20.05757618697791,0.0001028987530723324
,,,,,,,,20.06800206647484,8.448623732503268e-05
,,,,,,,,21.29825584711243,0
