-101.3035314943387,0,-101.3035314943387,0,-101.3035314943387,0,-101.3035314943387,0,-101.3035314943387,0
-101.2931896350861,0,-101.2931896350861,0,-101.2931896350861,0,-101.2931896350861,0,-101.2931896350861,0
-100.2176362728121,0.0001245646677148067,-99.5660991398962,0.0001003443023856777,-27.85564708213325,0.0001069642132410656,20.21331472410878,0,-100.2176362728121,0.000124572960148455
-100.2072944135595,0.0001573994734929627,-99.55575728064356,0.0001071378854089923,-27.84530522288061,0.0001173008724466081,,,-100.2072944135595,0.0001574099517827873
-100.1969525543069,0.0001983583275374703,-99.54541542139093,0.0001140859554627062,-27.83496336362798,0.0001282929361207579,,,-100.1969525543069,0.0001983715325120419
-100.1866106950542,0.0002493080842988702,-99.53507356213829,0.0001211602214941842,-27.82462150437534,0.0001399403668075198,,,-100.1866106950542,0.000249324681065714
-100.1762688358016,0.0003125079330268994,-99.52473170288566,0.0001283295567996097,-27.81427964512271,0.0001522376363529749,,,-100.1762688358016,0.0003125287370907381
-100.165926976549,0.0003906829805808724,-99.51438984363303,0.0001355601657863181,-27.80393778587008,0.0001651732895255069,,,-100.165926976549,0.000390708988860374
-100.1555851172963,0.0004871096119676168,-99.50404798438039,0.0001428157974878548,-27.79359592661744,0.0001787295512224112,,,-100.1555851172963,0.0004871420394947058
-100.1452432580437,0.0006057140780013284,-99.49370612512776,0.0001500580050789262,-27.78325406736481,0.0001928819876429504,,,-100.1452432580437,0.0006057544011836063
-100.1349013987911,0.0007511858472374902,-99.48336426587512,0.0001572464497113883,-27.77291220811217,0.0002075992316539772,,,-100.1349013987911,0.0007512358546666432
-100.1245595395384,0.0009291073323060598,-99.47302240662249,0.0001643392460510761,-27.76257034885954,0.0002228427821802009,,,-100.1245595395384,0.0009291691842023207
-100.1142176802858,0.001146101653334483,-99.46268054736986,0.0001712933459609665,-27.75222848960691,0.0002385668868068738,,,-100.1142176802858,0.001146177950827896
-100.1038758210332,0.001410000126908838,-99.45233868811724,0.0001780649558722055,-27.74188663035427,0.0002547185158839976,,,-100.1038758210332,0.001410093992470485
-100.0935339617805,0.001730031160814206,-99.4419968288646,0.0001846099825346156,-27.73154477110164,0.0002712374352707666,,,-100.0935339617805,0.001730146331262405
-100.0831921025279,0.002117032184759626,-99.43165496961197,0.0001908845010657609,-27.72120291184901,0.0002880563834666156,,,-100.0831921025279,0.002117173118374634
-100.0728502432753,0.002583686146946987,-99.42131311035934,0.0001968452385447819,-27.71086105259637,0.000305101357258113,,,-100.0728502432753,0.002583858146329593
-100.0625083840226,0.003144783946719068,-99.4109712511067,0.000202450065844543,-27.70051919334374,0.0003222920081935969,,,-100.0625083840226,0.00314499329911967
-100.05216652477,0.00381751394534416,-99.40062939185407,0.0002076584899812254,-27.6901773340911,0.0003395421502116248,,,-100.05216652477,0.003817768082264957
-100.0418246655174,0.004621779390911975,-99.39028753260143,0.0002124321389993364,-27.67983547483847,0.0003567603766333933,,,-100.0418246655174,0.00462208706884055
-100.0314828062647,0.005580544200186471,-99.3799456733488,0.0002167352313135426,-27.66949361558584,0.0003738507825276778,,,-100.0314828062647,0.005580915704348528
-100.0211409470121,0.006720207051497546,-99.36960381409617,0.000220535021504007,-27.6591517563332,0.0003907137862188176,,,-100.0211409470121,0.006720654424513505
-100.0107990877595,0.008071003150718277,-99.35926195484353,0.000223802214811861,-27.64880989708057,0.0004072470414869644,,,-100.0107990877595,0.008071540448005943
-100.0004572285068,0.009667432330832585,-99.3489200955909,0.0002265113430042268,-27.63846803782793,0.0004233464298606627,,,-100.0004572285068,0.009668075904508997
-99.99011536925418,0.01154871133021711,-99.33857823633826,0.0002286410948673409,-27.6281261785753,0.0004389071203811644,,,-99.99011536925418,0.01154948014310912
-99.97977351000155,0.01375924716364156,-99.32823637708563,0.0002301745953306773,-27.61778431932267,0.0004538246823811871,,,-99.97977351000155,0.01376016313480937
-99.96943165074892,0.01634912745423689,-99.317894517833,0.0002310996281090765,-27.60744246007003,0.0004679962352211026,,,-99.96943165074892,0.01635021583713959
-99.95908979149628,0.01937462243895609,-99.30755265858036,0.0002314087977542817,-27.5971006008174,0.0004813216176115733,,,-99.95908979149628,0.0193759122330364
-99.94874793224365,0.02289869210315756,-99.29721079932773,0.0002314087977542817,-27.58675874156476,0.0004937045581664068,,,-99.94874793224365,0.02290021649918719
-99.93840607299101,0.02699149055532443,-99.2868689400751,0.0002310996281090765,-27.57641688231213,0.0005050538282084894,,,-99.93840607299101,0.02699328741432629
-99.92806421373838,0.0317308583391653,-99.27652708082246,0.0002301745953306773,-27.5660750230595,0.0005152843576220785,,,-99.92806421373838,0.0317329707041096
-99.91772235448575,0.03720279192148822,-99.26618522156983,0.0002286410948673409,-27.55573316380686,0.0005243182947237008,,,-99.91772235448575,0.037205268560243
-99.90738049523311,0.04350187812011441,-99.25584336231719,0.0002265113430042268,-27.54539130455423,0.0005320859917181466,,,-99.90738049523311,0.04350477409731648
-99.89703863598048,0.05073167978236822,-99.24550150306456,0.000223802214811861,-27.5350494453016,0.000538526898311222,,,-99.89703863598048,0.05073505705696926
-99.88669677672785,0.05900505763278555,-99.23515964381193,0.000220535021504007,-27.52470758604896,0.0005435903474515769,,,-99.88669677672785,0.05900898567702399
-99.87635491747521,0.06844441192552615,-99.22481778455929,0.0002167352313135426,-27.51436572679633,0.0005472362189436016,,,-99.87635491747521,0.06844896835998625
-99.86601305822258,0.07918182641441125,-99.21447592530666,0.0002124321389993364,-27.50402386754369,0.0005494354687753341,,,-99.86601305822258,0.07918709765266632
-99.85567119896994,0.09135909624749611,-99.20413406605402,0.0002076584899812254,-27.49368200829106,0.0005501705143932536,,,-99.85567119896994,0.09136517814260887
-99.84532933971731,0.1051276207626681,-99.19379220680139,0.000202450065844543,-27.48334014903843,0.0005501705143932536,,,-99.84532933971731,0.1051346192465541
-99.83498748046468,0.1206481418666363,-99.18345034754876,0.0001968452385447819,-27.47299828978579,0.0005494354687753341,,,-99.83498748046468,0.1206561735720113
-99.82464562121204,0.1380903087826098,-99.17310848829612,0.0001908845010657609,-27.46265643053316,0.0005472362189436016,,,-99.82464562121204,0.138099501635961
-99.81430376195941,0.157632050510834,-99.16276662904349,0.0001846099825346156,-27.45231457128052,0.0005435903474515769,,,-99.81430376195941,0.1576425442836163
-99.80396190270677,0.179458738415857,-99.15242476979085,0.0001780649558722055,-27.44197271202789,0.000538526898311222,,,-99.80396190270677,0.1794706852199405
-99.79362004345414,0.2037621229834565,-99.14208291053822,0.0001712933459609665,-27.43163085277526,0.0005320859917181466,,,-99.79362004345414,0.2037756876957933
-99.78327818420151,0.2307390310183161,-99.13174105128559,0.0001643392460510761,-27.42128899352262,0.0005243182947237008,,,-99.78327818420151,0.2307543916188771
-99.77293632494887,0.2605898124091874,-99.12139919203295,0.0001572464497113883,-27.41094713426999,0.0005152843576220785,,,-99.77293632494887,0.2606071602154993
-99.76259446569624,0.2935165290859508,-99.11105733278032,0.0001500580050789262,-27.40060527501736,0.0005050538282084894,,,-99.76259446569624,0.2935360688670682
-99.75225260644361,0.3297208829310163,-99.10071547352769,0.0001428157974878548,-27.39026341576472,0.0004937045581664068,,,-99.75225260644361,0.3297428328835535
-99.74191074719097,0.3694018841658156,-99.09037361427505,0.0001355601657863181,-27.37992155651209,0.0004813216176115733,,,-99.74191074719097,0.3694264757347587
-99.73156888793834,0.4127532670713868,-99.08003175502242,0.0001283295567996097,-27.36957969725945,0.0004679962352211026,,,-99.73156888793834,0.4127807445988678
-99.7212270286857,0.4599606657583667,-99.06968989576978,0.0001211602214941842,-27.35923783800682,0.0004538246823811871,,,-99.7212270286857,0.4599912859444243
-99.71088516943307,0.5111985689916763,-99.05934803651715,0.0001140859554627062,-27.34889597875419,0.0004389071203811644,,,-99.71088516943307,0.5112326001522952
-99.70054331018044,0.5666270796918473,-99.04900617726452,0.0001071378854089923,-27.33855411950155,0.0004233464298606627,,,-99.70054331018044,0.5666648008012747
-99.6902014509278,0.6263885115492565,-99.03866431801188,0.0001003443023856777,-27.32821226024892,0.0004072470414869644,,,-99.6902014509278,0.6264302110557485
-99.67985959167517,0.6906038620497827,-99.02832245875925,9.373054164745677e-05,-27.31787040099628,0.0003907137862188176,,,-99.67985959167517,0.6906498364565576
-99.66951773242253,0.7593692079524603,-62.94557552631982,0.0003737476573583642,-27.30752854174365,0.0003738507825276778,,,-99.66951773242253,0.7594197601586918
-99.6591758731699,0.832752075698116,-62.93523366706719,0.000472266217753833,-27.29718668249102,0.0003567603766333933,,,-99.6591758731699,0.8328075130983026
-99.64883401391727,0.9107878451679521,-62.92489180781455,0.0005951604222506207,-27.28684482323838,0.0003395421502116248,,,-99.64883401391727,0.9108484775118764
-99.63849215466463,0.9934762504512619,-62.91454994856192,0.0007480316383176803,-27.27650296398575,0.0003222920081935969,,,-99.63849215466463,0.9935423874710052
-99.628150295412,1.080778045619564,-62.90420808930929,0.000937658406813416,-27.26616110473311,0.000305101357258113,,,-99.628150295412,1.080849994434555
-99.61780843615936,1.172611906743147,-62.89386623005665,0.001172217222111432,-27.25581924548048,0.0002880563834666156,,,-99.61780843615936,1.172689969058972
-99.60746657690673,1.26885164333967,-62.88352437080402,0.00146153865048201,-27.24547738622785,0.0002712374352707666,,,-99.60746657690673,1.268936112461251
-99.5971247176541,1.369323792945839,-62.87318251155138,0.001817403135536709,-27.23513552697521,0.0002547185158839976,,,-99.5971247176541,1.369414950630472
-99.58678285840146,1.473805671410269,-62.86284065229875,0.002253881102854637,-27.22479366772258,0.0002385668868068738,,,-99.58678285840146,1.473903784590875
-99.57644099914883,1.582023948708249,-62.85249879304612,0.00278772219485953,-27.21445180846995,0.0002228427821802009,,,-99.57644099914883,1.582129266121808
-99.5660991398962,1.693653815504988,-62.84215693379348,0.003438798624735492,-27.20410994921731,0.0002075992316539772,,,-99.5660991398962,1.693766564265498
-99.55575728064356,1.808318799314064,-62.83181507454085,0.004230607715453593,-27.19376808996468,0.0001928819876429504,,,-99.55575728064356,1.808439181473254
-99.54541542139093,1.925591280930799,-62.82147321528821,0.00519083866535632,-27.18342623071204,0.0001787295512224112,,,-99.54541542139093,1.925719470073224
-99.53507356213829,2.044993751935672,-62.81113135603558,0.006352008431618184,-27.17308437145941,0.0001651732895255069,,,-99.53507356213829,2.045129889857525
-99.52473170288566,2.16600084258242,-62.80078949678295,0.00775217132181946,-27.16274251220678,0.0001522376363529749,,,-99.52473170288566,2.16614503610534
-99.51438984363303,2.28804213648364,-62.79044763753031,0.009435706404928903,-27.15240065295415,0.0001399403668075198,,,-99.51438984363303,2.288194454455897
-99.50404798438039,2.410505774408742,-62.78010577827768,0.01145418616835974,-27.14205879370151,0.0001282929361207579,,,-99.50404798438039,2.410666244946333
-99.49370612512776,2.532742834487681,-62.76976391902505,0.01386732892938299,-27.13171693444888,0.0001173008724466081,,,-99.49370612512776,2.53291144250702
-99.48336426587512,2.654072460483999,-62.75942205977241,0.01674403632962588,-27.12137507519624,0.0001069642132410656,,,-99.48336426587512,2.654249145576007
-99.47302240662249,2.773787693912407,-62.74908020051978,0.02016351577488143,-27.11103321594361,9.727797491891591e-05,,,-99.47302240662249,2.77397234860485
-99.46268054736986,2.891161950006392,-62.73873834126714,0.02421648590609427,-22.08488961916357,0.0001063309710560411,,,-99.46268054736986,2.891354418457331
-99.45233868811724,3.005456062283943,-62.72839648201451,0.02900646108246068,-22.07454775991093,0.0001129243643758851,,,-99.45233868811724,3.005656139444156
-99.4419968288646,3.115925806114211,-62.71805462276188,0.03465110841108576,-22.0642059006583,0.000119606364642793,,,-99.4419968288646,3.116133237390465
-99.43165496961197,3.221829798648697,-62.70771276350924,0.04128366806388128,-22.05386404140567,0.0001263454735170187,,,-99.43165496961197,3.222044280092926
-99.42131311035934,3.322437661123693,-62.69737090425661,0.04905442448467286,-22.04352218215303,0.0001331079041888781,,,-99.42131311035934,3.322658840165556
-99.4109712511067,3.417038320212451,-62.68702904500397,0.05813221262181303,-22.0331803229004,0.0001398578232531908,,,-99.4109712511067,3.417265796944527
-99.40062939185407,3.50494831811104,-62.67668718575134,0.06870593955037138,-22.02283846364777,0.0001465576338920397,,,-99.40062939185407,3.505181647127219
-99.39028753260143,3.585519996633761,-62.66634532649871,0.08098609781354379,-22.01249660439513,0.0001531682979237599,,,-99.39028753260143,3.585758689412476
-99.3799456733488,3.658149418964228,-62.65600346724607,0.09520624257100997,-22.0021547451425,0.0001596496934052667,,,-99.3799456733488,3.658392946779046
-99.36960381409617,3.722283893978696,-62.64566160799344,0.1116244002647799,-21.99181288588986,0.0001659610036323185,,,-99.36960381409617,3.722531691309809
-99.35926195484353,3.777428972276924,-62.63531974874081,0.1305243720900578,-21.98147102663723,0.000172061132590166,,,-99.35926195484353,3.777680440688379
-99.3489200955909,3.823154790191898,-62.62497788948817,0.1522168911968363,-21.9711291673846,0.0001779091411870164,,,-99.3489200955909,3.823409302631149
-99.33857823633826,3.859101647993332,-62.61463603023554,0.1770405883716533,-21.96078730813196,0.0001834646979756137,,,-99.33857823633826,3.859358553462153
-99.32823637708563,3.884984721063348,-62.6042941709829,0.2053627170989156,-21.95044544887933,0.0001886885375531313,,,-99.32823637708563,3.885243349602363
-99.317894517833,3.900597817745025,-62.59395231173027,0.2375795855330257,-21.94010358962669,0.0001935429194433387,,,-99.317894517833,3.900857485668407
-99.30755265858036,3.905816114517147,-62.58361045247764,0.2741166401941136,-21.92976173037406,0.000197992080021587,,,-99.30755265858036,3.906076129829403
-99.29721079932773,3.905816114517147,-62.573268593225,0.3154281443086551,-21.91941987112143,0.0002020026699531662,,,-99.29721079932773,3.906076129829403
-99.2868689400751,3.900597817745025,-62.56292673397237,0.3619963928337516,-21.90907801186879,0.0002055441696857374,,,-99.2868689400751,3.900857485668407
-99.27652708082246,3.884984721063348,-62.55258487471973,0.4143304065126863,-21.89873615261616,0.0002085892757695049,,,-99.27652708082246,3.885243349602363
-99.26618522156983,3.859101647993332,-62.5422430154671,0.4729640489862317,-21.88839429336353,0.0002111142511728421,,,-99.26618522156983,3.859358553462153
-99.25584336231719,3.823154790191898,-62.53190115621447,0.5384535141937469,-21.87805243411089,0.0002130992333101689,,,-99.25584336231719,3.823409302631149
-99.24550150306456,3.777428972276924,-62.52155929696183,0.6113741361859815,-21.86771057485826,0.0002145284941926336,,,-99.24550150306456,3.777680440688379
-99.23515964381193,3.722283893978696,-62.5112174377092,0.692316480156946,-21.85736871560562,0.000215390647936159,,,-99.23515964381193,3.722531691309809
-99.22481778455929,3.658149418964228,-62.50087557845657,0.7818816820703669,-21.84702685635299,0.0002156788017975382,,,-99.22481778455929,3.658392946779046
-99.21447592530666,3.585519996633761,-62.49053371920393,0.880676014750789,-21.83668499710036,0.0002156788017975382,,,-99.21447592530666,3.585758689412476
-99.20413406605402,3.50494831811104,-62.4801918599513,0.9893046707252642,-21.82634313784772,0.000215390647936159,,,-99.20413406605402,3.505181647127219
-99.19379220680139,3.417038320212451,-62.46985000069866,1.108364766378517,-21.81600127859509,0.0002145284941926336,,,-99.19379220680139,3.417265796944527
-99.18345034754876,3.322437661123693,-62.45950814144603,1.238437588001568,-21.80565941934245,0.0002130992333101689,,,-99.18345034754876,3.322658840165556
-99.17310848829612,3.221829798648697,-62.4491662821934,1.380080117885215,-21.79531756008982,0.0002111142511728421,,,-99.17310848829612,3.222044280092926
-99.16276662904349,3.115925806114211,-62.43882442294076,1.533815897482431,-21.78497570083719,0.0002085892757695049,,,-99.16276662904349,3.116133237390465
-99.15242476979085,3.005456062283943,-62.42848256368813,1.700125304516553,-21.77463384158455,0.0002055441696857374,,,-99.15242476979085,3.005656139444156
-99.14208291053822,2.891161950006392,-62.41814070443549,1.879435341358029,-21.76429198233192,0.0002020026699531662,,,-99.14208291053822,2.891354418457331
-99.13174105128559,2.773787693912407,-62.40779884518286,2.072109052582204,-21.75395012307929,0.000197992080021587,,,-99.13174105128559,2.77397234860485
-99.12139919203295,2.654072460483999,-62.39745698593023,2.278434709849689,-21.74360826382665,0.0001935429194433387,,,-99.12139919203295,2.654249145576007
-99.11105733278032,2.532742834487681,-62.38711512667759,2.498614921568886,-21.73326640457402,0.0001886885375531313,,,-99.11105733278032,2.53291144250702
-99.10071547352769,2.410505774408742,-62.37677326742496,2.732755842622711,-21.72292454532138,0.0001834646979756137,,,-99.10071547352769,2.410666244946333
-99.09037361427505,2.28804213648364,-62.36643140817232,2.980856675164508,-21.71258268606875,0.0001779091411870164,,,-99.09037361427505,2.288194454455897
-99.08003175502242,2.16600084258242,-62.35608954891969,3.242799664504287,-21.70224082681612,0.000172061132590166,,,-99.08003175502242,2.16614503610534
-99.06968989576978,2.044993751935672,-62.34574768966706,3.518340803823945,-21.69189896756348,0.0001659610036323185,,,-99.06968989576978,2.045129889857525
-99.05934803651715,1.925591280930799,-62.33540583041442,3.807101467321953,-21.68155710831085,0.0001596496934052667,,,-99.05934803651715,1.925719470073224
-99.04900617726452,1.808318799314064,-62.32506397116179,4.108561192892282,-21.67121524905821,0.0001531682979237599,,,-99.04900617726452,1.808439181473254
-99.03866431801188,1.693653815504988,-62.31472211190916,4.422051832163183,-21.66087338980558,0.0001465576338920397,,,-99.03866431801188,1.693766564265498
-99.02832245875925,1.582023948708249,-62.30438025265652,4.746753277328038,-21.65053153055295,0.0001398578232531908,,,-99.02832245875925,1.582129266121808
-99.01798059950661,1.473805671410269,-62.29403839340389,5.081690960476117,-21.64018967130032,0.0001331079041888781,,,-99.01798059950661,1.473903784590875
-99.00763874025398,1.369323792945839,-62.28369653415125,5.425735301988721,-21.62984781204768,0.0001263454735170187,,,-99.00763874025398,1.369414950630472
-98.99729688100135,1.26885164333967,-62.27335467489862,5.777603260061766,-21.61950595279505,0.000119606364642793,,,-98.99729688100135,1.268936112461251
-98.98695502174871,1.172611906743147,-62.26301281564599,6.13586210375767,-21.60916409354241,0.0001129243643758851,,,-98.98695502174871,1.172689969058972
-98.97661316249608,1.080778045619564,-62.25267095639335,6.498935497543134,-21.59882223428978,0.0001063309710560411,,,-98.97661316249608,1.080849994434555
-98.96627130324345,0.9934762504512619,-62.24232909714072,6.86511194655832,-21.58848037503715,9.985519555168198e-05,,,-98.96627130324345,0.9935423874710052
-98.95592944399081,0.9107878451679521,-62.23198723788808,7.232555609563003,-13.57353945424593,0.0001008491997604531,,,-98.95592944399081,0.9108484775118764
-98.94558758473818,0.832752075698116,-62.22164537863545,7.599319441434456,-13.5631975949933,0.00011489342290549,,,-98.94558758473818,0.8328075130983026
-98.93524572548554,0.7593692079524603,-62.21130351938282,7.963360580195509,-13.55285573574066,0.0001305443183403699,,,-98.93524572548554,0.7594197601586918
-98.92490386623291,0.6906038620497827,-62.20096166013018,8.322557845879372,-13.54251387648803,0.000147931573059533,,,-98.92490386623291,0.6906498364565576
-98.91456200698028,0.6263885115492565,-62.19061980087755,8.674731171221875,-13.53217201723539,0.0001671875250566422,,,-98.91456200698028,0.6264302110557485
-98.90422014772764,0.5666270796918473,-62.18027794162492,9.017662738392996,-13.52183015798276,0.0001884460131707443,,,-98.90422014772764,0.5666648008012747
-98.89387828847501,0.5111985689916763,-62.16993608237228,9.349119552937475,-13.51148829873013,0.0002118410543767282,,,-98.89387828847501,0.5112326001522952
-98.88353642922237,0.4599606657583667,-62.15959422311965,9.666877146971155,-13.50114643947749,0.0002375053485711511,,,-98.88353642922237,0.4599912859444243
-98.87319456996974,0.4127532670713868,-62.14925236386701,9.968744069604082,-13.49080458022486,0.00026556861432775,,,-98.87319456996974,0.4127807445988678
-98.86285271071711,0.3694018841658156,-62.13891050461438,10.2525867945727,-13.48046272097223,0.0002961557628761148,,,-98.86285271071711,0.3694264757347587
-98.85251085146447,0.3297208829310163,-62.12856864536175,10.51635465407682,-13.47012086171959,0.0003293849216406903,,,-98.85251085146447,0.3297428328835535
-98.84216899221184,0.2935165290859508,-62.11822678610911,10.75810439459106,-13.45977900246696,0.0003653653229991413,,,-98.84216899221184,0.2935360688670682
-98.83182713295921,0.2605898124091874,-62.10788492685648,10.97602394553028,-13.44943714321432,0.0004041950783980951,,,-98.83182713295921,0.2606071602154993
-98.82148527370657,0.2307390310183161,-62.09754306760384,11.16845499546047,-13.43909528396169,0.0004459588625053273,,,-98.82148527370657,0.2307543916188771
-98.81114341445394,0.2037621229834565,-62.08720120835121,11.33391398320485,-13.42875342470906,0.0004907255365728545,,,-98.81114341445394,0.2037756876957933
-98.8008015552013,0.179458738415857,-62.07685934909858,11.47111113260555,-13.41841156545642,0.0005385457445166741,,,-98.8008015552013,0.1794706852199405
-98.79045969594867,0.157632050510834,-62.06651748984594,11.57896718953688,-13.40806970620379,0.0005894495192592285,,,-98.79045969594867,0.1576425442836163
-98.78011783669604,0.1380903087826098,-62.05617563059331,11.65662755746161,-13.39772784695115,0.0006434439404979593,,,-98.78011783669604,0.138099501635961
-98.7697759774434,0.1206481418666363,-62.04583377134067,11.70347357259526,-13.38738598769852,0.0007005108881236486,,,-98.7697759774434,0.1206561735720113
-98.75943411819077,0.1051276207626681,-62.03549191208804,11.71913071060848,-13.37704412844589,0.0007606049378838192,,,-98.75943411819077,0.1051346192465541
-98.74909225893813,0.09135909624749611,-62.02515005283541,11.71913071060848,-13.36670226919325,0.0008236514474438695,,,-98.74909225893813,0.09136517814260887
-98.7387503996855,0.07918182641441125,-62.01480819358277,11.70347357259526,-13.35636040994062,0.000889544881627261,,,-98.7387503996855,0.07918709765266632
-98.72840854043287,0.06844441192552615,-62.00446633433014,11.65662755746161,-13.34601855068798,0.0009581474252166795,,,-98.72840854043287,0.06844896835998625
-98.71806668118023,0.05900505763278555,-61.99412447507751,11.57896718953688,-13.33567669143535,0.001029287930191124,,,-98.71806668118023,0.05900898567702399
-98.7077248219276,0.05073167978236822,-61.98378261582487,11.47111113260555,-13.32533483218272,0.001102761241603712,,,-98.7077248219276,0.05073505705696926
-98.69738296267496,0.04350187812011441,-61.97344075657224,11.33391398320485,-13.31499297293008,0.001178327942443518,,,-98.69738296267496,0.04350477409731648
-98.68704110342233,0.03720279192148822,-61.9630988973196,11.16845499546047,-13.30465111367745,0.001255714552774655,,,-98.68704110342233,0.037205268560243
-98.6766992441697,0.0317308583391653,-61.95275703806697,10.97602394553028,-13.29430925442482,0.001334614212242561,,,-98.6766992441697,0.0317329707041096
-98.66635738491706,0.02699149055532443,-61.94241517881434,10.75810439459106,-13.28396739517218,0.001414687867751294,,,-98.66635738491706,0.02699328741432629
-98.65601552566443,0.02289869210315756,-61.9320733195617,10.51635465407682,-13.27362553591955,0.001495565979851088,,,-98.65601552566443,0.02290021649918719
-98.6456736664118,0.01937462243895609,-61.92173146030907,10.2525867945727,-13.26328367666691,0.001576850752271691,,,-98.6456736664118,0.0193759122330364
-98.63533180715916,0.01634912745423689,-61.91138960105643,9.968744069604082,-13.25294181741428,0.001658118879264789,,,-98.63533180715916,0.01635021583713959
-98.62498994790653,0.01375924716364156,-61.9010477418038,9.666877146971155,-13.24259995816165,0.001738924795178358,,,-98.62498994790653,0.01376016313480937
-98.61464808865389,0.01154871133021711,-61.89070588255117,9.349119552937475,-13.23225809890901,0.001818804400201878,,,-98.61464808865389,0.01154948014310912
-98.60430622940126,0.009667432330832585,-61.88036402329853,9.017662738392996,-13.22191623965638,0.001897279225738214,,,-98.60430622940126,0.009668075904508997
-98.59396437014863,0.008071003150718277,-61.8700221640459,8.674731171221875,-13.21157438040374,0.001973860992633336,,,-98.59396437014863,0.008071540448005943
-98.58362251089599,0.006720207051497546,-61.85968030479327,8.322557845879372,-13.20123252115111,0.002048056505792476,,,-98.58362251089599,0.006720654424513505
-98.57328065164336,0.005580544200186471,-61.84933844554063,7.963360580195509,-13.19089066189848,0.00211937281979333,,,-98.57328065164336,0.005580915704348528
-98.56293879239072,0.004621779390911975,-61.838996586288,7.599319441434456,-13.18054880264584,0.002187322602226406,,,-98.56293879239072,0.00462208706884055
-98.55259693313809,0.00381751394534416,-61.82865472703536,7.232555609563003,-13.17020694339321,0.002251429614885522,,,-98.55259693313809,0.003817768082264957
-98.54225507388546,0.003144783946719068,-61.81831286778273,6.86511194655832,-13.15986508414058,0.002311234227808346,,,-98.54225507388546,0.00314499329911967
-98.53191321463282,0.002583686146946987,-61.8079710085301,6.498935497543134,-13.14952322488794,0.002366298877706383,,,-98.53191321463282,0.002583858146329593
-98.52157135538019,0.002117032184759626,-61.79762914927746,6.13586210375767,-13.13918136563531,0.002416213380665485,,,-98.52157135538019,0.002117173118374634
-98.51122949612756,0.001730031160814206,-61.78728729002483,5.777603260061766,-13.12883950638268,0.002460600009237409,,,-98.51122949612756,0.001730146331262405
-98.50088763687492,0.001410000126908838,-61.77694543077219,5.425735301988721,-13.11849764713004,0.00249911824622717,,,-98.50088763687492,0.001410093992470485
-98.49054577762229,0.001146101653334483,-61.76660357151956,5.081690960476117,-13.10815578787741,0.002531469131606035,,,-98.49054577762229,0.001146177950827896
-98.48020391836965,0.0009291073323060598,-61.75626171226693,4.746753277328038,-13.09781392862477,0.002557399124989473,,,-98.48020391836965,0.0009291691842023207
-98.46986205911702,0.0007511858472374902,-61.74591985301429,4.422051832163183,-13.08747206937214,0.00257670341390522,,,-98.46986205911702,0.0007512358546666432
-98.45952019986439,0.0006057140780013284,-61.73557799376166,4.108561192892282,-13.07713021011951,0.002589246487975394,,,-98.45952019986439,0.0006057544011836063
-98.44917834061175,0.0004871096119676168,-61.72523613450903,3.807101467321953,-13.06678835086687,0.002595215645491002,,,-98.44917834061175,0.0004871420394947058
-98.43883648135912,0.0003906829805808724,-61.71489427525639,3.518340803823945,-13.05644649161424,0.00259629198642944,,,-98.43883648135912,0.000390708988860374
-98.42849462210648,0.0003125079330268994,-61.70455241600376,3.242799664504287,-13.0461046323616,0.002593596728767918,,,-98.42849462210648,0.0003125287370907381
-98.41815276285385,0.0002493080842988702,-61.69421055675113,2.980856675164508,-13.03576277310897,0.002585404715598985,,,-98.41815276285385,0.000249324681065714
-98.40781090360122,0.0001983583275374703,-61.6838686974985,2.732755842622711,-13.02542091385634,0.00257036419073946,,,-98.40781090360122,0.0001983715325120419
-98.39746904434858,0.0001573994734929627,-61.67352683824586,2.498614921568886,-13.0150790546037,0.002548594991738945,,,-98.39746904434858,0.0001574099517827873
-98.38712718509595,0.0001245646677148067,-61.66318497899323,2.278434709849689,-13.00473719535107,0.002520269739498404,,,-98.38712718509595,0.000124572960148455
-98.37678532584331,0,-61.6528431197406,2.072109052582204,-12.99439533609844,0.002485611558996446,,,-98.37678532584331,0
-62.42848256368813,0.000110821991892572,-61.64250126048796,1.879435341358029,-12.9840534768458,0.002444891152789622,,,-62.94557552631982,0.0003737745471266828
-62.41814070443549,0.0001225102453385458,-61.63215940123533,1.700125304516553,-12.97371161759317,0.002398423280971815,,,-62.93523366706719,0.0004723001955699612
-62.40779884518286,0.0001350696045848745,-61.62181754198269,1.533815897482431,-12.96336975834053,0.002346562711602804,,,-62.92489180781455,0.0005952032418524342
-62.39745698593023,0.000148518860505119,-61.61147568273006,1.380080117885215,-12.9530278990879,0.002289699714446271,,,-62.91454994856192,0.0007480854564408269
-62.38711512667759,0.0001628712200478105,-61.60113382347743,1.238437588001568,-12.94268603983527,0.002228255178005448,,,-62.90420808930929,0.0009377258678846088
-62.37677326742496,0.0001781336028767779,-61.59079196422479,1.108364766378517,-12.93234418058263,0.002162675435170514,,,-62.89386623005665,0.00117230155882606
-62.36643140817232,0.0001943059569847041,-61.58045010497216,0.9893046707252642,-12.92200232133,0.0020934268862064,,,-62.88352437080402,0.001461643802808523
-62.35608954891969,0.000211380606578949,-61.57010824571952,0.880676014750789,-12.91166046207736,0.002020990509275831,,,-62.87318251155138,0.001817533891003115
-62.34574768966706,0.000229341646172108,-61.55976638646689,0.7818816820703669,-12.90131860282473,0.001945856348225207,,,-62.86284065229875,0.002254043261304276
-62.33540583041442,0.0002481643951918749,-61.54942452721426,0.692316480156946,-12.8909767435721,0.001868518065025626,,,-62.85249879304612,0.002787922761210866
-62.32506397116179,0.0002678149275228384,-61.53908266796162,0.6113741361859815,-12.88063488431946,0.001789467640170213,,,-62.84215693379348,0.003439046033639584
-62.31472211190916,0.0002882496901790865,-61.52874080870899,0.5384535141937469,-12.87029302506683,0.001709190298636789,,,-62.83181507454085,0.004230912092107402
-62.30438025265652,0.0003094152247593734,-61.51839894945635,0.4729640489862317,-12.85995116581419,0.001628159731922674,,,-62.82147321528821,0.005191212127092716
-62.29403839340389,0.0003312480044419911,-61.50805709020372,0.4143304065126863,-12.84960930656156,0.001546833678367134,,,-62.81113135603558,0.006352465435245422
-62.28369653415125,0.0003536743980286904,-61.49771523095109,0.3619963928337516,-12.83926744730893,0.001465649914739601,,,-62.80078949678295,0.007752729062013159
-62.27335467489862,0.0003766107709496942,-61.48737337169845,0.3154281443086551,-12.82892558805629,0.001385022702145763,,,-62.79044763753031,0.009436385269275359
-62.26301281564599,0.000399963731208585,-61.47703151244582,0.2741166401941136,-12.81858372880366,0.001305339718952745,,,-62.78010577827768,0.01145501025489589
-62.25267095639335,0.00042363052600048,-61.46668965319319,0.2375795855330257,-12.80824186955103,0.001226959502921173,,,-62.76976391902505,0.01386832663265889
-62.24232909714072,0.0004474995922135444,-61.45634779394055,0.2053627170989156,-12.79790001029839,0.001150209414309517,,,-62.75942205977241,0.01674524100141113
-62.23198723788808,0.0004714512612665859,-61.44600593468792,0.1770405883716533,-12.78755815104576,0.001075384121622451,,,-62.74908020051978,0.02016496646562691
-62.22164537863545,0.0004953586157975539,-61.43566407543528,0.1522168911968363,-12.77721629179312,0.001002744602126485,,,-62.73873834126714,0.02421822819312319
-62.21130351938282,0.000519088492660843,-61.42532221618265,0.1305243720900578,-12.76687443254049,0.0009325176404424932,,,-62.72839648201451,0.02900854799057341
-62.20096166013018,0.0005425026235838402,-61.41498035693002,0.1116244002647799,-12.75653257328786,0.0008648958006056329,,,-62.71805462276188,0.0346536014307979
-62.19061980087755,0.0005654589017488695,-61.40463849767738,0.09520624257100997,-12.74619071403522,0.0008000378400848316,,,-62.70771276350924,0.04128663827184842
-62.18027794162492,0.000587812759582632,-61.39429663842475,0.08098609781354379,-12.73584885478259,0.0007380695284687468,,,-62.69737090425661,0.04905795376996317
-62.16993608237228,0.0006094186402295477,-61.38395477917211,0.06870593955037138,-12.72550699552995,0.0006790848289100186,,,-62.68702904500397,0.05813639502054778
-62.15959422311965,0.0006301315426351837,-61.37361291991948,0.05813221262181303,-12.71516513627732,0.0006231473969980362,,,-62.67668718575134,0.06871088268984066
-62.14925236386701,0.0006498086179447443,-61.36327106066685,0.04905442448467286,-12.70482327702469,0.0005702923494933224,,,-62.66634532649871,0.0809919244652013
-62.13891050461438,0.0006683107930971706,-61.35292920141421,0.04128366806388128,-12.69448141777205,0.0005205282542653784,,,-62.65600346724607,0.09521309230974365
-62.12856864536175,0.0006855043961273889,-61.34258734216158,0.03465110841108576,-12.68413955851942,0.0004738392927655264,,,-62.64566160799344,0.1116324312295305
-62.11822678610911,0.0007012627568271137,-61.33224548290895,0.02900646108246068,-12.67379769926679,0.0004301875473497113,,,-62.63531974874081,0.1305337628382172
-62.10788492685648,0.0007154677560958508,-61.32190362365631,0.02421648590609427,-12.66345584001415,0.000389515367637209,,,-62.62497788948817,0.1522278426419033
-62.09754306760384,0.0007280112975622294,-61.31156176440368,0.02016351577488143,-12.65311398076152,0.0003517477727334376,,,-62.61463603023554,0.177053325790365
-62.08720120835121,0.0007387966758809022,-61.30121990515104,0.01674403632962588,-12.64277212150889,0.0003167948494238869,,,-62.6042941709829,0.205377492190546
-62.07685934909858,0.00074773981750592,-61.29087804589841,0.01386732892938299,-12.63243026225625,0.0002845541102378468,,,-62.59395231173027,0.2375966785097613
-62.06651748984594,0.0007547703716862825,-61.28053618664578,0.01145418616835974,-12.62208840300362,0.000254912779442325,,,-62.58361045247764,0.2741363618774526
-62.05617563059331,0.0007598326318865541,-61.27019432739314,0.009435706404928903,-12.61174654375098,0.0002277499794336426,,,-62.573268593225,0.3154508382026626
-62.04583377134067,0.0007628862707539652,-61.25985246814051,0.00775217132181946,-12.60140468449835,0.00020293879452015,,,-62.56292673397237,0.3620224371418398
-62.03549191208804,0.0007639068750690427,-61.24951060888787,0.006352008431618184,-12.59106282524572,0.0001808890054557759,,,-62.55258487471973,0.4143602160604363
-62.02515005283541,0.0007639068750690427,-61.23916874963524,0.00519083866535632,-12.58072096599308,0.0001605281657532201,,,-62.5422430154671,0.472998077008749
-62.01480819358277,0.0007628862707539652,-61.22882689038261,0.004230607715453593,-12.57037910674045,0.0001421556785671256,,,-62.53190115621447,0.5384922539422429
-62.00446633433014,0.0007598326318865541,-61.21848503112997,0.003438798624735492,-12.56003724748781,0.0001256462116828482,,,-62.52155929696183,0.6114181223048358
-61.99412447507751,0.0007547703716862825,-61.20814317187734,0.00278772219485953,-12.54969538823518,0.0001108780819269937,,,-62.5112174377092,0.6923662897795297
-61.98378261582487,0.00074773981750592,-61.1978013126247,0.002253881102854637,-12.53935352898255,9.773466179823985e-05,,,-62.50087557845657,0.7819379355795717
-61.97344075657224,0.0007387966758809022,-61.18745945337207,0.001817403135536709,-12.36354192168777,0.0001011259365676885,,,-62.49053371920393,0.8807393761486045
-61.9630988973196,0.0007280112975622294,-61.17711759411944,0.00146153865048201,-12.35320006243514,0.0001190562041326856,,,-62.4801918599513,0.9893758475550546
-61.95275703806697,0.0007154677560958508,-61.1667757348668,0.001172217222111432,-12.3428582031825,0.0001406572225966038,,,-62.46985000069866,1.108444509143973
-61.94241517881434,0.0007012627568271137,-61.15643387561417,0.000937658406813416,-12.33251634392987,0.0001664732984861424,,,-62.45950814144603,1.238526689027789
-61.9320733195617,0.0006855043961273889,-61.14609201636154,0.0007480316383176803,-12.32217448467724,0.0001971292979376149,,,-62.4491662821934,1.380179409570128
-61.92173146030907,0.0006683107930971706,-61.1357501571089,0.0005951604222506207,-12.3118326254246,0.0002333382545555112,,,-62.43882442294076,1.533926249890841
-61.91138960105643,0.0006498086179447443,-61.12540829785627,0.000472266217753833,-12.30149076617197,0.0002759093208534678,,,-62.42848256368813,1.700247622274675
-61.9010477418038,0.0006301315426351837,-61.11506643860363,0.0003737476573583642,-12.29114890691933,0.0003257559880366758,,,-62.41814070443549,1.879570559813327
-61.89070588255117,0.0006094186402295477,-61.104724579351,0,-12.2808070476667,0.0003839044788457416,,,-62.40779884518286,2.072258133201863
-61.88036402329853,0.000587812759582632,-28.12453542270172,0.0001094045038028805,-12.27046518841407,0.0004515021966627517,,,-62.39745698593023,2.278598634840978
-61.8700221640459,0.0005654589017488695,-28.11419356344909,0.0001286145648281388,-12.26012332916143,0.0005298260913182894,,,-62.38711512667759,2.498794687716006
-61.85968030479327,0.0005425026235838402,-28.10385170419645,0.000150793931958283,-12.2497814699088,0.000620290778351865,,,-62.37677326742496,2.732952454347314
-61.84933844554063,0.000519088492660843,-28.09350984494382,0.0001763259935745069,-12.23943961065616,0.0007244562242726275,,,-62.36643140817232,2.981071136830845
-61.838996586288,0.0004953586157975539,-28.08316798569119,0.0002056305205635171,-12.22909775140353,0.000844034786137251,,,-62.35608954891969,3.243032972004591
-61.82865472703536,0.0004714512612665859,-28.07282612643856,0.0002391649708615981,-12.2187558921509,0.0009808973700936949,,,-62.34574768966706,3.518593935495058
-61.81831286778273,0.0004474995922135444,-28.06248426718592,0.0002774254689433967,-12.20841403289826,0.001137078451108346,,,-62.33540583041442,3.807375374259982
-61.8079710085301,0.00042363052600048,-28.05214240793329,0.0003209473893751161,-12.19807217364563,0.001314779675659152,,,-62.32506397116179,4.108856788748
-61.79762914927746,0.000399963731208585,-28.04180054868065,0.0003703054698794783,-12.187730314393,0.00151637175157287,,,-62.31472211190916,4.422369982516554
-61.78728729002483,0.0003766107709496942,-28.03145868942802,0.0004261133768045384,-12.17738845514036,0.001744394315306318,,,-62.30438025265652,4.747094788755281
-61.77694543077219,0.0003536743980286904,-28.02111683017539,0.0004890226446962601,-12.16704659588773,0.00200155345775987,,,-62.29403839340389,5.082056569436879
-61.76660357151956,0.0003312480044419911,-28.01077497092275,0.0005597209120919695,-12.1567047366351,0.002290716249248471,,,-62.28369653415125,5.426125663673554
-61.75626171226693,0.0003094152247593734,-28.00043311167012,0.0006389293779170876,-12.14636287738246,0.00261489862266803,,,-62.27335467489862,5.778018937351086
-61.74591985301429,0.0002882496901790865,-27.99009125241749,0.0007273994072033483,-12.13602101812983,0.002977241609057934,,,-62.26301281564599,6.136303556452174
-61.73557799376166,0.0002678149275228384,-27.97974939316485,0.0008259082214497815,-12.12567915887719,0.003381073696716154,,,-62.25267095639335,6.499403072031979
-61.72523613450903,0.0002481643951918749,-27.96940753391222,0.0009352536179791163,-12.11533729962456,0.003829809780092475,,,-62.24232909714072,6.865605866094913
-61.71489427525639,0.000229341646172108,-27.95906567465958,0.001056247674217048,-12.10499544037193,0.004326898774718841,,,-62.23198723788808,7.233075965318723
-61.70455241600376,0.000211380606578949,-27.94872381540695,0.001189709406998928,-12.09465358111929,0.004875881192708095,,,-62.22164537863545,7.599866184497957
-61.69421055675113,0.0001943059569847041,-27.93838195615432,0.001336456373781092,-12.08431172186666,0.005480323814094705,,,-62.21130351938282,7.963933514679041
-61.6838686974985,0.0001781336028767779,-27.92804009690168,0.001497295221920893,-12.07396986261402,0.006143783772756245,,,-62.20096166013018,8.323156623284094
-61.67352683824586,0.0001628712200478105,-27.91769823764905,0.001673011213826983,-12.06362800336139,0.006869768256684502,,,-62.19061980087755,8.675355286201137
-61.66318497899323,0.000148518860505119,-27.90735637839641,0.001864356779518797,-12.05328614410876,0.007661689940525241,,,-62.18027794162492,9.01831152603631
-61.6528431197406,0.0001350696045848745,-27.89701451914378,0.002072039173629278,-12.04294428485612,0.008522818364724887,,,-62.16993608237228,9.349792187678624
-61.64250126048796,0.0001225102453385458,-27.88667265989115,0.002296707340704203,-12.03260242560349,0.009456227579085945,,,-62.15959422311965,9.667572643201646
-61.63215940123533,0.000110821991892572,-27.87633080063851,0.002538938120271867,-12.02226056635086,0.01046474047734185,,,-62.14925236386701,9.969461284048592
-61.62181754198269,9.99811793306798e-05,-27.86598894138588,0.002799221950971698,-12.01191870709822,0.0115508703614696,,,-62.13891050461438,10.25332443045655
-28.40376562252284,0.0001252930569601653,-27.85564708213325,0.003077948260357817,-12.00157684784559,0.0127167603874892,,,-62.12856864536175,10.51711126708733
-28.3934237632702,0.0001583198635668147,-27.84530522288061,0.003375390753090483,-11.99123498859295,0.01396451365972928,,,-62.11822678610911,10.75887840060562
-28.38308190401757,0.0001995182236392799,-27.83496336362798,0.003691692834304713,-11.98089312934032,0.01529466615039878,,,-62.10788492685648,10.97681363005444
-28.37274004476494,0.000250765908019799,-27.82462150437534,0.004026853426185677,-11.97055127008769,0.01670819238419475,,,-62.09754306760384,11.16925852469041
-28.3623981855123,0.0003143353165192007,-27.81427964512271,0.004380713453363935,-11.96020941083505,0.01820514178369443,,,-62.08720120835121,11.33472941659995
-28.35205632625967,0.0003929674910012048,-27.80393778587008,0.004752943285871141,-11.94986755158242,0.01978594670928382,,,-62.07685934909858,11.47193643683058
-28.34171446700703,0.0004899579750642882,-27.79359592661744,0.005143031436315486,-11.93952569232978,0.02144742265567452,,,-62.06651748984594,11.57980025360822
-28.3313726077544,0.0006092559781907833,-27.78325406736481,0.005550274809968421,-11.92918383307715,0.02318829031408356,,,-62.05617563059331,11.65746620891059
-28.32103074850177,0.0007555783905038204,-27.77291220811217,0.005973770802024296,-11.91884197382452,0.02500937199167791,,,-62.04583377134067,11.70431559444261
-28.31068888924913,0.0009345402676724911,-27.76257034885954,0.006412411524955859,-11.90850011457188,0.02690038004309197,,,-62.03549191208804,11.71997385892928
-28.3003470299965,0.001152803458378332,-27.75222848960691,0.006864880430348333,-11.89815825531925,0.02885967025881959,,,-62.02515005283541,11.71997385892928
-28.29000517074386,0.001418245072664612,-27.74188663035427,0.007329651563735135,-11.88781639606661,0.0308817595274854,,,-62.01480819358277,11.70431559444261
-28.27966331149123,0.001740147481234675,-27.73154477110164,0.007804991657855293,-11.87747453681398,0.03296028326845632,,,-62.00446633433014,11.65746620891059
-28.2693214522386,0.002129411485437306,-27.72120291184901,0.00828896522968714,-11.86713267756135,0.03508800538289743,,,-61.99412447507751,11.57980025360822
-28.25897959298596,0.002598794196744276,-27.71086105259637,0.00877944280007927,-11.85679081830871,0.03725684122517854,,,-61.98378261582487,11.47193643683058
-28.24863773373333,0.003163173003967717,-27.70051919334374,0.009274112302504755,-11.84644895905608,0.03945789420306661,,,-61.97344075657224,11.33472941659995
-28.23829587448069,0.00383983677695289,-27.6901773340911,0.009770493690321385,-11.83610709980345,0.04168150641020135,,,-61.9630988973196,11.16925852469041
-28.22795401522806,0.004648805147609435,-27.67983547483847,0.01026595669103444,-11.82576524055081,0.04391732346766265,,,-61.95275703806697,10.97681363005444
-28.21761215597543,0.005613176313716212,-27.66949361558584,0.0107577415927059,-11.81542338129818,0.04615437350688346,,,-61.94241517881434,10.75887840060562
-28.20727029672279,0.006759503319313239,-27.6591517563332,0.01124298288325394,-11.80508152204554,0.04838115996830518,,,-61.9320733195617,10.51711126708733
-28.19692843747016,0.008118198169996923,-27.64880989708057,0.01171873549946733,-11.79473966279291,0.05058576762415679,,,-61.92173146030907,10.25332443045655
-28.18658657821753,0.009723962435790856,-27.63846803782793,0.01218200338071629,-11.78439780354028,0.05275598096517335,,,-61.91138960105643,9.969461284048592
-28.17624471896489,0.01161624217411531,-27.6281261785753,0.01262976996419597,-11.77405594428764,0.05487941382587898,,,-61.9010477418038,9.667572643201646
-28.16590285971226,0.01383970406881448,-27.61778431932267,0.01305903020568693,-11.76371408503501,0.0569436488673344,,,-61.89070588255117,9.349792187678624
-28.15556100045962,0.01644472862933036,-27.60744246007003,0.01346682366378381,-11.75337222578237,0.05893681789309685,,,-61.88036402329853,9.01831152603631
-28.14521914120699,0.01948791513162981,-27.5971006008174,0.01385026814773394,-11.74303036652974,0.06084613960732038,,,-61.8700221640459,8.675355286201137
-28.13487728195436,0.02303259171824668,-27.58675874156476,0.01420659340067594,-11.73268850727711,0.06266052118105048,,,-61.85968030479327,8.323156623284094
-28.12453542270172,0.02714932272232148,-27.57641688231213,0.01453317427220193,-11.72234664802447,0.06436867767012086,,,-61.84933844554063,7.963933514679041
-28.11419356344909,0.03191640385848672,-27.5660750230595,0.01482756282756043,-11.71200478877184,0.06596048539320809,,,-61.838996586288,7.599866184497957
-28.10385170419645,0.03742033445606123,-27.55573316380686,0.01508751884596683,-11.70166292951921,0.06742701029722817,,,-61.82865472703536,7.233075965318723
-28.09350984494382,0.04375625442727188,-27.54539130455423,0.01531103817758813,-11.69132107026657,0.06876037407946091,,,-61.81831286778273,6.865605866094913
-28.08316798569119,0.0510283322009903,-27.5350494453016,0.01549637845769287,-11.68097921101394,0.06995191680516762,,,-61.8079710085301,6.499403072031979
-28.07282612643856,0.05935008845243886,-27.52470758604896,0.01564208171676179,-11.67063735176131,0.07101946475125707,,,-61.79762914927746,6.136303556452174
-28.06248426718592,0.06884463916866052,-27.51436572679633,0.0157469934762778,-11.66029549250867,0.07195860922441465,,,-61.78728729002483,5.778018937351086
-28.05214240793329,0.07964484046041789,-27.50402386754369,0.01581027798039898,-11.64995363325604,0.07274487228991931,,,-61.77694543077219,5.426125663673554
-28.04180054868065,0.091893316619879,-27.49368200829106,0.01583142928243175,-11.6396117740034,0.07337488915234917,,,-61.76660357151956,5.082056569436879
-28.03145868942802,0.1057423522893396,-27.48334014903843,0.01583142928243175,-11.62926991475077,0.07385005974889354,,,-61.75626171226693,4.747094788755281
-28.02111683017539,0.1213536293103901,-27.47299828978579,0.01581027798039898,-11.61892805549814,0.07417268651437503,,,-61.74591985301429,4.422369982516554
-28.01077497092275,0.1388977889264639,-27.46265643053316,0.0157469934762778,-11.6085861962455,0.07434752330117195,,,-61.73557799376166,4.108856788748
-28.00043311167012,0.1585538005738517,-27.45231457128052,0.01564208171676179,-11.59824433699287,0.07444630564757307,,,-61.72523613450903,3.807375374259982
-27.99009125241749,0.1805081195722135,-27.44197271202789,0.01549637845769287,-11.58790247774023,0.07448495328264916,,,-61.71489427525639,3.518593935495058
-27.97974939316485,0.2049536176642146,-27.43163085277526,0.01531103817758813,-11.5775606184876,0.07440552461608478,,,-61.70455241600376,3.243032972004591
-27.96940753391222,0.2320882725950928,-27.42128899352262,0.01508751884596683,-11.56721875923497,0.07421049248231036,,,-61.69421055675113,2.981071136830845
-27.95906567465958,0.262113605795314,-27.41094713426999,0.01482756282756043,-11.55687689998233,0.0739121416022923,,,-61.6838686974985,2.732952454347314
-27.94872381540695,0.2952328607475955,-27.40060527501736,0.01453317427220193,-11.5465350407297,0.07352446510508996,,,-61.67352683824586,2.498794687716006
-27.93838195615432,0.331648918781816,-27.39026341576472,0.01420659340067594,-11.53619318147707,0.07306306339698898,,,-61.66318497899323,2.278598634840978
-27.92804009690168,0.3715619538274439,-27.37992155651209,0.01385026814773394,-11.52585132222443,0.07254698087635315,,,-61.6528431197406,2.072258133201863
-27.91769823764905,0.4151668330226062,-27.36957969725945,0.01346682366378381,-11.5155094629718,0.07199124181336876,,,-61.64250126048796,1.879570559813327
-27.90735637839641,0.4626502759694534,-27.35923783800682,0.01305903020568693,-11.50516760371916,0.07141702292018687,,,-61.63215940123533,1.700247622274675
-27.89701451914378,0.5141877917522486,-27.34889597875419,0.01262976996419597,-11.49482574446653,0.07084495963007582,,,-61.62181754198269,1.533926249890841
-27.88667265989115,0.5699404194899467,-27.33855411950155,0.01218200338071629,-11.4844838852139,0.07029649865242465,,,-61.61147568273006,1.380179409570128
-27.87633080063851,0.6300513050492017,-27.32821226024892,0.01171873549946733,-11.47414202596126,0.06979369071647809,,,-61.60113382347743,1.238526689027789
-27.86598894138588,0.6946421534461189,-27.31787040099628,0.01124298288325394,-11.46380016670863,0.06935897222086278,,,-61.59079196422479,1.108444509143973
-27.85564708213325,0.7638096032465367,-27.30752854174365,0.0107577415927059,-11.45345830745599,0.06901493813944484,,,-61.58045010497216,0.9893758475550546
-27.84530522288061,0.8376215757507096,-27.29718668249102,0.01026595669103444,-11.44311644820336,0.06878410864145698,,,-61.57010824571952,0.8807393761486045
-27.83496336362798,0.916113657722942,-27.28684482323838,0.009770493690321385,-11.43277458895073,0.06868869196540824,,,-61.55976638646689,0.7819379355795717
-27.82462150437534,0.9992855816976201,-27.27650296398575,0.009274112302504755,-11.42243272969809,0.0687503461429495,,,-61.54942452721426,0.6923662897795297
-27.81427964512271,1.087097872256531,-27.26616110473311,0.00877944280007927,-11.41209087044546,0.0689899422015576,,,-61.53908266796162,0.6114181223048358
-27.80393778587008,1.179468729930013,-27.25581924548048,0.00828896522968714,-11.40174901119283,0.06942733148448635,,,-61.52874080870899,0.5384922539422429
-27.79359592661744,1.276271226339563,-27.24547738622785,0.007804991657855293,-11.39140715194019,0.0700811197135713,,,-61.51839894945635,0.472998077008749
-27.78325406736481,1.377330884703823,-27.23513552697521,0.007329651563735135,-11.38106529268756,0.07096845038552538,,,-61.50805709020372,0.4143602160604363
-27.77291220811217,1.48242371873057,-27.22479366772258,0.006864880430348333,-11.37072343343492,0.07210480003533938,,,-61.49771523095109,0.3620224371418398
-27.76257034885954,1.591274800103582,-27.21445180846995,0.006412411524955859,-11.36038157418229,0.07350378782092437,,,-61.48737337169845,0.3154508382026626
-27.75222848960691,1.703557420172395,-27.20410994921731,0.005973770802024296,-11.35003971492966,0.0751770017804699,,,-61.47703151244582,0.2741363618774526
-27.74188663035427,1.818892905035727,-27.19376808996468,0.005550274809968421,-11.33969785567702,0.07713384398709376,,,-61.46668965319319,0.2375966785097613
-27.73154477110164,1.936851134994694,-27.18342623071204,0.005143031436315486,-11.32935599642439,0.07938139667295124,,,-61.45634779394055,0.205377492190546
-27.72120291184901,2.056951809409447,-27.17308437145941,0.004752943285871141,-11.31901413717175,0.08192431121570419,,,-61.44600593468792,0.177053325790365
-27.71086105259637,2.178666486445308,-27.16274251220678,0.004380713453363935,-11.30867227791912,0.08476472167281952,,,-61.43566407543528,0.1522278426419033
-27.70051919334374,2.301421414217176,-27.15240065295415,0.004026853426185677,-11.29833041866649,0.08790218431252762,,,-61.42532221618265,0.1305337628382172
-27.6901773340911,2.424601155660624,-27.14205879370151,0.003691692834304713,-11.28798855941385,0.09133364432380454,,,-61.41498035693002,0.1116324312295305
-27.67983547483847,2.54755299434877,-27.13171693444888,0.003375390753090483,-11.27764670016122,0.09505343059145985,,,-61.40463849767738,0.09521309230974365
-27.66949361558584,2.669592092752797,-27.12137507519624,0.003077948260357817,-11.26730484090859,0.09905327909713875,,,-61.39429663842475,0.0809919244652013
-27.6591517563332,2.790007358462707,-27.11103321594361,0.002799221950971698,-11.25696298165595,0.1033223851545769,,,-61.38395477917211,0.06871088268984066
-27.64880989708057,2.908067958023015,-27.10069135669098,0.002538938120271867,-11.24662112240332,0.1078474843106873,,,-61.37361291991948,0.05813639502054778
-27.63846803782793,3.023030402691429,-27.09034949743834,0.002296707340704203,-11.23627926315068,0.1126129613471097,,,-61.36327106066685,0.04905795376996317
-27.6281261785753,3.134146115999396,-27.08000763818571,0.002072039173629278,-11.22593740389805,0.1176009864050465,,,-61.35292920141421,0.04128663827184842
-27.61778431932267,3.240669379877978,-27.06966577893308,0.001864356779518797,-11.21559554464542,0.1227916768361134,,,-61.34258734216158,0.0346536014307979
-27.60744246007003,3.341865544689179,-27.05932391968044,0.001673011213826983,-11.20525368539278,0.1281632829612306,,,-61.33224548290895,0.02900854799057341
-27.5971006008174,3.437019379120097,-27.04898206042781,0.001497295221920893,-11.19491182614015,0.1336923955069767,,,-61.32190362365631,0.02421822819312319
-27.58675874156476,3.525443428861825,-27.03864020117517,0.001336456373781092,-11.18456996688752,0.1393541720938233,,,-61.31156176440368,0.02016496646562691
-27.57641688231213,3.606486248561198,-27.02829834192254,0.001189709406998928,-11.17422810763488,0.1451225797832904,,,-61.30121990515104,0.01674524100141113
-27.5660750230595,3.67954036989414,-27.01795648266991,0.001056247674217048,-11.16388624838225,0.1509706503616033,,,-61.29087804589841,0.01386832663265889
-27.55573316380686,3.744049869887314,-27.00761462341727,0.0009352536179791163,-11.15354438912961,0.156870744756037,,,-61.28053618664578,0.01145501025489589
-27.54539130455423,3.799517407858126,-26.99727276416464,0.0008259082214497815,-11.14320252987698,0.1627948227565139,,,-61.27019432739314,0.009436385269275359
-27.5350494453016,3.845510606520911,-26.986930904912,0.0007273994072033483,-11.13286067062435,0.1687147140579864,,,-61.25985246814051,0.007752729062013159
-27.52470758604896,3.881667662808861,-26.97658904565937,0.0006389293779170876,-11.12251881137171,0.1746023865562918,,,-61.24951060888787,0.006352465435245422
-27.51436572679633,3.907702086598203,-26.96624718640674,0.0005597209120919695,-11.11217695211908,0.1804302078275105,,,-61.23916874963524,0.005191212127092716
-27.50402386754369,3.923406480530684,-26.9559053271541,0.0004890226446962601,-11.10183509286644,0.1861711958024846,,,-61.22882689038261,0.004230912092107402
-27.49368200829106,3.928655291182203,-26.94556346790147,0.0004261133768045384,-11.09149323361381,0.191799254815982,,,-61.21848503112997,0.003439046033639584
-27.48334014903843,3.928655291182203,-26.93522160864883,0.0003703054698794783,-11.08115137436118,0.1972893934635601,,,-61.20814317187734,0.002787922761210866
-27.47299828978579,3.923406480530684,-26.9248797493962,0.0003209473893751161,-11.07080951510854,0.2026343429709107,,,-61.1978013126247,0.002254043261304276
-27.46265643053316,3.907702086598203,-26.91453789014357,0.0002774254689433967,-11.06046765585591,0.2078117539931721,,,-61.18745945337207,0.001817533891003115
-27.45231457128052,3.881667662808861,-26.90419603089093,0.0002391649708615981,-11.05012579660328,0.2127843439896312,,,-61.17711759411944,0.001461643802808523
-27.44197271202789,3.845510606520911,-26.8938541716383,0.0002056305205635171,-11.03978393735064,0.2175329933493814,,,-61.1667757348668,0.00117230155882606
-27.43163085277526,3.799517407858126,-26.88351231238567,0.0001763259935745069,-11.02944207809801,0.2220846588535006,,,-61.15643387561417,0.0009377258678846088
-27.42128899352262,3.744049869887314,-26.87317045313303,0.000150793931958283,-11.01910021884537,0.2264235914108489,,,-61.14609201636154,0.0007480854564408269
-27.41094713426999,3.67954036989414,-26.8628285938804,0.0001286145648281388,-11.00875835959274,0.230491371229103,,,-61.1357501571089,0.0005952032418524342
-27.40060527501736,3.606486248561198,-26.85248673462776,0.0001094045038028805,-10.99841650034011,0.2344328526626666,,,-61.12540829785627,0.0004723001955699612
-27.39026341576472,3.525443428861825,-26.84214487537513,9.281517973770078e-05,-10.98807464108747,0.2382364598341962,,,-61.11506643860363,0.0003737745471266828
-27.37992155651209,3.437019379120097,-22.31241052272151,0.0001073532923223839,-10.97773278183484,0.2417341579427532,,,-61.104724579351,0
-27.36957969725945,3.341865544689179,-22.30206866346888,0.0001209178726409208,-10.9673909225822,0.2449168578758962,,,-28.40376562252284,0.0001258155005354643
-27.35923783800682,3.240669379877978,-22.29172680421625,0.0001358327173378017,-10.95704906332957,0.2477772647450386,,,-28.3934237632702,0.0001589800214204856
-27.34889597875419,3.134146115999396,-22.28138494496361,0.0001521798112085139,-10.94670720407694,0.2503097978425284,,,-28.38308190401757,0.0002003501692923303
-27.33855411950155,3.023030402691429,-22.27104308571098,0.000170038965557701,-10.9363653448243,0.252510493308358,,,-28.37274004476494,0.0002518115448709344
-27.32821226024892,2.908067958023015,-22.26070122645834,0.0001894866547216386,-10.92602348557167,0.2543768927796363,,,-28.3623981855123,0.0003156460233579462
-27.31787040099628,2.790007358462707,-22.25035936720571,0.0002105947615694778,-10.91568162631904,0.2559079215054184,,,-28.35205632625967,0.0003946060761387692
-27.30752854174365,2.669592092752797,-22.24001750795308,0.0002334292425385429,-10.9053397670664,0.2571037595245792,,,-28.34171446700703,0.0004920009884797899
-27.29718668249102,2.54755299434877,-22.22967564870044,0.0002580487255662166,-10.89499790781377,0.2579657095226283,,,-28.3313726077544,0.0006117964371694437
-27.28684482323838,2.424601155660624,-22.21933378944781,0.0002845030571079369,-10.88465604856113,0.2584960649050697,,,-28.32103074850177,0.0007587289806907848
-27.27650296398575,2.301421414217176,-22.20899193019518,0.0003128318172083058,-10.8743141893085,0.2586979814533996,,,-28.31068888924913,0.000938437088219051
-27.26616110473311,2.178666486445308,-22.19865007094254,0.0003430628242446977,-10.86397233005587,0.2585753556711557,,,-28.3003470299965,0.001157610386830909
-27.25581924548048,2.056951809409447,-22.18830821168991,0.0003752106534098033,-10.85363047080323,0.2581327125902344,,,-28.29000517074386,0.001424158832328475
-27.24547738622785,1.936851134994694,-22.17796635243727,0.00040927519515832,-10.8432886115506,0.257375105402847,,,-28.27966331149123,0.001747403500791552
-27.23513552697521,1.818892905035727,-22.16762449318464,0.0004452402816301394,-10.83294675229796,0.2563261512961554,,,-28.2693214522386,0.002138290647433395
-27.22479366772258,1.703557420172395,-22.15728263393201,0.0004830724103966039,-10.82260489304533,0.2549915698658846,,,-28.25897959298596,0.002609630577981626
-27.21445180846995,1.591274800103582,-22.14694077467937,0.0005227195956812407,-10.8122630337927,0.2533658903093164,,,-28.24863773373333,0.003176362716578907
-27.20410994921731,1.48242371873057,-22.13659891542674,0.0005641103774129253,-10.80192117454006,0.2514552305983521,,,-28.23829587448069,0.003855848023728947
-27.19376808996468,1.377330884703823,-22.1262570561741,0.0006071530180191946,-10.79157931528743,0.2492591565151041,,,-28.22795401522806,0.004668189608657084
-27.18342623071204,1.276271226339563,-22.11591519692147,0.0006517349157149972,-10.7812374560348,0.2468012918318129,,,-28.21761215597543,0.005636581983377969
-27.17308437145941,1.179468729930013,-22.10557333766884,0.0006977222611578102,-10.77089559678216,0.2441346463213708,,,-28.20727029672279,0.006787688912091217
-27.16274251220678,1.087097872256531,-22.0952314784162,0.0007449599617117678,-10.76055373752953,0.241248695432438,,,-28.19692843747016,0.008152049211545595
-27.15240065295415,0.9992855816976201,-22.08488961916357,0.0007932718541989695,-10.75021187827689,0.2381032067816234,,,-28.18658657821753,0.009764509149425935
-27.14205879370151,0.916113657722942,-22.07454775991093,0.0008424612229440276,-10.73987001902426,0.2347060030974078,,,-28.17624471896489,0.01166467926424803
-27.13171693444888,0.8376215757507096,-22.0642059006583,0.0008923116351883999,-10.72952815977163,0.2311133313480846,,,-28.16590285971226,0.01389741248977743
-27.12137507519624,0.7638096032465367,-22.05386404140567,0.0009425881006359712,-10.71918630051899,0.2273326537357901,,,-28.15556100045962,0.01651329941073176
-27.11103321594361,0.6946421534461189,-22.04352218215303,0.0009930385560835248,-10.70884444126636,0.2233221745165845,,,-28.14521914120699,0.01956917530919678
-27.10069135669098,0.6300513050492017,-22.0331803229004,0.001043395669901457,-10.69850258201373,0.2190902020146828,,,-28.13487728195436,0.02312863239166969
-27.09034949743834,0.5699404194899467,-22.02283846364777,0.001093378954691178,-10.68816072276109,0.2146698709849457,,,-28.12453542270172,0.02726252922852481
-27.08000763818571,0.5141877917522486,-22.01249660439513,0.001142697169900228,-10.67781886350846,0.2100695308066224,,,-28.11419356344909,0.03204948800973235
-27.06966577893308,0.4626502759694534,-22.0021547451425,0.001191050989679622,-10.66747700425582,0.2052779296055723,,,-28.10385170419645,0.03757636874715786
-27.05932391968044,0.4151668330226062,-21.99181288588986,0.001238135904982423,-10.65713514500319,0.2003049013071667,,,-28.09350984494382,0.04393870806484211
-27.04898206042781,0.3715619538274439,-21.98147102663723,0.001283645322992854,-10.64679328575056,0.195162210931784,,,-28.08316798569119,0.05124110875033335
-27.03864020117517,0.331648918781816,-21.9711291673846,0.001327273821603575,-10.63645142649792,0.1898626804826312,,,-28.07282612643856,0.0595975648342727
-27.02829834192254,0.2952328607475955,-21.96078730813196,0.00136872051198013,-10.62610956724529,0.1844199811369267,,,-28.06248426718592,0.06913170566939149
-27.01795648266991,0.262113605795314,-21.95044544887933,0.001407692458408715,-10.61576770799265,0.1788485990250862,,,-28.05214240793329,0.0799769413462434
-27.00761462341727,0.2320882725950928,-21.94010358962669,0.00144390810174188,-10.60542584874002,0.1732458662629159,,,-28.04180054868065,0.09227649086788409
-26.99727276416464,0.2049536176642146,-21.92976173037406,0.001477100630940883,-10.59508398948739,0.1676270681570374,,,-28.03145868942802,0.1061832738689618
-26.986930904912,0.1805081195722135,-21.91941987112143,0.001507021246541946,-10.58474213023475,0.1619253665659125,,,-28.02111683017539,0.1218596463676049
-26.97658904565937,0.1585538005738517,-21.90907801186879,0.001533442260397084,-10.57440027098212,0.1561565406926548,,,-28.01077497092275,0.1394769611424546
-26.96624718640674,0.1388977889264639,-21.89873615261616,0.001556159977778125,-10.56405841172949,0.1503368078360738,,,-28.00043311167012,0.159214933891681
-26.9559053271541,0.1213536293103901,-21.88839429336353,0.001574997310872322,-10.55371655247685,0.1444827155594948,,,-27.99009125241749,0.181260797411256
-26.94556346790147,0.1057423522893396,-21.87805243411089,0.001589806076794333,-10.54337469322422,0.1386110242256492,,,-27.97974939316485,0.2058082276751827
-26.93522160864883,0.091893316619879,-21.86771057485826,0.001600468938415048,-10.53303283397158,0.1327385821100364,,,-27.96940753391222,0.2330560279509071
-26.9248797493962,0.07964484046041789,-21.85736871560562,0.001606900952455159,-10.52269097471895,0.1268821954383335,,,-27.95906567465958,0.2632065599674653
-26.91453789014357,0.06884463916866052,-21.84702685635299,0.001609050696275239,-10.51234911546632,0.1210584957656887,,,-27.94872381540695,0.2964639146867117
-26.90419603089093,0.05935008845243886,-21.83668499710036,0.001609050696275239,-10.50200725621368,0.1152838071279604,,,-27.93838195615432,0.3330318194075664
-26.8938541716383,0.0510283322009903,-21.82634313784772,0.001606900952455159,-10.49166539696105,0.1095740153495565,,,-27.92804009690168,0.3731112827392958
-26.88351231238567,0.04375625442727188,-21.81600127859509,0.001600468938415048,-10.48132353770841,0.1039444417932888,,,-27.91769823764905,0.4168979843717096
-26.87317045313303,0.03742033445606123,-21.80565941934245,0.001589806076794333,-10.47098167845578,0.09840972368959476,,,-27.90735637839641,0.4645794224852687
-26.8628285938804,0.03191640385848672,-21.79531756008982,0.001574997310872322,-10.46063981920315,0.09298370299158705,,,-27.89701451914378,0.5163318379972335
-26.85248673462776,0.02714932272232148,-21.78497570083719,0.001556159977778125,-10.45029795995051,0.08767932547545708,,,-27.88667265989115,0.57231694152309
-26.84214487537513,0.02303259171824668,-21.77463384158455,0.001533442260397084,-10.43995610069788,0.08250855155009533,,,-27.87633080063851,0.6326784758152271
-26.8318030161225,0.01948791513162981,-21.76429198233192,0.001507021246541946,-10.42961424144525,0.07748227996304412,,,-27.86598894138588,0.6975386533720098
-26.82146115686986,0.01644472862933036,-21.75395012307929,0.001477100630940883,-10.41927238219261,0.07261028529978429,,,-27.85564708213325,0.766994515720136
-26.81111929761723,0.01383970406881448,-21.74360826382665,0.00144390810174188,-10.40893052293998,0.06790116987748519,,,-27.84530522288061,0.8411142673762469
-26.80077743836459,0.01161624217411531,-21.73326640457402,0.001407692458408715,-10.39858866368734,0.0633623303399978,,,-27.83496336362798,0.9199336434933677
-26.79043557911196,0.009723962435790856,-21.72292454532138,0.00136872051198013,-10.38824680443471,0.05899993897484076,,,-27.82462150437534,1.003452375490614
-26.78009371985933,0.008118198169996923,-21.71258268606875,0.001327273821603575,-10.37790494518208,0.05481893950137473,,,-27.81427964512271,1.091630823346248
-26.76975186060669,0.006759503319313239,-21.70224082681612,0.001283645322992854,-10.36756308592944,0.05082305682768062,,,-27.80393778587008,1.18438684650541
-26.75941000135406,0.005613176313716212,-21.69189896756348,0.001238135904982423,-10.35722122667681,0.04701482004640759,,,-27.79359592661744,1.281592987327102
-26.74906814210143,0.004648805147609435,-21.68155710831085,0.001191050989679622,-10.34687936742418,0.04339559774068089,,,-27.78325406736481,1.383074041501436
-26.73872628284879,0.00383983677695289,-21.67121524905821,0.001142697169900228,-10.33653750817154,0.03996564450276693,,,-27.77291220811217,1.488605088764249
-26.72838442359616,0.003163173003967717,-21.66087338980558,0.001093378954691178,-10.32619564891891,0.03672415743234662,,,-27.76257034885954,1.597910054410719
-26.71804256434352,0.002598794196744276,-21.65053153055295,0.001043395669901457,-10.31585378966627,0.03366934127880002,,,-27.75222848960691,1.710660867489551
-26.70770070509089,0.002129411485437306,-21.64018967130032,0.0009930385560835248,-10.30551193041364,0.03079848082282536,,,-27.74188663035427,1.826477275115347
-26.69735884583826,0.001740147481234675,-21.62984781204768,0.0009425881006359712,-10.29517007116101,0.02810801905617667,,,-27.73154477110164,1.944927364087821
-26.68701698658562,0.001418245072664612,-21.61950595279505,0.0008923116351883999,-10.28482821190837,0.025593639712753,,,-27.72120291184901,2.065528831022602
-26.67667512733299,0.001152803458378332,-21.60916409354241,0.0008424612229440276,-10.27448635265574,0.02325035272752722,,,-27.71086105259637,2.187751030602646
-26.66633326808035,0.0009345402676724911,-21.59882223428978,0.0007932718541989695,-10.2641444934031,0.02107258124916903,,,-27.70051919334374,2.311017818527875
-26.65599140882772,0.0007555783905038204,-21.58848037503715,0.0007449599617117678,-10.25380263415047,0.0190542489045844,,,-27.6901773340911,2.434711191501158
-26.64564954957509,0.0006092559781907833,-21.57813851578451,0.0006977222611578102,-10.24346077489784,0.01718886610556164,,,-27.67983547483847,2.558175711416439
-26.63530769032245,0.0004899579750642882,-21.56779665653188,0.0006517349157149972,-10.2331189156452,0.01546961429569755,,,-27.66949361558584,2.680723685128032
-26.62496583106982,0.0003929674910012048,-21.55745479727925,0.0006071530180191946,-10.22277705639257,0.01388942715611371,,,-27.6591517563332,2.801641055132181
-26.61462397181718,0.0003143353165192007,-21.54711293802661,0.0005641103774129253,-10.21243519713994,0.01244106791752706,,,-27.64880989708057,2.920193940563971
-26.60428211256455,0.000250765908019799,-21.53677107877398,0.0005227195956812407,-10.2020933378873,0.01111720206048833,,,-27.63846803782793,3.035635752502007
-26.59394025331192,0.0001995182236392799,-21.52642921952134,0.0004830724103966039,-10.19175147863467,0.009910464821720337,,,-27.6281261785753,3.147214793083975
-26.58359839405928,0.0001583198635668147,-21.51608736026871,0.0004452402816301394,-10.18140961938203,0.008813523059408841,,,-27.61778431932267,3.254182234766048
-26.57325653480665,0.0001252930569601653,-21.50574550101608,0.00040927519515832,-10.1710677601294,0.007819131161271975,,,-27.60744246007003,3.355800364588184
-26.56291467555402,0,-21.49540364176344,0.0003752106534098033,-10.16072590087677,0.006920180803862958,,,-27.5971006008174,3.451350968885444
-22.75711047058477,0.0002494102154189538,-21.48506178251081,0.0003430628242446977,-10.15038404162413,0.006109435087483214,,,-27.58675874156476,3.540143726820669
-22.74676861133213,0.0003151538659468791,-21.47471992325817,0.0003128318172083058,-10.1400421823715,0.005380869329153735,,,-27.57641688231213,3.62152447666161
-22.7364267520795,0.0003971639318665575,-21.46437806400554,0.0002845030571079369,-10.12970032311886,0.004727634885087876,,,-27.5660750230595,3.694883217079325
-22.72608489282687,0.0004991783316359839,-21.45403620475291,0.0002580487255662166,-10.11935846386623,0.004143549375708703,,,-27.55573316380686,3.759661707028005
-22.71574303357423,0.000625720537984513,-21.44369434550027,0.0002334292425385429,-10.1090166046136,0.003621891031522471,,,-27.54539130455423,3.815360532027434
-22.7054011743216,0.0007822469094549818,-21.43335248624764,0.0002105947615694778,-10.09867474536096,0.003158925164121187,,,-27.5350494453016,3.861545511876917
-22.69505931506896,0.000975317603958454,-21.423010626995,0.0001894866547216386,-10.08833288610833,0.002748343804418979,,,-27.52470758604896,3.897853334873076
-22.68471745581633,0.001212793976398549,-21.41266876774237,0.000170038965557701,-10.0779910268557,0.002382257866171863,,,-27.51436572679633,3.923996316293426
-22.6743755965637,0.00150406553813575,-21.40232690848974,0.0001521798112085139,-10.06764916760306,0.00206261139366013,,,-27.50402386754369,3.939766193979859
-22.66403373731106,0.001860309702172784,-21.3919850492371,0.0001358327173378017,-10.05730730835043,0.00178140239771341,,,-27.49368200829106,3.945036890979031
-22.65369187805843,0.00229478764319133,-21.38164318998447,0.0001209178726409208,-10.04696544909779,0.001534690030218211,,,-27.48334014903843,3.945036890979031
-22.64335001880579,0.002823179653143998,-21.37130133073184,0.0001073532923223839,-10.03662358984516,0.001318837858345703,,,-27.47299828978579,3.939766193979859
-22.63300815955316,0.003463963356672478,-21.3609594714792,9.505588272267998e-05,-10.02628173059253,0.001130504622121805,,,-27.46265643053316,3.923996316293426
-22.62266630030053,0.004238838050438547,-13.97687196509865,0.0002482901519695848,-10.01593987133989,0.0009666330183899578,,,-27.45231457128052,3.897853334873076
-22.61232444104789,0.005173198229536294,-13.96653010584602,0.0004476632978159249,-10.00559801208726,0.0008244369229746154,,,-27.44197271202789,3.861545511876917
-22.60198258179526,0.006296659044545725,-13.95618824659338,0.0005638871899099783,-9.995256152834624,0.0007013874314289169,,,-27.43163085277526,3.815360532027434
-22.59164072254262,0.007643635975917832,-13.94584638734075,0.0007083941612464388,-9.984914293581991,0.0005951980649011991,,,-27.42128899352262,3.759661707028005
-22.58129886328999,0.009253980399525569,-13.93550452808811,0.0008875640813078154,-9.974572434329357,0.0005038094523687502,,,-27.41094713426999,3.694883217079325
-22.57095700403736,0.01117367193007055,-13.92516266883548,0.00110908916102242,-9.964230575076723,0.0004253737646511904,,,-27.40060527501736,3.62152447666161
-22.56061514478473,0.01345556745040587,-13.91482080958285,0.001382213709399189,-9.953888715824089,0.0003582391400094713,,,-27.39026341576472,3.540143726820669
-22.55027328553209,0.01616020554942981,-13.90447895033021,0.001718010919029655,-9.943546856571455,0.0003009343064275645,,,-27.37992155651209,3.451350968885444
-22.53993142627946,0.01935666368653994,-13.89413709107758,0.002129700963205886,-9.933204997318821,0.0002521535724170041,,,-27.36957969725945,3.355800364588184
-22.52958956702683,0.02312346376803587,-13.88379523182494,0.002633014887170602,-9.922863138066187,0.0002107423268238323,,,-27.35923783800682,3.254182234766048
-22.51924770777419,0.02754951995652096,-13.87345337257231,0.003246608918330631,-9.912521278813553,0.0001753417193984019,,,-27.34889597875419,3.147214793083975
-22.50890584852156,0.03273512044048471,-13.86311151331968,0.003992533887302857,-9.902179419560921,0.0001458139126153372,,,-27.33855411950155,3.035635752502007
-22.49856398926892,0.0387929325771929,-13.85276965406704,0.004896764423509938,-9.891837560308288,0.0001208207525300951,,,-27.32821226024892,2.920193940563971
-22.48822213001629,0.0458490183053886,-13.84242779481441,0.005989792443846057,-9.881495701055654,9.996527422023995e-05,,,-27.31787040099628,2.801641055132181
-22.47788027076366,0.05404384403204176,-13.83208593556177,0.007307289167142627,-9.105856257108115,0.0001033854418907508,,,-27.30752854174365,2.680723685128032
-22.46753841151102,0.06353326636666172,-13.82174407630914,0.008890839435908375,-9.095514397855482,0.0001198590076647066,,,-27.29718668249102,2.558175711416439
-22.45719655225839,0.07448947215569014,-13.81140221705651,0.01078875148440258,-9.085172538602848,0.0001385886808358108,,,-27.28684482323838,2.434711191501158
-22.44685469300575,0.08710184831791684,-13.80106035780387,0.01305694443265246,-9.074830679350214,0.0001598198184316845,,,-27.27650296398575,2.311017818527875
-22.43651283375312,0.1015777540711234,-13.79071849855124,0.01575991468429265,-9.06448882009758,0.0001838142975334467,,,-27.26616110473311,2.187751030602646
-22.42617097450049,0.1181431653532321,-13.78037663929861,0.01897178103840562,-9.054146960844946,0.0002108500575012329,,,-27.25581924548048,2.065528831022602
-22.41582911524785,0.1370431586720311,-13.77003478004597,0.02277740667087566,-9.043805101592312,0.0002412203441488324,,,-27.24547738622785,1.944927364087821
-22.40548725599522,0.1585421993698862,-13.75969292079334,0.02727359418206202,-9.033463242339678,0.0002752326240780532,,,-27.23513552697521,1.826477275115347
-22.39514539674258,0.1829241974757858,-13.7493510615407,0.03257034763308737,-9.023121383087044,0.0003132071392265596,,,-27.22479366772258,1.710660867489551
-22.38480353748995,0.210492293054802,-13.73900920228807,0.03879219289775501,-9.012779523834411,0.0003554750744765472,,,-27.21445180846995,1.597910054410719
-22.37446167823732,0.2415683323761433,-13.72866734303544,0.04607954474442497,-9.002437664581777,0.0004023763149825804,,,-27.20410994921731,1.488605088764249
-22.36411981898468,0.2764919964270624,-13.7183254837828,0.05459010584538648,-8.992095805329143,0.0004542567747527921,,,-27.19376808996468,1.383074041501436
-22.35377795973205,0.3156195444188964,-13.70798362453017,0.06450027941511428,-8.981753946076511,0.0005114652839826324,,,-27.18342623071204,1.281592987327102
-22.34343610047942,0.359322137073322,-13.69764176527753,0.07600657344095037,-8.971412086823877,0.0005743500296912259,,,-27.17308437145941,1.18438684650541
-22.33309424122678,0.4079837077387102,-13.6872999060249,0.08932697054206021,-8.961070227571243,0.0006432545523128529,,,-27.16274251220678,1.091630823346248
-22.32275238197415,0.4619983538477999,-13.67695804677227,0.1047022334420371,-8.950728368318609,0.000718513309981677,,,-27.15240065295415,1.003452375490614
-22.31241052272151,0.5217672269456434,-13.66661618751963,0.1223971119502475,-8.940386509065975,0.0008004468322117441,,,-27.14205879370151,0.9199336434933677
-22.30206866346888,0.5876949065200194,-13.656274328267,0.1427014133160716,-8.930044649813341,0.000889356495373722,,,-27.13171693444888,0.8411142673762469
-22.29172680421625,0.6601852511518982,-13.64593246901437,0.1659308939636973,-8.919702790560708,0.0009855189636239824,,,-27.12137507519624,0.766994515720136
-22.28138494496361,0.7396367300308858,-13.63559060976173,0.1924279270632441,-8.909360931308074,0.001089180350532383,,,-27.11103321594361,0.6975386533720098
-22.27104308571098,0.8264372485691198,-13.6252487505091,0.2225618972905332,-8.89901907205544,0.001200550168329555,,,-27.10069135669098,0.6326784758152271
-22.26070122645834,0.9209584935729193,-13.61490689125646,0.2567292716279099,-8.888677212802806,0.001319795143168563,,,-27.09034949743834,0.57231694152309
-22.25035936720571,1.023549836025609,-13.60456503200383,0.2953532933256924,-8.878335353550172,0.001447032985759602,,,-27.08000763818571,0.5163318379972335
-22.24001750795308,1.134531842783198,-13.5942231727512,0.3388832453461615,-8.867993494297538,0.001582326216860621,,,-27.06966577893308,0.4645794224852687
-22.22967564870044,1.254189462128573,-13.58388131349856,0.3877932299176454,-8.857651635044904,0.0017256761560512,,,-27.05932391968044,0.4168979843717096
-22.21933378944781,1.382764961869871,-13.57353945424593,0.4425804123980666,-8.847309775792271,0.001877017189639225,,,-27.04898206042781,0.3731112827392958
-22.20899193019518,1.520450712167962,-13.5631975949933,0.503762680637011,-8.836967916539637,0.002036211439115957,,,-27.03864020117517,0.3330318194075664
-22.19865007094254,1.667381918169398,-13.55285573574066,0.5718756755670185,-8.826626057287003,0.002203043954970161,,,-27.02829834192254,0.2964639146867117
-22.18830821168991,1.823629419414424,-13.54251387648803,0.6474691549580158,-8.816284198034369,0.002377218561612297,,,-27.01795648266991,0.2632065599674653
-22.17796635243727,1.989192683482029,-13.53217201723539,0.7311026602118159,-8.805942338781735,0.002558354477403182,,,-27.00761462341727,0.2330560279509071
-22.16762449318464,2.163993130019884,-13.52183015798276,0.8233404657962708,-8.795600479529101,0.002745983829139814,,,-26.99727276416464,0.2058082276751827
-22.15728263393201,2.347867927791809,-13.51148829873013,0.9247458024158903,-8.785258620276467,0.002939550172698981,,,-26.986930904912,0.181260797411256
-22.14694077467937,2.540564411287096,-13.50114643947749,1.035874358231575,-8.774916761023833,0.003138408120824516,,,-26.97658904565937,0.159214933891681
-22.13659891542674,2.741735264439873,-13.49080458022486,1.157267077264617,-8.7645749017712,0.003341824165294481,,,-26.96624718640674,0.1394769611424546
-22.1262570561741,2.950934616818452,-13.48046272097223,1.2894422903776,-8.754233042518566,0.003548978764033003,,,-26.9559053271541,0.1218596463676049
-22.11591519692147,3.167615192043468,-13.47012086171959,1.432887231683516,-8.743891183265932,0.003758969744339724,,,-26.94556346790147,0.1061832738689618
-22.10557333766884,3.391126639035065,-13.45977900246696,1.588049011598032,-8.733549324013298,0.003970817051587832,,,-26.93522160864883,0.09227649086788409
-22.0952314784162,3.620715163915248,-13.44943714321432,1.75532513666107,-8.723207464760664,0.004183468848865737,,,-26.9248797493962,0.0799769413462434
-22.08488961916357,3.855524564039134,-13.43909528396169,1.935053685298393,-8.71286560550803,0.004395808947564092,,,-26.91453789014357,0.06913170566939149
-22.07454775991093,4.094598745837323,-13.42875342470906,2.127503267406167,-8.702523746255396,0.004606665522367707,,,-26.90419603089093,0.0595975648342727
-22.0642059006583,4.336885785164759,-13.41841156545642,2.332862913513979,-8.692181887002763,0.004814821037089446,,,-26.8938541716383,0.05124110875033335
-22.05386404140567,4.581243563018752,-13.40806970620379,2.551232055775157,-8.681840027750129,0.005019023280915604,,,-26.88351231238567,0.04393870806484211
-22.04352218215303,4.826446981261065,-13.39772784695115,2.782610777590349,-8.671498168497495,0.005217997388583885,,,-26.87317045313303,0.03757636874715786
-22.0331803229004,5.071196732902266,-13.38738598769852,3.026890520730837,-8.661156309244861,0.005410458693462478,,,-26.8628285938804,0.03204948800973235
-22.02283846364777,5.314129570211522,-13.37704412844589,3.283845447845618,-8.650814449992227,0.005595126240109394,,,-26.85248673462776,0.02726252922852481
-22.01249660439513,5.553829982102561,-13.36670226919325,3.553124663696616,-8.640472590739593,0.005770736763305056,,,-26.84214487537513,0.02312863239166969
-22.0021547451425,5.788843160671498,-13.35636040994062,3.834245499905717,-8.630130731486959,0.005936058924358998,,,-26.8318030161225,0.01956917530919678
-21.99181288588986,6.017689106213035,-13.34601855068798,4.126588065021767,-8.619788872234325,0.00608990758321608,,,-26.82146115686986,0.01651329941073176
-21.98147102663723,6.238877691318608,-13.33567669143535,4.429391254018664,-8.609447012981692,0.006231157876965506,,,-26.81111929761723,0.01389741248977743
-21.9711291673846,6.450924478552269,-13.32533483218272,4.741750398715721,-8.599105153729058,0.006358758872121218,,,-26.80077743836459,0.01166467926424803
-21.96078730813196,6.652367063460687,-13.31499297293008,5.062616722986133,-8.588763294476424,0.006471746559713775,,,-26.79043557911196,0.009764509149425935
-21.95044544887933,6.841781695996152,-13.30465111367745,5.390798744038173,-8.57842143522379,0.006569255968904825,,,-26.78009371985933,0.008152049211545595
-21.94010358962669,7.01779991942662,-13.29430925442482,5.724965733706005,-8.568079575971156,0.006650532186467526,,,-26.76975186060669,0.006787688912091217
-21.92976173037406,7.179124956980828,-13.28396739517218,6.063653321907536,-8.557737716718522,0.006714940085898114,,,-26.75941000135406,0.005636581983377969
-21.91941987112143,7.324547573213139,-13.27362553591955,6.405271288695323,-8.547395857465888,0.00676275560311168,,,-26.74906814210143,0.004668189608657084
-21.90907801186879,7.452961139616759,-13.26328367666691,6.748113552263903,-8.537053998213255,0.00679360008804755,,,-26.73872628284879,0.003855848023728947
-21.89873615261616,7.563375642460739,-13.25294181741428,7.090370318635201,-8.526712138960621,0.006808580748908122,,,-26.72838442359616,0.003176362716578907
-21.88839429336353,7.654930385114509,-13.24259995816165,7.430142315392052,-8.516370279707989,0.006810219393977881,,,-26.71804256434352,0.002609630577981626
-21.87805243411089,7.726905157033117,-13.23225809890901,7.765456987735869,-8.506028420455355,0.006798414887747963,,,-26.70770070509089,0.002138290647433395
-21.86771057485826,7.778729666731785,-13.22191623965638,8.094286491349672,-8.495686561202721,0.006771569926946698,,,-26.69735884583826,0.001747403500791552
-21.85736871560562,7.809991065956558,-13.21157438040374,8.414567274141918,-8.485344701950087,0.006728408658235545,,,-26.68701698658562,0.001424158832328475
-21.84702685635299,7.820439426201332,-13.20123252115111,8.72422099903628,-8.475002842697453,0.006668323198727275,,,-26.67667512733299,0.001157610386830909
-21.83668499710036,7.820439426201332,-13.19089066189848,9.021176523650132,-8.464660983444819,0.006591229058833852,,,-26.66633326808035,0.000938437088219051
-21.82634313784772,7.809991065956558,-13.18054880264584,9.303392621012989,-8.454319124192185,0.006497729778002644,,,-26.65599140882772,0.0007587289806907848
-21.81600127859509,7.778729666731785,-13.17020694339321,9.56888109937897,-8.443977264939551,0.006388550922601855,,,-26.64564954957509,0.0006117964371694437
-21.80565941934245,7.726905157033117,-13.15986508414058,9.815729959532099,-8.433635405686918,0.006264530712335208,,,-26.63530769032245,0.0004920009884797899
-21.79531756008982,7.654930385114509,-13.14952322488794,10.04212621547726,-8.423293546434284,0.00612660930948898,,,-26.62496583106982,0.0003946060761387692
-21.78497570083719,7.563375642460739,-13.13918136563531,10.2463779995886,-8.41295168718165,0.005975816962346396,,,-26.61462397181718,0.0003156460233579462
-21.77463384158455,7.452961139616759,-13.12883950638268,10.42693557649866,-8.402609827929016,0.005813261211707238,,,-26.60428211256455,0.0002518115448709344
-21.76429198233192,7.324547573213139,-13.11849764713004,10.58241090139484,-8.392267968676382,0.005640113382328599,,,-26.59394025331192,0.0002003501692923303
-21.75395012307929,7.179124956980828,-13.10815578787741,10.71159537786969,-8.381926109423748,0.005457594589050164,,,-26.58359839405928,0.0001589800214204856
-21.74360826382665,7.01779991942662,-13.09781392862477,10.81347549775199,-8.371584250171114,0.005266961490311649,,,-26.57325653480665,0.0001258155005354643
-21.73326640457402,6.841781695996152,-13.08747206937214,10.88724607991704,-8.361242390918481,0.005069492019771314,,,-26.56291467555402,0
-21.72292454532138,6.652367063460687,-13.07713021011951,10.93371826974699,-8.350900531665847,0.004866471319979845,,,-22.75711047058477,0.0002494684098697248
-21.71258268606875,6.450924478552269,-13.06678835086687,10.95465691586351,-8.340558672413213,0.004659178090859461,,,-22.74676861133213,0.000315227400249018
-21.70224082681612,6.238877691318608,-13.05644649161424,10.95397479293328,-8.330216813160579,0.004448871550495614,,,-22.7364267520795,0.0003972566014344107
-21.69189896756348,6.017689106213035,-13.0461046323616,10.93517620025375,-8.319874953907945,0.004236779186970304,,,-22.72608489282687,0.0004992948040458954
-21.68155710831085,5.788843160671498,-13.03576277310897,10.89293367258096,-8.309533094655311,0.00402408545822761,,,-22.71574303357423,0.0006258665362668328
-21.67121524905821,5.553829982102561,-13.02542091385634,10.82194950874042,-8.299191235402677,0.003811921572892306,,,-22.7054011743216,0.000782429429762687
-21.66087338980558,5.314129570211522,-13.0150790546037,10.72278781710749,-8.288849376150043,0.003601356459224819,,,-22.69505931506896,0.000975545173114731
-21.65053153055295,5.071196732902266,-13.00473719535107,10.59623253728365,-8.27850751689741,0.00339338900266571,,,-22.68471745581633,0.001213076955502818
-21.64018967130032,4.826446981261065,-12.99439533609844,10.44327712029657,-8.268165657644776,0.003188941605370651,,,-22.6743755965637,0.001504416479125751
-21.62984781204768,4.581243563018752,-12.9840534768458,10.26511154394043,-8.257823798392142,0.002988855094406394,,,-22.66403373731106,0.001860743764992545
-21.61950595279505,4.336885785164759,-12.97371161759317,10.06310690061855,-8.247481939139508,0.002793884979472026,,,-22.65369187805843,0.002295323081991651
-21.60916409354241,4.094598745837323,-12.96336975834053,9.838797836823318,-8.237140079886874,0.002604699036672962,,,-22.64335001880579,0.002823838380730864
-21.59882223428978,3.855524564039134,-12.9530278990879,9.593863158669551,-8.22679822063424,0.002421876172483908,,,-22.63300815955316,0.003464771597203822
-21.58848037503715,3.620715163915248,-12.94268603983527,9.330104945950604,-8.216456361381606,0.002245906501988842,,,-22.62266630030053,0.00423982709113136
-21.57813851578451,3.391126639035065,-12.93234418058263,9.049426537480933,-8.206114502128973,0.002077192558093691,,,-22.61232444104789,0.005174405282860841
-21.56779665653188,3.167615192043468,-12.92200232133,8.753809762705748,-8.195772642876339,0.001916051533895142,,,-22.60198258179526,0.006298128233023727
-21.55745479727925,2.950934616818452,-12.91166046207736,8.445291798599913,-8.185430783623705,0.001762718448892405,,,-22.59164072254262,0.007645419452175069
-21.54711293802661,2.741735264439873,-12.90131860282473,8.125942026862061,-8.175088924371071,0.001617350121297027,,,-22.58129886328999,0.009256139614639881
-21.53677107877398,2.540564411287096,-12.8909767435721,7.797839254662561,-8.164747065118437,0.001480029823296304,,,-22.57095700403736,0.01117627906346312
-21.52642921952134,2.347867927791809,-12.88063488431946,7.463049643243155,-8.154405205865803,0.001350772493651213,,,-22.56061514478473,0.0134587070145022
-21.51608736026871,2.163993130019884,-12.87029302506683,7.12360566318233,-8.144063346613169,0.00122953038228677,,,-22.55027328553209,0.01616397618201885
-21.50574550101608,1.989192683482029,-12.85995116581419,6.781486363968905,-8.133721487360535,0.001116199004331704,,,-22.53993142627946,0.01936118014313377
-21.49540364176344,1.823629419414424,-12.84960930656156,6.43859920961984,-8.123379628107902,0.001010623286111097,,,-22.52958956702683,0.02312885912552613
-21.48506178251081,1.667381918169398,-12.83926744730893,6.096763692473546,-8.113037768855268,0.0009126037925818428,,,-22.51924770777419,0.02755594803798581
-21.47471992325817,1.520450712167962,-12.82892558805629,5.757696895076421,-8.102695909602634,0.0008219029342960608,,,-22.50890584852156,0.03274275846907049
-21.46437806400554,1.382764961869871,-12.81858372880366,5.423001126364485,-8.09235405035,0.0007382510618406948,,,-22.49856398926892,0.03880198406452406
-21.45403620475291,1.254189462128573,-12.80824186955103,5.094153714217415,-8.082012191097366,0.0006613523664902313,,,-22.48822213001629,0.04585971617690197
-21.44369434550027,1.134531842783198,-12.79790001029839,4.772498992977125,-8.071670331844732,0.0005908905171908676,,,-22.47788027076366,0.05405645398795602
-21.43335248624764,1.023549836025609,-12.78755815104576,4.459242482653845,-8.0613284725921,0.0005265339756527635,,,-22.46753841151102,0.06354809047294657
-21.423010626995,0.9209584935729193,-12.77721629179312,4.155447217170082,-8.050986613339466,0.0004679409429708267,,,-22.45719655225839,0.07450685265437197
-21.41266876774237,0.8264372485691198,-12.76687443254049,3.862032142881842,-8.040644754086832,0.000414763902562386,,,-22.44685469300575,0.08712217164034167
-21.40232690848974,0.7396367300308858,-12.75653257328786,3.579772476402316,-8.030302894834199,0.0003666537350747586,,,-22.43651283375312,0.101601455031402
-21.3919850492371,0.6601852511518982,-12.74619071403522,3.309301882930275,-8.019961035581565,0.0003232633910865011,,,-22.42617097450049,0.118170731492047
-21.38164318998447,0.5876949065200194,-12.73584885478259,3.051116313203693,-8.009619176328931,0.0002842511167505426,,,-22.41582911524785,0.137075134713339
-21.37130133073184,0.5217672269456434,-12.72550699552995,2.805579319062626,-7.999277317076296,0.0002492832358909534,,,-22.40548725599522,0.1585791917448812
-21.3609594714792,0.4619983538477999,-12.71516513627732,2.572928654477718,-7.988935457823662,0.0002180364993902722,,,-22.39514539674258,0.1829668788598941
-21.35061761222657,0.4079837077387102,-12.70482327702469,2.35328396071226,-7.978593598571028,0.0001902000189483942,,,-22.38480353748995,0.2105414068545928
-21.34027575297393,0.359322137073322,-12.69448141777205,2.146655330846353,-7.968251739318394,0.0001654768074462426,,,-22.37446167823732,0.2416246970940146
-21.3299338937213,0.3156195444188964,-12.68413955851942,1.952952549904794,-7.957909880065761,0.0001435849522254382,,,-22.36411981898468,0.2765565098225848
-21.31959203446867,0.2764919964270624,-12.67379769926679,1.771994862527206,-7.947568020813128,0.0001242584506410621,,,-22.35377795973205,0.3156931873769814
-21.30925017521603,0.2415683323761433,-12.66345584001415,1.603520787825658,-7.937226161560494,0.0001072477393208048,,,-22.34343610047942,0.3594059770811651
-21.2989083159634,0.210492293054802,-12.65311398076152,1.447198499077694,-7.92688430230786,9.231994974874728e-05,,,-22.33309424122678,0.4080789018660057
-21.28856645671076,0.1829241974757858,-12.64277212150889,1.302635713015646,-5.827486874023193,0.0001129740408098199,,,-22.32275238197415,0.4621061511183092
-21.27822459745813,0.1585421993698862,-12.63243026225625,1.169389584710499,-5.817145014770559,0.0001352430441735009,,,-22.31241052272151,0.5218889699831184
-21.2678827382055,0.1370431586720311,-12.62208840300362,1.046976230076579,-5.806803155517925,0.0001614921531872712,,,-22.30206866346888,0.587832032348039
-21.25754087895286,0.1181431653532321,-12.61174654375098,0.9348798048486433,-5.796461296265291,0.0001923488707950409,,,-22.29172680421625,0.6603392910256597
-21.24719901970023,0.1015777540711234,-12.60140468449835,0.8325610479753417,-5.786119437012657,0.0002285236337205214,,,-22.28138494496361,0.7398093081797076
-21.2368571604476,0.08710184831791684,-12.59106282524572,0.7394681534080531,-5.775777577760024,0.0002708179327112405,,,-22.27104308571098,0.8266300797316144
-21.22651530119496,0.07448947215569014,-12.58072096599308,0.6550330673528102,-5.76543571850739,0.0003201327491558426,,,-22.26070122645834,0.9211733792127333
-21.21617344194233,0.06353326636666172,-12.57037910674045,0.5786935506407717,-5.755093859254756,0.0003774772344948856,,,-22.25035936720571,1.023788659124512
-21.20583158268969,0.05404384403204176,-12.56003724748781,0.5098892637677889,-5.744752000002122,0.0004439775412288418,,,-22.24001750795308,1.134796561120264
-21.19548972343706,0.0458490183053886,-12.54969538823518,0.448069209590531,-5.734410140749488,0.0005208856954644599,,,-22.22967564870044,1.254482099969364
-21.18514786418443,0.0387929325771929,-12.53935352898255,0.3926961389731976,-5.724068281496854,0.0006095883810479331,,,-22.21933378944781,1.383087600007872
-21.17480600493179,0.03273512044048471,-12.52901166972991,0.3432502569563135,-5.71372642224422,0.0007116154846891164,,,-22.20899193019518,1.520805476282056
-21.16446414567916,0.02754951995652096,-12.51866981047728,0.2992392439622308,-5.703384562991586,0.0008286482304298705,,,-22.19865007094254,1.667770965485645
-21.15412228642652,0.02312346376803587,-12.50832795122465,0.2601808919499549,-5.693042703738953,0.0009625267107627609,,,-22.18830821168991,1.824054923687754
-21.14378042717389,0.01935666368653994,-12.49798609197201,0.2256181010622463,-5.682700844486319,0.001115256601141833,,,-22.17796635243727,1.98965681834314
-21.13343856792126,0.01616020554942981,-12.48764423271938,0.1951303302122203,-5.672358985233685,0.001289014825086804,,,-22.16762449318464,2.164498050764458
-21.12309670866862,0.01345556745040587,-12.47730237346674,0.1683188456695673,-5.662017125981051,0.001486153919166805,,,-22.15728263393201,2.348415751722401
-21.11275484941599,0.01117367193007055,-12.46696051421411,0.144812076149794,-5.651675266728417,0.001709204831512584,,,-22.14694077467937,2.541157196752258
-21.10241299016336,0.009253980399525569,-12.45661865496148,0.1242655893545132,-5.641333407475784,0.001960877874841687,,,-22.13659891542674,2.742374988749503
-21.09207113091072,0.007643635975917832,-12.44627679570884,0.106361741269959,-5.63099154822315,0.002244061546013649,,,-22.1262570561741,2.95162315324828
-21.08172927165809,0.006296659044545725,-12.43593493645621,0.09080904980162899,-5.620649688970516,0.002561818919599923,,,-22.11591519692147,3.168354286174178
-21.07138741240545,0.005173198229536294,-12.42559307720357,0.07734134189092605,-5.610307829717883,0.002917381323590846,,,-22.10557333766884,3.391917884702056
-21.06104555315282,0.004238838050438547,-12.41525121795094,0.06571672020414705,-5.599965970465249,0.003314139011879999,,,-22.0952314784162,3.621559979072512
-21.05070369390019,0.003463963356672478,-12.40490935869831,0.05571639196053359,-5.589624111212615,0.003755628561229789,,,-22.08488961916357,3.85642416686439
-21.04036183464755,0.002823179653143998,-12.39456749944567,0.04714339861860873,-5.579282251959981,0.004245516740625872,,,-22.07454775991093,4.095554131424644
-21.03001997539492,0.00229478764319133,-12.38422564019304,0.03982128109941512,-5.568940392707347,0.00478758062877237,,,-22.0642059006583,4.337897703164591
-21.01967811614228,0.001860309702172784,-12.3738837809404,0.0335927111072605,-5.558598533454713,0.005385683791344847,,,-22.05386404140567,4.582312496592905
-21.00933625688965,0.00150406553813575,-12.36354192168777,0.02831811501297555,-5.548256674202079,0.006043748373738465,,,-22.04352218215303,4.827573127721339
-20.99899439763702,0.001212793976398549,-12.35320006243514,0.02387431277511388,-5.537914814949445,0.006765723017490108,,,-22.0331803229004,5.072379986395421
-20.98865253838438,0.000975317603958454,-12.3428582031825,0.02015319055868349,-5.527572955696812,0.007555546569188902,,,-22.02283846364777,5.315369506800106
-20.97831067913175,0.0007822469094549818,-12.33251634392987,0.01706042212136637,-5.517231096444178,0.008417107619182318,,,-22.01249660439513,5.555125847570386
-20.96796881987911,0.000625720537984513,-12.32217448467724,0.01451425071206492,-5.506889237191544,0.009354199983169558,,,-22.0021547451425,5.790193861354584
-20.95762696062648,0.0004991783316359839,-12.3118326254246,0.01244434019144464,-5.49654737793891,0.01037047432204787,,,-21.99181288588986,6.019093203121652
-20.94728510137385,0.0003971639318665575,-12.30149076617197,0.01079070135298949,-5.486205518686276,0.01146938618309247,,,-21.98147102663723,6.24033339777419
-20.93694324212121,0.0003151538659468791,-12.29114890691933,0.00950269700023941,-5.475863659433642,0.0126541408374163,,,-21.9711291673846,6.452429661515061
-20.92660138286858,0.0002494102154189538,-12.2808070476667,0.008538127217494203,-5.465521800181008,0.01392763538314209,,,-21.96078730813196,6.653919248670645
-20.91625952361595,0,-12.27046518841407,0.007862394446979105,-5.455179940928375,0.01529239867907545,,,-21.95044544887933,6.843378076992115
-13.92516266883548,0.0001045604806568774,-12.26012332916143,0.007447746439943669,-5.444838081675741,0.01675052976794147,,,-21.94010358962669,7.019437370447808
-13.91482080958285,0.0001302229946946886,-12.2497814699088,0.007272593863551528,-5.434496222423107,0.01830363553931304,,,-21.92976173037406,7.180800049691791
-13.90447895033021,0.0001617521457763793,-12.23943961065616,0.007320898298648357,-5.424154363170473,0.01995276846796166,,,-21.91941987112143,7.326256597129638
-13.89413709107758,0.0002003801449017999,-12.22909775140353,0.007581625533444413,-5.41381250391784,0.02169836534114939,,,-21.90907801186879,7.454700126046843
-13.88379523182494,0.0002475720336457566,-12.2187558921509,0.008048258422624565,-5.403470644665206,0.02354018795597091,,,-21.89873615261616,7.56514039171429
-13.87345337257231,0.0003050638470737191,-12.20841403289826,0.008718363118952984,-5.393128785412572,0.02547726682287621,,,-21.88839429336353,7.656716496676555
-13.86311151331968,0.0003749058012610892,-12.19807217364563,0.009593202175006241,-5.382786926159938,0.02750784895167201,,,-21.87805243411089,7.728708062343221
-13.85276965406704,0.0004595109200793967,-12.187730314393,0.01067738783803533,-5.372445066907305,0.029629350819467,,,-21.86771057485826,7.780544664164394
-13.84242779481441,0.000561709500158399,-12.17738845514036,0.01197856880507416,-5.362103207654671,0.0318383176243295,,,-21.85736871560562,7.811813357556951
-13.83208593556177,0.0006848097841032359,-12.16704659588773,0.0135071437545528,-5.351761348402037,0.03413038991175199,,,-21.84702685635299,7.822264155699409
-13.82174407630914,0.0008326651678974461,-12.1567047366351,0.01524966708773895,-5.341419489149403,0.03650027862336297,,,-21.83668499710036,7.822264155699409
-13.81140221705651,0.001009748206651699,-12.14636287738246,0.01723927560845742,-5.331077629896769,0.03894174955595316,,,-21.82634313784772,7.811813357556951
-13.80106035780387,0.001221231601160231,-12.13602101812983,0.01944582390558103,-5.320735770644135,0.04144761813425827,,,-21.81600127859509,7.780544664164394
-13.79071849855124,0.001473076243872098,-12.12567915887719,0.02196003873796717,-5.310393911391501,0.04400975529402972,,,-21.80565941934245,7.728708062343221
-13.78037663929861,0.001772126274804912,-12.11533729962456,0.02490803320301716,-5.300052052138867,0.04661910514149834,,,-21.79531756008982,7.656716496676555
-13.77003478004597,0.002126210943821627,-12.10499544037193,0.02817933003021769,-5.289710192886234,0.04926571490385667,,,-21.78497570083719,7.56514039171429
-13.75969292079334,0.002544252894132124,-12.09465358111929,0.03179848261173097,-5.2793683336336,0.051938777514136,,,-21.77463384158455,7.454700126046843
-13.7493510615407,0.00303638227195138,-12.08431172186666,0.03579037466537621,-5.269026474380966,0.05462668698520783,,,-21.76429198233192,7.326256597129638
-13.73900920228807,0.003614055828664135,-12.07396986261402,0.0401799892377658,-5.258684615128332,0.05731710652445791,,,-21.75395012307929,7.180800049691791
-13.72866734303544,0.004290179915109546,-12.06362800336139,0.04499214680421412,-5.248342755875698,0.05999704912634517,,,-21.74360826382665,7.019437370447808
-13.7183254837828,0.005079235974124254,-12.05328614410876,0.05025121286547009,-5.238000896623064,0.06265297015840941,,,-21.73326640457402,6.843378076992115
-13.70798362453017,0.005997406819738932,-12.04294428485612,0.05598077607704558,-5.22765903737043,0.06527087123157298,,,-21.72292454532138,6.653919248670645
-13.69764176527753,0.007062701653063577,-12.03260242560349,0.06220329863883556,-5.217317178117796,0.06783641442234556,,,-21.71258268606875,6.452429661515061
-13.6872999060249,0.00829507741086268,-12.02226056635086,0.06893974141070758,-5.206975318865163,0.07033504569755707,,,-21.70224082681612,6.24033339777419
-13.67695804677227,0.009716553679431026,-12.01191870709822,0.07620916699114358,-5.196633459612529,0.07275212618639131,,,-21.69189896756348,6.019093203121652
-13.66661618751963,0.0113513180413828,-12.00157684784559,0.08402832478578916,-5.186291600359896,0.0750730697546385,,,-21.68155710831085,5.790193861354584
-13.656274328267,0.01322581836555189,-11.99123498859295,0.09241677562036862,-5.175949741107262,0.0772834851669657,,,-21.67121524905821,5.555125847570386
-13.64593246901437,0.01536883821097293,-11.98089312934032,0.1013757087495124,-5.165607881854628,0.07936932097909333,,,-21.66087338980558,5.315369506800106
-13.63559060976173,0.01781155120679366,-11.97055127008769,0.1109167923747273,-5.155266022601994,0.08131701118715449,,,-21.65053153055295,5.072379986395421
-13.6252487505091,0.02058755000405875,-11.96020941083505,0.1210432813817933,-5.14492416334936,0.08311361957978319,,,-21.64018967130032,4.827573127721339
-13.61490689125646,0.02373284518665693,-11.94986755158242,0.1317623296426133,-5.134582304096726,0.08479092365743943,,,-21.62984781204768,4.582312496592905
-13.60456503200383,0.02728582939206891,-11.93952569232978,0.1430534170885147,-5.124240444844093,0.08633731220971516,,,-21.61950595279505,4.337897703164591
-13.5942231727512,0.03128720184294139,-11.92918383307715,0.1549120008243007,-5.113898585591459,0.08769791787551647,,,-21.60916409354241,4.095554131424644
-13.58388131349856,0.03577984854289168,-11.91884197382452,0.1673307653059038,-5.103556726338825,0.08886298259389354,,,-21.59882223428978,3.85642416686439
-13.57353945424593,0.04080867355867829,-11.90850011457188,0.1802711212517161,-5.093214867086191,0.08982403047797514,,,-21.58848037503715,3.621559979072512
-13.5631975949933,0.04642037710918734,-11.89815825531925,0.1937121371460777,-5.082873007833557,0.09057397000303814,,,-21.57813851578451,3.391917884702056
-13.55285573574066,0.05266317662110241,-11.88781639606661,0.2076194106570538,-5.072531148580923,0.09110718083004017,,,-21.56779665653188,3.168354286174178
-13.54251387648803,0.05958646750083843,-11.87747453681398,0.2219523511536183,-5.062189289328289,0.09141958378373494,,,-21.55745479727925,2.95162315324828
-13.53217201723539,0.06724042111857065,-11.86713267756135,0.236664188739368,-5.051847430075656,0.09150869276972744,,,-21.54711293802661,2.742374988749503
-13.52183015798276,0.07567551840565601,-11.85679081830871,0.251702070392289,-5.041505570823022,0.09137364770711563,,,-21.53677107877398,2.541157196752258
-13.51148829873013,0.084942018529962,-11.84644895905608,0.2670072482346111,-5.031163711570388,0.09102071323471583,,,-21.52642921952134,2.348415751722401
-13.50114643947749,0.09508936332846998,-11.83610709980345,0.2825153636159867,-5.020821852317754,0.09045225750417638,,,-21.51608736026871,2.164498050764458
-13.49080458022486,0.1061655195317958,-11.82576524055081,0.2981568291824421,-5.01047999306512,0.08966672640435126,,,-21.50574550101608,1.98965681834314
-13.48046272097223,0.1182162622943736,-11.81542338129818,0.3138573094468284,-5.000138133812486,0.08874770745692483,,,-21.49540364176344,1.824054923687754
-13.47012086171959,0.1312844051248079,-11.80508152204554,0.3295382986031712,-4.989796274559852,0.08770156788225757,,,-21.48506178251081,1.667770965485645
-13.45977900246696,0.1454089829655761,-11.79473966279291,0.34511779247143,-4.979454415307218,0.0864573818190358,,,-21.47471992325817,1.520805476282056
-13.44943714321432,0.1606243968667543,-11.78439780354028,0.3605110495588004,-4.969112556054585,0.08502366248046869,,,-21.46437806400554,1.383087600007872
-13.43909528396169,0.1769595303966089,-11.77405594428764,0.3756314343199995,-4.958770696801951,0.08341017194643532,,,-21.45403620475291,1.254482099969364
-13.42875342470906,0.1944368495902717,-11.76371408503501,0.3903913338352819,-4.948428837549318,0.08162781101132027,,,-21.44369434550027,1.134796561120264
-13.41841156545642,0.2130714998101873,-11.75337222578237,0.4047257750451624,-4.938086978296684,0.07968849695577224,,,-21.43335248624764,1.023788659124512
-13.40806970620379,0.2328704143299996,-11.74303036652974,0.4185125363917586,-4.92774511904405,0.07760503115428677,,,-21.423010626995,0.9211733792127333
-13.39772784695115,0.2538314507070392,-11.73268850727711,0.4316836115123882,-4.917403259791416,0.07539095857386918,,,-21.41266876774237,0.8266300797316144
-13.38738598769852,0.2759425720277532,-11.72234664802447,0.444154199570931,-4.907061400538782,0.07306042132137096,,,-21.40232690848974,0.7398093081797076
-13.37704412844589,0.2991810908469714,-11.71200478877184,0.4558493814315417,-4.896719541286148,0.07062800845674956,,,-21.3919850492371,0.6603392910256597
-13.36670226919325,0.3235129940508107,-11.70166292951921,0.4666979773855841,-4.886377682033515,0.06810860430585169,,,-21.38164318998447,0.587832032348039
-13.35636040994062,0.3488923669141693,-11.69132107026657,0.4766353302542163,-4.876035822780881,0.06551723747978297,,,-21.37130133073184,0.5218889699831184
-13.34601855068798,0.3752609342635966,-11.68097921101394,0.4856043025079549,-4.865693963528247,0.06286893273993187,,,-21.3609594714792,0.4621061511183092
-13.33567669143535,0.4025477358695287,-11.67063735176131,0.4936793635827528,-4.855352104275613,0.0601785677406606,,,-21.35061761222657,0.4080789018660057
-13.32533483218272,0.4306689519627588,-11.66029549250867,0.5008203573113732,-4.845010245022979,0.05746073653883169,,,-21.34027575297393,0.3594059770811651
-13.31499297293008,0.4595278930938236,-11.64995363325604,0.5068771272524581,-4.834668385770345,0.05472962158475811,,,-21.3299338937213,0.3156931873769814
-13.30465111367745,0.4890151664379427,-11.6396117740034,0.5118231269538117,-4.824326526517711,0.05199887570754323,,,-21.31959203446867,0.2765565098225848
-13.29430925442482,0.5190090281121011,-11.62926991475077,0.5156529980013448,-4.813984667265077,0.04928151538432379,,,-21.30925017521603,0.2416246970940146
-13.28396739517218,0.5493759281476662,-11.61892805549814,0.5183704253815914,-4.803642808012444,0.04658982634320544,,,-21.2989083159634,0.2105414068545928
-13.27362553591955,0.5799712514973292,-11.6085861962455,0.5199939461580579,-4.79330094875981,0.0439352822994491,,,-21.28856645671076,0.1829668788598941
-13.26328367666691,0.6106402549073584,-11.59824433699287,0.5208404964812702,-4.782959089507176,0.04132847736952424,,,-21.27822459745813,0.1585791917448812
-13.25294181741428,0.6412191957247846,-11.58790247774023,0.5212162095135141,-4.772617230254542,0.03877907245368011,,,-21.2678827382055,0.137075134713339
-13.24259995816165,0.671536644814,-11.5775606184876,0.52087539223395,-4.762275371001908,0.03629575563011717,,,-21.25754087895286,0.118170731492047
-13.23225809890901,0.7014149718163868,-11.56721875923497,0.5196098923390691,-4.751933511749274,0.03388621636769784,,,-21.24719901970023,0.101601455031402
-13.22191623965638,0.7306719870942375,-11.55687689998233,0.5174888454422337,-4.74159165249664,0.03155713314393985,,,-21.2368571604476,0.08712217164034167
-13.21157438040374,0.7591227209542506,-11.5465350407297,0.5145929253879391,-4.731249793244007,0.02931417385469601,,,-21.22651530119496,0.07450685265437197
-13.20123252115111,0.7865813172450503,-11.53619318147707,0.5110137269167829,-4.720907933991374,0.02716200822468031,,,-21.21617344194233,0.06354809047294657
-13.19089066189848,0.8128630152642774,-11.52585132222443,0.5068642923779118,-4.71056607473874,0.02510433127635401,,,-21.20583158268969,0.05405645398795602
-13.18054880264584,0.8377861911856428,-11.5155094629718,0.5022360473389912,-4.700224215486106,0.02314389679038738,,,-21.19548972343706,0.04585971617690197
-13.17020694339321,0.8611744280087844,-11.50516760371916,0.4972573142814291,-4.689882356233472,0.02128255959495113,,,-21.18514786418443,0.03880198406452406
-13.15986508414058,0.8828585814179861,-11.49482574446653,0.492054662128057,-4.679540496980838,0.01952132545371614,,,-21.17480600493179,0.03274275846907049
-13.14952322488794,0.9026788079695931,-11.4844838852139,0.4867605971225932,-4.669198637728204,0.01786040728319642,,,-21.16446414567916,0.02755594803798581
-13.13918136563531,0.9204865217565885,-11.47414202596126,0.4815122651494232,-4.65885677847557,0.01629928641786231,,,-21.15412228642652,0.02312885912552613
-13.12883950638268,0.9361462461491488,-11.46380016670863,0.4764500899014282,-4.648514919222936,0.0148367776546081,,,-21.14378042717389,0.01936118014313377
-13.11849764713004,0.9495373283903149,-11.45345830745599,0.4717163637744715,-4.638173059970303,0.01347109684452222,,,-21.13343856792126,0.01616397618201885
-13.10815578787741,0.9605554867250354,-11.44311644820336,0.4674538087720352,-4.627831200717669,0.01219992985692491,,,-21.12309670866862,0.0134587070145022
-13.09781392862477,0.9691141623279875,-11.43277458895073,0.4638041248418006,-4.617489341465035,0.01102050181545306,,,-21.11275484941599,0.01117627906346312
-13.08747206937214,0.9751456515210896,-11.42243272969809,0.460906542948556,-4.607147482212401,0.009929645595530839,,,-21.10241299016336,0.009256139614639881
-13.07713021011951,0.9787845058898327,-11.41209087044546,0.4588963998297066,-4.596805622959767,0.00892386867370738,,,-21.09207113091072,0.007645419452175069
-13.06678835086687,0.9802836455535651,-11.40174901119283,0.4579037507993085,-4.586463763707133,0.007999417528899414,,,-21.08172927165809,0.006298128233023727
-13.05644649161424,0.9798751144825475,-11.39140715194019,0.4580520361848505,-4.576121904454499,0.007152865592542916,,,-21.07138741240545,0.005174405282860841
-13.0461046323616,0.9776997090138873,-11.38106529268756,0.4594568160206218,-4.565780045201866,0.006382649379620271,,,-21.06104555315282,0.00423982709113136
-13.03576277310897,0.9733482602456356,-11.37072343343492,0.4622245865058936,-4.555438185949232,0.005679022483003655,,,-21.05070369390019,0.003464771597203822
-13.02542091385634,0.9664359447010453,-11.36038157418229,0.4664516904890209,-4.545096326696598,0.005040531576144834,,,-21.04036183464755,0.002823838380730864
-13.0150790546037,0.9570176208340693,-11.35003971492966,0.4722233328831497,-4.534754467443964,0.004463018268381576,,,-21.03001997539492,0.002295323081991651
-13.00473719535107,0.9451676151860239,-11.33969785567702,0.47961271047792,-4.52441260819133,0.003942380747611557,,,-21.01967811614228,0.001860743764992545
-12.99439533609844,0.9309787456936783,-11.32935599642439,0.4886802641054461,-4.514070748938696,0.003474610668405801,,,-21.00933625688965,0.001504416479125751
-12.9840534768458,0.9145611112306891,-11.31901413717175,0.4994730595677166,-4.503728889686062,0.00305582559945381,,,-20.99899439763702,0.001213076955502818
-12.97371161759317,0.8960406694599279,-11.30867227791912,0.5120243021545694,-4.493387030433429,0.00268229720341746,,,-20.98865253838438,0.000975545173114731
-12.96336975834053,0.8755576286833857,-11.29833041866649,0.5263529879933483,-4.483045171180795,0.002350475388413613,,,-20.97831067913175,0.000782429429762687
-12.9530278990879,0.8532646823897098,-11.28798855941385,0.5424636938887886,-4.472703311928162,0.00205700872513508,,,-20.96796881987911,0.0006258665362668328
-12.94268603983527,0.8293251175552744,-11.27764670016122,0.5603465057489595,-4.462361452675528,0.001800813987622266,,,-20.95762696062648,0.0004992948040458954
-12.93234418058263,0.8039108294097337,-11.26730484090859,0.579977084163887,-4.452019593422894,0.00157542110062638,,,-20.94728510137385,0.0003972566014344107
-12.92200232133,0.7772002763071177,-11.25696298165595,0.6013168642208057,-4.44167773417026,0.001379810372190253,,,-20.93694324212121,0.000315227400249018
-12.91166046207736,0.7493764085442959,-11.24662112240332,0.6243133852165726,-4.431335874917626,0.001211597675739557,,,-20.92660138286858,0.0002494684098697248
-12.90131860282473,0.7206246044547305,-11.23627926315068,0.6489007445762717,-4.420994015664992,0.001068662789345285,,,-20.91625952361595,0
-12.8909767435721,0.691130645909938,-11.22593740389805,0.6750001690200033,-4.410652156412358,0.0009491564574037382,,,-13.98721382435128,0.0001053715938669052
-12.88063488431946,0.6610787635337458,-11.21559554464542,0.7025206948499888,-4.400310297159725,0.0008515065851139187,,,-13.97687196509865,0.0002739652326126394
-12.87029302506683,0.6306497795400107,-11.20525368539278,0.7313599481700064,-4.389968437907091,0.0007744239425292337,,,-13.96653010584602,0.0004900780998165262
-12.85995116581419,0.6000193732199977,-11.19491182614015,0.7614050149112483,-4.379626578654457,0.0007169077248281286,,,-13.95618824659338,0.0006172784552422228
-12.84960930656156,0.5693564908181225,-11.18456996688752,0.7925333897349198,-4.369284719401823,0.0006833259908287188,,,-13.94584638734075,0.0007754235486737856
-12.83926744730893,0.5388219179380499,-11.17422810763488,0.8246139922234482,-4.358942860149189,0.0006644606505749075,,,-13.93550452808811,0.000971491246440004
-12.82892558805629,0.5085670288130515,-11.16388624838225,0.8575082382689772,-4.348601000896555,0.0006686611237621342,,,-13.92516266883548,0.001213894190032432
-12.81858372880366,0.4787327228538747,-11.15354438912961,0.8910711542282361,-4.338259141643921,0.0006886124563909434,,,-13.91482080958285,0.001512741790994806
-12.80824186955103,0.449448554951078,-11.14320252987698,0.9251525212430233,-4.327917282391287,0.0007284571495306764,,,-13.90447895033021,0.001880142661580178
-12.79790001029839,0.4208320621492694,-11.13286067062435,0.9595980371290967,-4.317575423138654,0.0007892435649782904,,,-13.89413709107758,0.002330552152238115
-12.78755815104576,0.3929882856133965,-11.12251881137171,0.9942504834138931,-4.30723356388602,0.0008723996493838812,,,-13.88379523182494,0.00288116988357355
-12.77721629179312,0.3660094833486881,-11.11217695211908,1.028950885452626,-4.296891704633386,0.0009797508940294615,,,-13.87345337257231,0.003552392314040116
-12.76687443254049,0.3399750259819291,-11.10183509286644,1.063539654066861,-4.286549845380752,0.001113540023256203,,,-13.86311151331968,0.004368325455828717
-12.75653257328786,0.3149514651164563,-11.09149323361381,1.09785769782009,-4.276207986128118,0.00128020780029136,,,-13.85276965406704,0.005357362818447994
-12.74619071403522,0.2909927613779925,-11.08115137436118,1.131747495857884,-4.265866126875485,0.001476368758894117,,,-13.84242779481441,0.006552833498516851
-12.73584885478259,0.2681406573015694,-11.07080951510854,1.165286738930718,-4.255524267622851,0.001708671666935311,,,-13.83208593556177,0.007993725019612374
-12.72550699552995,0.2464251786867836,-11.06046765585591,1.198322200467475,-4.245182408370217,0.001981297946813904,,,-13.82174407630914,0.009725485030518247
-12.71516513627732,0.2258652469725018,-11.05012579660328,1.230470665427412,-4.234840549117584,0.002298994708468577,,,-13.81140221705651,0.01180090526589427
-12.70482327702469,0.2064693845442553,-11.03978393735064,1.261586910703411,-4.22449868986495,0.002667077971916741,,,-13.80106035780387,0.01428109023205424
-12.69448141777205,0.1882364946687658,-11.02944207809801,1.291881480135739,-4.214156830612316,0.003090637895516344,,,-13.79071849855124,0.01723651187470766
-12.68413955851942,0.1711566979220073,-11.01910021884537,1.321219447391626,-4.203814971359682,0.003578613804784183,,,-13.78037663929861,0.02074814998943726
-12.67379769926679,0.1552172720271534,-11.00875835959274,1.349121100030866,-4.193473112107048,0.004136193089876683,,,-13.77003478004597,0.02490871632653801
-12.66345584001415,0.1403846261859985,-10.99841650034011,1.37585489005649,-4.183131252854414,0.004771710495876227,,,-13.75969292079334,0.02982395820113428
-12.65311398076152,0.1266319174444832,-10.98807464108747,1.401304579271208,-4.17278939360178,0.00549375668223471,,,-13.7493510615407,0.03561403493453395
-12.64277212150889,0.1139231088723828,-10.97773278183484,1.424969743971889,-4.162447534349146,0.006311638351513031,,,-13.73900920228807,0.04241495761831873
-12.63243026225625,0.1022178447333399,-10.9673909225822,1.446750055522944,-4.152105675096513,0.00723539175417658,,,-13.72866734303544,0.05038007951257983
-12.62208840300362,0.09147229679014708,-10.95704906332957,1.466555304297373,-4.141763815843879,0.008278497786577977,,,-13.7183254837828,0.05968162087869514
-12.61174654375098,0.08163996955825531,-10.94670720407694,1.484305684928045,-4.131421956591245,0.009455156253178073,,,-13.70798362453017,0.07051220823233766
-12.60140468449835,0.0726724567068633,-10.9363653448243,1.499931997223129,-4.121080097338611,0.01076696527508581,,,-13.69764176527753,0.08308640392532497
-12.59106282524572,0.06454634904524803,-10.92602348557167,1.513375765601945,-4.110738238085977,0.01223720099685703,,,-13.6872999060249,0.09764219768226846
-12.58072096599308,0.05716595828163611,-10.91568162631904,1.524589280668954,-4.100396378833343,0.01387221848104307,,,-13.67695804677227,0.1144424273031575
-12.57037910674045,0.05050212127125669,-10.9053397670664,1.53353556719928,-4.090054519580709,0.01568999982939292,,,-13.66661618751963,0.1337760912867599
-12.56003724748781,0.04450558787757306,-10.89499790781377,1.540188283353692,-4.079712660328076,0.01770436857170315,,,-13.656274328267,0.1559595117403994
-12.54969538823518,0.03912817030408344,-10.88465604856113,1.544531556371236,-4.069370801075442,0.01993452432902258,,,-13.64593246901437,0.1813373017450098
-12.53935352898255,0.03432314731865771,-10.8743141893085,1.546559760303335,-4.059028941822808,0.02239516209103608,,,-13.63559060976173,0.2102830874824935
-12.52901166972991,0.03004560991730255,-10.86397233005587,1.546277241556098,-4.048687082570174,0.02510337928139428,,,-13.6252487505091,0.2431999320622656
-12.51866981047728,0.02630207489406858,-10.85363047080323,1.543697998101734,-4.03834522331754,0.02807674342335987,,,-13.61490689125646,0.2805204052746602
-12.50832795122465,0.02300086476094405,-10.8432886115506,1.538845318211358,-4.028003364064907,0.03133321395190664,,,-13.60456503200383,0.3227062416289186
-12.49798609197201,0.02008379572326855,-10.83294675229796,1.532610857024752,-4.017661504812273,0.03490110673681355,,,-13.5942231727512,0.3702475281859461
-12.48764423271938,0.01754395826771815,-10.82260489304533,1.525028470767549,-4.007319645559639,0.03878143571701773,,,-13.58388131349856,0.4236613640540249
-12.47730237346674,0.01535030523602728,-10.8122630337927,1.515364906940593,-3.996977786307005,0.04300082770224595,,,-13.57353945424593,0.4834899351565053
-12.46696051421411,0.01347495505246471,-10.80192117454006,1.503662256186428,-3.986635927054371,0.04758544722524526,,,-13.5631975949933,0.5502979511691035
-12.45661865496148,0.01189329796373626,-10.79157931528743,1.489878093403706,-3.976294067801738,0.05257495513283159,,,-13.55285573574066,0.6246693965064611
-12.44627679570884,0.01058408849228832,-10.7812374560348,1.474068856092983,-3.965952208549104,0.05793461262758937,,,-13.54251387648803,0.7072035540319137
-12.43593493645621,0.009529529825048436,-10.77089559678216,1.456298373076288,-3.95561034929647,0.06370980172090294,,,-13.53217201723539,0.798510268855443
-12.42559307720357,0.008715355592001628,-10.76055373752953,1.436635886668918,-3.945268490043836,0.06991866396595753,,,-13.52183015798276,0.8992044302150973
-12.41525121795094,0.008130914135998937,-10.75021187827689,1.415154023058936,-3.934926630791202,0.07657883935716632,,,-13.51148829873013,1.009899662000229
-12.40490935869831,0.007769259944936924,-10.73987001902426,1.391939493190888,-3.924584771538568,0.08370735238514831,,,-13.50114643947749,1.131201226908615
-12.39456749944567,0.007627256416790832,-10.72952815977163,1.367235368038397,-3.914242912285935,0.09132050197679178,,,-13.49080458022486,1.26369816541074
-12.38422564019304,0.007705693562474508,-10.71918630051899,1.341132409288627,-3.903901053033301,0.09945041894486549,,,-13.48046272097223,1.407954708434849
-12.3738837809404,0.008009423625399616,-10.70884444126636,1.313565715511711,-3.893559193780667,0.1080827150400297,,,-13.47012086171959,1.564501021729965
-12.36354192168777,0.008547516913018929,-10.69850258201373,1.284633532083705,-3.883217334528033,0.1172442772980354,,,-13.45977900246696,1.733823359886607
-12.35320006243514,0.00933343939671704,-10.68816072276109,1.254541719092778,-3.872875475275399,0.1269477993314541,,,-13.44943714321432,1.916353728606222
-12.3428582031825,0.01038525284364392,-10.67781886350846,1.223389184138002,-3.862533616022766,0.1372140260490133,,,-13.43909528396169,2.112459174557507
-12.33251634392987,0.01172583739864338,-10.66747700425582,1.191185647695366,-3.852191756770132,0.1480375462848959,,,-13.42875342470906,2.322430842533011
-12.32217448467724,0.01338313563757238,-10.65713514500319,1.158043987339038,-3.841849897517498,0.1594350171200603,,,-13.41841156545642,2.546472959068683
-12.3118326254246,0.01539041616683596,-10.64679328575056,1.124068573051084,-3.831508038264864,0.1714147628179233,,,-13.40806970620379,2.784691919624415
-12.30149076617197,0.01778655385068548,-10.63645142649792,1.089371445844214,-3.82116617901223,0.1839840270411766,,,-13.39772784695115,3.037085672237886
-12.29114890691933,0.02061632271204811,-10.62610956724529,1.054065474721232,-3.810824319759596,0.1971490314675917,,,-13.38738598769852,3.303533603646714
-12.2808070476667,0.02393069648064758,-10.61576770799265,1.018263834768579,-3.800482460506962,0.2109150607340037,,,-13.37704412844589,3.583787143630472
-12.27046518841407,0.02778715066263848,-10.60542584874002,0.9825522945479446,-3.790140601254329,0.2253165758568365,,,-13.36670226919325,3.87746130919487
-12.26012332916143,0.0322499588904414,-10.59508398948739,0.9470392580410639,-3.779798742001695,0.2403273047131924,,,-13.35636040994062,4.184027411701512
-12.2497814699088,0.03739047519463776,-10.58474213023475,0.9113552779251999,-3.769456882749061,0.2559362722862161,,,-13.34601855068798,4.502807146710578
-12.23943961065616,0.04328739273980907,-10.57440027098212,0.8756020432308949,-3.759115023496427,0.2721645383544579,,,-13.33567669143535,4.832968277818384
-12.22909775140353,0.05002696850481419,-10.56405841172949,0.8398791306759026,-3.748773164243793,0.2890158148753963,,,-13.32533483218272,5.173522111920081
-12.2187558921509,0.05770320239055361,-10.55371655247685,0.804283580396697,-3.73843130499116,0.3064941435853841,,,-13.31499297293008,5.523322944022398
-12.20841403289826,0.06641795833363796,-10.54337469322422,0.7689094812617242,-3.728089445738526,0.3246042000088792,,,-13.30465111367745,5.881069625028889
-12.19807217364563,0.07628101422468025,-10.53303283397158,0.7338475689692379,-3.717747586485892,0.3433516230068925,,,-13.29430925442482,6.245309376030347
-12.187730314393,0.08741002681009673,-10.52269097471895,0.6991848403061327,-3.707405727233258,0.3627433669712178,,,-13.28396739517218,6.614443937922953
-12.17738845514036,0.09993039733344734,-10.51234911546632,0.6650041870591467,-3.697063867980624,0.382788073052517,,,-13.27362553591955,6.9867381061725
-12.16704659588773,0.1139750234849977,-10.50200725621368,0.6313840531184924,-3.68672200872799,0.4034964550629689,,,-13.26328367666691,7.360330657923531
-12.1567047366351,0.1296804847352755,-10.49166539696105,0.5983981182904359,-3.676380149475357,0.4248816949278058,,,-13.25294181741428,7.733247633239251
-12.14636287738246,0.1471956981629201,-10.48132353770841,0.5661150122353168,-3.666038290222723,0.4469598417867272,,,-13.24259995816165,8.10341788500123
-12.13602101812983,0.1666726114753911,-10.47098167845578,0.5345980617689448,-3.655696430970089,0.4697722719890197,,,-13.23225809890901,8.468690763952454
-12.12567915887719,0.1882720969714913,-10.46063981920315,0.5039050745082938,-3.645354571717455,0.4934861502994309,,,-13.22191623965638,8.826855757669646
-12.11533729962456,0.212163324022669,-10.45029795995051,0.4740881615094716,-3.635012712464821,0.5181048828982299,,,-13.21157438040374,9.175663856088798
-12.10499544037193,0.238501061530674,-10.43995610069788,0.4451936011418623,-3.624670853212188,0.5435127818599771,,,-13.20123252115111,9.512850372787122
-12.09465358111929,0.2674515216644657,-10.42961424144525,0.4172617459742106,-3.614328993959554,0.5697432561150919,,,-13.19089066189848,9.8361589117342
-12.08431172186666,0.299180760349284,-10.41927238219261,0.3903269739254494,-3.60398713470692,0.5968347223715594,,,-13.18054880264584,10.14336613480086
-12.07396986261402,0.3338528943990075,-10.40893052293998,0.3644176843662508,-3.593645275454286,0.6248308380352107,,,-13.17020694339321,10.43230695700264
-12.06362800336139,0.3716281256507545,-10.39858866368734,0.339556339259216,-3.583303416201652,0.6537806652521055,,,-13.15986508414058,10.70089977517789
-12.05328614410876,0.4126605800448873,-10.38824680443471,0.315759548809935,-3.572961556949018,0.6837387553377847,,,-13.14952322488794,10.94717132232456
-12.04294428485612,0.4570959739955573,-10.37790494518208,0.2930382004823008,-3.562619697696384,0.7147651431380745,,,-13.13918136563531,11.16928073472586
-12.03260242560349,0.5050691250668444,-10.36756308592944,0.2713976296240513,-3.552277838443751,0.7469252413723994,,,-13.12883950638268,11.36554242265704
-12.02226056635086,0.5567013288277722,-10.35722122667681,0.2508378293669881,-3.541935979191117,0.7803756105057673,,,-13.11849764713004,11.53444734803138
-12.01191870709822,0.6120976287120276,-10.34687936742418,0.231353696924423,-3.531594119938483,0.8151909682852015,,,-13.10815578787741,11.67468233372633
-12.00157684784559,0.671344010647515,-10.33653750817154,0.2129353129187627,-3.521252260685849,0.8513637422221347,,,-13.09781392862477,11.78514705920497
-11.99123498859295,0.7345558174312771,-10.32619564891891,0.1955682499459105,-3.510910401433216,0.888976159381395,,,-13.08747206937214,11.86496843485203
-11.98089312934032,0.8016833850788005,-10.31585378966627,0.1792339062296451,-3.500568542180582,0.9281135591625246,,,-13.07713021011951,11.9150920221248
-11.97055127008769,0.8727796078461216,-10.30551193041364,0.1639098599455702,-3.490226682927948,0.968863554636323,,,-13.06678835086687,11.93753577706256
-11.96020941083505,0.9478268240816689,-10.29517007116101,0.1495702396055684,-3.479884823675314,1.011315057786217,,,-13.05644649161424,11.93644619940226
-11.94986755158242,1.026831892933565,-10.28482821190837,0.1361861057925456,-3.46954296442268,1.055557171129651,,,-13.0461046323616,11.9154695059964
-11.93952569232978,1.109610371054038,-10.27448635265574,0.1237258395218347,-3.459201105170046,1.101677950720612,,,-13.03576277310897,11.86886733754219
-11.92918383307715,1.196085852236364,-10.2641444934031,0.1121555325778507,-3.448859245917412,1.149975639380886,,,-13.02542091385634,11.79095581763221
-11.91884197382452,1.286215700748518,-10.25380263415047,0.1014393753281851,-3.438517386664778,1.200530312985832,,,-13.0150790546037,11.6823540329333
-11.90850011457188,1.379595984118926,-10.24346077489784,0.09154003774608832,-3.428175527412145,1.253385851532317,,,-13.00473719535107,11.54392042220917
-11.89815825531925,1.476080042782422,-10.2331189156452,0.08241903966828008,-3.417833668159511,1.308606722020017,,,-12.99439533609844,11.37674147754924
-11.88781639606661,1.57538759021907,-10.22277705639257,0.07403710666896567,-3.407491808906877,1.366063738702763,,,-12.9840534768458,11.18211754632391
-11.87747453681398,1.677197573316215,-10.21243519713994,0.06635450833246059,-3.397149949654243,1.425800887670756,,,-12.97371161759317,10.96154599335945
-11.86713267756135,1.781148906824465,-10.2020933378873,0.05933137614490715,-3.38680809040161,1.48785011363229,,,-12.96336975834053,10.7167020282183
-11.85679081830871,1.886841814163558,-10.19175147863467,0.05292799868883079,-3.376466231148976,1.55222962041824,,,-12.9530278990879,10.4494175407737
-11.84644895905608,1.993839798889486,-10.18140961938203,0.04710509230137486,-3.366124371896342,1.618942195555948,,,-12.94268603983527,10.16165831868388
-11.83610709980345,2.101672261607505,-10.1710677601294,0.04182404583695565,-3.355782512643708,1.688131079206677,,,-12.93234418058263,9.855500042325835
-11.82576524055081,2.209837766650356,-10.16072590087677,0.03704713864740632,-3.345440653391074,1.759762167232585,,,-12.92200232133,9.533103465899071
-11.81542338129818,2.317807951612932,-10.15038404162413,0.03273334869131091,-3.33509879413844,1.833622891918338,,,-12.91166046207736,9.196689197653482
-11.80508152204554,2.42503206104925,-10.1400421823715,0.02885697946645497,-3.324756934885806,1.909636580478763,,,-12.90131860282473,8.848512487665017
-11.79473966279291,2.530942073525479,-10.12970032311886,0.02537851126464326,-3.314415075633173,1.987703844215203,,,-12.8909767435721,8.490838418637523
-11.78439780354028,2.634958379034284,-10.11935846386623,0.02226546083473167,-3.304073216380539,2.067702261375624,,,-12.88063488431946,8.125917874417068
-11.77405594428764,2.736495951775491,-10.1090166046136,0.01948032939223439,-3.293731357127905,2.149485347947443,,,-12.87029302506683,7.755964633020974
-11.76371408503501,2.834970951767321,-10.09867474536096,0.01700841316397341,-3.283389497875271,2.232905546159579,,,-12.85995116581419,7.383133896920826
-11.75337222578237,2.930110177370306,-10.08833288610833,0.01481383327029988,-3.273047638622637,2.317766835101839,,,-12.84960930656156,7.009502534116328
-11.74303036652974,3.021194726514623,-10.0779910268557,0.01286338392186708,-3.262705779370004,2.403824760590056,,,-12.83926744730893,6.637051260326333
-11.73268850727711,3.107555379632019,-10.06764916760306,0.0111491744592758,-3.25236392011737,2.490833898051379,,,-12.82892558805629,6.267648946591617
-11.72234664802447,3.188662790891106,-10.05730730835043,0.009639473163827125,-3.242022060864736,2.578524978511985,,,-12.81858372880366,5.903039188937312
-11.71200478877184,3.264054822007251,-10.04696544909779,0.008313497545713894,-3.231680201612102,2.666605793284847,,,-12.80824186955103,5.544829228671415
-11.70166292951921,3.333314438761008,-10.03662358984516,0.007152057957428529,-3.221338342359468,2.754875786639405,,,-12.79790001029839,5.194481264540702
-11.69132107026657,3.39607969248999,-10.02628173059253,0.006137507786604985,-3.210996483106834,2.843309242061245,,,-12.78755815104576,4.853306152388863
-11.68097921101394,3.451997075723734,-10.01593987133989,0.005253684325051531,-3.2006546238542,2.931435884195242,,,-12.77721629179312,4.522459445120895
-11.67063735176131,3.5019372355895,-10.00559801208726,0.004485842199548251,-3.190312764601567,3.018756820077082,,,-12.76687443254049,4.202939686504214
-11.66029549250867,3.545714256721269,-9.995256152834624,0.003820581127287742,-3.179970905348933,3.104881058973477,,,-12.75653257328786,3.895588837319377
-11.64995363325604,3.582162309848318,-9.984914293581991,0.003245769621068828,-3.169629046096299,3.189218848924201,,,-12.74619071403522,3.601094682148351
-11.6396117740034,3.61115599512326,-9.974572434329357,0.002750466120991509,-3.159287186843665,3.271358354548076,,,-12.73584885478259,3.319995040033731
-11.62926991475077,3.632782262662646,-9.964230575076723,0.002324838874637716,-3.148945327591032,3.350882669737737,,,-12.72550699552995,3.052683582578319
-11.61892805549814,3.647175238629737,-9.953888715824089,0.001960085730383524,-3.138603468338398,3.427373113851921,,,-12.71516513627732,2.799417048847217
-11.6085861962455,3.654582509137431,-9.943546856571455,0.001648354851986099,-3.128261609085764,3.500412654628573,,,-12.70482327702469,2.560323637606008
-11.59824433699287,3.657339361064815,-9.933204997318821,0.001382667209882149,-3.11791974983313,3.569589421160747,,,-12.69448141777205,2.335412353769384
-11.58790247774023,3.657292496699511,-9.922863138066187,0.00115684155821426,-3.107577890580496,3.634500268482149,,,-12.68413955851942,2.124583087119567
-11.5775606184876,3.652819765189186,-9.912521278813553,0.000949228672426565,-3.097236031327862,3.695175480832924,,,-12.67379769926679,1.927642322101708
-11.56721875923497,3.642996783882712,-9.902179419560921,0.0007908645748402076,-3.086894172075228,3.75123669300984,,,-12.66345584001415,1.744294929379293
-11.55687689998233,3.628424225170997,-9.891837560308288,0.0006554764435486826,-3.076552312822594,3.801900413748641,,,-12.65311398076152,1.574182164294911
-11.5465350407297,3.609781305046358,-9.881495701055654,0.0005433368609934739,-3.066210453569961,3.847139715711672,,,-12.64277212150889,1.416875616737452
-11.53619318147707,3.587820713308139,-9.87115384180302,0.0004491994929821005,-3.055868594317327,3.888064063658489,,,-12.63243026225625,1.271891983554077
-11.52585132222443,3.563481995320537,-9.860811982550386,0.0003703904285391463,-3.045526735064693,3.924072137672749,,,-12.62208840300362,1.138703439646168
-11.5155094629718,3.537438260420542,-9.850470123297752,0.0003045950885643579,-3.035184875812059,3.953438479193502,,,-12.61174654375098,1.016747524386332
-11.50516760371916,3.510718325489022,-9.840128264045118,0.0002498419982704344,-3.024843016559426,3.975928367795584,,,-12.60140468449835,0.905436443476725
-11.49482574446653,3.48430096139602,-9.829786404792484,0.0002043921265189745,-3.014501157306792,3.991342046585736,,,-12.59106282524572,0.804195391458757
-11.4844838852139,3.459199902694525,-9.81944454553985,0.0001667702680387759,-3.004159298054158,3.999503143384616,,,-12.58072096599308,0.7123595538001994
-11.47414202596126,3.43645400749794,-9.809102686287217,0.0001327199344106492,-2.993817438801524,4.00029343673949,,,-12.57037910674045,0.6293378275905953
-11.46380016670863,3.4171169534344,-9.798760827034583,0.0001077944251707265,-2.98347557954889,3.994331720289877,,,-12.56003724748781,0.5545204978570446
-11.45345830745599,3.40224658629182,-9.788418967781949,8.731768595028074e-05,-2.973133720296256,3.981578261753655,,,-12.54969538823518,0.4873082579765413
-11.44311644820336,3.392894042501045,-9.436795753192399,0.0003465041262445518,-2.962791861043622,3.961335562749238,,,-12.53935352898255,0.4271170209536534
-11.43277458895073,3.390092769675759,-9.426453893939765,0.0006402456907520786,-2.952450001790988,3.933652445603794,,,-12.52901166972991,0.373381972543037
-11.42243272969809,3.394847571061201,-9.416112034687131,0.0009543307047747181,-2.942108142538355,3.899001164976578,,,-12.51866981047728,0.3256187984478253
-11.41209087044546,3.408123799974188,-9.405770175434498,0.001282412297064502,-2.931766283285721,3.857522395394353,,,-12.50832795122465,0.2832509475449232
-11.40174901119283,3.430836829185541,-9.395428316181864,0.001609512309596118,-2.921424424033087,3.809003499919386,,,-12.49798609197201,0.2457639946680521
-11.39140715194019,3.463841917745822,-9.38508645692923,0.002014675094846945,-2.911082564780453,3.753667511305527,,,-12.48764423271938,0.2127305927812623
-11.38106529268756,3.507924594028049,-9.374744597676596,0.002515126391565706,-2.90074070552782,3.691776647658881,,,-12.47730237346674,0.1837209304523244
-11.37072343343492,3.563791668795027,-9.364402738423962,0.003131545218063419,-2.890398846275186,3.623630566714894,,,-12.46696051421411,0.1583355433231924
-11.36038157418229,3.63206298592742,-9.354060879171328,0.003888674845956266,-2.880056987022552,3.549568778017097,,,-12.45661865496148,0.1362053990249244
-11.35003971492966,3.713264011100609,-9.343719019918694,0.00481602397803831,-2.869715127769918,3.471216353229393,,,-12.44627679570884,0.116991641276765
-11.33969785567702,3.80781935019909,-9.33337716066606,0.005948667722555349,-2.859373268517284,3.389889534503081,,,-12.43593493645621,0.1003850505094845
-11.32935599642439,3.916047279631683,-9.323035301413427,0.007328158216772262,-2.84903140926465,3.304732375979821,,,-12.42559307720357,0.08610527565293859
-11.31901413717175,4.038155359986522,-9.312693442160793,0.009003554842880786,-2.838689550012016,3.21523995794552,,,-12.41525121795094,0.07389988831804174
-11.30867227791912,4.174237192677291,-9.302351582908159,0.01103258385573721,-2.828347690759383,3.121848776227972,,,-12.40490935869831,0.06354330664734509
-11.29833041866649,4.324270366428248,-9.292009723655525,0.01348293685742869,-2.818005831506749,3.025009722659168,,,-12.39456749944567,0.05483563175717608
-11.28798855941385,4.48811562669103,-9.281667864402891,0.01643371685763808,-2.807663972254115,2.925190815885742,,,-12.38422564019304,0.04760143508400462
-11.27764670016122,4.665517286468113,-9.271326005150257,0.01997703959807634,-2.797322113001481,2.822867157978188,,,-12.3738837809404,0.04168853019821437
-11.26730484090859,4.856104881651755,-9.260984145897623,0.02421979633935006,-2.786980253748848,2.718518911928442,,,-12.36354192168777,0.03696675786256216
-11.25696298165595,5.059396058018899,-9.25064228664499,0.02928558235505841,-2.776638394496214,2.612627522918729,,,-12.35320006243514,0.03332680837596361
-11.24662112240332,5.274800660631322,-9.240300427392356,0.03531679289802166,-2.76629653524358,2.505672018565479,,,-12.3428582031825,0.03067910062492402
-11.23627926315068,5.501625979790614,-9.229958568139722,0.0424768853486075,-2.755954675990946,2.398130735729336,,,-12.33251634392987,0.02895273281849588
-11.22593740389805,5.739083091136069,-9.219616708887088,0.05095280258276298,-2.745612816738312,2.290458083370936,,,-12.32217448467724,0.02809451564757491
-11.21559554464542,5.986294211229588,-9.209274849634454,0.06095754827425288,-2.735270957485678,2.183108890174868,,,-12.3118326254246,0.02806809461283612
-11.20525368539278,6.24230097434931,-9.19893299038182,0.07273289985045989,-2.724929098233044,2.076516814703853,,,-12.30149076617197,0.02885316452452844
-11.19491182614015,6.506073521538095,-9.188591131129186,0.0865522391478324,-2.71458723898041,1.971104495237277,,,-12.29114890691933,0.0304447757003242
-11.18456996688752,6.776520279559837,-9.178249271876552,0.1027234744740834,-2.704245379727777,1.867264908924693,,,-12.2808070476667,0.03285272817698753
-11.17422810763488,7.052498295644321,-9.167907412623919,0.1215920208137791,-2.693903520475143,1.765371598442926,,,-12.27046518841407,0.03610104730628035
-11.16388624838225,7.33282398407835,-9.157565553371285,0.1435437973712583,-2.683561661222509,1.665773422467655,,,-12.26012332916143,0.04022753142170336
-11.15354438912961,7.616284133135165,-9.147223694118651,0.1690081936171608,-2.673219801969875,1.568793082464963,,,-12.2497814699088,0.04528335983654116
-11.14320252987698,7.901647015800618,-9.136881834866017,0.1984609466100305,-2.662877942717242,1.474725982727167,,,-12.23943961065616,0.05133274726273004
-11.13286067062435,8.187673445483577,-9.126539975613383,0.2324268637529172,-2.652536083464608,1.383839421594826,,,-12.22909775140353,0.05845262882439585
-11.12251881137171,8.473127618563643,-9.116198116360749,0.2714823165008438,-2.642194224211974,1.296372106543839,,,-12.2187558921509,0.06673235818327189
-11.11217695211908,8.756787589341183,-9.105856257108115,0.316257422076779,-2.63185236495934,1.212533980841146,,,-12.20841403289826,0.0762733999036993
-11.10183509286644,9.037455229747554,-9.095514397855482,0.367437822233002,-2.621510505706706,1.132504724873969,,,-12.19807217364563,0.08718899607534568
-11.09149323361381,9.31396553600405,-9.085172538602848,0.4257659607942775,-2.611168646454072,1.056440976007487,,,-12.187730314393,0.09960378639970496
-11.08115137436118,9.585195157159738,-9.074830679350214,0.4920417554495314,-2.600826787201438,0.9844661476353773,,,-12.17738845514036,0.1136533604538278
-11.07080951510854,9.852217366799312,-9.06448882009758,0.5671225543526563,-2.590484927948805,0.9166789646936814,,,-12.16704659588773,0.1294837206973104
-11.06046765585591,10.11399686438061,-9.054146960844946,0.6519222648993902,-2.580143068696171,0.8531524694152238,,,-12.1567047366351,0.147220868072263
-11.05012579660328,10.36739561447227,-9.043805101592312,0.7474095409219551,-2.569801209443537,0.7939352401085678,,,-12.14636287738246,0.1670498723940455
-11.03978393735064,10.61148966925149,-9.033463242339678,0.8546049158397115,-2.559459350190903,0.7390527382856412,,,-12.13602101812983,0.1890956769900302
-11.02944207809801,10.84781948277265,-9.023121383087044,0.9745767733617352,-2.549117490938269,0.6885087518426762,,,-12.12567915887719,0.2136132094061746
-11.01910021884537,11.07558575450445,-9.012779523834411,1.108436054468261,-2.538775631685636,0.6422869025519057,,,-12.11533729962456,0.2409011670057787
-11.00875835959274,11.29165120675051,-9.002437664581777,1.257329609873864,-2.528433772433002,0.6003481819695295,,,-12.10499544037193,0.2710072903356106
-10.99841650034011,11.50026850503224,-8.992095805329143,1.422432121212307,-2.518091913180368,0.5626493716725406,,,-12.09465358111929,0.3041258854689049
-10.98807464108747,11.70080652112818,-8.981753946076511,1.604936531927417,-2.507750053927734,0.5291181146858317,,,-12.08431172186666,0.340451458828755
-10.97773278183484,11.88774971345155,-8.971412086823877,1.806042950367801,-2.4974081946751,0.4996738446897877,,,-12.07396986261402,0.3801766674095295
-10.9673909225822,12.06057687833516,-8.961070227571243,2.026946012829332,-2.487066335422466,0.4742208994756034,,,-12.06362800336139,0.4234900407116533
-10.95704906332957,12.2188391238733,-8.950728368318609,2.26882072312154,-2.476724476169833,0.4526536961079116,,,-12.05328614410876,0.4705734828508827
-10.94670720407694,12.36215729066768,-8.940386509065975,2.532806817385104,-2.466382616917199,0.4348565665083486,,,-12.04294428485612,0.521599568437328
-10.9363653448243,12.49021875341327,-8.930044649813341,2.81999173796311,-2.456040757664565,0.4207156090820984,,,-12.03260242560349,0.5767286512847661
-10.92602348557167,12.60277372594686,-8.919702790560708,3.131392337602309,-2.445698898411931,0.4100796841506817,,,-12.02226056635086,0.6361058107158218
-10.91568162631904,12.69963119849646,-8.909360931308074,3.467935474474334,-2.435357039159297,0.4028148733155252,,,-12.01191870709822,0.6998576660646409
-10.9053397670664,12.78065463862808,-8.89901907205544,3.83043769867602,-2.425015179906663,0.3987821653879893,,,-12.00157684784559,0.7680890958207937
-10.89499790781377,12.84575758674606,-8.888677212802806,4.219584271089436,-2.41467332065403,0.3978267856435688,,,-11.99123498859295,0.8409371067113751
-10.88465604856113,12.89489927301787,-8.878335353550172,4.635907794749879,-2.404331461401396,0.3997928786082763,,,-11.98089312934032,0.9183537599787122
-10.8743141893085,12.92808037540973,-8.867993494297538,5.079766776092881,-2.393989602148762,0.4045202356654899,,,-11.97055127008769,1.000404592605044
-10.86397233005587,12.94533902837013,-8.857651635044904,5.5513244674788,-2.383647742896128,0.4118467362074824,,,-11.96020941083505,1.087075247247157
-10.85363047080323,12.94674717889852,-8.847309775792271,6.050528372044023,-2.373305883643494,0.4216014053110882,,,-11.94986755158242,1.178380169285462
-10.8432886115506,12.93240737167068,-8.836967916539637,6.577090816021749,-2.362964024390861,0.4336175469895805,,,-11.93952569232978,1.274111210798227
-10.83294675229796,12.90623037104234,-8.826626057287003,7.130471011071021,-2.352622165138227,0.4477176453057849,,,-11.92918383307715,1.374186143374749
-10.82260489304533,12.86835083072303,-8.816284198034369,7.709859038785796,-2.342280305885593,0.4637274614638385,,,-11.91884197382452,1.4785558380461
-10.8122630337927,12.81558148567613,-8.805942338781735,8.314162190478177,-2.331938446632959,0.481468865249698,,,-11.90850011457188,1.586767485413735
-10.80192117454006,12.74806274751405,-8.795600479529101,8.941994086749014,-2.321596587380325,0.5007618824397178,,,-11.89815825531925,1.69865185018732
-10.79157931528743,12.66547365948666,-8.785258620276467,9.591666982677015,-2.311254728127691,0.521425060498801,,,-11.88781639606661,1.81388876040361
-10.7812374560348,12.56836988452706,-8.774916761023833,10.261187635304,-2.300912868875058,0.5432737409512678,,,-11.87747453681398,1.932110207738291
-10.77089559678216,12.45808118559577,-8.7645749017712,10.94825707035798,-2.290571009622424,0.5661236916291024,,,-11.86713267756135,2.052901100946731
-10.76055373752953,12.3344658242923,-8.754233042518566,11.65027453500849,-2.28022915036979,0.5898019814779166,,,-11.85679081830871,2.175800725781027
-10.75021187827689,12.19663299964354,-8.743891183265932,12.36434586336073,-2.269887291117156,0.614114947700418,,,-11.84644895905608,2.300304941327165
-10.73987001902426,12.04491080763166,-8.733549324013298,13.08729641214321,-2.259545431864522,0.6388888996727732,,,-11.83610709980345,2.425869131633693
-10.72952815977163,11.8817057299506,-8.723207464760664,13.81568864671165,-2.249203572611889,0.66393977455196,,,-11.82576524055081,2.551911919300462
-10.71918630051899,11.70735738323974,-8.71286560550803,14.54584437345468,-2.238861713359255,0.6890905785490619,,,-11.81542338129818,2.677819634566645
-10.70884444126636,11.52011486952874,-8.702523746255396,15.27387152559303,-2.228519854106621,0.7141677824357396,,,-11.80508152204554,2.802951519620728
-10.69850258201373,11.32038494705409,-8.692181887002763,15.99569531709973,-2.218177994853987,0.7390022079955814,,,-11.79473966279291,2.926645633621066
-10.68816072276109,11.10965845719017,-8.681840027750129,16.70709348611681,-2.207836135601353,0.7634299524248158,,,-11.78439780354028,3.048225409558258
-10.67781886350846,10.8883873911572,-8.671498168497495,17.40373525703304,-2.197494276348719,0.7872933387172508,,,-11.77405594428764,3.16700679992137
-10.66747700425582,10.65612289796044,-8.661156309244861,18.08122356163168,-2.187152417096085,0.8104418785342291,,,-11.76371408503501,3.282305934469938
-10.65713514500319,10.41345593075469,-8.650814449992227,18.73513997675417,-2.176810557843452,0.8327275291888363,,,-11.75337222578237,3.393772770308566
-10.64679328575056,10.16098121588288,-8.640472590739593,19.36109176104441,-2.166468698590818,0.8540307280033504,,,-11.74303036652974,3.500553402513704
-10.63645142649792,9.899375777817951,-8.630130731486959,19.95476030871125,-2.156126839338184,0.8742200488412184,,,-11.73268850727711,3.60189951232546
-10.62610956724529,9.629362908251204,-8.619788872234325,20.51195028586032,-2.14578498008555,0.8931783619525561,,,-11.72234664802447,3.697185668132158
-10.61576770799265,9.351709770413811,-8.609447012981692,21.02863867653124,-2.135443120832917,0.9107894039184953,,,-11.71200478877184,3.785864688832001
-10.60542584874002,9.072228033460224,-8.599105153729058,21.50102294255137,-2.125101261580283,0.9275130157275761,,,-11.70166292951921,3.867439426443819
-10.59508398948739,8.791722224204918,-8.588763294476424,21.92556749473226,-2.114759402327649,0.9432362824031648,,,-11.69132107026657,3.94147539682367
-10.58474213023475,8.505985613067841,-8.57842143522379,22.29904768343028,-2.104417543075015,0.9573946054491079,,,-11.68097921101394,4.00755329503686
-10.57440027098212,8.215843687909906,-8.568079575971156,22.61859054426803,-2.094075683822381,0.9701932438047317,,,-11.67063735176131,4.066636063923511
-10.56405841172949,7.922145504793097,-8.557737716718522,22.88171157960783,-2.083733824569747,0.9815891753415302,,,-11.66029549250867,4.118493223257058
-10.55371655247685,7.625758329894212,-8.547395857465888,23.08692608819055,-2.073391965317113,0.9912913674825931,,,-11.64995363325604,4.161784309390698
-10.54337469322422,7.32756183904597,-8.537053998213255,23.23261313932106,-2.063050106064479,0.9992710544437463,,,-11.6396117740034,4.196354011229421
-10.53303283397158,7.028441967361513,-8.526712138960621,23.32011680774737,-2.052708246811846,1.005556541355801,,,-11.62926991475077,4.222285320412885
-10.52269097471895,6.729284508482897,-8.516370279707989,23.35820484817629,-2.042366387559212,1.01014517101905,,,-11.61892805549814,4.239718350525705
-10.51234911546632,6.430968567731092,-8.506028420455355,23.35199717522305,-2.032024528306578,1.013154444372803,,,-11.6085861962455,4.248923978596663
-10.50200725621368,6.134359975774965,-8.495686561202721,23.29825894113201,-2.021682669053944,1.014618607069447,,,-11.59824433699287,4.25262616319366
-10.49166539696105,5.840304769392025,-8.485344701950087,23.19235103236272,-2.011340809801311,1.014671908695032,,,-11.58790247774023,4.252993659495675
-10.48132353770841,5.549622843532624,-8.475002842697453,23.02893551314951,-2.000998950548677,1.013370545953587,,,-11.5775606184876,4.248100682039222
-10.47098167845578,5.263101874346124,-8.464660983444819,22.80587127523498,-1.990657091296043,1.01063679657758,,,-11.56721875923497,4.236817168704093
-10.46063981920315,4.981491606254336,-8.454319124192185,22.52491637315879,-1.980315232043409,1.006584139120281,,,-11.55687689998233,4.219825212215523
-10.45029795995051,4.705498587780429,-8.443977264939551,22.18826866777998,-1.969973372790775,1.001308294270119,,,-11.5465350407297,4.197898695539386
-10.43995610069788,4.435781430912355,-8.433635405686918,21.79853719955233,-1.959631513538141,0.9949533097373495,,,-11.53619318147707,4.17189750362191
-10.42961424144525,4.172946657578965,-8.423293546434284,21.35870852831192,-1.949289654285507,0.9876059244324518,,,-11.52585132222443,4.142893268574803
-10.41927238219261,3.917545184645129,-8.41295168718165,20.8721086468144,-1.938947795032874,0.9793498049802242,,,-11.5155094629718,4.111665549572904
-10.40893052293998,3.670069486001256,-8.402609827929016,20.34236114695991,-1.92860593578024,0.9703131225296494,,,-11.50516760371916,4.07939266269064
-10.39858866368734,3.430951457148639,-8.392267968676382,19.77334237380725,-1.918264076527606,0.9606665288706625,,,-11.49482574446653,4.047200583154152
-10.38824680443471,3.200560994475161,-8.381926109423748,19.16913434207123,-1.907922217274972,0.9506291914130954,,,-11.4844838852139,4.016256998469543
-10.37790494518208,2.979205288474105,-8.371584250171114,18.53397621223838,-1.897580358022338,0.9402547034031121,,,-11.47414202596126,3.987759963363842
-10.36756308592944,2.767128817759928,-8.361242390918481,17.87221512860927,-1.887238498769704,0.9295685492527002,,,-11.46380016670863,3.962926015556693
-10.35722122667681,2.564514019130592,-8.350900531665847,17.18825720981846,-1.876896639517071,0.9186884241360607,,,-11.45345830745599,3.942977888205736
-10.34687936742418,2.371482598336776,-8.340558672413213,16.48651945446646,-1.866554780264437,0.9077536682150533,,,-11.44311644820336,3.929131959914536
-10.33653750817154,2.188097436828471,-8.330216813160579,15.77138328159028,-1.856212921011803,0.8968275653368383,,,-11.43277458895073,3.922585586482968
-10.32619564891891,2.014365041705265,-8.319874953907945,15.04715036932205,-1.845871061759169,0.8860448995051188,,,-11.42243272969809,3.924504460152708
-10.31585378966627,1.85023847950374,-8.309533094655311,14.31800138705534,-1.835529202506535,0.8757001524132445,,,-11.41209087044546,3.936010142005452
-10.30551193041364,1.695620729378203,-8.299191235402677,13.58795813880733,-1.825187343253901,0.865887184540266,,,-11.40174901119283,3.958167911469336
-10.29517007116101,1.550368387694272,-8.288849376150043,12.86084955044911,-1.814845484001268,0.8564564659619879,,,-11.39140715194019,3.991975073644244
-10.28482821190837,1.414295654043932,-8.27850751689741,12.14028184338652,-1.804503624748634,0.8475031605730783,,,-11.38106529268756,4.038349860434198
-10.27448635265574,1.287178528155736,-8.268165657644776,11.42961314444983,-1.794161765496,0.8390716182368231,,,-11.37072343343492,4.098121055336261
-10.2641444934031,1.168759148032122,-8.257823798392142,10.7319326884856,-1.783819906243366,0.8311440442785096,,,-11.36038157418229,4.172018464237366
-10.25380263415047,1.058750201786886,-8.247481939139508,10.05004467862902,-1.773478046990732,0.8238544944314652,,,-11.35003971492966,4.260664345764229
-10.24346077489784,0.9568393489455586,-8.237140079886874,9.386456781498085,-1.763136187738098,0.8171105711193368,,,-11.33969785567702,4.364565904664105
-10.2331189156452,0.8626935912579099,-8.22679822063424,8.743373152407777,-1.752794328485465,0.8109729456136936,,,-11.32935599642439,4.48410894041008
-10.22277705639257,0.7759635381896607,-8.216456361381606,8.122691810722808,-1.742452469232831,0.8054408394761894,,,-11.31901413717175,4.619552730769944
-10.21243519713994,0.6962875180372583,-8.206114502128973,7.526006118936236,-1.732110609980197,0.8005035221047014,,,-11.30867227791912,4.771026216504679
-10.2020933378873,0.6232954918699354,-8.195772642876339,6.954610061970305,-1.721768750727563,0.7962348553850074,,,-11.29833041866649,4.938525538734124
-10.19175147863467,0.5566127340742691,-8.185430783623705,6.409506976226123,-1.711426891474929,0.7924900833451092,,,-11.28798855941385,5.121912964903624
-10.18140961938203,0.4958632499917702,-8.175088924371071,5.891421341437627,-1.701085032222296,0.7892273404526544,,,-11.27764670016122,5.32091722280853
-10.1710677601294,0.4406729078438402,-8.164747065118437,5.400813222494518,-1.690743172969662,0.7864431731354219,,,-11.26730484090859,5.535135244912781
-10.16072590087677,0.3906722686884544,-8.154405205865803,4.937894932894164,-1.680401313717028,0.7840925505249159,,,-11.25696298165595,5.76403530739428
-10.15038404162413,0.3454586472592043,-8.144063346613169,4.502649485920045,-1.670059454464394,0.7821272088296779,,,-11.24662112240332,6.006961530158582
-10.1400421823715,0.3047687530234483,-8.133721487360535,4.094850403361407,-1.65971759521176,0.7804972247191455,,,-11.23627926315068,6.263139685713995
-10.12970032311886,0.2682102374132105,-8.123379628107902,3.714082463740747,-1.649375735959126,0.7791526932087381,,,-11.22593740389805,6.531684246561118
-10.11935846386623,0.2354548105374785,-8.113037768855268,3.359762991613709,-1.639033876706493,0.7780454947030166,,,-11.21559554464542,6.811606582915691
-10.1090166046136,0.2061431754812972,-8.102695909602634,3.031163315456813,-1.628692017453859,0.7771311348854311,,,-11.20525368539278,7.101824205480545
-10.09867474536096,0.1800760400073162,-8.09235405035,2.727430052804659,-1.618350158201225,0.776370640361319,,,-11.19491182614015,7.40117093195632
-10.08833288610833,0.1569134829280755,-8.082012191097366,2.447605916455096,-1.608008298948591,0.7757324923627195,,,-11.18456996688752,7.708407841388582
-10.0779910268557,0.1362962692806634,-8.071670331844732,2.190649773552662,-1.597666439695957,0.7751945803995269,,,-11.17422810763488,8.022234867651061
-10.06764916760306,0.1181795121990263,-8.0613284725921,1.955455729051861,-1.587324580443324,0.7749040189339169,,,-11.16388624838225,8.341302872708933
-10.05730730835043,0.1022133125731825,-8.050986613339466,1.740871045385028,-1.57698272119069,0.7748620984057373,,,-11.15354438912961,8.664226032119437
-10.04696544909779,0.08818151594270358,-8.040644754086832,1.545712750138209,-1.566640861938056,0.77492620486738,,,-11.14320252987698,8.989594359800153
-10.03662358984516,0.07588402035182032,-8.030302894834199,1.368782822304477,-1.556299002685422,0.7751286894172055,,,-11.13286067062435,9.315986196670663
-10.02628173059253,0.06513639049512668,-8.019961035581565,1.208881884490872,-1.545957143432788,0.7755208155940354,,,-11.12251881137171,9.641980488533829
-10.01593987133989,0.05576935297298514,-8.009619176328931,1.064821362685116,-1.535615284180154,0.7766233136529029,,,-11.11217695211908,9.966168682621321
-10.00559801208726,0.04762819472615749,-7.999277317076296,0.9354341063559249,-1.525273424927521,0.7785267158349932,,,-11.10183509286644,10.2871660796169
-9.995256152834624,0.04057208534212758,-7.988935457823662,0.8195834894114822,-1.514931565674887,0.7808928797559114,,,-11.09149323361381,10.60362248864012
-9.984914293581991,0.03447334236056463,-7.978593598571028,0.7161710366456261,-1.504589706422253,0.7838576800907958,,,-11.08115137436118,10.91423204648118
-9.974572434329357,0.02921665700803153,-7.968251739318394,0.6241426406492081,-1.494247847169619,0.7875834216959041,,,-11.07080951510854,11.22013844870094
-9.964230575076723,0.02469829601388173,-7.957909880065761,0.5424934507503655,-1.483905987916985,0.7922598985876088,,,-11.06046765585591,11.52013081884126
-9.953888715824089,0.02082529334685497,-7.947568020813128,0.4702715284616778,-1.473564128664351,0.7981052395880063,,,-11.05012579660328,11.81065062388931
-9.943546856571455,0.01751464390630164,-7.937226161560494,0.4065803733239253,-1.463222269411718,0.8054486852131554,,,-11.03978393735064,12.09060957330429
-9.933204997318821,0.01469250943858421,-7.92688430230786,0.3505804291806359,-1.452880410159084,0.814565949344828,,,-11.02944207809801,12.36178562176189
-9.922863138066187,0.01229344525752198,-7.916542443055226,0.3014896840806305,-1.44253855090645,0.8257999803882651,,,-11.01910021884537,12.62322879330693
-9.912521278813553,0.01018835522451375,-7.906200583802592,0.2585834775097203,-1.432196691653816,0.839483410995175,,,-11.00875835959274,12.87126367801047
-9.902179419560921,0.008484152252485997,-7.895858724549958,0.2211936268427095,-1.421854832401182,0.8558558618824165,,,-10.99841650034011,13.11055624775139
-9.891837560308288,0.007037567641634028,-7.885516865297324,0.1887069811385583,-1.411512973148549,0.8753053993085739,,,-10.98807464108747,13.34034756023359
-9.881495701055654,0.005830339474289538,-7.875175006044691,0.1605635050299251,-1.401171113895915,0.8982466080879478,,,-10.97773278183484,13.55445361536619
-9.87115384180302,0.004817613420628948,-7.864833146792057,0.1362539888281814,-1.390829254643281,0.9251189434200923,,,-10.9673909225822,13.752243791734
-9.860811982550386,0.003963464967178761,-7.854491287539423,0.1153174734031504,-1.380487395390647,0.9563846582611837,,,-10.95704906332957,13.93317169291571
-9.850470123297752,0.003237106697349861,-7.844149428286789,0.0973384702057787,-1.370145536138013,0.9925262848325259,,,-10.94670720407694,14.09677277343825
-9.840128264045118,0.002654819581865636,-7.833807569034155,0.08194404825529074,-1.359803676885379,1.034046758224697,,,-10.9363653448243,14.24266124394476
-9.829786404792484,0.002171556991396197,-7.823465709781521,0.0688008512516765,-1.349461817632746,1.081459713572901,,,-10.92602348557167,14.37052638432844
-9.81944454553985,0.001771598047052597,-7.813123850528887,0.05761209940749863,-1.339119958380112,1.135285530134917,,,-10.91568162631904,14.48012840067084
-9.809102686287217,0.001401669874263767,-7.802781991276253,0.04811462229367802,-1.328778099127478,1.196053115834365,,,-10.9053397670664,14.57129396535194
-9.798760827034583,0.001138476863021681,-7.79244013202362,0.04007596110228133,-1.318436239874844,1.264291847117404,,,-10.89499790781377,14.64391157962237
-9.788418967781949,0.0009222487866091776,-7.782098272770986,0.03329157135350373,-1.30809438062221,1.340526123960393,,,-10.88465604856113,14.69792689429417
-9.778077108529315,0.0007451046240468395,-7.771756413518352,0.02758215029227327,-1.297752521369576,1.425269448510243,,,-10.8743141893085,14.73333811716646
-9.767735249276681,0.0005808182873774534,-7.761414554265718,0.02279110708333202,-1.287410662116943,1.519018052181223,,,-10.86397233005587,14.75019162559738
-9.757393390024047,0.0004670886493536419,-7.751072695013084,0.01878218844934235,-1.277068802864309,1.622244106326543,,,-10.85363047080323,14.74857788959049
-9.747051530771413,0.0003746253024814183,-7.74073083576045,0.01543726761079286,-1.266726943611675,1.735388562682823,,,-10.8432886115506,14.72862779528489
-9.73670967151878,0.0002996633709612301,-7.730388976507816,0.01265430026803035,-1.256385084359041,1.858947127492188,,,-10.83294675229796,14.69516737936324
-9.726367812266146,0.0002390611343055262,-7.720047117255183,0.01034544788920619,-1.246043225106407,1.993274906763836,,,-10.82260489304533,14.64837087135646
-9.716025953013512,0.0001902054917850478,-7.70970525800255,0.00843536569679613,-1.235701365853773,2.138578541738395,,,-10.8122630337927,14.58431228292604
-9.705684093760878,0.0001509301103417559,-7.699363398749916,0.006859650434946007,-1.22535950660114,2.295139585461207,,,-10.80192117454006,14.50318023429883
-9.695342234508244,0.0001194448661463947,-7.689021539497282,0.005563441199969893,-1.215017647348506,2.463125511544524,,,-10.79157931528743,14.40461090940547
-9.68500037525561,0,-7.678679680244648,0.004500165273406067,-1.204675788095872,2.642572661421551,,,-10.7812374560348,14.28924003245186
-9.260984145897623,0.0001147225791883946,-7.668337820992014,0.003630419956408385,-1.194333928843238,2.833505779726022,,,-10.77089559678216,14.15851420499343
-9.25064228664499,0.0001389580539932432,-7.65799596173938,0.002920980811638359,-1.183992069590604,3.035824984749044,,,-10.76055373752953,14.01235040639365
-9.240300427392356,0.0001678659055870214,-7.647654102486746,0.002343926421732475,-1.17365021033797,3.249338562714973,,,-10.75021187827689,13.8498902294841
-9.229958568139722,0.000202248460074854,-7.637312243234113,0.00187586972218651,-1.163308351085337,3.473766057370041,,,-10.73987001902426,13.67155630391996
-9.219616708887088,0.0002430255305052461,-7.626970383981479,0.00148637414757309,-1.152966491832703,3.708700527662228,,,-10.72952815977163,13.48005442933709
-9.209274849634454,0.0002912477139045508,-7.616628524728845,0.001183339291265236,-1.142624632580069,3.953627837618308,,,-10.71918630051899,13.27582244626416
-9.19893299038182,0.0003481104799658353,-7.606286665476211,0.0008815516864879627,-1.132282773327435,4.20791759890387,,,-10.70884444126636,13.05700275955703
-9.188591131129186,0.0004149689644968042,-7.595944806223577,0.0005200447429957068,-1.121940914074801,4.470821578043981,,,-10.69850258201373,12.82410868115248
-9.178249271876552,0.000493353349022603,-7.585602946970943,0.0002511857024663273,-1.111599054822167,4.741471783862632,,,-10.68816072276109,12.5788700472679
-9.167907412623919,0.0005849846727085394,-7.575261087718309,8.202669986977652e-05,-1.101257195569534,5.018888774673296,,,-10.67781886350846,12.32184610610182
-9.157565553371285,0.0006917908842438897,-6.106717073844306,0.0001172721538869956,-1.0909153363169,5.301970313275937,,,-10.66747700425582,12.05258647526137
-9.147223694118651,0.0008159228998799175,-6.096375214591673,0.0001415996703573325,-1.080573477064266,5.589552521355995,,,-10.65713514500319,11.7718048194009
-9.136881834866017,0.0009597703899673504,-6.086033355339039,0.0001705172594445677,-1.070231617811632,5.880257544518072,,,-10.64679328575056,11.48021199986574
-9.126539975613383,0.001125976970783352,-6.075691496086405,0.0002047921035293497,-1.059889758558998,6.172734351362634,,,-10.63645142649792,11.1786099041448
-9.116198116360749,0.001317454432045669,-6.065349636833771,0.0002452995948319827,-1.049547899306364,6.465444995628508,,,-10.62610956724529,10.86784836410937
-9.105856257108115,0.001537395584334918,-6.055007777581137,0.0003119699958331312,-1.039206040053731,6.756840520611284,,,-10.61576770799265,10.54882220420748
-9.095514397855482,0.001789285265920044,-6.044665918328503,0.000373050960536821,-1.028864180801097,7.045292407407541,,,-10.60542584874002,10.22802619427109
-9.085172538602848,0.002076909006617333,-6.034324059075869,0.0004449922832685045,-1.018522321548463,7.329148816975354,,,-10.59508398948739,9.906388550403021
-9.074830679350214,0.002404358808882204,-6.023982199823235,0.0005295055365331907,-1.008180462295829,7.606665091774236,,,-10.58474213023475,9.579266257558952
-9.06448882009758,0.00277603547504698,-6.013640340570602,0.000628531676400373,-0.9978386030431954,7.876106708907901,,,-10.57440027098212,9.247602271833456
-9.054146960844946,0.003196646886297613,-6.003298481317968,0.000744265025800065,-0.9874967437905615,8.135740543662504,,,-10.56405841172949,8.912361443305073
-9.043805101592312,0.003671201625518454,-5.992956622065334,0.0008791787420869357,-0.9771548845379276,8.383851399025911,,,-10.55371655247685,8.574524625850403
-9.033463242339678,0.004204997334438643,-5.9826147628127,0.001036051716133248,-0.9668130252852939,8.618754374340261,,,-10.54337469322422,8.235082344533341
-9.023121383087044,0.004803603207463692,-5.972272903560066,0.001217996826147262,-0.95647116603266,8.838820028376347,,,-10.53303283397158,7.895028118440784
-9.012779523834411,0.005472836051948922,-5.961931044307432,0.001428490443619803,-0.9461293067800262,9.043571569425874,,,-10.52269097471895,7.555351544227362
-9.002437664581777,0.006218729389075741,-5.951589185054798,0.001697681196988955,-0.9357874475273924,9.231531610333642,,,-10.51234911546632,7.217031250555925
-8.992095805329143,0.007047495132288755,-5.941247325802165,0.0019842358449348,-0.9254455882747585,9.400767919037953,,,-10.50200725621368,6.881027836021418
-8.981753946076511,0.007965477462479251,-5.930905466549531,0.002313973833366606,-0.9151037290221247,9.550015746542204,,,-10.49166539696105,6.548276903032017
-8.971412086823877,0.00897909862139299,-5.920563607296897,0.00273134789102455,-0.9047618697694909,9.677629604725851,,,-10.48132353770841,6.21968229756123
-8.961070227571243,0.01009479646725209,-5.910221748044263,0.003175208055437994,-0.894420010516857,9.782630346088894,,,-10.47098167845578,5.896109659804663
-8.950728368318609,0.01131895377891627,-5.899879888791629,0.003683570109357398,-0.8840781512642233,9.865572544468886,,,-10.46063981920315,5.578380383754217
-8.940386509065975,0.01265781945606054,-5.889538029538995,0.004264624404059321,-0.8737362920115894,9.927859072708008,,,-10.45029795995051,5.267266074765359
-8.930044649813341,0.01411742194114463,-5.879196170286361,0.004927443417373038,-0.8633944327589556,9.967637473285658,,,-10.43995610069788,4.963483583604311
-8.919702790560708,0.01570347538203105,-5.868854311033728,0.005682059908595554,-0.8530525735063218,9.985251746181859,,,-10.42961424144525,4.66769068351622
-8.909360931308074,0.01742127925890154,-5.858512451781094,0.006539550771025674,-0.8427107142536879,9.980559864668557,,,-10.41927238219261,4.380482443870363
-8.89901907205544,0.01927561241185168,-5.848170592528461,0.00751212693916992,-0.8323688550010541,9.950888306745876,,,-10.40893052293998,4.102388340244992
-8.888677212802806,0.02127062262177251,-5.837828733275827,0.008613229706268476,-0.8220269957484203,9.896467623487553,,,-10.39858866368734,3.833870126747853
-8.878335353550172,0.02340971311180387,-5.827486874023193,0.009857633793598452,-0.8116851364957864,9.817755723429906,,,-10.38824680443471,3.575320482259936
-8.867993494297538,0.0256954275441971,-5.817145014770559,0.01126155748229269,-0.8013432772431526,9.719287724041621,,,-10.37790494518208,3.327062428457781
-8.857651635044904,0.02812933528187201,-5.806803155517925,0.01284278006703942,-0.7910014179905188,9.603741393047153,,,-10.36756308592944,3.089349504211659
-8.847309775792271,0.03071191885904362,-5.796461296265291,0.01462076681456566,-0.780659558737885,9.468113652110306,,,-10.35722122667681,2.862366668543987
-8.836967916539637,0.03344246575467043,-5.786119437012657,0.01661680150361551,-0.7703176994852511,9.311491612939983,,,-10.34687936742418,2.64623189300188
-8.826626057287003,0.03631896667985623,-5.775777577760024,0.01885412648249998,-0.7599758402326173,9.135073127510086,,,-10.33653750817154,2.440998394249999
-8.816284198034369,0.03933802266971836,-5.76543571850739,0.02135809000060472,-0.7496339809799835,8.94019528661342,,,-10.32619564891891,2.246657449083522
-8.805942338781735,0.0424947633060972,-5.755093859254756,0.02415630034717739,-0.7392921217273497,8.728319443543448,,,-10.31585378966627,2.063141727012185
-8.795600479529101,0.0457827783850075,-5.744752000002122,0.02727878606048512,-0.7289502624747158,8.501015027197191,,,-10.30551193041364,1.890329070146599
-8.785258620276467,0.0491940652780118,-5.734410140749488,0.0307581611500282,-0.718608403222082,8.259942404826544,,,-10.29517007116101,1.728046646356017
-8.774916761023833,0.05271899411692747,-5.724068281496854,0.03462979390197135,-0.7082665439694482,8.006835064069833,,,-10.28482821190837,1.576075399549231
-8.7645749017712,0.05634629275494831,-5.71372642224422,0.03893197741271641,-0.6979246847168143,7.743481387646889,,,-10.27448635265574,1.434154720405097
-8.754233042518566,0.06006305322428702,-5.703384562991586,0.04370609951865487,-0.6875828254641805,7.471706292272408,,,-10.2641444934031,1.301987261859142
-8.743891183265932,0.06385476112230161,-5.693042703738953,0.04899680926460917,-0.6772409662115467,7.193352996148604,,,-10.25380263415047,1.179243826019656
-8.733549324013298,0.06770534901785499,-5.682700844486319,0.05485217648453429,-0.6668991069589129,6.910262192969308,,,-10.24346077489784,1.065568252797208
-8.723207464760664,0.07159727458211866,-5.672358985233685,0.06132384046340168,-0.656557247706279,6.624267346117154,,,-10.2331189156452,0.9605822452218875
-8.71286560550803,0.0755116237195437,-5.662017125981051,0.0684671430191907,-0.6462153884536452,6.337158409644737,,,-10.22277705639257,0.8638900720147402
-8.702523746255396,0.07942823851319147,-5.651675266728417,0.07634124070173594,-0.6358735292010114,6.050680525608292,,,-10.21243519713994,0.7750830942872459
-8.692181887002763,0.08332586931335839,-5.641333407475784,0.08500919016684894,-0.6255316699483776,5.766516058298787,,,-10.2020933378873,0.6937440700753309
-8.681840027750129,0.08718234979996296,-5.63099154822315,0.09453800016850401,-0.6151898106957437,5.486263260579072,,,-10.19175147863467,0.6194511975848201
-8.671498168497495,0.09097479334897117,-5.620649688970516,0.1049986430404969,-0.6048479514431099,5.211460447849602,,,-10.18140961938203,0.551781865352554
-8.661156309244861,0.09467980854337837,-5.610307829717883,0.1164660180358234,-0.5945060921904761,4.943519541227551,,,-10.1710677601294,0.4903160848420678
-8.650814449992227,0.09827373120244477,-5.599965970465249,0.1290188584831117,-0.5841642329378423,4.683757700312454,,,-10.16072590087677,0.4346395881397238
-8.640472590739593,0.1017328698714852,-5.589624111212615,0.1427395744323225,-0.5738223736852084,4.433379773713344,,,-10.15038404162413,0.3843014310379984
-8.630130731486959,0.1050337613306646,-5.579282251959981,0.1577140223250663,-0.5634805144325746,4.193473018107229,,,-10.1400421823715,0.339006601819057
-8.619788872234325,0.108153432356281,-5.568940392707347,0.1740311932668003,-0.5531386551799408,3.965003337386878,,,-10.12970032311886,0.2983163835629415
-8.609447012981692,0.1110696637121601,-5.558598533454713,0.1917828117266536,-0.5427967959273069,3.748811437354024,,,-10.11935846386623,0.2618638207479188
-8.599105153729058,0.1137612521707707,-5.548256674202079,0.2110628369716417,-0.5324549366746731,3.545618438237889,,,-10.1090166046136,0.229245395905054
-8.588763294476424,0.1162082662704538,-5.537914814949445,0.231966860278711,-0.5221130774220393,3.356013643736997,,,-10.09867474536096,0.2002433783354108
-8.57842143522379,0.1183922915116166,-5.527572955696812,0.2545913919795008,-0.5117712181694054,3.180473028143834,,,-10.08833288610833,0.1744756600027944
-8.568079575971156,0.1202966607835211,-5.517231096444178,0.2790330336929053,-0.5014293589167717,3.019344740307528,,,-10.0779910268557,0.1515419110687024
-8.557737716718522,0.1219066659945835,-5.506889237191544,0.3053875326971253,-0.4910874996641378,2.872863485524236,,,-10.06764916760306,0.1313912980519623
-8.547395857465888,0.1232097471507468,-5.49654737793891,0.333748717286232,-0.480745640411504,2.741152099422348,,,-10.05730730835043,0.1136341881347231
-8.537053998213255,0.1241956554831355,-5.486205518686276,0.3642073141382746,-0.4704037811588702,2.624226716225588,,,-10.04696544909779,0.0980297035186357
-8.526712138960621,0.1248691077603458,-5.475863659433642,0.3968496511754558,-0.4600619219062363,2.522002530456347,,,-10.03662358984516,0.08435491616759455
-8.516370279707989,0.1252508402818072,-5.465521800181008,0.4317562520948744,-0.4497200626536025,2.43430003647207,,,-10.02628173059253,0.07240440290385344
-8.506028420455355,0.1253698230286422,-5.455179940928375,0.4690003316536303,-0.4393782034009687,2.360851578085641,,,-10.01593987133989,0.06198967031642663
-8.495686561202721,0.1252343262943499,-5.444838081675741,0.508646203857305,-0.4290363441483349,2.301308470521759,,,-10.00559801208726,0.05293847384868038
-8.485344701950087,0.1248501011234616,-5.434496222423107,0.5507476183684988,-0.418694484895701,2.255247659130104,,,-9.995256152834624,0.04509405390084425
-8.475002842697453,0.1241848966924482,-5.424154363170473,0.5953460436553523,-0.4083526256430672,2.222179137576181,,,-9.984914293581991,0.03831431004653465
-8.464660983444819,0.1231947936176681,-5.41381250391784,0.6424689185633943,-0.3980107663904334,2.201553032160442,,,-9.974572434329357,0.03247093258139179
-8.454319124192185,0.121887624939708,-5.403470644665206,0.6921278970350596,-0.3876689071377996,2.192766713368535,,,-9.964230575076723,0.02744850865317063
-8.443977264939551,0.1202736678720853,-5.393128785412572,0.7443171135317428,-0.3773270478851657,2.19517180517851,,,-9.953888715824089,0.02314361821724796
-8.433635405686918,0.1183655092606563,-5.382786926159938,0.7990114992417516,-0.3669851886325319,2.208081045215601,,,-9.943546856571455,0.01946393306471531
-8.423293546434284,0.1161778821554722,-5.372445066907305,0.8561651812913649,-0.3566433293798981,2.230774956437908,,,-9.933204997318821,0.01632733022088336
-8.41295168718165,0.1137274764626458,-5.362103207654671,0.9158424068970566,-0.3463014701272642,2.262508297709973,,,-9.922863138066187,0.01366102914256007
-8.402609827929016,0.1110327270786801,-5.351761348402037,0.9779503346445876,-0.3359596108746304,2.30251450573578,,,-9.912521278813553,0.01131292561633872
-8.392267968676382,0.108113583266109,-5.341419489149403,1.04223790369339,-0.3256177516219966,2.350019044358796,,,-9.902179419560921,0.009420830739941542
-8.381926109423748,0.1049912633000963,-5.331077629896769,1.108560815708101,-0.3152758923693628,2.404233283683343,,,-9.891837560308288,0.007813864837712807
-8.371584250171114,0.1016879985961403,-5.320735770644135,1.176748487551137,-0.3049340331167289,2.464367352271202,,,-9.881495701055654,0.006473641609503251
-8.361242390918481,0.09822677161698445,-5.310393911391501,1.246603699084405,-0.2945921738640951,2.529636394572618,,,-9.87115384180302,0.005349310205514741
-8.350900531665847,0.09463105185248145,-5.300052052138867,1.317902556897137,-0.2842503146114613,2.599259768958555,,,-9.860811982550386,0.00440144099993557
-8.340558672413213,0.09092453407213463,-5.289710192886234,1.39039479931574,-0.2739084553588274,2.672469297510438,,,-9.850470123297752,0.00359632957404726
-8.330216813160579,0.08713088287125677,-5.2793683336336,1.46380446370654,-0.2635665961061936,2.748512232516063,,,-9.840128264045118,0.002949432638747933
-8.319874953907945,0.08327348727510755,-5.269026474380966,1.537830931968281,-0.2532247368535598,2.826654910160872,,,-9.829786404792484,0.002412546168332813
-8.309533094655311,0.07937522883975254,-5.258684615128332,1.612150364293828,-0.2428828776009259,2.906186043051563,,,-9.81944454553985,0.001968205590701651
-8.299191235402677,0.07545826630395505,-5.248342755875698,1.686417524848259,-0.2325410183482921,2.986419646905973,,,-9.809102686287217,0.001557720693570431
-8.288849376150043,0.07154383941453382,-5.238000896623064,1.760267996074303,-0.2221991590956583,3.066697598677524,,,-9.798760827034583,0.001265215703847428
-8.27850751689741,0.06765209408040705,-5.22765903737043,1.833320771026841,-0.2118572998430245,3.146391825741587,,,-9.788418967781949,0.00102490837178587
-8.268165657644776,0.06380193052049861,-5.217317178117796,1.905181205605311,-0.2015154405903906,3.224906128580477,,,-9.778077108529315,0.0008280391244276443
-8.257823798392142,0.06001087557030865,-5.206975318865163,1.975444304959968,-0.1911735813377568,3.301677642648917,,,-9.767735249276681,0.0006452284352013879
-8.247481939139508,0.05629497981340905,-5.196633459612529,2.043698310870035,-0.180831722085123,3.376177948729693,,,-9.757393390024047,0.0005188866894731994
-8.237140079886874,0.05266873971889041,-5.186291600359896,2.109528549710177,-0.1704898628324892,3.447913845010643,,,-9.747051530771413,0.0004161695713789528
-8.22679822063424,0.04914504450438404,-5.175949741107262,2.1725214939196,-0.1601480035798553,3.517962793155725,,,-9.73670967151878,0.0003328946972477734
-8.216456361381606,0.04573514701600521,-5.165607881854628,2.23226898384516,-0.1498061443272215,3.58589078616897,,,-9.726367812266146,0.0002655719438551054
-8.206114502128973,0.04244865752932397,-5.155266022601994,2.288372551617462,-0.1394642850745877,3.650870340194163,,,-9.716025953013512,0.0002112984292993197
-8.195772642876339,0.03929355903562074,-5.14492416334936,2.340447784494066,-0.1291224258219539,3.712517881414789,,,-9.705684093760878,0.000167667583884626
-8.185430783623705,0.03627624228996404,-5.134582304096726,2.388921899874596,-0.11878056656932,3.76935860623559,,,-9.695342234508244,0.0001326907670632501
-8.175088924371071,0.03340155866514388,-5.124240444844093,2.433445159900424,-0.1084387073166862,3.821071115217542,,,-9.68500037525561,0
-8.164747065118437,0.03067288867966413,-5.113898585591459,2.472895037835282,-0.09809684806405237,3.868081209336319,,,-9.436795753192399,0.0003476694646831213
-8.154405205865803,0.02809222394874877,-5.103556726338825,2.506973067446362,-0.08775498881141855,3.910131947347171,,,-9.426453893939765,0.000642828307786017
-8.144063346613169,0.02566026024312265,-5.093214867086191,2.535415327071935,-0.07741312955878471,3.946281387227242,,,-9.416112034687131,0.0009584524107727235
-8.133721487360535,0.02337649932837151,-5.082873007833557,2.557995798638672,-0.06707127030615088,3.976333700023434,,,-9.405770175434498,0.00128878820114081
-8.123379628107902,0.02123935729404863,-5.072531148580923,2.574529304634771,-0.05672941105351706,4.000125830775291,,,-9.395428316181864,0.00161752612882918
-8.113037768855268,0.01924627716154832,-5.062189289328289,2.584873970414844,-0.04638755180088323,4.01752683443214,,,-9.38508645692923,0.002024720833159235
-8.102695909602634,0.01739384367758078,-5.051847430075656,2.588933166910273,-0.03604569254824941,4.028437197060959,,,-9.374744597676596,0.002527685786802156
-8.09235405035,0.01567789834984919,-5.041505570823022,2.586656897554531,-0.02570383329561558,4.03276778857191,,,-9.364402738423962,0.00314720552027509
-8.082012191097366,0.01409365295695937,-5.031163711570388,2.579143453583613,-0.01536197404298175,4.03052502147098,,,-9.354060879171328,0.003908149784260111
-8.071670331844732,0.01263579995932489,-5.020821852317754,2.566429101494505,-0.005020114790347927,4.021664137332144,,,-9.343719019918694,0.00484017839611483
-8.0613284725921,0.01129861844561098,-5.01047999306512,2.547487801873163,0.0053217444622859,4.006226985104872,,,-9.33337716066606,0.005978546415864697
-8.050986613339466,0.01007607446410855,-5.000138133812486,2.52406695257734,0.01566360371491973,3.984249110988446,,,-9.323035301413427,0.007365019559505289
-8.040644754086832,0.00896191480477211,-4.989796274559852,2.496320179548743,0.02600546296755355,3.955806340942487,,,-9.312693442160793,0.009048909848678691
-8.030302894834199,0.007949753510446458,-4.979454415307218,2.462805586694189,0.03634732222018738,3.920975934768473,,,-9.302351582908159,0.0110882413722463
-8.019961035581565,0.007033150600609193,-4.969112556054585,2.423748642861209,0.04668918147282121,3.879905701722818,,,-9.292009723655525,0.01355105564948447
-8.009619176328931,0.006205682684000599,-4.958770696801951,2.379413571264426,0.05703104072545503,3.832804292613391,,,-9.281667864402891,0.01651686538570064
-7.999277317076296,0.005461005314732794,-4.948428837549318,2.330100268241317,0.06737289997808886,3.779753419523793,,,-9.271326005150257,0.02007826434557716
-7.988935457823662,0.004792907107507972,-4.938086978296684,2.276140812640266,0.07771475923072269,3.721072151799791,,,-9.260984145897623,0.02434269958266809
-7.978593598571028,0.004195355769768074,-4.92774511904405,2.217895623904515,0.08805661848335652,3.656926512612757,,,-9.25064228664499,0.02943441030041749
-7.968251739318394,0.003662536330943851,-4.917403259791416,2.155749332286097,0.09839847773599035,3.587570069136532,,,-9.240300427392356,0.03549653512788688
-7.957909880065761,0.003188881951080549,-4.907061400538782,2.090106428633789,0.1087403369886242,3.514633995295839,,,-9.229958568139722,0.04269338652306057
-7.947568020813128,0.00276909777315098,-4.896719541286148,2.021386763779484,0.119082196241258,3.440112844133052,,,-9.219616708887088,0.05121288732549775
-7.937226161560494,0.002398178345964536,-4.886377682033515,1.950020968666557,0.1294240554938918,3.363058055287399,,,-9.209274849634454,0.06126916013467834
-7.92688430230786,0.002071419188785675,-4.876035822780881,1.876445866027117,0.1397659147465257,3.281959381749055,,,-9.19893299038182,0.07310525516919182
-7.916542443055226,0.00178442309595387,-4.865693963528247,1.801099942664886,0.1501077739991595,3.197073117159468,,,-9.188591131129186,0.08699599655877363
-7.906200583802592,0.00153310179156091,-4.855352104275613,1.724418948313109,0.1604496332517933,3.108718484565871,,,-9.178249271876552,0.103250920648526
-7.895858724549958,0.001313673542371665,-4.845010245022979,1.646831682720749,0.1707914925044271,3.017229462283756,,,-9.167907412623919,0.1222172728868126
-7.885516865297324,0.00112265732355095,-4.834668385770345,1.568756027210662,0.181133351757061,2.922953116897134,,,-9.157565553371285,0.1442830222848049
-7.875175006044691,0.0009568641082956683,-4.824326526517711,1.490595270609419,0.1914752110096948,2.826247711704097,,,-9.147223694118651,0.1698798443641278
-7.864833146792057,0.0008133858210599933,-4.813984667265077,1.412734772346566,0.2018170702623286,2.727480604193646,,,-9.136881834866017,0.1994860150679174
-7.854491287539423,0.0006895824565231587,-4.803642808012444,1.335538997850361,0.2121589295149625,2.627025952701507,,,-9.126539975613383,0.2336291494509907
-7.844149428286789,0.0005830678244964077,-4.79330094875981,1.259348953323352,0.2225007887675963,2.525262258494577,,,-9.116198116360749,0.2728887102719167
-7.833807569034155,0.0004916943361694282,-4.782959089507176,1.184480038761368,0.2328426480202301,2.422569774974488,,,-9.105856257108115,0.3178982031030048
-7.823465709781521,0.0004135372008670603,-4.772617230254542,1.111220329876138,0.2431845072728639,2.319327820295404,,,-9.095514397855482,0.3693469665065868
-7.813123850528887,0.0003468783560581245,-4.762275371001908,1.039829291577916,0.2535263665254978,2.215912033316203,,,-9.085172538602848,0.4279814584817306
-7.802781991276253,0.0002901904077813116,-4.751933511749274,0.9705369180391979,0.2638682257781316,2.112691615345411,,,-9.074830679350214,0.4946059340768453
-7.79244013202362,0.0002421208147967972,-4.74159165249664,0.9035432872449721,0.2742100850307654,2.01002660152017,,,-9.06448882009758,0.5700824041252369
-7.782098272770986,0.000201476508327412,-4.731249793244007,0.839018511468936,0.2845519442833992,1.908265205859574,,,-9.054146960844946,0.6553297618431893
-7.771756413518352,0.0001672091007423783,-4.720907933991374,0.7771030594050394,0.2948938035360331,1.80774128305937,,,-9.043805101592312,0.7513219628916226
-7.761414554265718,0.0001384008013270044,-4.71056607473874,0.7179084208111106,0.3052356627886669,1.708771947998041,,,-9.033463242339678,0.8590851457982283
-7.751072695013084,0.0001142511256004383,-4.700224215486106,0.6615180805415473,0.3155775220413007,1.611655390788026,,,-9.023121383087044,0.9796935837084256
-7.74073083576045,9.406445659470372e-05,-4.689882356233472,0.607988765789085,0.3259193812939346,1.516668921144378,,,-9.012779523834411,1.114264365594687
-6.075691496086405,0.0001048680938793763,-4.679540496980838,0.5573519282264862,0.3362612405465684,1.424067270996704,,,-9.002437664581777,1.263950715577923
-6.065349636833771,0.0001256108047922203,-4.669198637728204,0.5096154215193159,0.3466030997992022,1.334081178798002,,,-8.992095805329143,1.429933873119347
-6.055007777581137,0.0001606813304621399,-4.65885677847557,0.464765334331415,0.356944959051836,1.246916273058828,,,-8.981753946076511,1.613413474673879
-6.044665918328503,0.0001922044092575696,-4.648514919222936,0.4227679394071887,0.3672868183044699,1.162752266436699,,,-8.971412086823877,1.815596399018886
-6.034324059075869,0.0002293494521578409,-4.638173059970303,0.383571720515861,0.3776286775571037,1.08174246541884,,,-8.961070227571243,2.037684063848897
-6.023982199823235,0.0002730068519279334,-4.627831200717669,0.3471094408963734,0.3879705368097375,1.004013594426115,,,-8.950728368318609,2.28085819021044
-6.013640340570602,0.0003241873928980667,-4.617489341465035,0.3133002192526144,0.3983123960623713,0.9296659272010341,,,-8.940386509065975,2.546265083673377
-6.003298481317968,0.0003840350818066936,-4.607147482212401,0.282051582216325,0.4086542553150052,0.8587737127712332,,,-8.930044649813341,2.834998516399628
-5.992956622065334,0.0004538408266784527,-4.596805622959767,0.2532614654159864,0.418996114567639,0.7913858782305424,,,-8.919702790560708,3.148081331947962
-5.9826147628127,0.0005350569475583687,-4.586463763707133,0.2268201387614192,0.4293379738202728,0.7275269861586422,,,-8.909360931308074,3.486445934083768
-5.972272903560066,0.0006293124912566848,-4.576121904454499,0.2026468827689769,0.4396798330729066,0.6671984207890912,,,-8.89901907205544,3.850913861256202
-5.961931044307432,0.0007384293095955004,-4.565780045201866,0.1806136987236447,0.4500216923255405,0.6103797740901726,,,-8.888677212802806,4.242174688854378
-5.951589185054798,0.0008790633698660675,-4.555438185949232,0.1605356585861232,0.4603635515781743,0.5570304007740264,,,-8.878335353550172,4.660764540847442
-5.941247325802165,0.001028079064484223,-4.545096326696598,0.1423318234201741,0.4707054108308081,0.5070911099025794,,,-8.867993494297538,5.107044529853939
-5.930905466549531,0.001199703220246135,-4.534754467443964,0.1258805265172588,0.4810472700834419,0.4604859601963361,,,-8.857651635044904,5.581179478916723
-5.920563607296897,0.001417669667743347,-4.52441260819133,0.1110617812147935,0.4913891293360758,0.4171241263357049,,,-8.847309775792271,6.083117308092707
-5.910221748044263,0.001649266365507868,-4.514070748938696,0.09775834881492246,0.5017309885887096,0.3769018044176221,,,-8.836967916539637,6.612569493215538
-5.899879888791629,0.001914795488213162,-4.503728889686062,0.08585666975154083,0.5120728478413434,0.339704126221253,,,-8.826626057287003,7.168993021705849
-5.889538029538995,0.00221862328401497,-4.493387030433429,0.07524766330767925,0.5224147070939773,0.3054070539624038,,,-8.816284198034369,7.751574280017127
-5.879196170286361,0.00256559683643586,-4.483045171180795,0.06582740313323955,0.5327565663466111,0.2738792296858038,,,-8.805942338781735,8.359215308261678
-5.868854311033728,0.002961088246799094,-4.472703311928162,0.05749767740754275,0.5430984255992449,0.2449837562618782,,,-8.795600479529101,8.990522848963163
-5.858512451781094,0.003411042181800188,-4.462361452675528,0.05019172885752053,0.5534402848518788,0.2185798900229881,,,-8.785258620276467,9.643800598127729
-5.848170592528461,0.003922026990031689,-4.452019593422894,0.04378013995418982,0.5637821441045126,0.1945246282980705,,,-8.774916761023833,10.31704503754176
-5.837828733275827,0.004501289586172869,-4.44167773417026,0.03820198077585173,0.5741240033571464,0.1726741783933225,,,-8.7645749017712,11.00794518727822
-5.827486874023193,0.005156814288632122,-4.431335874917626,0.03339146110031768,0.5844658626097802,0.1528852978359102,,,-8.754233042518566,11.71388656699682
-5.817145014770559,0.005897385773642552,-4.420994015664992,0.02928137857986257,0.594807721862414,0.135016498872093,,,-8.743891183265932,12.43195959422738
-5.806803155517925,0.006732656273931808,-4.410652156412358,0.02581504468874831,0.6051495811150479,0.1189291132250258,,,-8.733549324013298,13.15897257821265
-5.796461296265291,0.007673217100744729,-4.400310297159725,0.02294320615303739,0.6154914403676817,0.1044882159160863,,,-8.723207464760664,13.89146939014264
-5.786119437012657,0.008730674501739616,-4.389968437907091,0.0206241034175037,0.6258332996203155,0.09156340949345582,,,-8.71286560550803,14.62575180612179
-5.775777577760024,0.009917729781646015,-4.379626578654457,0.01882351519443915,0.6361751588729494,0.08002947226082217,,,-8.702523746255396,15.35790642962859
-5.76543571850739,0.01124826350519121,-4.369284719401823,0.01758429402055601,0.6465170181255832,0.06976687603650374,,,-8.692181887002763,16.08383600745017
-5.755093859254756,0.01273742347049732,-4.358942860149189,0.01676674172217045,0.656858877378217,0.06066218058850158,,,-8.681840027750129,16.79929485919769
-5.744752000002122,0.0144017159840652,-4.348601000896555,0.01646663681348326,0.6672007366308509,0.05260831318298723,,,-8.671498168497495,17.49992804777061
-5.734410140749488,0.01625909978419808,-4.338259141643921,0.01659210380622221,0.6775425958834846,0.04550474266003517,,,-8.661156309244861,18.18131382886851
-5.724068281496854,0.01832908174749121,-4.327917282391287,0.01718981383305275,0.6878844551361185,0.03925755812575121,,,-8.650814449992227,18.83900883419673
-5.71372642224422,0.02063281327279651,-4.317575423138654,0.01827415447637442,0.6982263143887523,0.03377946274502605,,,-8.640472590739593,19.4685953676792
-5.703384562991586,0.02319318596976526,-4.30723356388602,0.01986800701765957,0.7085681736413861,0.0289896932592779,,,-8.630130731486959,20.06573012896627
-5.693042703738953,0.02603492498664522,-4.296891704633386,0.02200296365672308,0.71891003289402,0.02481387576738164,,,-8.619788872234325,20.62619362579982
-5.682700844486319,0.02918467799765366,-4.286549845380752,0.02471957095754838,0.7292518921466538,0.02118382802625488,,,-8.609447012981692,21.14593949812036
-5.672358985233685,0.03267109753849185,-4.276207986128118,0.0280911460388523,0.7395937513992876,0.01803731808196982,,,-8.599105153729058,21.62114295359427
-5.662017125981051,0.0365249140353793,-4.265866126875485,0.03213606817457385,0.7499356106519215,0.01531778846441214,,,-8.588763294476424,22.04824750756244
-5.651675266728417,0.04077899652583562,-4.255524267622851,0.03695636621716797,0.7602774699045552,0.01294513415811353,,,-8.57842143522379,22.42400923091081
-5.641333407475784,0.04546839772731615,-4.245182408370217,0.0426071131926948,0.7706193291571891,0.01093721928229898,,,-8.568079575971156,22.74553773723803
-5.63099154822315,0.05063037978319626,-4.234840549117584,0.04918957917758116,0.780961188409823,0.009195233875531493,,,-8.557737716718522,23.0103331856883
-5.620649688970516,0.05630441671638491,-4.22449868986495,0.05680470823370243,0.7913030476624567,0.007729011536741571,,,-8.547395857465888,23.21689859094441
-5.610307829717883,0.06253216936216854,-4.214156830612316,0.06554955252640421,0.8016449069150906,0.006479317090306624,,,-8.537053998213255,23.36360239489225
-5.599965970465249,0.06935742834791182,-4.203814971359682,0.07563556061122036,0.8119867661677245,0.005417243669516959,,,-8.526712138960621,23.45179449625662
-5.589624111212615,0.07682602055288557,-4.193473112107048,0.08708300753781316,0.8223286254203582,0.004503796970574693,,,-8.516370279707989,23.49026590785208
-5.579282251959981,0.08498567443205157,-4.183131252854414,0.1000824775864986,0.8326704846729921,0.003746141462873615,,,-8.506028420455355,23.48416541313944
-5.568940392707347,0.09388583963835892,-4.17278939360178,0.1147927641355965,0.8430123439256259,0.003107628100512389,,,-8.495686561202721,23.4302648373533
-5.558598533454713,0.1035774565437134,-4.162447534349146,0.1313843122221935,0.8533542031782597,0.002571067056560129,,,-8.485344701950087,23.32392954214443
-5.548256674202079,0.1141126715529137,-4.152105675096513,0.1500390604958847,0.8636960624308936,0.002121471805789136,,,-8.475002842697453,23.15978873304068
-5.537914814949445,0.1255444945394767,-4.141763815843879,0.1710178665569132,0.8740379216835273,0.00174582465111821,,,-8.464660983444819,22.93565729791149
-5.527572955696812,0.1379263953171177,-4.131421956591245,0.1944537733329047,0.8843797809361612,0.001432859061180967,,,-8.454319124192185,22.65330172787651
-5.517231096444178,0.1513118368025123,-4.121080097338611,0.2205341541197191,0.8947216401887951,0.001172859048945173,,,-8.443977264939551,22.31493088657467
-5.506889237191544,0.165753743427188,-4.110738238085977,0.2495315547131195,0.9050634994414288,0.0009574754920278934,,,-8.433635405686918,21.92316723952532
-5.49654737793891,0.1813039044182224,-4.100396378833343,0.2816717424319481,0.9154053586940627,0.0007795590262041286,,,-8.423293546434284,21.48101301977688
-5.486205518686276,0.1980123127835561,-4.090054519580709,0.3171956691775488,0.9257472179466966,0.0006330089297525653,,,-8.41295168718165,20.99181194023939
-5.475863659433642,0.2159264421978672,-4.079712660328076,0.3563219806837511,0.9360890771993303,0.0005126372524117671,,,-8.402609827929016,20.4592071352503
-5.465521800181008,0.2350904654734748,-4.069370801075442,0.399373089809423,0.9464309364519642,0.000414047323280328,,,-8.392267968676382,19.88709607045569
-5.455179940928375,0.2555444198965604,-4.059028941822808,0.4465689373038311,0.9567727957045979,0.0003335256913801669,,,-8.381926109423748,19.27958319996037
-5.444838081675741,0.2773233263855146,-4.048687082570174,0.4981703254457781,0.9671146549572318,0.0002679465053139034,,,-8.371584250171114,18.64093117232484
-5.434496222423107,0.3004562711534766,-4.03834522331754,0.5544382542153353,0.9774565142098657,0.0002146873192172532,,,-8.361242390918481,17.97551139224603
-5.424154363170473,0.3249654602941851,-4.028003364064907,0.6156319235629443,0.9877983734624994,0.0001715553160944223,,,-8.350900531665847,17.28775473299093
-5.41381250391784,0.3508652594176638,-4.017661504812273,0.6820700428398865,0.9981402327151333,0.0001367229620820874,,,-8.340558672413213,16.58210316662946
-5.403470644665206,0.3781612320948777,-4.007319645559639,0.7538915609428094,1.008482091967767,0.0001086721421073475,,,-8.330216813160579,15.86296303601203
-5.393128785412572,0.4068491923803713,-3.996977786307005,0.8313879389178459,1.018823951220401,8.614587513930022e-05,,,-8.319874953907945,15.13466063578413
-5.382786926159938,0.4369142880194314,-3.986635927054371,0.9148362730975855,1.256686714030979,0.0001022334776546239,,,-8.309533094655311,14.40140070135332
-5.372445066907305,0.4683301320615175,-3.976294067801738,1.004431421389827,1.267028573283613,0.0001247686341024503,,,-8.299191235402677,13.66722832668418
-5.362103207654671,0.5011258037777112,-3.965952208549104,1.100312146449085,1.277370432536247,0.0001518645714614433,,,-8.288849376150043,12.93599474632286
-5.351761348402037,0.5352489856131368,-3.95561034929647,1.202709796908899,1.287712291788881,0.0001843513316708796,,,-8.27850751689741,12.21132732646959
-5.341419489149403,0.5705653604007614,-3.945268490043836,1.311790211960943,1.298054151041514,0.0002231900610742307,,,-8.268165657644776,11.49660401657571
-5.331077629896769,0.6069942877300224,-3.934926630791202,1.427697304433111,1.308396010294148,0.0002694897085455882,,,-8.257823798392142,10.79493241915031
-5.320735770644135,0.6444406726085772,-3.924584771538568,1.550551098110408,1.318737869546782,0.0003245250907824279,,,-8.247481939139508,10.10913354342191
-5.310393911391501,0.6827947957929672,-3.914242912285935,1.680445949220648,1.329079728799416,0.000389756293957355,,,-8.237140079886874,9.441730220253653
-5.300052052138867,0.7219323189294028,-3.903901053033301,1.81754333681122,1.33942158805205,0.0004789735745394583,,,-8.22679822063424,8.794940073084646
-5.289710192886234,0.7617144779868887,-3.893559193780667,1.961718008161192,1.349763447304683,0.000573018193727874,,,-8.216456361381606,8.170672864240801
-5.2793683336336,0.8019884760365887,-3.883217334528033,2.113054590195513,1.360105306557317,0.0006837536678522734,,,-8.206114502128973,7.570531969023656
-5.269026474380966,0.8425880835904509,-3.872875475275399,2.271533149918535,1.370447165809951,0.0008137804809005429,,,-8.195772642876339,6.995819672539821
-5.258684615128332,0.8833344514959798,-3.862533616022766,2.437121566917273,1.380789025062585,0.0009660358680620445,,,-8.185430783623705,6.447545936964978
-5.248342755875698,0.9240371378423977,-3.852191756770132,2.609707123618264,1.391130884315219,0.001143825467747948,,,-8.175088924371071,5.926440250224069
-5.238000896623064,0.9644953465278695,-3.841849897517498,2.789193267016258,1.401472743567853,0.001350855986694354,,,-8.164747065118437,5.43296614099748
-5.22765903737043,1.004499371140428,-3.831508038264864,2.975439406090658,1.411814602820486,0.00159126856998317,,,-8.154405205865803,4.967337929336565
-5.217317178117796,1.043832233698724,-3.82116617901223,3.168276306556647,1.42215646207312,0.001869672505908015,,,-8.144063346613169,4.529539276545455
-5.206975318865163,1.082271503672376,-3.810824319759596,3.367507369081162,1.432498321325754,0.002191178831528212,,,-8.133721487360535,4.11934310169411
-5.196633459612529,1.119591278650899,-3.800482460506962,3.572910211009664,1.442840180578388,0.002561433339668298,,,-8.123379628107902,3.736332444320908
-5.186291600359896,1.155564304153408,-3.790140601254329,3.784282794509684,1.453182039831022,0.002986648423411687,,,-8.113037768855268,3.37992187256784
-5.175949741107262,1.189964206467836,-3.779798742001695,4.00131347010597,1.463523899083655,0.003473633131373438,,,-8.102695909602634,3.04937906206869
-5.165607881854628,1.222567809175105,-3.769456882749061,4.223692243010707,1.473865758336289,0.004031790804777845,,,-8.09235405035,2.74384620221635
-5.155266022601994,1.253157501242658,-3.759115023496427,4.451141910227881,1.484207617588923,0.004665782516112971,,,-8.082012191097366,2.462360921778545
-5.14492416334936,1.281523622347033,-3.748773164243793,4.683344837950329,1.494549476841557,0.0053859383624972,,,-8.071670331844732,2.203876464029177
-5.134582304096726,1.307912006338968,-3.73843130499116,4.919972034853523,1.504891336094191,0.006201723236364943,,,-8.0613284725921,1.967280881473125
-5.124240444844093,1.332132373100597,-3.728089445738526,5.160685963914716,1.515233195346825,0.007123302625242941,,,-8.050986613339466,1.751415060792108
-5.113898585591459,1.353560594463547,-3.717747586485892,5.405143353731525,1.525575054599458,0.008161547126953744,,,-8.040644754086832,1.555089428845543
-5.103556726338825,1.372034796787862,-3.707405727233258,5.652997961996174,1.535916913852092,0.009328029771707788,,,-8.030302894834199,1.377099229549998
-5.093214867086191,1.387412200517658,-3.697063867980624,5.90390324484348,1.546258773104726,0.01063501534133159,,,-8.019961035581565,1.216238298482567
-5.082873007833557,1.399570934783326,-3.68672200872799,6.157514887762078,1.55660063235736,0.01209544091658431,,,-8.009619176328931,1.071311296485867
-5.072531148580923,1.408411618281655,-3.676380149475357,6.41349315657894,1.566942491609994,0.01372288694320749,,,-7.999277317076296,0.9411443949065488
-5.062189289328289,1.413858678138841,-3.666038290222723,6.671505030615508,1.577284350862628,0.01553153818646167,,,-7.988935457823662,0.8245944330183802
-5.051847430075656,1.415861382719667,-3.655696430970089,6.932685929167608,1.587626210115261,0.01753613404235428,,,-7.978593598571028,0.7205565924343428
-5.041505570823022,1.414394569159638,-3.645354571717455,7.19889669699664,1.597968069367895,0.0197519077909261,,,-7.968251739318394,0.6279706537875981
-5.031163711570388,1.410071706129571,-3.635012712464821,7.468334012494644,1.608309928620529,0.02219451451162489,,,-7.957909880065761,0.5458259176536715
-5.020821852317754,1.402914758817971,-3.624670853212188,7.738463287424994,1.618651787873163,0.02487994753113873,,,-7.947568020813128,0.4731648846854699
-5.01047999306512,1.392354004928607,-3.614328993959554,8.008951272013654,1.628993647125797,0.02782444343767984,,,-7.937226161560494,0.4090857994092106
-5.000138133812486,1.379326973389211,-3.60398713470692,8.279480326148757,1.639335506378431,0.03104437586963157,,,-7.92688430230786,0.3527441683191704
-4.989796274559852,1.363919721613647,-3.593645275454286,8.549749074344088,1.649677365631064,0.03455613846721883,,,-7.916542443055226,0.3033533660997604
-4.979454415307218,1.34536585165009,-3.583303416201652,8.819472671169452,1.660019224883698,0.03837601755953421,,,-7.906200583802592,0.2601844443188234
-4.969112556054585,1.323790626939489,-3.572961556949018,9.088382676119737,1.670361084136332,0.04252005534162445,,,-7.895858724549958,0.2225652551232513
-4.958770696801951,1.299340346043724,-3.562619697696384,9.356226543400913,1.680702943388966,0.04700390447300321,,,-7.885516865297324,0.1898789986846946
-4.948428837549318,1.272180637153345,-3.552277838443751,9.622766738423319,1.6910448026416,0.05184267519544437,,,-7.875175006044691,0.1615622977462102
-4.938086978296684,1.242494532203604,-3.541935979191117,9.8888387500165,1.701386661894233,0.0570507762198863,,,-7.864833146792057,0.1371028959570547
-4.92774511904405,1.210480352553618,-3.531594119938483,10.15422253338971,1.711728521146867,0.0626417507661232,,,-7.854491287539423,0.1160370690811194
-4.917403259791416,1.176349441038409,-3.521252260685849,10.41764074884537,1.722070380399501,0.06862810924797652,,,-7.844149428286789,0.09794682992906235
-4.907061400538782,1.140323777314385,-3.510910401433216,10.67888382743943,1.732412239652135,0.07502116018671794,,,-7.833807569034155,0.08245699927022737
-4.896719541286148,1.102633514749947,-3.500568542180582,10.93774856045884,1.742754098904769,0.0818308409920247,,,-7.823465709781521,0.06923220627101605
-4.886377682033515,1.063514477648808,-3.490226682927948,11.19403573804765,1.753095958157403,0.08906555027760159,,,-7.813123850528887,0.05797387339065049
-4.876035822780881,1.023205657339194,-3.479884823675314,11.44754762582429,1.763437817410036,0.09673198338371004,,,-7.802781991276253,0.04841723231802803
-4.865693963528247,0.9819467446418445,-3.46954296442268,11.69808532213425,1.77377967666267,0.1048349727495416,,,-7.79244013202362,0.0403284095956901
-4.855352104275613,0.9399757344868048,-3.459201105170046,11.94544604062316,1.784121535915304,0.1133773347253569,,,-7.782098272770986,0.03350161315762729
-4.845010245022979,0.8975266360435096,-3.448859245917412,12.19233172028532,1.794463395167938,0.122359724337369,,,-7.771756413518352,0.0277564441855226
-4.834668385770345,0.8548273187354692,-3.438517386664778,12.43850026887771,1.804805254420572,0.1317804994217661,,,-7.761414554265718,0.02293535251460589
-4.824326526517711,0.8120975210171295,-3.428175527412145,12.68291749503303,1.815147113673206,0.1416355954327071,,,-7.751072695013084,0.01890124832285166
-4.813984667265077,0.7695470448929397,-3.417833668159511,12.92527538654739,1.825488972925839,0.1519184121079225,,,-7.74073083576045,0.01553527802217204
-4.803642808012444,0.7273741549603961,-3.407491808906877,13.16307919483739,1.835830832178473,0.1626197130504245,,,-7.730388976507816,0.01273476812632207
-4.79330094875981,0.6857641963665115,-3.397149949654243,13.39597209657295,1.846172691431107,0.1737275391616856,,,-7.720047117255183,0.01041133737193063
-4.782959089507176,0.6448884415876518,-3.38680809040161,13.62357995061127,1.856514550683741,0.1852271367462298,,,-7.70970525800255,0.008489174479725884
-4.772617230254542,0.6049031714803835,-3.376466231148976,13.84551055753397,1.866856409936375,0.1971009010052004,,,-7.699363398749916,0.006903476617724098
-4.762275371001908,0.5659489917048529,-3.366124371896342,14.06135316139685,1.877198269189009,0.2093283355516983,,,-7.689021539497282,0.005599041816387402
-4.751933511749274,0.5281503814835059,-3.355782512643708,14.27166477723471,1.887540128441642,0.2218860285170292,,,-7.678679680244648,0.004529007233760241
-4.74159165249664,0.4916154678079765,-3.345440653391074,14.47598921135439,1.897881987694276,0.2347476457766854,,,-7.668337820992014,0.00365372422134738
-4.731249793244007,0.4564360147154256,-3.33509879413844,14.67344734439787,1.90822384694691,0.2478839418086062,,,-7.65799596173938,0.00293976054441275
-4.720907933991374,0.4226876141793827,-3.324756934885806,14.86353464507225,1.918565706199544,0.2612627887030357,,,-7.647654102486746,0.002359019810659224
-4.71056607473874,0.3904300625424188,-3.314415075633173,15.04513586571916,1.928907565452178,0.2748492238703846,,,-7.637312243234113,0.001887968108941651
-4.700224215486106,0.3597079042879192,-3.304073216380539,15.21771107814712,1.939249424704812,0.2886055170364072,,,-7.626970383981479,0.001496031288462888
-4.689882356233472,0.3305511233210793,-3.293731357127905,15.38070782598773,1.949591283957445,0.3024912571665461,,,-7.616628524728845,0.001191039178519143
-4.679540496980838,0.3029759608067836,-3.283389497875271,15.53587171958561,1.959933143210079,0.3164634600158193,,,-7.606286665476211,0.0008873985536447993
-4.669198637728204,0.2769858379834447,-3.273047638622637,15.68261402957898,1.970275002462713,0.3304766970482226,,,-7.595944806223577,0.0005241421205424687
-4.65885677847557,0.2525723622149751,-3.262705779370004,15.81801489624127,1.980616861715347,0.3444832465005467,,,-7.585602946970943,0.0002535523389184894
-4.648514919222936,0.2297163948256221,-3.25236392011737,15.94146213930599,1.990958720967981,0.3584332673695484,,,-7.575261087718309,8.321458479435584e-05
-4.638173059970303,0.2083891599438777,-3.242022060864736,16.05234702049464,2.001300580220615,0.3722749970683971,,,-6.127400792349573,0.0001206559333307874
-4.627831200717669,0.1885533746148904,-3.231680201612102,16.15006854095013,2.011642439473248,0.3859549734186427,,,-6.117058933096939,0.0001464665668238809
-4.617489341465035,0.1701643817737896,-3.221338342359468,16.23687444381564,2.021984298725882,0.3994182815090876,,,-6.106717073844306,0.0001773238211296741
-4.607147482212401,0.1531712692500794,-3.210996483106834,16.31412566491272,2.032326157978516,0.4126088257560061,,,-6.096375214591673,0.0002141087528984901
-4.596805622959767,0.1375179597395186,-3.2006546238542,16.37837498225807,2.04266801723115,0.4257216236312322,,,-6.086033355339039,0.0002578342002860045
-4.586463763707133,0.1231442585787812,-3.190312764601567,16.42837695317698,2.053009876483784,0.438697116959067,,,-6.075691496086405,0.0003096601975094709
-4.576121904454499,0.1099888677877705,-3.179970905348933,16.46355651949944,2.063351735736418,0.4512215455211955,,,-6.065349636833771,0.0003709103997448751
-4.565780045201866,0.09798863317631402,-3.169629046096299,16.48205971708938,2.073693594989051,0.4632333813381749,,,-6.055007777581137,0.0004737002780522293
-4.555438185949232,0.08706815791960988,-3.159287186843665,16.48338729559912,2.084035454241685,0.4746717755799749,,,-6.044665918328503,0.0005665808215135454
-4.545096326696598,0.07716479109338364,-3.148945327591032,16.46709223742873,2.094377313494319,0.4854897158764264,,,-6.034324059075869,0.0006760120992367347
-4.534754467443964,0.06821144374362048,-3.138603468338398,16.43278551038978,2.104719172746953,0.4956070581384115,,,-6.023982199823235,0.0008046117971621029
-4.52441260819133,0.06014184775476965,-3.128261609085764,16.38014149792213,2.115061031999587,0.5049779788553375,,,-6.013640340570602,0.00095535068018763
-4.514070748938696,0.05289110862018357,-3.11791974983313,16.30890303534595,2.12540289125222,0.5135492478403419,,,-6.003298481317968,0.001131590025944448
-4.503728889686062,0.04639617976699105,-3.107577890580496,16.21888598386023,2.135744750504854,0.5212707414228782,,,-5.992956622065334,0.001337121490054917
-4.493387030433429,0.0405962609259385,-3.097236031327862,16.11264084379239,2.146086609757488,0.52809592826582,,,-5.9826147628127,0.001576209346160556
-4.483045171180795,0.03543312406073366,-3.086894172075228,15.9901198013125,2.156428469010122,0.5339823434418515,,,-5.972272903560066,0.001853635009015135
-4.472703311928162,0.0308513712084864,-3.076552312822594,15.84867983668282,2.166770328262756,0.5388920445870117,,,-5.961931044307432,0.002174743711095574
-4.462361452675528,0.02680024641944865,-3.066210453569961,15.69036655988286,2.17711218751539,0.5427920437992547,,,-5.951589185054798,0.002586526760889337
-4.452019593422894,0.02322773046502541,-3.055868594317327,15.51777897358729,2.187454046768023,0.5456547089193646,,,-5.941247325802165,0.003024353892108799
-4.44167773417026,0.02008787846522938,-3.045526735064693,15.32931832837979,2.197795906020657,0.547458127931275,,,-5.930905466549531,0.003528454053740893
-4.431335874917626,0.01734086444513487,-3.035184875812059,15.12265465439638,2.208137765273291,0.5481864304559645,,,-5.920563607296897,0.004168971188071427
-4.420994015664992,0.01494572216269263,-3.024843016559426,14.89827312487516,2.218479624525925,0.5478300606910506,,,-5.910221748044263,0.004848915535686666
-4.410652156412358,0.0128663595500805,-3.014501157306792,14.6567062508244,2.228821483778559,0.5464105604614029,,,-5.899879888791629,0.005628226824876271
-4.400310297159725,0.01106987908218975,-3.004159298054158,14.39844212594665,2.239163343031192,0.5438889500607783,,,-5.889538029538995,0.006519637779516486
-4.389968437907091,0.009526493817675542,-2.993817438801524,14.12418113152538,2.249505202283826,0.5402953875053775,,,-5.879196170286361,0.007537273501872902
-4.379626578654457,0.008209425678023732,-2.98347557954889,13.83862242056404,2.25984706153646,0.5361554481775563,,,-5.868854311033728,0.008696777942106569
-4.369284719401823,0.007095152640586249,-2.973133720296256,13.54256189335197,2.270188920789094,0.5314896022785499,,,-5.858512451781094,0.01001544986241314
-4.358942860149189,0.006161932262506727,-2.962791861043622,13.23288798075279,2.280530780041728,0.5258131843512146,,,-5.848170592528461,0.01151238887472982
-4.348601000896555,0.005391777976711529,-2.952450001790988,12.91054575590568,2.290872639294362,0.5191562421214406,,,-5.837828733275827,0.01320865211986905
-4.338259141643921,0.004768392916085953,-2.942108142538355,12.57722670779319,2.301214498546996,0.5115555172417727,,,-5.827486874023193,0.01512742212304039
-4.327917282391287,0.004278358114789201,-2.931766283285721,12.23404299892696,2.311556357799629,0.5030542724170078,,,-5.817145014770559,0.01729418630010874
-4.317575423138654,0.003910354352893645,-2.921424424033087,11.8812227343663,2.321898217052263,0.4937020556007231,,,-5.806803155517925,0.01973692849415849
-4.30723356388602,0.003655194154494064,-2.911082564780453,11.51993888536037,2.332240076304897,0.4835544045404208,,,-5.796461296265291,0.02248633278610542
-4.296891704633386,0.003505705160516837,-2.90074070552782,11.15139044286341,2.342581935557531,0.4727004230100747,,,-5.786119437012657,0.02557599963907565
-4.286549845380752,0.003456620209109431,-2.890398846275186,10.77673707514706,2.352923794810164,0.4611580338494352,,,-5.775777577760024,0.02904267419685723
-4.276207986128118,0.003505044366309555,-2.880056987022552,10.39725555458265,2.363265654062798,0.449020833559357,,,-5.76543571850739,0.03292648625495177
-4.265866126875485,0.003648230009901945,-2.869715127769918,10.01600288815458,2.373607513315432,0.4363647638716316,,,-5.755093859254756,0.03727120105216959
-4.255524267622851,0.003886617242590284,-2.859373268517284,9.635636577135134,2.383949372568066,0.4233348081967364,,,-5.744752000002122,0.04212447958577915
-4.245182408370217,0.0042213940986072,-2.84903140926465,9.255517620424358,2.3942912318207,0.4099835815141579,,,-5.734410140749488,0.04753814662969075
-4.234840549117584,0.004655521487181342,-2.838689550012016,8.875503434403409,2.404633091073334,0.3964487129135315,,,-5.724068281496854,0.05356846403051049
-4.22449868986495,0.005193248293042668,-2.828347690759383,8.496734548774572,2.414974950325968,0.3827357269995417,,,-5.71372642224422,0.06027640617020203
-4.214156830612316,0.005831750725184365,-2.818005831506749,8.120323317206219,2.425316809578602,0.3689347172890008,,,-5.703384562991586,0.06772793371884998
-4.203814971359682,0.00659693218485131,-2.807663972254115,7.747450432587779,2.435658668831235,0.3551842872348032,,,-5.693042703738953,0.07599426096201715
-4.193473112107048,0.007485308083305426,-2.797322113001481,7.379220571627977,2.446000528083869,0.3414958099605974,,,-5.682700844486319,0.08515211108332979
-4.183131252854414,0.008506463225243769,-2.786980253748848,7.016700586467866,2.456342387336503,0.3280005214211955,,,-5.672358985233685,0.09528395282698034
-4.17278939360178,0.00967057210759072,-2.776638394496214,6.660914844426042,2.466684246589137,0.3147931724955512,,,-5.662017125981051,0.1064782109737368
-4.162447534349146,0.0109887402996959,-2.76629653524358,6.312841216920465,2.47702610584177,0.3019687806092978,,,-5.651675266728417,0.1188294420590841
-4.152105675096513,0.01247291539270062,-2.755954675990946,5.97345788348629,2.487367965094404,0.2896223993885821,,,-5.641333407475784,0.1324384657690068
-4.141763815843879,0.01413845792127391,-2.745612816738312,5.643553404505944,2.497709824347038,0.277848943360513,,,-5.63099154822315,0.1474124414977139
-4.131421956591245,0.01599604950432437,-2.735270957485678,5.323975509477062,2.508051683599672,0.26674306951035,,,-5.620649688970516,0.1638648786764817
-4.121080097338611,0.01805820205154186,-2.724929098233044,5.015486426962006,2.518393542852306,0.2563991162421722,,,-5.610307829717883,0.1819155687215828
-4.110738238085977,0.02033086847636081,-2.71458723898041,4.718864469715111,2.52873540210494,0.2469110990244643,,,-5.599965970465249,0.2016904258429035
-4.100396378833343,0.02285123462167411,-2.704245379727777,4.434713358658236,2.539077261357574,0.2383727607598829,,,-5.589624111212615,0.2233212235464379
-4.090054519580709,0.02562070167212249,-2.693903520475143,4.1636342006919,2.549419120610207,0.2308776737221918,,,-5.579282251959981,0.2469452134977437
-4.079712660328076,0.02863749473523302,-2.683561661222509,3.906174790914521,2.559760979862841,0.2245193887728566,,,-5.568940392707347,0.2727046135339316
-4.069370801075442,0.03195214144668847,-2.673219801969875,3.66283164874888,2.570102839115475,0.2193916265216139,,,-5.558598533454713,0.3007459520617118
-4.059028941822808,0.03555784589295639,-2.662877942717242,3.434052519518852,2.580444698368109,0.2155885041423825,,,-5.548256674202079,0.3312192568982939
-4.048687082570174,0.0394678031497327,-2.652536083464608,3.220239264201092,2.590786557620743,0.2132047907072476,,,-5.537914814949445,0.3642770778356779
-4.03834522331754,0.04369423241327968,-2.642194224211974,3.021751052858197,2.601128416873376,0.2123361831622705,,,-5.527572955696812,0.4000733338658075
-4.028003364064907,0.04824814849903525,-2.63185236495934,2.838907771534637,2.61147027612601,0.2130795944412857,,,-5.517231096444178,0.4387619781145999
-4.017661504812273,0.05313921908916532,-2.621510505706706,2.671973591283832,2.621812135378644,0.2155334446961834,,,-5.506889237191544,0.4804954761074828
-4.007319645559639,0.05837518182300319,-2.611168646454072,2.521281352869692,2.632153994631278,0.2197979462102156,,,-5.49654737793891,0.5254230960265024
-3.996977786307005,0.06396209314040438,-2.600826787201438,2.386965332011044,2.642495853883912,0.2259753722483959,,,-5.486205518686276,0.573689013104923
-3.986635927054371,0.0699056895261817,-2.590484927948805,2.269252917578075,2.652837713136546,0.2341702998781028,,,-5.475863659433642,0.6254302342107394
-3.976294067801738,0.07620575465461812,-2.580143068696171,2.1683201549395,2.66317957238918,0.2444898166560771,,,-5.465521800181008,0.6807743529514914
-3.965952208549104,0.08285987543645393,-2.569801209443537,2.084323471971477,2.673521431641813,0.2570436810160481,,,-5.455179940928375,0.7398371502292661
-3.95561034929647,0.08986548429743314,-2.559459350190903,2.017401959876993,2.683863290894447,0.2719444261986398,,,-5.444838081675741,0.802720060010761
-3.945268490043836,0.09721579843009136,-2.549117490938269,1.967679151159381,2.694205150147081,0.2893541239386461,,,-5.434496222423107,0.8695075250612883
-3.934926630791202,0.1049009604310068,-2.538775631685636,1.935264232688213,2.704547009399715,0.3093097570302503,,,-5.424154363170473,0.9402642724174989
-3.924584771538568,0.1129079314840643,-2.528433772433002,1.920197791419581,2.714888868652348,0.3320151245309683,,,-5.41381250391784,1.015032543322207
-3.914242912285935,0.1212204217625935,-2.518091913180368,1.922682840595489,2.725230727904982,0.3575149812845973,,,-5.403470644665206,1.093829317085908
-3.903901053033301,0.1298188784433688,-2.507750053927734,1.942729359019298,2.735572587157616,0.3859720028710468,,,-5.393128785412572,1.17664357273499
-3.893559193780667,0.1386804409933685,-2.4974081946751,1.980387810250052,2.74591444641025,0.4175148488971371,,,-5.382786926159938,1.263433636212855
-3.883217334528033,0.1477790915922017,-2.487066335422466,2.035682664740524,2.756256305662884,0.4523218180974589,,,-5.372445066907305,1.354124664172349
-3.872875475275399,0.1570857147116264,-2.476724476169833,2.108627645375386,2.766598164915518,0.4904401670346301,,,-5.362103207654671,1.448806528299097
-3.862533616022766,0.1665692597317763,-2.466382616917199,2.199212325688182,2.776940024168152,0.5320395280757084,,,-5.351761348402037,1.547329710169476
-3.852191756770132,0.1761932793495489,-2.456040757664565,2.307572614336285,2.787281883420786,0.5772508128610473,,,-5.341419489149403,1.649303542717514
-3.841849897517498,0.1859213901668899,-2.445698898411931,2.433334808320804,2.797623742673419,0.6262032541137078,,,-5.331077629896769,1.754496852994077
-3.831508038264864,0.1957143170494294,-2.435357039159297,2.576511941751856,2.807965601926053,0.6790232811171105,,,-5.320735770644135,1.862636778293972
-3.82116617901223,0.205531034949968,-2.425015179906663,2.736997200021975,2.818307461178687,0.73583326412575,,,-5.310393911391501,1.973408250171402
-3.810824319759596,0.215329176857194,-2.41467332065403,2.914560965498068,2.828649320431321,0.7967501302568811,,,-5.300052052138867,2.086453980968038
-3.800482460506962,0.2250654801124771,-2.404331461401396,3.108980271276052,2.838991179683954,0.861883855710101,,,-5.289710192886234,2.201374992206485
-3.790140601254329,0.2346962652897165,-2.393989602148762,3.319935670245441,2.849333038936588,0.9313358417245722,,,-5.2793683336336,2.317731717257265
-3.779798742001695,0.2441779408964192,-2.383647742896128,3.547114657174685,2.859674898189222,1.005197184499685,,,-5.269026474380966,2.43504570254394
-3.769456882749061,0.2534675263171455,-2.373305883643494,3.789983576903623,2.870016757441856,1.083546852351898,,,-5.258684615128332,2.552801922314265
-3.759115023496427,0.26252318470816,-2.362964024390861,4.048087125912573,2.88035861669449,1.166458665729057,,,-5.248342755875698,2.670451711817002
-3.748773164243793,0.2713047569873785,-2.352622165138227,4.320846511750537,2.890700475947124,1.253966165848653,,,-5.238000896623064,2.787416312760582
-3.73843130499116,0.2797742876665889,-2.342280305885593,4.607585193567727,2.901042335199758,1.346107458512587,,,-5.22765903737043,2.903091013398842
-3.728089445738526,0.287896533059837,-2.331938446632959,4.907558813843526,2.911384194452391,1.442893699535018,,,-5.217317178117796,3.01684985372638
-3.717747586485892,0.2956394423852134,-2.321596587380325,5.219939852770136,2.921726053705025,1.544314136892134,,,-5.206975318865163,3.128050854329901
-3.707405727233258,0.3029746024647693,-2.311254728127691,5.543817179555082,2.932067912957659,1.65033420303733,,,-5.196633459612529,3.236041715707325
-3.697063867980624,0.3098776371216697,-2.300912868875058,5.87814324562193,2.942409772210293,1.760893701855147,,,-5.186291600359896,3.340165923618224
-3.68672200872799,0.316328552972504,-2.290571009622424,6.221924164648188,2.952751631462927,1.875905129084304,,,-5.175949741107262,3.439769185554401
-3.676380149475357,0.3223120241081266,-2.28022915036979,6.574034546171949,2.96309349071556,1.995247419139182,,,-5.165607881854628,3.534206113999358
-3.666038290222723,0.3278176091355409,-2.269887291117156,6.933152499396064,2.973435349968194,2.118784657386789,,,-5.155266022601994,3.622847064047274
-3.655696430970089,0.3329245030126828,-2.259545431864522,7.298048173160012,2.983777209220828,2.246336973674767,,,-5.14492416334936,3.705085026420882
-3.645354571717455,0.3378772630219708,-2.249203572611889,7.667333308484195,2.994119068473462,2.377688651937245,,,-5.134582304096726,3.781624829871004
-3.635012712464821,0.3425927336075258,-2.238861713359255,8.039596664208107,3.004460927726096,2.512600976202329,,,-5.124240444844093,3.851914845210735
-3.624670853212188,0.3468298898584304,-2.228519854106621,8.413381771679152,3.01480278697873,2.651331995205334,,,-5.113898585591459,3.914153550174345
-3.614328993959554,0.350598195793325,-2.218177994853987,8.787196967700138,3.025144646231364,2.793571721723368,,,-5.103556726338825,3.967870846828118
-3.60398713470692,0.353911865803605,-2.207836135601353,9.1595263746506,3.035486505483997,2.938443029354776,,,-5.093214867086191,4.012651558067568
-3.593645275454286,0.3567895996154637,-2.197494276348719,9.528841712288225,3.045828364736631,3.085571148462117,,,-5.082873007833557,4.048140703425036
-3.583303416201652,0.3592542422450325,-2.187152417096085,9.89361480840866,3.056170223989265,3.234553642144025,,,-5.072531148580923,4.074048103746466
-3.572961556949018,0.3613323742678748,-2.176810557843452,10.25235197197673,3.066512083241899,3.384962770050791,,,-5.062189289328289,4.090152232337419
-3.562619697696384,0.3630538391483597,-2.166468698590818,10.60355166802725,3.076853942494532,3.536348323759156,,,-5.051847430075656,4.096303242399667
-3.552277838443751,0.3644512156696829,-2.156126839338184,10.9457601081853,3.087195801747166,3.688240918222248,,,-5.041505570823022,4.092425114421284
-3.541935979191117,0.3656269921064694,-2.14578498008555,11.27760176258666,3.0975376609998,3.840162996951994,,,-5.031163711570388,4.080235872947899
-3.531594119938483,0.3666169198092013,-2.135443120832917,11.59769379674207,3.107879520252434,3.991613051039086,,,-5.020821852317754,4.059796117816652
-3.521252260685849,0.3673893868167786,-2.125101261580283,11.90981829144786,3.118221379505068,4.14208114546404,,,-5.01047999306512,4.029508533206121
-3.510910401433216,0.3679808227410414,-2.114759402327649,12.21272916890531,3.128563238757702,4.291068056775192,,,-5.000138133812486,3.992141633423475
-3.500568542180582,0.368427316559942,-2.104417543075015,12.50037709619133,3.138905098010336,4.438071651076012,,,-4.989796274559852,3.947941469044648
-3.490226682927948,0.3687639912048881,-2.094075683822381,12.77385160483125,3.14924695726297,4.583626803554161,,,-4.979454415307218,3.894628820163315
-3.479884823675314,0.3690243987103045,-2.083733824569747,13.03219916326366,3.159588816515603,4.727244253434261,,,-4.969112556054585,3.832562932281165
-3.46954296442268,0.3692399467312043,-2.073391965317113,13.27262677376664,3.169930675768237,4.867415838358992,,,-4.958770696801951,3.762164089254584
-3.459201105170046,0.3694393665856243,-2.063050106064479,13.49444237341836,3.180272535020871,5.003676439729254,,,-4.948428837549318,3.683908716405982
-3.448859245917412,0.3696633985255994,-2.052708246811846,13.69734899342634,3.190614394273505,5.135620229534269,,,-4.938086978296684,3.598323841799641
-3.438517386664778,0.3699339154312829,-2.042366387559212,13.88095264847945,3.200956253526138,5.262841347514632,,,-4.92774511904405,3.505981007612418
-3.428175527412145,0.3702617701850915,-2.032024528306578,14.04644858285736,3.211298112778772,5.384983381217915,,,-4.917403259791416,3.407489731898374
-3.417833668159511,0.3706605002372551,-2.021682669053944,14.1938435246187,3.221639972031406,5.501730878423634,,,-4.907061400538782,3.303490627269545
-3.407491808906877,0.3711309574492252,-2.011340809801311,14.32417672939986,3.23198183128404,5.612812353310236,,,-4.896719541286148,3.194648286986181
-3.397149949654243,0.3716776530327166,-2.000998950548677,14.43775417088719,3.242323690536674,5.71800258445187,,,-4.886377682033515,3.081644050621215
-3.38680809040161,0.3723005119998558,-1.990657091296043,14.53288301645937,3.252665549789308,5.817124139822608,,,-4.876035822780881,2.965168760846093
-3.376466231148976,0.3729949090113217,-1.980315232043409,14.61128809327856,3.263007409041942,5.911218002600667,,,-4.865693963528247,2.845915620046662
-3.366124371896342,0.3737517821960631,-1.969973372790775,14.67373018418338,3.273349268294576,6.000194201013742,,,-4.855352104275613,2.724573250540574
-3.355782512643708,0.3745816941151081,-1.959631513538141,14.72106929484788,3.283691127547209,6.082830910636883,,,-4.845010245022979,2.60181905530309
-3.345440653391074,0.375467154576306,-1.949289654285507,14.75427811640003,3.294032986799843,6.159122032397978,,,-4.834668385770345,2.478312967530889
-3.33509879413844,0.376368130135685,-1.938947795032874,14.77347499257069,3.304374846052477,6.231834059533121,,,-4.824326526517711,2.354691667334091
-3.324756934885806,0.3772599571597415,-1.92860593578024,14.77985293213792,3.314716705305111,6.301020827740002,,,-4.813984667265077,2.231563332623829
-3.314415075633173,0.3781099058078149,-1.918264076527606,14.77703639488005,3.325058564557744,6.364026329254433,,,-4.803642808012444,2.109502979153962
-3.304073216380539,0.3788880671690057,-1.907922217274972,14.76868816145273,3.335400423810378,6.420950620400116,,,-4.79330094875981,1.989048431989312
-3.293731357127905,0.3795626800684345,-1.897580358022338,14.75380285837771,3.345742283063012,6.471923221893753,,,-4.782959089507176,1.870696957718543
-3.283389497875271,0.3801230738035642,-1.887238498769704,14.73144529031717,3.356084142315646,6.519061629570256,,,-4.772617230254542,1.754902573810201
-3.273047638622637,0.3805352165985587,-1.876896639517071,14.70300080176508,3.36642600156828,6.562518780458345,,,-4.762275371001908,1.642074038912886
-3.262705779370004,0.3807422685222532,-1.866554780264437,14.66985228337847,3.376767860820914,6.600537421840635,,,-4.751933511749274,1.532573515890401
-3.25236392011737,0.3807101295648807,-1.856212921011803,14.63335627471755,3.387109720073548,6.633167926438567,,,-4.74159165249664,1.426715888196888
-3.242022060864736,0.3804055656887325,-1.845871061759169,14.59483453703972,3.397451579326181,6.660613205650065,,,-4.731249793244007,1.324768700039058
-3.231680201612102,0.379796721443422,-1.835529202506535,14.55764757159767,3.407793438578815,6.683024383874131,,,-4.720907933991374,1.226952681809102
-3.221338342359468,0.3789654463797011,-1.825187343253901,14.52296840530654,3.418135297831449,6.700543222211594,,,-4.71056607473874,1.133442814629883
-3.210996483106834,0.3779666809063955,-1.814845484001268,14.49034113592532,3.428477157084083,6.713297706569822,,,-4.700224215486106,1.044369881619854
-3.2006546238542,0.3766611494825975,-1.804503624748634,14.46073035396503,3.438819016336716,6.721398191687349,,,-4.689882356233472,0.9598224487051153
-3.190312764601567,0.375009451038604,-1.794161765496,14.43439973736839,3.44916087558935,6.724934204591827,,,-4.679540496980838,0.8798492144869857
-3.179970905348933,0.3729894813493368,-1.783819906243366,14.41205865180439,3.459502734841984,6.723971994984957,,,-4.669198637728204,0.804461666785957
-3.169629046096299,0.3705131992445941,-1.773478046990732,14.39430692635936,3.469844594094618,6.718552901459558,,,-4.65885677847557,0.7336369829642523
-3.159287186843665,0.3675656608001127,-1.763136187738098,14.38157616427267,3.480186453347252,6.708706308262347,,,-4.648514919222936,0.6673211118874188
-3.148945327591032,0.3641360770644433,-1.752794328485465,14.3741779266728,3.490528312599886,6.694398478107137,,,-4.638173059970303,0.6054319773042609
-3.138603468338398,0.3602179303048018,-1.742452469232831,14.37227218967304,3.50087017185252,6.675605965091553,,,-4.627831200717669,0.5478627453681885
-3.128261609085764,0.3558090286326597,-1.732110609980197,14.37587462083433,3.511212031105153,6.652271865306953,,,-4.617489341465035,0.4944851028418569
-3.11791974983313,0.350911500376659,-1.721768750727563,14.38487534210998,3.521553890357787,6.624327871600438,,,-4.607147482212401,0.4451524970619352
-3.107577890580496,0.3455317304907971,-1.711426891474929,14.39899091137714,3.531895749610421,6.591666012206252,,,-4.596805622959767,0.3997032938292123
-3.097236031327862,0.3396841067867669,-1.701085032222296,14.41782569065516,3.542237608863055,6.554187640659534,,,-4.586463763707133,0.3579638148690997
-3.086894172075228,0.3333830902398139,-1.690743172969662,14.44241037347214,3.552579468115689,6.511804934764336,,,-4.576121904454499,0.3197886161492902
-3.076552312822594,0.3266429995099024,-1.680401313717028,14.47210497110806,3.562921327368322,6.464359396936737,,,-4.565780045201866,0.2849849812795789
-3.066210453569961,0.3195651583206209,-1.670059454464394,14.50461748801205,3.573263186620956,6.411759271801835,,,-4.555438185949232,0.2532828389887367
-3.055868594317327,0.3122417651237366,-1.65971759521176,14.53910980219793,3.58360504587359,6.353902158342665,,,-4.545096326696598,0.2245371460897025
-3.045526735064693,0.3046197545354657,-1.649375735959126,14.57467232792504,3.593946905126224,6.29070054365623,,,-4.534754467443964,0.1985549885292608
-3.035184875812059,0.2966580670406299,-1.639033876706493,14.61033949365839,3.604288764378858,6.22208751146012,,,-4.52441260819133,0.1751460097171746
-3.024843016559426,0.2883874107291762,-1.628692017453859,14.64510576010801,3.614630623631492,6.149979689641196,,,-4.514070748938696,0.1541240681035118
-3.014501157306792,0.2798398852476669,-1.618350158201225,14.67794188840208,3.624972482884125,6.074351741807086,,,-4.503728889686062,0.1353086751179856
-3.004159298054158,0.2710491174331365,-1.608008298948591,14.70781116762591,3.635314342136759,5.995150477791745,,,-4.493387030433429,0.1185262214370352
-2.993817438801524,0.2620499009462237,-1.597666439695957,14.73368531637288,3.645656201389393,5.9123960554543,,,-4.483045171180795,0.1036110025823868
-2.98347557954889,0.2528785228917344,-1.587324580443324,14.75675441463466,3.655998060642027,5.824228440983028,,,-4.472703311928162,0.09040605734116422
-2.973133720296256,0.2435710344589894,-1.57698272119069,14.77603451208042,3.666339919894661,5.730744600248697,,,-4.462361452675528,0.07879278926459142
-2.962791861043622,0.2341629083382646,-1.566640861938056,14.78838121806152,3.676681779147295,5.634110446669586,,,-4.452019593422894,0.0685832915198416
-2.952450001790988,0.2246954923239437,-1.556299002685422,14.7929090629412,3.687023638399928,5.534508709614103,,,-4.44167773417026,0.05966966961327135
-2.942108142538355,0.2152360576632255,-1.545957143432788,14.78880790884248,3.697365497652562,5.430139753341169,,,-4.431335874917626,0.05194392322119212
-2.931766283285721,0.2058233364791127,-1.535615284180154,14.7826575014211,3.707707356905196,5.321299731261931,,,-4.420994015664992,0.04529576353190047
-2.921424424033087,0.1964487925554914,-1.525273424927521,14.77376634902455,3.71804921615783,5.208269800967042,,,-4.410652156412358,0.03963056069623254
-2.911082564780453,0.1871441684679008,-1.514931565674887,14.75417836234487,3.728391075410464,5.091449081616898,,,-4.400310297159725,0.03486459182034105
-2.90074070552782,0.1779433243767836,-1.504589706422253,14.72334721014338,3.738732934663097,4.971248133641812,,,-4.389968437907091,0.03092502117770847
-2.890398846275186,0.1688682434634526,-1.494247847169619,14.68083486900193,3.749074793915731,4.848150817405438,,,-4.379626578654457,0.02774984859729101
-2.880056987022552,0.1599489249669409,-1.483905987916985,14.62631346138063,3.759416653168365,4.72263760648647,,,-4.369284719401823,0.02536277265197098
-2.869715127769918,0.1512094167828366,-1.473564128664351,14.55956529825998,3.769758512420999,4.595259308453431,,,-4.358942860149189,0.02359313463525209
-2.859373268517284,0.1426727254580388,-1.463222269411718,14.48282611116598,3.780100371673633,4.46662715219536,,,-4.348601000896555,0.02252707591395692
-2.84903140926465,0.1343594550964735,-1.452880410159084,14.39607324943725,3.790442230926267,4.337261283551717,,,-4.338259141643921,0.0220491091786991
-2.838689550012016,0.1262884183284198,-1.44253855090645,14.29920829094647,3.800784090178901,4.208177906132879,,,-4.327917282391287,0.02219662909737263
-2.828347690759383,0.1184812318937683,-1.432196691653816,14.19236861650401,3.811125949431534,4.079996596610449,,,-4.317575423138654,0.02297375239424636
-2.818005831506749,0.1109421952874752,-1.421854832401182,14.07357625256298,3.821467808684168,3.952967098190723,,,-4.30723356388602,0.02439560082153753
-2.807663972254115,0.103688149798108,-1.411512973148549,13.94312251982129,3.831809667936802,3.827743089459937,,,-4.296891704633386,0.02648841971126939
-2.797322113001481,0.09672930335064034,-1.401171113895915,13.80137339321507,3.842151527189436,3.704880380176253,,,-4.286549845380752,0.02928973118991402
-2.786980253748848,0.09007394611442508,-1.390829254643281,13.64876138534524,3.852493386442069,3.585005640162843,,,-4.276207986128118,0.03287639820545322
-2.776638394496214,0.08372855470379349,-1.380487395390647,13.48577711752831,3.862835245694703,3.46870071005525,,,-4.265866126875485,0.03726066694336992
-2.76629653524358,0.07769791331290447,-1.370145536138013,13.31296076045524,3.873177104947337,3.356523509996053,,,-4.255524267622851,0.04255165512669357
-2.755954675990946,0.07198678309125894,-1.359803676885379,13.1314695178679,3.883518964199971,3.249003243802811,,,-4.245182408370217,0.04880980523811593
-2.745612816738312,0.06659432229457043,-1.349461817632746,12.94191268053512,3.893860823452605,3.146636077334166,,,-4.234840549117584,0.05614409537323111
-2.735270957485678,0.06152073937636063,-1.339119958380112,12.74434369170068,3.904202682705239,3.050081989972502,,,-4.22449868986495,0.06466503449866187
-2.724929098233044,0.05676445350414242,-1.328778099127478,12.53940933802873,3.914544541957873,2.959675990802457,,,-4.214156830612316,0.07447194114710495
-2.71458723898041,0.05233231975226169,-1.318436239874844,12.32776685149829,3.924886401210506,2.875677336211832,,,-4.203814971359682,0.08581110660085589
-2.704245379727777,0.04821644370978232,-1.30809438062221,12.11007761731912,3.93522826046314,2.798405546394124,,,-4.193473112107048,0.0987045087109953
-2.693903520475143,0.04441425008569819,-1.297752521369576,11.88700152972266,3.945570119715774,2.728165811895914,,,-4.183131252854414,0.1133606513076186
-2.683561661222509,0.04092280931949533,-1.287410662116943,11.65919201903377,3.955911978968408,2.665180930909913,,,-4.17278939360178,0.129957092925422
-2.673219801969875,0.03773902476806298,-1.277068802864309,11.42729175292502,3.966253838221041,2.609638154566378,,,-4.162447534349146,0.1486846908734025
-2.662877942717242,0.03485981716740197,-1.266726943611675,11.19192899619549,3.976595697473675,2.56167636361889,,,-4.152105675096513,0.1697473676427619
-2.652536083464608,0.0322823046152824,-1.256385084359041,10.95670496186858,3.986937556726309,2.521386382717148,,,-4.141763815843879,0.1934348222647652
-2.642194224211974,0.03000397634724423,-1.246043225106407,10.72218669988433,3.997279415978943,2.48886952775033,,,-4.131421956591245,0.2199049790904072
-2.63185236495934,0.02802285860106276,-1.235701365853773,10.48590551015875,4.007621275231577,2.464022651754446,,,-4.121080097338611,0.249359321446347
-2.621510505706706,0.02633639447583698,-1.22535950660114,10.2506113657395,4.017963134484211,2.447149713655004,,,-4.110738238085977,0.2820996241863375
-2.611168646454072,0.024946966220003,-1.215017647348506,10.01676298027677,4.028304993736844,2.43846522973543,,,-4.100396378833343,0.3183951955346652
-2.600826787201438,0.0238534981844701,-1.204675788095872,9.782435066749915,4.038646852989478,2.437526256991463,,,-4.090054519580709,0.3585063706790644
-2.590484927948805,0.02305761728287323,-1.194333928843238,9.548229173171249,4.048988712242112,2.443847537602635,,,-4.079712660328076,0.4026638439906875
-2.580143068696171,0.02256213754334613,-1.183992069590604,9.314403414394249,4.059330571494746,2.457214822131641,,,-4.069370801075442,0.4512597555851343
-2.569801209443537,0.02237114396488479,-1.17365021033797,9.082811188987346,4.06967243074738,2.477386092827119,,,-4.059028941822808,0.5045219452878237
-2.559459350190903,0.02249005691916138,-1.163308351085337,8.853860906559353,4.080014290000014,2.504133283566018,,,-4.048687082570174,0.5627415078769055
-2.549117490938269,0.02292567555779232,-1.152966491832703,8.626258045073465,4.090356149252647,2.537065255277748,,,-4.03834522331754,0.6262092300519752
-2.538775631685636,0.02368619873685594,-1.142624632580069,8.400276033619054,4.100698008505281,2.575894959868573,,,-4.028003364064907,0.6952132860138867
-2.528433772433002,0.02478093629701419,-1.132282773327435,8.176170835563077,4.111039867757915,2.620278184333995,,,-4.017661504812273,0.7701103686658658
-2.518091913180368,0.02622148466528472,-1.121940914074801,7.954181573410364,4.121381727010549,2.669855061184044,,,-4.007319645559639,0.8510481784828308
-2.507750053927734,0.02802032965576058,-1.111599054822167,7.734505917910597,4.131723586263183,2.724253806101093,,,-3.996977786307005,0.9383508597604966
-2.4974081946751,0.03019007306976517,-1.101257195569534,7.517405928651754,4.142065445515817,2.783094512974364,,,-3.986635927054371,1.032327409849013
-2.487066335422466,0.03274573240485637,-1.0909153363169,7.303000020591435,4.152407304768451,2.845992980700527,,,-3.976294067801738,1.133212131177277
-2.476724476169833,0.03570293511141025,-1.080573477064266,7.091568715205764,4.162749164021085,2.912564543572726,,,-3.965952208549104,1.241106634513129
-2.466382616917199,0.03907812414242571,-1.070231617811632,6.883192248319986,4.173091023273718,2.982427874239933,,,-3.95561034929647,1.356285082927236
-2.456040757664565,0.04288939736642519,-1.059889758558998,6.678014144393299,4.183432882526352,3.055186683120928,,,-3.945268490043836,1.478924674356992
-2.445698898411931,0.04715240840035993,-1.049547899306364,6.476190462997553,4.193774741778986,3.130609659823972,,,-3.934926630791202,1.609177104221284
-2.435357039159297,0.05188513025098823,-1.039206040053731,6.277791496787892,4.20411660103162,3.20817493117103,,,-3.924584771538568,1.747166381979622
-2.425015179906663,0.05710602289959359,-1.028864180801097,6.082954509274704,4.214458460284254,3.287617832058287,,,-3.914242912285935,1.892986872960035
-2.41467332065403,0.06283144289918191,-1.018522321548463,5.892881760907257,4.224800319536888,3.368577264157647,,,-3.903901053033301,2.046812634199455
-2.404331461401396,0.06907785591723724,-1.008180462295829,5.708186427222726,4.235142178789522,3.450881067391788,,,-3.893559193780667,2.208481164194591
-2.393989602148762,0.07586026612142893,-0.9978386030431954,5.527705914990064,4.245484038042155,3.534204997567986,,,-3.883217334528033,2.378077959085751
-2.383647742896128,0.08319263638293385,-0.9874967437905615,5.350915602255284,4.255825897294788,3.618318409126418,,,-3.872875475275399,2.555566663961616
-2.373305883643494,0.0910861809976031,-0.9771548845379276,5.177839284221404,4.266167756547422,3.703020974240036,,,-3.862533616022766,2.740904852698063
-2.362964024390861,0.09955025948061744,-0.9668130252852939,5.008392508433808,4.276509615800056,3.788107094980352,,,-3.852191756770132,2.93393794925271
-2.352622165138227,0.1085926926347448,-0.95647116603266,4.84253325663814,4.28685147505269,3.873561360096336,,,-3.841849897517498,3.134549674303209
-2.342280305885593,0.1182168084118474,-0.9461293067800262,4.680273719972538,4.297193334305324,3.961677141202449,,,-3.831508038264864,3.342568485958011
-2.331938446632959,0.1284230609621943,-0.9357874475273924,4.521550905894182,4.307535193557958,4.052396234480042,,,-3.82116617901223,3.557791368547793
-2.321596587380325,0.139208130013166,-0.9254455882747585,4.366275470500486,4.317877052810592,4.143133912648615,,,-3.810824319759596,3.77998557740595
-2.311254728127691,0.1505645756386515,-0.9151037290221247,4.214330806198213,4.328218912063226,4.233880515596747,,,-3.800482460506962,4.008890751856148
-2.300912868875058,0.1624784129449425,-0.9047618697694909,4.065676453728271,4.338560771315859,4.324567293815744,,,-3.790140601254329,4.244295635656237
-2.290571009622424,0.1749361315567588,-0.894420010516857,3.920169246676115,4.348902630568493,4.415240010086999,,,-3.779798742001695,4.485818715715582
-2.28022915036979,0.1879170172270348,-0.8840781512642233,3.777933119829145,4.359244489821127,4.505946647479956,,,-3.769456882749061,4.733096041614071
-2.269887291117156,0.2013910528783308,-0.8737362920115894,3.639158524685274,4.369586349073761,4.596761211714722,,,-3.759115023496427,4.985829633290502
-2.259545431864522,0.2153291289857648,-0.8633944327589556,3.503583646189079,4.379928208326395,4.687780912656836,,,-3.748773164243793,5.243665409813103
-2.249203572611889,0.2296922105083076,-0.8530525735063218,3.371220025843901,4.390270067579029,4.779122966666829,,,-3.73843130499116,5.506240466105495
-2.238861713359255,0.2444374962121055,-0.8427107142536879,3.241996163386157,4.400611926831663,4.871514804894594,,,-3.728089445738526,5.773186696983434
-2.228519854106621,0.2595168186073257,-0.8323688550010541,3.115474112921998,4.410953786084296,4.965065750553136,,,-3.717747586485892,6.044134419123632
-2.218177994853987,0.2748767657600322,-0.8220269957484203,2.991599527673224,4.42129564533693,5.059361718476948,,,-3.707405727233258,6.318715931432163
-2.207836135601353,0.2904588775646624,-0.8116851364957864,2.870352492932866,4.431637504589564,5.154553732829949,,,-3.697063867980624,6.59656895501767
-2.197494276348719,0.3061999179018691,-0.8013432772431526,2.752378472290663,4.441979363842198,5.251164750974824,,,-3.68672200872799,6.877339895797551
-2.187152417096085,0.3220322228927428,-0.7910014179905188,2.637972086002037,4.452321223094832,5.349314228191495,,,-3.676380149475357,7.160686875614876
-2.176810557843452,0.3378841839234153,-0.780659558737885,2.526457948285025,4.462663082347466,5.44879413902224,,,-3.666038290222723,7.446282481537777
-2.166468698590818,0.353680554962451,-0.7703176994852511,2.417451094955299,4.4730049416001,5.550807789879674,,,-3.655696430970089,7.73538270416931
-2.156126839338184,0.3693432299207909,-0.7599758402326173,2.311025349304685,4.483346800852733,5.65540468350254,,,-3.645354571717455,8.030260110318041
-2.14578498008555,0.3847913122904775,-0.7496339809799835,2.207167701332035,4.493688660105366,5.761639046757654,,,-3.635012712464821,8.329031629000404
-2.135443120832917,0.3999429769291444,-0.7392921217273497,2.105915165585376,4.504030519358,5.86956860835972,,,-3.624670853212188,8.628805959143405
-2.125101261580283,0.4147431937434503,-0.7289502624747158,2.007317292950005,4.514372378610634,5.979229178354807,,,-3.614328993959554,8.929292723922067
-2.114759402327649,0.4291070970800651,-0.718608403222082,1.9114352334463,4.524714237863268,6.090632879343849,,,-3.60398713470692,9.230226914323927
-2.104417543075015,0.4429257752782967,-0.7082665439694482,1.818340614745292,4.535056097115902,6.2037380067648,,,-3.593645275454286,9.531369511994759
-2.094075683822381,0.4561179874636498,-0.6979246847168143,1.728114264156803,4.545397956368536,6.31857339132648,,,-3.583303416201652,9.83250757866659
-2.083733824569747,0.4686048571413764,-0.6875828254641805,1.640844803330113,4.55573981562117,6.434998124723692,,,-3.572961556949018,10.1334538057254
-2.073391965317113,0.4803107097784671,-0.6772409662115467,1.556627145614901,4.566081674873804,6.553000935267375,,,-3.562619697696384,10.43404552568735
-2.063050106064479,0.4911638810260273,-0.6668991069589129,1.475519577679936,4.576423534126437,6.672447810505732,,,-3.552277838443751,10.73414319546541
-2.052708246811846,0.50109756331033,-0.656557247706279,1.397716344571034,4.586765393379071,6.793149139666969,,,-3.541935979191117,11.03484135262874
-2.042366387559212,0.5100504704101667,-0.6462153884536452,1.323269736249194,4.597107252631705,6.914937304172817,,,-3.531594119938483,11.33603042148411
-2.032024528306578,0.5181940498049574,-0.6358735292010114,1.252284241521375,4.607449111884339,7.037687413385831,,,-3.521252260685849,11.63639387788428
-2.021682669053944,0.5254776015921633,-0.6255316699483776,1.18486261038183,4.617790971136973,7.161155583235021,,,-3.510910401433216,11.93584080956186
-2.011340809801311,0.5316376698893431,-0.6151898106957437,1.120966727957822,4.628132830389607,7.28613998695378,,,-3.500568542180582,12.2342894361813
-2.000998950548677,0.5366369778843874,-0.6048479514431099,1.060996026221354,4.638474689642241,7.4123931549481,,,-3.490226682927948,12.53166328388886
-1.990657091296043,0.5404420818680954,-0.5945060921904761,1.004866472950921,4.648816548894875,7.538879525301145,,,-3.479884823675314,12.82788708232081
-1.980315232043409,0.5431899155188424,-0.5841642329378423,0.952660956922302,4.659158408147508,7.665318515481223,,,-3.46954296442268,13.12288243999511
-1.969973372790775,0.5448690564790123,-0.5738223736852084,0.9044538472641043,4.669500267400142,7.791751209873051,,,-3.459201105170046,13.41656335792939
-1.959631513538141,0.5453362153090449,-0.5634805144325746,0.8603100440455703,4.679842126652776,7.917898867163128,,,-3.448859245917412,13.7119707581918
-1.949289654285507,0.5445968324113277,-0.5531386551799408,0.8202841455380164,4.69018398590541,8.04283564355104,,,-3.438517386664778,14.00896449729482
-1.938947795032874,0.5426489119475986,-0.5427967959273069,0.7843755549410062,4.700525845158044,8.168031218685634,,,-3.428175527412145,14.30656511675044
-1.92860593578024,0.5395156831923769,-0.5324549366746731,0.752714005235345,4.710867704410678,8.293171591413287,,,-3.417833668159511,14.60454260880467
-1.918264076527606,0.5352430877454462,-0.5221130774220393,0.7252226636937572,4.721209563663311,8.416170449345964,,,-3.407491808906877,14.90027389098938
-1.907922217274972,0.5301167158106431,-0.5117712181694054,0.702000516854442,4.731551422915945,8.536730165218462,,,-3.397149949654243,15.19345063727644
-1.897580358022338,0.5241678179228242,-0.5014293589167717,0.6829908173121918,4.741893282168578,8.654539629607287,,,-3.38680809040161,15.48373057624342
-1.887238498769704,0.5172011543996161,-0.4910874996641378,0.66817602195086,4.752235141421212,8.770735952224591,,,-3.376466231148976,15.77073508696352
-1.876896639517071,0.5092737097809991,-0.480745640411504,0.6575255544447592,4.762577000673846,8.884963816376805,,,-3.366124371896342,16.05404713914886
-1.866554780264437,0.5004483377183157,-0.4704037811588702,0.6509958607523333,4.77291885992648,8.995585842480519,,,-3.355782512643708,16.3343775505565
-1.856212921011803,0.490792666121789,-0.4600619219062363,0.6485305458303737,4.783260719179114,9.102337239009431,,,-3.345440653391074,16.61121853316329
-1.845871061759169,0.4803787908649769,-0.4497200626536025,0.6500605857441837,4.793602578431748,9.204970908554094,,,-3.33509879413844,16.88343836645189
-1.835529202506535,0.4693463704966639,-0.4393782034009687,0.6554937571633797,4.803944437684382,9.303258037872613,,,-3.324756934885806,17.15043118271074
-1.825187343253901,0.4577728702286839,-0.4290363441483349,0.6647607021395751,4.814286296937015,9.396988412707014,,,-3.314415075633173,17.41094961574219
-1.814845484001268,0.4456727106721071,-0.418694484895701,0.67774281636198,4.824628156189649,9.487968688796927,,,-3.304073216380539,17.66430140669175
-1.804503624748634,0.4331259261973957,-0.4083526256430672,0.6943240858540898,4.834970015442283,9.576016171531784,,,-3.293731357127905,17.90975585400361
-1.794161765496,0.4202115383458616,-0.3980107663904334,0.7143778475743964,4.845311874694917,9.658939436630092,,,-3.283389497875271,18.14890033954875
-1.783819906243366,0.4070081305681644,-0.3876689071377996,0.7377673423384522,4.855653733947551,9.73657009482905,,,-3.273047638622637,18.38091608127938
-1.773478046990732,0.3935933865116152,-0.3773270478851657,0.764346305284018,4.865995593200185,9.808764865590495,,,-3.262705779370004,18.60258192535359
-1.763136187738098,0.3800422632405225,-0.3669851886325319,0.7939595885422371,4.876337452452819,9.875428291527863,,,-3.25236392011737,18.81300616692226
-1.752794328485465,0.366427079908819,-0.3566433293798981,0.8264438105019724,4.886679311705453,9.936417125235373,,,-3.242022060864736,19.01127756469535
-1.742452469232831,0.3528166580321934,-0.3463014701272642,0.8616280257197655,4.897021170958086,9.991583014941835,,,-3.231680201612102,19.1964710556784
-1.732110609980197,0.3392758798525987,-0.3359596108746304,0.8992780686779523,4.90736303021072,10.04094747577174,,,-3.221338342359468,19.37071567683474
-1.721768750727563,0.325865406334406,-0.3256177516219966,0.9393345985456998,4.917704889463354,10.08676352281564,,,-3.210996483106834,19.53540158788037
-1.711426891474929,0.3126407608901858,-0.3152758923693628,0.9815373174521106,4.928046748715988,10.1290796171131,,,-3.2006546238542,19.68647201593591
-1.701085032222296,0.2996528489109921,-0.3049340331167289,1.02564998995423,4.938388607968622,10.16528159464397,,,-3.190312764601567,19.82214322429267
-1.690743172969662,0.2869472629061625,-0.2945921738640951,1.071568384494753,4.948730467221255,10.19537642065139,,,-3.179970905348933,19.94142705982226
-1.680401313717028,0.2745642848922517,-0.2842503146114613,1.119037605793165,4.959072326473889,10.21933353566722,,,-3.169629046096299,20.04179176525818
-1.670059454464394,0.2625388452485251,-0.2739084553588274,1.167853478267053,4.969414185726523,10.23712661556806,,,-3.159287186843665,20.12231131094731
-1.65971759521176,0.2509005527726408,-0.2635665961061936,1.217809440167439,4.979756044979156,10.24875401614058,,,-3.148945327591032,20.18211098423091
-1.649375735959126,0.239673790861888,-0.2532247368535598,1.268668156860788,4.99009790423179,10.25525223168332,,,-3.138603468338398,20.2203765545465
-1.639033876706493,0.2288778738694899,-0.2428828776009259,1.320284055378774,5.000439763484424,10.25865654120677,,,-3.128261609085764,20.23636318118336
-1.628692017453859,0.2185272569808676,-0.2325410183482921,1.372410285461201,5.010781622737058,10.25796716767924,,,-3.11791974983313,20.22940395688336
-1.618350158201225,0.2086317924291391,-0.2221991590956583,1.424836261404128,5.021123481989692,10.25119904587012,,,-3.107577890580496,20.19891798283318
-1.608008298948591,0.1991970245243473,-0.2118572998430245,1.477351364287131,5.031465341242326,10.23839685768413,,,-3.097236031327862,20.14750043141208
-1.597666439695957,0.1902245158047297,-0.2015154405903906,1.529745291935177,5.04180720049496,10.21962686438312,,,-3.086894172075228,20.07473958456216
-1.587324580443324,0.1817424143349707,-0.1911735813377568,1.581808369680768,5.052149059747594,10.19497780038388,,,-3.076552312822594,19.97722324994136
-1.57698272119069,0.1737451417737876,-0.180831722085123,1.633331829625078,5.062490919000227,10.16456166357033,,,-3.066210453569961,19.85707143391515
-1.566640861938056,0.1661937708191163,-0.1704898628324892,1.684108068020732,5.072832778252861,10.12851438200166,,,-3.055868594317327,19.71808480236951
-1.556299002685422,0.1590770852107901,-0.1601480035798553,1.734587258897155,5.083174637505495,10.08703303956198,,,-3.045526735064693,19.55801022058801
-1.545957143432788,0.1523817401544749,-0.1498061443272215,1.784559612873736,5.093516496758129,10.04023912061842,,,-3.035184875812059,19.3727512006305
-1.535615284180154,0.1461360558712729,-0.1394642850745877,1.833541198238484,5.103858356010763,9.988381206759771,,,-3.024843016559426,19.16258890339993
-1.525273424927521,0.1403231717308681,-0.1291224258219539,1.88131830827775,5.114200215263397,9.935175077546972,,,-3.014501157306792,18.92788818265781
-1.514931565674887,0.1348813846128434,-0.11878056656932,1.927291612798906,5.124542074516031,9.880860768675021,,,-3.004159298054158,18.66899438676441
-1.504589706422253,0.1297916680140143,-0.1084387073166862,1.971250828874833,5.134883933768664,9.822172978645542,,,-2.993817438801524,18.38652446921109
-1.494247847169619,0.1250345412981337,-0.09809684806405237,2.013319373423094,5.145225793021298,9.759367208473956,,,-2.98347557954889,18.08583266374566
-1.483905987916985,0.1205903369773736,-0.08775498881141855,2.053330163345851,5.155567652273932,9.692724416562616,,,-2.973133720296256,17.76771118956462
-1.473564128664351,0.116439439271122,-0.07741312955878471,2.090728371441679,5.165909511526566,9.622550897051427,,,-2.962791861043622,17.4283864518403
-1.463222269411718,0.1125760129517115,-0.06707127030615088,2.125306470020158,5.176251370779199,9.549228294187481,,,-2.952450001790988,17.06889369383342
-1.452880410159084,0.1089810361501533,-0.05672941105351706,2.156878557254295,5.186593230031833,9.473025001222329,,,-2.942108142538355,16.69146393043299
-1.44253855090645,0.105622453504126,-0.04638755180088323,2.185267699130089,5.196935089284467,9.3943609283381,,,-2.931766283285721,16.29738873080044
-1.432196691653816,0.1024824507891377,-0.03604569254824941,2.210307143175042,5.207276948537101,9.315249815058086,,,-2.921424424033087,15.88667502684117
-1.421854832401182,0.09954403684684153,-0.02570383329561558,2.231840361140905,5.217618807789735,9.236056494039671,,,-2.911082564780453,15.4607505651338
-1.411512973148549,0.09679112107803382,-0.01536197404298175,2.249727548999294,5.227960667042368,9.155694925114837,,,-2.90074070552782,15.02111041489908
-1.401171113895915,0.0942085690151727,-0.005020114790347927,2.263837869217331,5.238302526295002,9.074545233250772,,,-2.890398846275186,14.56923588532541
-1.390829254643281,0.09178223817166643,0.0053217444622859,2.2740603597151,5.248644385547636,8.994455982292164,,,-2.880056987022552,14.1067732575667
-1.380487395390647,0.08949899642841248,0.01566360371491973,2.28029779949985,5.25898624480027,8.915895139298467,,,-2.869715127769918,13.6384286581668
-1.370145536138013,0.08734672521028465,0.02600546296755355,2.282472201747902,5.269328104052904,8.837944005040235,,,-2.859373268517284,13.16819883709625
-1.359803676885379,0.08531499327835065,0.03634732222018738,2.280521503411213,5.279669963305538,8.761066515742916,,,-2.84903140926465,12.69460945150066
-1.349461817632746,0.08339366315105134,0.04668918147282121,2.274409750435005,5.290011822558172,8.685764405049355,,,-2.838689550012016,12.21703181067735
-1.339119958380112,0.08157286129151858,0.05703104072545503,2.264127861302517,5.300353681810805,8.612539483763456,,,-2.828347690759383,11.73706455689631
-1.328778099127478,0.07984431376569311,0.06737289997808886,2.249667787391651,5.310695541063439,8.541900517502434,,,-2.818005831506749,11.25627523515286
-1.318436239874844,0.07820061962536001,0.07771475923072269,2.231073867513711,5.321037400316073,8.475133064280413,,,-2.807663972254115,10.77632939827163
-1.30809438062221,0.07663520333962452,0.08805661848335652,2.208389560582972,5.331379259568707,8.412769315812671,,,-2.797322113001481,10.2988170329568
-1.297752521369576,0.07514226369341209,0.09839847773599035,2.181690947817661,5.341721118821341,8.354512613462788,,,-2.786980253748848,9.825293444510734
-1.287410662116943,0.0737167200123371,0.1087403369886242,2.152022565632258,5.352062978073975,8.300858358267739,,,-2.776638394496214,9.357270922048567
-1.277068802864309,0.0723541563905144,0.119082196241258,2.120767675223391,5.362404837326609,8.252921358545981,,,-2.76629653524358,8.89621114879885
-1.266726943611675,0.07105076444069015,0.1294240554938918,2.087124327549151,5.372746696579243,8.211185909475413,,,-2.755954675990946,8.443575402306886
-1.256385084359041,0.0698088383419245,0.1397659147465257,2.049943734442865,5.383088555831876,8.175456971639941,,,-2.745612816738312,8.00060581017145
-1.246043225106407,0.0686255644722283,0.1501077739991595,2.009372807283891,5.39343041508451,8.147425644143453,,,-2.735270957485678,7.568605139028288
-1.235701365853773,0.06749296232570139,0.1604496332517933,1.965587835891858,5.403772274337143,8.127527945983974,,,-2.724929098233044,7.148767695170005
-1.22535950660114,0.06645245199869375,0.1707914925044271,1.918784917252753,5.414114133589777,8.114808501639546,,,-2.71458723898041,6.742301284704651
-1.215017647348506,0.06550194342012688,0.181133351757061,1.869178503686995,5.424455992842411,8.109586321597357,,,-2.704245379727777,6.350194711292713
-1.204675788095872,0.06459528938052021,0.1914752110096948,1.81699969698437,5.434797852095045,8.112141953589079,,,-2.693903520475143,5.973420049220524
-1.194333928843238,0.06373160988136731,0.2018170702623286,1.762494310837604,5.445139711347679,8.122716703150225,,,-2.683561661222509,5.612871022701674
-1.183992069590604,0.0629084760604451,0.2121589295149625,1.705920729034068,5.455481570600313,8.141831476647868,,,-2.673219801969875,5.269363755981905
-1.17365021033797,0.06212419412243082,0.2225007887675963,1.647547591363663,5.465823429852946,8.169624037852415,,,-2.662877942717242,4.943638319413422
-1.163308351085337,0.06137713388835495,0.2328426480202301,1.587651342948115,5.47616528910558,8.205858604832567,,,-2.652536083464608,4.636360990411202
-1.152966491832703,0.06066568290689572,0.2431845072728639,1.526513685593926,5.486507148358214,8.250502999609912,,,-2.642194224211974,4.348127135749279
-1.142624632580069,0.0599882024817743,0.2535263665254978,1.464418971746667,5.496849007610848,8.304695282845689,,,-2.63185236495934,4.079464610976843
-1.132282773327435,0.05934298621715062,0.2638682257781316,1.40165158263502,5.507190866863482,8.368308035385907,,,-2.621510505706706,3.830814710633639
-1.121940914074801,0.05872822174141053,0.2742100850307654,1.338493332225742,5.517532726116116,8.440510826078608,,,-2.611168646454072,3.602669295097182
-1.111599054822167,0.05813768976787258,0.2845519442833992,1.275220937680968,5.52787458536875,8.521018528176128,,,-2.600826787201438,3.395284977830891
-1.101257195569534,0.05757870847006845,0.2948938035360331,1.212103595160813,5.538216444621384,8.608931856610686,,,-2.590484927948805,3.20898949955463
-1.0909153363169,0.05704349508764651,0.3052356627886669,1.149400697116213,5.548558303874017,8.703777172733535,,,-2.580143068696171,3.04403476189807
-1.080573477064266,0.05653768618792925,0.3155775220413007,1.087359723761185,5.558900163126651,8.805118977476207,,,-2.569801209443537,2.900629856044929
-1.070231617811632,0.05604470583507359,0.3259193812939346,1.026214337311267,5.569242022379285,8.912290377786098,,,-2.559459350190903,2.778944755081795
-1.059889758558998,0.05556683831726662,0.3362612405465684,0.9661827029510585,5.579583881631919,9.024665598038222,,,-2.549117490938269,2.679113578559849
-1.049547899306364,0.05510429390010661,0.3466030997992022,0.9074660554846694,5.589925740884553,9.141499427005279,,,-2.538775631685636,2.601237333976976
-1.039206040053731,0.05465128041024744,0.356944959051836,0.8502475253695769,5.600267600137187,9.262881818133181,,,-2.528433772433002,2.545326909686124
-1.028864180801097,0.0542050819658346,0.3672868183044699,0.7946912324793289,5.610609459389821,9.387910930393227,,,-2.518091913180368,2.511553696933315
-1.018522321548463,0.05376555446826572,0.3776286775571037,0.7409416506223189,5.620951318642454,9.514802824839791,,,-2.507750053927734,2.49986780336089
-1.008180462295829,0.05332248192319498,0.3879705368097375,0.6891232406935898,5.631293177895088,9.642662596962404,,,-2.4974081946751,2.510251728009605
-0.9978386030431954,0.05287493197284693,0.3983123960623713,0.6393403454741183,5.641635037147721,9.77044094375939,,,-2.487066335422466,2.542649296620982
-0.9874967437905615,0.05241521866654978,0.4086542553150052,0.5916773346226935,5.651976896400355,9.897099522608375,,,-2.476724476169833,2.596984276594707
-0.9771548845379276,0.05194967762973727,0.418996114567639,0.5461989844181654,5.662318755652989,10.02160764148067,,,-2.466382616917199,2.673147016338957
-0.9668130252852939,0.05146905664960695,0.4293379738202728,0.5029510733747891,5.672660614905623,10.14447647608451,,,-2.456040757664565,2.77117762078481
-0.95647116603266,0.05097017221521632,0.4396798330729066,0.4619611720216183,5.683002474158257,10.26470076121021,,,-2.445698898411931,2.890566900871846
-0.9461293067800262,0.05045400502957471,0.4500216923255405,0.4232396029397026,5.693344333410891,10.37949743969034,,,-2.435357039159297,3.03121194531837
-0.9357874475273924,0.04991798267275359,0.4603635515781743,0.3867805456001862,5.703686192663525,10.48779722598233,,,-2.425015179906663,3.192885388309558
-0.9254455882747585,0.04935606217837143,0.4707054108308081,0.3525632596360329,5.714028051916158,10.58856257606608,,,-2.41467332065403,3.375219194040818
-0.9151037290221247,0.04876540121333248,0.4810472700834419,0.3205533998868741,5.724369911168792,10.68079869620437,,,-2.404331461401396,3.577851005801566
-0.9047618697694909,0.04814765514921597,0.4913891293360758,0.2907043968424658,5.734711770421426,10.76356420702077,,,-2.393989602148762,3.800316172032359
-0.894420010516857,0.04750097088295516,0.5017309885887096,0.2629588769248903,5.74505362967406,10.83594359413693,,,-2.383647742896128,4.042154029765101
-0.8840781512642233,0.04684752941514666,0.5120728478413434,0.2372500983322916,5.755395488926694,10.89721552022141,,,-2.373305883643494,4.302671163212314
-0.8737362920115894,0.04620378798798202,0.5224147070939773,0.2135033798494586,5.765737348179328,10.94660955571578,,,-2.362964024390861,4.581254932382771
-0.8633944327589556,0.04554973451060298,0.5327565663466111,0.1916375020399624,5.776079207431962,10.98349237390948,,,-2.352622165138227,4.877156849691066
-0.8530525735063218,0.04487613380247033,0.5430984255992449,0.1715660624954675,5.786421066684595,11.0076287492847,,,-2.342280305885593,5.189529463443413
-0.8427107142536879,0.04418658438949292,0.5534402848518788,0.1531987692550772,5.796762925937229,11.02062824738042,,,-2.331938446632959,5.517450740055417
-0.8323688550010541,0.04348223013045921,0.5637821441045126,0.1364426590481005,5.807104785189863,11.02401846492503,,,-2.321596587380325,5.859909865223018
-0.8220269957484203,0.04276890155338842,0.5741240033571464,0.1212032295886748,5.817446644442497,11.01546077185715,,,-2.311254728127691,6.215806815692535
-0.8116851364957864,0.04205597012704936,0.5844658626097802,0.1073854776970955,5.827788503695131,10.9951541997172,,,-2.300912868875058,6.583895399518141
-0.8013432772431526,0.04135566136185228,0.594807721862414,0.09489483748440976,5.838130362947765,10.96296243685081,,,-2.290571009622424,6.962983987834053
-0.7910014179905188,0.0406763376239041,0.6051495811150479,0.08363801516557438,5.848472222200399,10.91924301992947,,,-2.28022915036979,7.351753544876899
-0.780659558737885,0.0400238150041836,0.6154914403676817,0.07352371922245883,5.858814081453033,10.86402881023931,,,-2.269887291117156,7.748658499974811
-0.7703176994852511,0.03941015562506944,0.6258332996203155,0.06446328659006501,5.869155940705665,10.79469421151482,,,-2.259545431864522,8.152266201818552
-0.7599758402326173,0.03884872496818469,0.6361751588729494,0.05637120726503039,5.879497799958299,10.71152306264706,,,-2.249203572611889,8.560965293544463
-0.7496339809799835,0.03835418452833961,0.6465170181255832,0.04916555122055803,5.889839659210933,10.61490142364154,,,-2.238861713359255,8.973124738969272
-0.7392921217273497,0.03794247454843309,0.656858877378217,0.0427683027499199,5.900181518463567,10.50531237614864,,,-2.228519854106621,9.387066372722213
-0.7289502624747158,0.03763078638206879,0.6672007366308509,0.03710560835219233,5.910523377716201,10.38331081197101,,,-2.218177994853987,9.801075941455755
-0.718608403222082,0.03743752396733321,0.6775425958834846,0.03210794502566971,5.920865236968835,10.24955879589544,,,-2.207836135601353,10.21341520464008
-0.7082665439694482,0.03738225379908523,0.6878844551361185,0.02771021635849673,5.931207096221469,10.10484981816443,,,-2.197494276348719,10.62233496890735
-0.6979246847168143,0.03748564268835537,0.6982263143887523,0.02385178411875587,5.941548955474103,9.949937832273658,,,-2.187152417096085,11.02608890983563
-0.6875828254641805,0.03776938250361283,0.7085681736413861,0.02047644316712727,5.951890814726736,9.785683413953096,,,-2.176810557843452,11.42296368508898
-0.6772409662115467,0.03825610100797133,0.71891003289402,0.0175323474662003,5.96223267397937,9.612996632247247,,,-2.166468698590818,11.81126295099305
-0.6668991069589129,0.03896868852540884,0.7292518921466538,0.01497189476486964,5.972574533232004,9.432827679690961,,,-2.156126839338184,12.18932338694731
-0.656557247706279,0.03993257656330498,0.7395937513992876,0.01275157721787542,5.982916392484638,9.246157430218149,,,-2.14578498008555,12.5555714368297
-0.6462153884536452,0.0411717969101182,0.7499356106519215,0.01083180478317339,5.993258251737272,9.0539880451794,,,-2.135443120832917,12.9084261775897
-0.6358735292010114,0.04271152269124626,0.7602774699045552,0.009164341353654768,6.003600110989906,8.85887118136151,,,-2.125101261580283,13.25207450091889
-0.6255316699483776,0.04457717444302433,0.7706193291571891,0.007744189707102962,6.01394197024254,8.661811812502284,,,-2.114759402327649,13.58507254838854
-0.6151898106957437,0.0467934101971841,0.780961188409823,0.006519472476009348,6.024283829495173,8.462633497951941,,,-2.104417543075015,13.90069747691873
-0.6048479514431099,0.04938736099286155,0.7913030476624567,0.005480804917105492,6.034625688747807,8.262241364275086,,,-2.094075683822381,14.20016283609963
-0.5945060921904761,0.05238293287831666,0.8016449069150906,0.004595164846940637,6.044967548000441,8.061354717541164,,,-2.083733824569747,14.48239319574656
-0.5841642329378423,0.05580443012513021,0.8119867661677245,0.003842462893439054,6.055309407253075,7.860823408324094,,,-2.073391965317113,14.7442288510277
-0.5738223736852084,0.05967524996942707,0.8223286254203582,0.003197992800495385,6.065651266505709,7.661526361320107,,,-2.063050106064479,14.98487730888813
-0.5634805144325746,0.06401759641111607,0.8326704846729921,0.002660443282611218,6.075993125758343,7.464295414927438,,,-2.052708246811846,15.20400309809248
-0.5531386551799408,0.06885217817430789,0.8430123439256259,0.002207506069825748,6.086334985010977,7.269944491847686,,,-2.042366387559212,15.40114828990866
-0.5427967959273069,0.07419763837967699,0.8533542031782597,0.00182699487825205,6.09667684426361,7.081335329047024,,,-2.032024528306578,15.57779707703513
-0.5324549366746731,0.08007130130203299,0.8636960624308936,0.00150828903866823,6.107018703516244,6.899150628504429,,,-2.021682669053944,15.73393973328031
-0.5221130774220393,0.0864871367412645,0.8740379216835273,0.001242167601400053,6.117360562768877,6.721890759961346,,,-2.011340809801311,15.87048630798424
-0.5117712181694054,0.09345662916625222,0.8843797809361612,0.001020655417066768,6.127702422021511,6.550075154865675,,,-2.000998950548677,15.98776169472516
-0.5014293589167717,0.1009881197265504,0.8947216401887951,0.0008368813641380242,6.138044281274145,6.384259381662652,,,-1.990657091296043,16.08396189490504
-0.4910874996641378,0.1090864775421828,0.9050634994414288,0.0006849486605855773,6.148386140526779,6.224830788949461,,,-1.980315232043409,16.16106214791768
-0.480745640411504,0.1177527831584092,0.9154053586940627,0.000559817005779125,6.158727999779413,6.072151024942452,,,-1.969973372790775,16.21990753493251
-0.4704037811588702,0.1269840301486629,0.9257472179466966,0.0004571961467135053,6.169069859032047,5.926490690249931,,,-1.959631513538141,16.26135881989427
-0.4600619219062363,0.1367728511198706,0.9360890771993303,0.0003734503458711442,6.179411718284681,5.788321045517125,,,-1.949289654285507,16.28648087324381
-0.4497200626536025,0.1471072745240352,0.9464309364519642,0.0003055131425501724,6.189753577537314,5.658265796925206,,,-1.938947795032874,16.29547370949852
-0.4393782034009687,0.1579705058125468,0.9567727957045979,0.0002508117413171288,6.200095436789948,5.536238743567425,,,-1.92860593578024,16.28968173785994
-0.4290363441483349,0.1693408192365457,0.9671146549572318,0.0002072003264398186,6.210437296042582,5.421776301510572,,,-1.918264076527606,16.27294601149616
-0.418694484895701,0.1811913588054567,0.9774565142098657,0.0001729015859511173,6.220779155295216,5.314844143662603,,,-1.907922217274972,16.24943406867647
-0.4083526256430672,0.1934901413079747,0.9877983734624994,0.0001464557298519419,6.23112101454785,5.2153736496936,,,-1.897580358022338,16.21822537970364
-0.3980107663904334,0.2062000419568089,0.9981402327151333,0.0001266763006279577,6.241462873800484,5.123151612578149,,,-1.887238498769704,16.17821499396948
-0.3876689071377996,0.2192788603901138,1.008482091967767,0.0001126120977920644,6.251804733053118,5.038026049922245,,,-1.876896639517071,16.13096293568214
-0.3773270478851657,0.2326794538961687,1.018823951220401,0.0001035145689690516,6.262146592305752,4.959711586317614,,,-1.866554780264437,16.07805428931184
-0.3669851886325319,0.2463499399753724,1.029165810473035,8.101064362216247e-05,6.272488451558385,4.887900169355074,,,-1.856212921011803,16.02097650617618
-0.3566433293798981,0.260233969163977,1.080875106736204,0.0001163345014895169,6.282830310811019,4.822223420475012,,,-1.845871061759169,15.96125822740982
-0.3463014701272642,0.2742710677598096,1.091216965988838,0.0001363961921843936,6.293172170063653,4.76230957249297,,,-1.835529202506535,15.90269409450758
-0.3359596108746304,0.2883969441096778,1.101558825241472,0.0001594904635376579,6.303514029316287,4.707707952951129,,,-1.825187343253901,15.84662846007549
-0.3256177516219966,0.3025444054058972,1.111900684494106,0.0001859970068922775,6.313855888568921,4.65792612604394,,,-1.814845484001268,15.79247031255943
-0.3152758923693628,0.3166431951559693,1.122242543746739,0.0002207398013974713,6.324197747821554,4.612521618093445,,,-1.804503624748634,15.7413594407355
-0.3049340331167289,0.330620260816773,1.132584402999373,0.0002565097164587264,6.334539607074188,4.570945647107526,,,-1.794161765496,15.69368289395108
-0.2945921738640951,0.344403711013793,1.142926262252007,0.0002973263266102195,6.344881466326822,4.532669613781595,,,-1.783819906243366,15.65021082665106
-0.2842503146114613,0.3579180205875341,1.153268121504641,0.0003437755896516576,6.355223325579455,4.497135864654778,,,-1.773478046990732,15.61175480730243
-0.2739084553588274,0.3710886168474897,1.163609980757275,0.0003964925656924197,6.365565184832089,4.463959519865152,,,-1.763136187738098,15.57872899863253
-0.2635665961061936,0.3838415701742481,1.173951840009908,0.0004561630631650328,6.375907044084723,4.432581751486421,,,-1.752794328485465,15.55157795219532
-0.2532247368535598,0.3961043312314175,1.184293699262542,0.0005235250652452718,6.386248903337357,4.402307674544684,,,-1.742452469232831,15.53052968718142
-0.2428828776009259,0.4078064656749837,1.194635558515176,0.0005993699195968776,6.396590762589991,4.373718466823923,,,-1.732110609980197,15.51565402279164
-0.2325410183482921,0.4188803748220076,1.20497741776781,0.000684543281387767,6.406932621842625,4.346288310865765,,,-1.721768750727563,15.5069756038294
-0.2221991590956583,0.4292619907829229,1.215319277020444,0.000779945808080824,6.417274481095259,4.318360015227393,,,-1.711426891474929,15.50412175561243
-0.2118572998430245,0.4388914348594841,1.225661136273078,0.0008865336145325013,6.427616340347893,4.28951992154687,,,-1.701085032222296,15.50670588001881
-0.2015154405903906,0.4477136285608809,1.236002995525711,0.001005318508314037,6.437958199600526,4.25924892480889,,,-1.690743172969662,15.51580080951373
-0.1911735813377568,0.4556788473836544,1.246344854778345,0.001137368037703012,6.44830005885316,4.227177284629299,,,-1.680401313717028,15.53076180652522
-0.180831722085123,0.4627432085198296,1.256686714030979,0.001283805398192683,6.458641918105794,4.193296713425778,,,-1.670059454464394,15.54928354209026
-0.1704898628324892,0.4688690848784144,1.267028573283613,0.001445809257259098,6.468983777358428,4.157286984658517,,,-1.65971759521176,15.57050757968971
-0.1601480035798553,0.474356399455111,1.277370432536247,0.001624613571046128,6.479325636611062,4.119714965334811,,,-1.649375735959126,15.59349881199567
-0.1498061443272215,0.4791783036538455,1.287712291788881,0.00182150748002086,6.489667495863696,4.080350628066888,,,-1.639033876706493,15.61726286223089
-0.1394642850745877,0.4830590547221824,1.298054151041514,0.002037835382875799,6.50000935511633,4.037801429805238,,,-1.628692017453859,15.64076415197431
-0.1291224258219539,0.4859827471987879,1.308396010294148,0.00227499729829429,6.510351214368963,3.991948984708625,,,-1.618350158201225,15.66294432119254
-0.11878056656932,0.4878624131461268,1.318737869546782,0.002534449631874127,6.520693073621597,3.943355215628892,,,-1.608008298948591,15.68274068451297
-0.1084387073166862,0.4886959834617596,1.329079728799416,0.002817706469702437,6.531034932874231,3.892044458304599,,,-1.597666439695957,15.69910441257714
-0.09809684806405237,0.4886470711664224,1.33942158805205,0.003139058130783932,6.541376792126865,3.837353607599721,,,-1.587324580443324,15.71340084790355
-0.08775498881141855,0.4877263623050828,1.349763447304683,0.003478059483091047,6.551718651379499,3.779381248624169,,,-1.57698272119069,15.72464175225995
-0.07741312955878471,0.4857913603240798,1.360105306557317,0.003846606393731475,6.562060510632132,3.718236890981487,,,-1.566640861938056,15.72950119374802
-0.06707127030615088,0.482864490149976,1.370447165809951,0.004246661819117128,6.572402369884766,3.654117716933098,,,-1.556299002685422,15.72711483756919
-0.05672941105351706,0.4789741481529131,1.380789025062585,0.004680304751284982,6.5827442291374,3.588488445201838,,,-1.545957143432788,15.71671046459099
-0.04638755180088323,0.4741542671850454,1.391130884315219,0.00514974432679439,6.593086088390034,3.521580721941954,,,-1.535615284180154,15.70541687094528
-0.03604569254824941,0.4684438327110899,1.401472743567853,0.00565733617474876,6.603427947642667,3.45251863645146,,,-1.525273424927521,15.69261623659042
-0.02570383329561558,0.4618862861983413,1.411814602820486,0.006205601092717492,6.613769806895301,3.381593281280807,,,-1.514931565674887,15.66995262671362
-0.01536197404298175,0.4545292799914388,1.42215646207312,0.006797246092635691,6.624111666147935,3.30915887162273,,,-1.504589706422253,15.63699655824819
-0.005020114790347927,0.4464236148150215,1.432498321325754,0.007435187803761486,6.634453525400569,3.235593016762834,,,-1.494247847169619,15.59345283199597
0.0053217444622859,0.4376230019784878,1.442840180578388,0.008122578156897996,6.644795384653203,3.161291687689567,,,-1.483905987916985,15.53916369694561
0.01566360371491973,0.428183385113032,1.453182039831022,0.008862832204046005,6.655137243905837,3.086662810807984,,,-1.473564128664351,15.47410997711911
0.02600546296755355,0.4181623619316096,1.463523899083655,0.009659657851443248,6.665479103158471,3.012122254883449,,,-1.463222269411718,15.40085080933084
0.03634732222018738,0.4076182118037697,1.473865758336289,0.01052522515985409,6.675820962411104,2.938087567024807,,,-1.452880410159084,15.31962023493223
0.04668918147282121,0.3966107914358655,1.484207617588923,0.01144979221923764,6.686162821663738,2.864972942984795,,,-1.44253855090645,15.23063072483886
0.05703104072545503,0.38519950493627,1.494549476841557,0.01244466154961844,6.696504680916372,2.793194277799686,,,-1.432196691653816,15.13433447828831
0.06737289997808886,0.3734427663260777,1.504891336094191,0.01351515764517458,6.706846540169006,2.723468950107449,,,-1.421854832401182,15.02897615129224
0.07771475923072269,0.3613986905648555,1.515233195346825,0.01466708727056321,6.71718839942164,2.656155463249868,,,-1.411512973148549,14.91521904020789
0.08805661848335652,0.3491238847867569,1.525575054599458,0.01590677615225994,6.727530258674274,2.591283961707373,,,-1.401171113895915,14.79382857031818
0.09839847773599035,0.336673408681634,1.535916913852092,0.01724110447953672,6.737872117926908,2.529222647199973,,,-1.390829254643281,14.665662566937
0.1087403369886242,0.3241984668634404,1.546258773104726,0.01867754045972571,6.748213977179542,2.470167273898229,,,-1.380487395390647,14.5316607722179
0.119082196241258,0.3118212080308606,1.55660063235736,0.02022417112948021,6.758555836432175,2.414488825907967,,,-1.370145536138013,14.39283377049806
0.1294240554938918,0.2994901514003943,1.566942491609994,0.02188972959378007,6.768897695684809,2.362305130454909,,,-1.359803676885379,14.25083126937096
0.1397659147465257,0.2871762014055604,1.577284350862628,0.02368361784883616,6.779239554937443,2.313930520890515,,,-1.349461817632746,14.10676605725907
0.1501077739991595,0.2749198827552001,1.587626210115261,0.02561592434484047,6.789581414190076,2.269460178808322,,,-1.339119958380112,13.96120208312711
0.1604496332517933,0.2627589805869135,1.597968069367895,0.02769743546025377,6.79992327344271,2.22901987350455,,,-1.328778099127478,13.81530676762879
0.1707914925044271,0.2507285064576626,1.608309928620529,0.02993964009109534,6.810265132695344,2.192699050660305,,,-1.318436239874844,13.67025931824105
0.181133351757061,0.2388606933846632,1.618651787873163,0.03235472660605511,6.820606991947978,2.160551303428059,,,-1.30809438062221,13.52723894461914
0.1914752110096948,0.2271850160506907,1.628993647125797,0.03495557148021099,6.830948851200612,2.132603437564404,,,-1.297752521369576,13.38741324192631
0.2018170702623286,0.2157282323170611,1.639335506378431,0.03775571899521519,6.841290710453245,2.108840427689154,,,-1.287410662116943,13.25192679122734
0.2121589295149625,0.2045144423197926,1.649677365631064,0.04076935148005276,6.851632569705879,2.089207113036277,,,-1.277068802864309,13.12189001564208
0.2225007887675963,0.1935651616445026,1.660019224883698,0.04401124966150313,6.861974428958513,2.07362658985511,,,-1.266726943611675,12.998368323319
0.2328426480202301,0.1828994053662043,1.670361084136332,0.0474967427945651,6.872316288211147,2.061994367306313,,,-1.256385084359041,12.88546092770269
0.2431845072728639,0.172533780083336,1.680702943388966,0.05124164834744511,6.882658147463781,2.054180907644897,,,-1.246043225106407,12.78408717112039
0.2535263665254978,0.1624825814531199,1.6910448026416,0.05526220112028875,6.893000006716415,2.050034349163909,,,-1.235701365853773,12.69197701422284
0.2638682257781316,0.1527578951303722,1.701386661894233,0.05957497177875516,6.903341865969049,2.04938336074341,,,-1.22535950660114,12.6122034031994
0.2742100850307654,0.1433696994080842,1.711728521146867,0.06421590666492544,6.913683725221683,2.05204007701108,,,-1.215017647348506,12.54539043524141
0.2845519442833992,0.1343259682410716,1.722070380399501,0.06920180868536661,6.924025584474316,2.057774097644807,,,-1.204675788095872,12.48960301755199
0.2948938035360331,0.1256327736914353,1.732412239652135,0.07453022694514529,6.93436744372695,2.066437466344809,,,-1.194333928843238,12.44546656277864
0.3052356627886669,0.1172943871565163,1.742754098904769,0.08021775540471836,6.944709302979584,2.077766956518861,,,-1.183992069590604,12.41313687520373
0.3155775220413007,0.1093133790189659,1.753095958157403,0.08628077343473384,6.955051162232218,2.091553652988389,,,-1.17365021033797,12.39427394582475
0.3259193812939346,0.1016907165895129,1.763437817410036,0.09273530898347915,6.965393021484852,2.10756184065829,,,-1.163308351085337,12.38900409781775
0.3362612405465684,0.09442586039347005,1.77377967666267,0.09959689296294007,6.975734880737486,2.126104406242899,,,-1.152966491832703,12.39562425564259
0.3466030997992022,0.08751685898174905,1.784121535915304,0.106880405281767,6.98607673999012,2.147561256489239,,,-1.142624632580069,12.41389207371913
0.356944959051836,0.08096044252798354,1.794463395167938,0.1145999129885473,6.996418599242753,2.171158132895715,,,-1.132282773327435,12.4434314206841
0.3672868183044699,0.07475211550889886,1.804805254420572,0.1227685010250367,7.006760458495387,2.196056328823444,,,-1.121940914074801,12.48373137319576
0.3776286775571037,0.06888624876036527,1.815147113673206,0.1313980961305401,7.01710231774802,2.221992374146951,,,-1.111599054822167,12.53411539154111
0.3879705368097375,0.0633561711627575,1.825488972925839,0.1404992844899331,7.027444177000654,2.248852875253181,,,-1.101257195569534,12.59387341179511
0.3983123960623713,0.05815426114317235,1.835830832178473,0.1500811237835133,7.037786036253288,2.276362114638375,,,-1.0909153363169,12.66201382895502
0.4086542553150052,0.05327203809594283,1.846172691431107,0.1601509503814537,7.048127895505922,2.304338875321691,,,-1.080573477064266,12.7376589227497
0.418996114567639,0.04870025372397893,1.856514550683741,0.1707141825331802,7.058469754758556,2.332603902219455,,,-1.070231617811632,12.81949449867313
0.4293379738202728,0.04442898319874085,1.866856409936375,0.1817741205358867,7.06881161401119,2.360990357641623,,,-1.059889758558998,12.9063153340732
0.4396798330729066,0.04044771593256058,1.877198269189009,0.1933317450289807,7.079153473263823,2.38934384760433,,,-1.049547899306364,12.99673975252617
0.4500216923255405,0.03674544565929088,1.887540128441642,0.2053855147535917,7.089495332516457,2.417522193736366,,,-1.039206040053731,13.08928329780942
0.4603635515781743,0.03331075943269868,1.897881987694276,0.2179311653379004,7.099837191769091,2.445391550872194,,,-1.028864180801097,13.18245199864809
0.4707054108308081,0.03013192508046796,1.90822384694691,0.2309615109177244,7.110179051021725,2.47283089879614,,,-1.018522321548463,13.27579613235088
0.4810472700834419,0.02719697659791536,1.918565706199544,0.2444662506734341,7.120520910274359,2.499747340503698,,,-1.008180462295829,13.36817400092016
0.4913891293360758,0.02449379693129103,1.928907565452178,0.2584317826527875,7.130862769526993,2.526029441875934,,,-0.9978386030431954,13.45668755587081
0.5017309885887096,0.02201019758656127,1.939249424704812,0.2728410275466709,7.141204628779627,2.551585635313946,,,-0.9874967437905615,13.53907136458434
0.5120728478413434,0.01973399450564801,1.949591283957445,0.287673265381164,7.151546488032261,2.577438938435216,,,-0.9771548845379276,13.61364036087705
0.5224147070939773,0.01765307967720215,1.959933143210079,0.3029039883733265,7.161888347284894,2.603480285466345,,,-0.9668130252852939,13.67861593942367
0.5327565663466111,0.01575548799138805,1.970275002462713,0.3185047734568145,7.172230206537528,2.628666890833089,,,-0.95647116603266,13.7323234572297
0.5430984255992449,0.01402945890557575,1.980616861715347,0.3344431782030686,7.182572065790162,2.652909774353507,,,-0.9461293067800262,13.77429929442799
0.5534402848518788,0.01246349255758717,1.990958720967981,0.3506826640300921,7.192913925042796,2.675987333190383,,,-0.9357874475273924,13.80300049890058
0.5637821441045126,0.01104640004228063,2.001300580220615,0.3671825506894616,7.20325578429543,2.697814349943972,,,-0.9254455882747585,13.81639945171681
0.5741240033571464,0.009767347652723175,2.011642439473248,0.383898006039494,7.213597643548064,2.718306936768391,,,-0.9151037290221247,13.81311195395375
0.5844658626097802,0.008615894975948057,2.021984298725882,0.4007800750359427,7.223939502800698,2.737381968143331,,,-0.9047618697694909,13.79145371360333
0.594807721862414,0.007582026822410424,2.032326157978516,0.4177757516904574,7.234281362053331,2.754956655813135,,,-0.894420010516857,13.75030056364796
0.6051495811150479,0.006656179055048971,2.04266801723115,0.4350128507072822,7.244623221305964,2.77094827976885,,,-0.8840781512642233,13.69035319371318
0.6154914403676817,0.005829258465951496,2.053009876483784,0.4524291891255769,7.254965080558598,2.785274085314525,,,-0.8737362920115894,13.61322138538126
0.6258332996203155,0.005092656923982529,2.063351735736418,0.4697728258822384,7.265306939811232,2.798123956808523,,,-0.8633944327589556,13.51677085398534
0.6361751588729494,0.004438260083733752,2.073693594989051,0.4869733607861561,7.275648799063866,2.809413268412837,,,-0.8530525735063218,13.40134790582823
0.6465170181255832,0.003858451003585749,2.084035454241685,0.5039575478664031,7.2859906583165,2.818780282237892,,,-0.8427107142536879,13.2667426124442
0.656858877378217,0.003346109067718235,2.094377313494319,0.5206501031059317,7.296332517569134,2.826147010749275,,,-0.8323688550010541,13.10984464979833
0.6672007366308509,0.002894604643165412,2.104719172746953,0.5369727275024156,7.306674376821768,2.831427050476725,,,-0.8220269957484203,12.93083605271417
0.6775425958834846,0.002497789928439606,2.115061031999587,0.5528466738742426,7.317016236074402,2.834519752636775,,,-0.8116851364957864,12.73016418648982
0.6878844551361185,0.002149986465123144,2.12540289125222,0.5681920254136895,7.327358095327035,2.835396640573307,,,-0.8013432772431526,12.51302185769414
0.6982263143887523,0.001845969788719872,2.135744750504854,0.582928611530996,7.337699954579669,2.833961033468475,,,-0.7910014179905188,12.28238981667309
0.7085681736413861,0.001580951690758232,2.146086609757488,0.5969766540786587,7.348041813832303,2.830966180623474,,,-0.780659558737885,12.03459541539951
0.71891003289402,0.001350560551619804,2.156428469010122,0.610257443617647,7.358383673084937,2.826352972097113,,,-0.7703176994852511,11.76835286352035
0.7292518921466538,0.001150820183929088,2.166770328262756,0.6226940384057713,7.368725532337571,2.819239775168284,,,-0.7599758402326173,11.48494720178296
0.7395937513992876,0.0009781276007557163,2.17711218751539,0.634211977953782,7.379067391590205,2.809573058268704,,,-0.7496339809799835,11.18571717247379
0.7499356106519215,0.0008292300925533305,2.187454046768023,0.6447400022729018,7.389409250842839,2.79733117904597,,,-0.7392921217273497,10.87217708367726
0.7602774699045552,0.0006949664482370887,2.197795906020657,0.6542107673523411,7.399751110095472,2.782458924391416,,,-0.7289502624747158,10.54596310652927
0.7706193291571891,0.0005865128199917436,2.208137765273291,0.6625615469782055,7.410092969348106,2.764997607365321,,,-0.718608403222082,10.20881516224017
0.780961188409823,0.0004922296230178697,2.218479624525925,0.6697349107542423,7.42043482860074,2.74498621433965,,,-0.7082665439694482,9.862557932614211
0.7913030476624567,0.0004179389149094345,2.228821483778559,0.6756805505372888,7.430776687853374,2.723003709938289,,,-0.6979246847168143,9.509081294492049
0.8016449069150906,0.0003519879843760932,2.239163343031192,0.6803514624281176,7.441118547106008,2.699022075630476,,,-0.6875828254641805,9.150320478106137
0.8119867661677245,0.0002964909795507827,2.249505202283826,0.6837107295138733,7.451460406358642,2.672543310676269,,,-0.6772409662115467,8.788236242771477
0.8223286254203582,0.0002471316251941537,2.25984706153646,0.6862608016893147,7.461802265611276,2.643630473762407,,,-0.6668991069589129,8.424750459174653
0.8326704846729921,0.0002093756625009578,2.270188920789094,0.6879751193365359,7.47214412486391,2.612994142010023,,,-0.656557247706279,8.061916267251494
0.8430123439256259,0.0001784934836516629,2.280530780041728,0.6882985155798629,7.482485984116543,2.580736098367634,,,-0.6462153884536452,7.701599942804049
0.8533542031782597,0.0001536922208507915,2.290872639294362,0.6872172562385208,7.492827843369176,2.546336788614539,,,-0.6358735292010114,7.345676289820916
0.8636960624308936,0.0001343206755986316,2.301214498546996,0.6847266414109209,7.50316970262181,2.510075283396705,,,-0.6255316699483776,6.995955843123641
0.8740379216835273,0.0001198609305329938,2.311556357799629,0.6808311356332311,7.513511561874444,2.472414047437085,,,-0.6151898106957437,6.654023398734082
0.8843797809361612,0.0001099214824207938,2.321898217052263,0.6755444425926422,7.523853421127078,2.433308609812669,,,-0.6048479514431099,6.321843835063815
0.8947216401887951,0.0001042319675591417,2.332240076304897,0.6688894649426896,7.534195280379712,2.392662783220108,,,-0.5945060921904761,6.000768947056788
0.9050634994414288,0.0001026395344275615,2.342581935557531,0.660905967961808,7.544537139632346,2.350659767371903,,,-0.5841642329378423,5.692223087359888
0.9154053586940627,0.0001051069039823719,2.352923794810164,0.651621145682397,7.55487899888498,2.307494283085678,,,-0.5738223736852084,5.397508870946876
0.9257472179466966,0.0001117121449428915,2.363265654062798,0.6410904613219801,7.565220858137613,2.263381957834175,,,-0.5634805144325746,5.117800658563914
0.9360890771993303,0.000122650179182308,2.373607513315432,0.6293712294507876,7.575562717390247,2.218534739730241,,,-0.5531386551799408,4.854139661099202
0.9464309364519642,0.0001382360202695083,2.383949372568066,0.6165325302474669,7.585904576642881,2.173158726267209,,,-0.5427967959273069,4.607384630674708
0.9567727957045979,0.0001589097356647494,2.3942912318207,0.602979482243447,7.596246435895515,2.12747444055077,,,-0.5324549366746731,4.378403744775267
0.9671146549572318,0.000185243109408647,2.404633091073334,0.5887906018588719,7.606588295148149,2.081703233592664,,,-0.5221130774220393,4.167723444172019
0.9774565142098657,0.0002179479667386109,2.414974950325968,0.5737028250358376,7.616930154400783,2.03648755812447,,,-0.5117712181694054,3.975930174164526
0.9877983734624994,0.0002578861043364298,2.425316809578602,0.5577987237324582,7.627272013653417,1.992036410534865,,,-0.5014293589167717,3.80332367734627
0.9981402327151333,0.0003060807493291303,2.435658668831235,0.5411720816469675,7.637613872906051,1.94833839135275,,,-0.4910874996641378,3.650125985017279
1.008482091967767,0.0003637294462823469,2.446000528083869,0.5238999369939354,7.647955732158684,1.905580363016992,,,-0.480745640411504,3.516430437025515
1.018823951220401,0.0004322182438866026,2.456342387336503,0.506080093737624,7.658297591411318,1.863743247627053,,,-0.4704037811588702,3.402206607126585
1.029165810473035,0.0005112890011735542,2.466684246589137,0.4878061342675384,7.668639450663952,1.822994962156597,,,-0.4600619219062363,3.307305927406592
1.039507669725669,0.0006054818393522197,2.47702610584177,0.469172340042575,7.678981309916586,1.783500733283735,,,-0.4497200626536025,3.231467896740289
1.049849528978303,0.0007175295479180956,2.487367965094404,0.4502728947101421,7.68932316916922,1.745398229812327,,,-0.4393782034009687,3.174315841061566
1.060191388230936,0.0008480417228496757,2.497709824347038,0.4312011166307496,7.699665028421854,1.708796227843207,,,-0.4290363441483349,3.135409991897879
1.07053324748357,0.0009996164868150584,2.508051683599672,0.4120487309596487,7.710006887674487,1.673796829387154,,,-0.418694484895701,3.11418183429754
1.080875106736204,0.001175136625804675,2.518393542852306,0.392905190516272,7.720348746927121,1.640483660650521,,,-0.4083526256430672,3.109993364738245
1.091216965988838,0.00137778697638222,2.52873540210494,0.3738570536050367,7.730690606179754,1.608918918035896,,,-0.3980107663904334,3.122130921691647
1.101558825241472,0.001611070514507306,2.539077261357574,0.3549874257630668,7.741032465432388,1.579148535387385,,,-0.3876689071377996,3.149812916097101
1.111900684494106,0.001878822638947362,2.549419120610207,0.336375471128688,7.751374324685022,1.551192144942527,,,-0.3773270478851657,3.192197564358697
1.122242543746739,0.002201962036452331,2.559760979862841,0.3180959977771929,7.761716183937656,1.525055452354285,,,-0.3669851886325319,3.24839057373321
1.132584402999373,0.002555956175291073,2.570102839115475,0.300219119985545,7.77205804319029,1.500729259079111,,,-0.3566433293798981,3.317452736103856
1.142926262252007,0.002959115036770099,2.580444698368109,0.2828099989930836,7.782399902442924,1.478173265494385,,,-0.3463014701272642,3.398407391189548
1.153268121504641,0.003416940801068791,2.590786557620743,0.2659286624474497,7.792741761695558,1.457333729461519,,,-0.3359596108746304,3.49018951852341
1.163609980757275,0.003935344056560226,2.601128416873376,0.2496299013887275,7.803083620948192,1.438147409510447,,,-0.3256177516219966,3.591898048310393
1.173951840009908,0.004520643998832564,2.61147027612601,0.2339632423529087,7.813425480200825,1.42053301384072,,,-0.3152758923693628,3.702413796291422
1.184293699262542,0.005179563782046682,2.621812135378644,0.2189729909883911,7.823767339453459,1.404396446644483,,,-0.3049340331167289,3.820637603042203
1.194635558515176,0.005919220526489638,2.632153994631278,0.204697982037959,7.834109198706093,1.389632617965818,,,-0.2945921738640951,3.945608490081163
1.20497741776781,0.006747109537592151,2.642495853883912,0.1911732694750102,7.844451057958727,1.376127367137021,,,-0.2842503146114613,4.076215395339255
1.215319277020444,0.007671082361815978,2.652837713136546,0.1784279441472346,7.854792917211361,1.363759466065616,,,-0.2739084553588274,4.211411392624981
1.225661136273078,0.008699318394399301,2.66317957238918,0.1664871140018077,7.865134776463995,1.352402667629486,,,-0.2635665961061936,4.350163242857748
1.236002995525711,0.009840289863167193,2.673521431641813,0.1553717608953167,7.875476635716629,1.34192780082149,,,-0.2532247368535598,4.491427398253077
1.246344854778345,0.01110272014104595,2.683863290894447,0.1450990855560989,7.885818494969262,1.332209120824285,,,-0.2428828776009259,4.634276564105321
1.256686714030979,0.01249553548644628,2.694205150147081,0.1356896212957775,7.896160354221896,1.323258891080564,,,-0.2325410183482921,4.77771030718918
1.267028573283613,0.01402781047341738,2.704547009399715,0.127142411492704,7.90650221347453,1.315158724078663,,,-0.2221991590956583,4.920795850864573
1.277370432536247,0.01570870754972324,2.714888868652348,0.1194782743129625,7.916844072727164,1.307636799506381,,,-0.2118572998430245,5.062634624888203
1.287712291788881,0.01754741134721579,2.725230727904982,0.1126904978704427,7.927185931979798,1.300363417203486,,,-0.2015154405903906,5.202365049076536
1.298054151041514,0.01955305856069404,2.735572587157616,0.1067890277534173,7.937527791232431,1.293226015832463,,,-0.1911735813377568,5.339164859713339
1.308396010294148,0.021734664403655,2.74591444641025,0.1017765682182765,7.947869650485065,1.28666156737128,,,-0.180831722085123,5.472252986874601
1.318737869546782,0.02410104683602665,2.756256305662884,0.09766015009505676,7.958211509737699,1.280570566009374,,,-0.1704898628324892,5.600890997909787
1.329079728799416,0.02666074993355647,2.766598164915518,0.09443099636029172,7.968553368990333,1.274324565180996,,,-0.1601480035798553,5.726906451507991
1.33942158805205,0.02945065217016124,2.776940024168152,0.09209364652486433,7.978895228242966,1.267848634247285,,,-0.1498061443272215,5.849628702696551
1.349763447304683,0.03242871685573494,2.787281883420786,0.09064799472491605,7.9892370874956,1.261071220612927,,,-0.1394642850745877,5.967470593154828
1.360105306557317,0.03562521561517917,2.797623742673419,0.09009379011694653,7.999578946748234,1.253942206577441,,,-0.1291224258219539,6.079818936891327
1.370447165809951,0.03904729924523487,2.807965601926053,0.09043076941701096,8.009920806000869,1.246421768318721,,,-0.11878056656932,6.184512632180622
1.380789025062585,0.04270159609920085,2.818307461178687,0.09165873712629098,8.020262665253503,1.238482863064183,,,-0.1084387073166862,6.281017927554133
1.391130884315219,0.04659418244752565,2.828649320431321,0.09377759200992718,8.030604524506137,1.230110842417475,,,-0.09809684806405237,6.370047653925835
1.401472743567853,0.05073056663932037,2.838991179683954,0.09678729941620708,8.04094638375877,1.221302866808239,,,-0.08775498881141855,6.451188472998102
1.411814602820486,0.05511568887756344,2.849333038936588,0.1006878100617637,8.051288243011403,1.212067141342976,,,-0.07741312955878471,6.522801118992999
1.42215646207312,0.05975393820446136,2.859674898189222,0.1054789269537168,8.061630102264036,1.202421996312426,,,-0.06707127030615088,6.584504660193569
1.432498321325754,0.06464918800854069,2.870016757441856,0.1111601231592971,8.07197196151667,1.192891305754737,,,-0.05672941105351706,6.635978536182498
1.442840180578388,0.0698048510123995,2.88035861669449,0.1177303141541818,8.082313820769304,1.183551922497223,,,-0.04638755180088323,6.676948800747274
1.453182039831022,0.07522395428265929,2.890700475947124,0.1251875894683306,8.092655680021938,1.173892085474658,,,-0.03604569254824941,6.707188172947092
1.463523899083655,0.08090923432687955,2.901042335199758,0.1335289092874054,8.102997539274572,1.16395696953757,,,-0.02570383329561558,6.726494435911154
1.473865758336289,0.08688910885980557,2.911384194452391,0.1427497725427307,8.113339398527206,1.153787347842639,,,-0.01536197404298175,6.734781850461713
1.484207617588923,0.09312119775479052,2.921726053705025,0.1528438638163718,8.12368125777984,1.143430409257648,,,-0.005020114790347927,6.731925621364496
1.494549476841557,0.09962885449304852,2.932067912957659,0.1638026870827149,8.134023117032473,1.132935414126355,,,0.0053217444622859,6.71791034679846
1.504891336094191,0.1064153651846763,2.942409772210293,0.1756151948861655,8.144364976285107,1.12235260968902,,,0.01566360371491973,6.692730295601327
1.515233195346825,0.1134845469182787,2.952751631462927,0.1882674219985426,8.154706835537741,1.111732217871562,,,0.02600546296755355,6.656440904621998
1.525575054599458,0.1208409482550522,2.96309349071556,0.2017386520162848,8.165048694790375,1.101123512670811,,,0.03634732222018738,6.609115649983455
1.535916913852092,0.1284900565508872,2.973435349968194,0.2160157524461296,8.175390554043009,1.090578435148671,,,0.04668918147282121,6.550926243593688
1.546258773104726,0.1364385078942765,2.983777209220828,0.231083189514502,8.185732413295643,1.08012918567112,,,0.05703104072545503,6.482131658852177
1.55660063235736,0.1446942950388578,2.994119068473462,0.2468885462283395,8.196074272548277,1.069832664593145,,,0.06737289997808886,6.402863973241521
1.566942491609994,0.1532669683892666,3.004460927726096,0.2634094886383252,8.206416131800911,1.059720952820184,,,0.07771475923072269,6.313544709878356
1.577284350862628,0.1621678248825974,3.01480278697873,0.2806247467096813,8.216757991053544,1.049828796269124,,,0.08805661848335652,6.214439957982487
1.587626210115261,0.1714100795077663,3.025144646231364,0.2984921341737302,8.227099850306178,1.040186891324954,,,0.09839847773599035,6.105934425635827
1.597968069367895,0.1810090142311905,3.035486505483997,0.3169485509922314,8.237441709558812,1.030821792896196,,,0.1087403369886242,5.990855027791539
1.608309928620529,0.1909820992556861,3.045828364736631,0.3359426847438728,8.247783568811446,1.021755928589731,,,0.119082196241258,5.872701727387304
1.618651787873163,0.201349081832749,3.056170223989265,0.3554189294206633,8.25812542806408,1.013007707369004,,,0.1294240554938918,5.749672534236945
1.628993647125797,0.2121320382745696,3.066512083241899,0.3753176321301748,8.268467287316714,1.004576323009285,,,0.1397659147465257,5.619079317597481
1.639335506378431,0.223355385365031,3.076853942494532,0.3955754232941035,8.278809146569348,0.996636275137458,,,0.1501077739991595,5.481365807198559
1.649677365631064,0.2350458480378868,3.087195801747166,0.4161256287347155,8.289151005821981,0.9891776455484814,,,0.1604496332517933,5.337065301044643
1.660019224883698,0.2472323809603774,3.0975376609998,0.4369024009475428,8.299492865074615,0.9820691532115878,,,0.1707914925044271,5.18674288599417
1.670361084136332,0.2599460425128175,3.107879520252434,0.4578373576939139,8.309834724327249,0.9753132915142458,,,0.181133351757061,5.030992313968792
1.680702943388966,0.2732198205667863,3.118221379505068,0.4788432515330381,8.320176583579883,0.9689082450836097,,,0.1914752110096948,4.870432424739158
1.6910448026416,0.287088410411278,3.128563238757702,0.4998536001054694,8.330518442832517,0.9628504029099155,,,0.2018170702623286,4.705703147348311
1.701386661894233,0.3015879461302926,3.138905098010336,0.520794115860559,8.340860302085151,0.9571335494650246,,,0.2121589295149625,4.537461124055367
1.711728521146867,0.3169489447054722,3.14924695726297,0.541640652014715,8.351202161337785,0.9517435329083581,,,0.2225007887675963,4.366375011502742
1.722070380399501,0.333207890010189,3.159588816515603,0.5623205323360498,8.361544020590419,0.9471385532403253,,,0.2328426480202301,4.193120523288807
1.732412239652135,0.3502068620630257,3.169930675768237,0.5827133580126801,8.371885879843052,0.9432940635426046,,,0.2431845072728639,4.018375285972667
1.742754098904769,0.3679812157887538,3.180272535020871,0.6027412394971708,8.382227739095686,0.9399055822143855,,,0.2535263665254978,3.84281358651599
1.753095958157403,0.3865659123002525,3.190614394273505,0.6223623269814648,8.39256959834832,0.9369441909055236,,,0.2638682257781316,3.667101093110804
1.763437817410036,0.4059950835757746,3.200956253526138,0.6415049705418223,8.402911457600954,0.9342631840082182,,,0.2742100850307654,3.491889633153996
1.77377967666267,0.4263015787439492,3.211298112778772,0.6601149470677421,8.413253316853588,0.9318290403377893,,,0.2845519442833992,3.317812111781613
1.784121535915304,0.447516497408801,3.221639972031406,0.6781433647286371,8.423595176106222,0.9296192599536929,,,0.2948938035360331,3.145477651911619
1.794463395167938,0.4696687154810869,3.23198183128404,0.6955481793191012,8.433937035358856,0.9276169897042725,,,0.3052356627886669,2.97546703227077
1.804805254420572,0.4927844088705655,3.242323690536674,0.7122941506749042,8.44427889461149,0.9258096435999823,,,0.3155775220413007,2.808328493568177
1.815147113673206,0.5168865801457154,3.252665549789308,0.7283531815599424,8.454620753864123,0.9241708113008229,,,0.3259193812939346,2.644573975045157
1.825488972925839,0.5419945928981935,3.263007409041942,0.7440317316734874,8.464962613116757,0.9226797162078348,,,0.3362612405465684,2.484675834341233
1.835830832178473,0.5681237180796114,3.273349268294576,0.7593139305043785,8.475304472369391,0.9213146805498763,,,0.3466030997992022,2.32906409326442
1.846172691431107,0.5952846960334532,3.283691127547209,0.7738615999600993,8.485646331622025,0.9200527296282687,,,0.356944959051836,2.178124240956389
1.856514550683741,0.6234833173542652,3.294032986799843,0.7876711859132183,8.495988190874659,0.9188703078873106,,,0.3672868183044699,2.032195614424927
1.866856409936375,0.6527200251013694,3.304374846052477,0.8009260407230979,8.506330050127293,0.9177432739532662,,,0.3776286775571037,1.891570364801524
1.877198269189009,0.6829895403081975,3.314716705305111,0.8136289510457086,8.516671909379925,0.9166419324570517,,,0.3879705368097375,1.756493006282463
1.887540128441642,0.7142805121935947,3.325058564557744,0.8256288058422321,8.527013768632559,0.9155393081417424,,,0.3983123960623713,1.627160533818325
1.897881987694276,0.7465751940290402,3.335400423810378,0.8369379512901411,8.537355627885193,0.9143965616098634,,,0.4086542553150052,1.503723085489869
1.90822384694691,0.7798491452732796,3.345742283063012,0.8475823822513811,8.547697487137826,0.9133315421011519,,,0.418996114567639,1.386285116372687
1.918565706199544,0.8140709603763094,3.356084142315646,0.8578974153763533,8.55803934639046,0.9122960408138606,,,0.4293379738202728,1.274907042732172
1.928907565452178,0.8492020245948491,3.36642600156828,0.8679156514967367,8.568381205643094,0.9111297897129687,,,0.4396798330729066,1.16960730874327
1.939249424704812,0.8851962972612503,3.376767860820914,0.8773685568230297,8.578723064895728,0.9097901250616592,,,0.4500216923255405,1.070364822689166
1.949591283957445,0.9220001232089987,3.387109720073548,0.8862885053344522,8.589064924148362,0.9082383087350284,,,0.4603635515781743,0.9771217058069113
1.959933143210079,0.959552073474123,3.397451579326181,0.894715714309218,8.599406783400996,0.9064349136344426,,,0.4707054108308081,0.8897862946190802
1.970275002462713,0.9977828169476654,3.407793438578815,0.9026898822171596,8.60974864265363,0.9043411631750323,,,0.4810472700834419,0.8082363366811254
1.980616861715347,1.036615025326481,3.418135297831449,0.9102512923050634,8.620090501906263,0.9019179305687287,,,0.4913891293360758,0.7323223201094617
1.990958720967981,1.075963314466612,3.428477157084083,0.9174401350423182,8.630432361158897,0.899127268106705,,,0.5017309885887096,0.6618708789290737
2.001300580220615,1.115734226047281,3.438819016336716,0.924295875232378,8.640774220411531,0.8959594601884957,,,0.5120728478413434,0.5966882190591926
2.011642439473248,1.155826254260431,3.44916087558935,0.9308566752794488,8.651116079664165,0.8923797068880234,,,0.5224147070939773,0.5365635134890645
2.021984298725882,1.196129923003263,3.459502734841984,0.9371588840730163,8.661457938916799,0.88841559342424,,,0.5327565663466111,0.4812722197171541
2.032326157978516,1.236527919719646,3.469844594094618,0.9432365986804575,8.671799798169433,0.8840368683416675,,,0.5430984255992449,0.4305792776629214
2.04266801723115,1.277596525004693,3.480186453347252,0.9491474918069029,8.682141657422067,0.8791291275145401,,,0.5534402848518788,0.3842421518356525
2.053009876483784,1.319197798991524,3.490528312599886,0.9548746810880561,8.692483516674701,0.8739374433959944,,,0.5637821441045126,0.3420136873884516
2.063351735736418,1.360480001163169,3.50087017185252,0.960464655454823,8.702825375927334,0.8686298132419116,,,0.5741240033571464,0.3036447556347206
2.073693594989051,1.401286249122413,3.511212031105153,0.9659400833150549,8.713167235179968,0.8629183378927273,,,0.5844658626097802,0.2688866705089538
2.084035454241685,1.441453950475006,3.521553890357787,0.9713217202979573,8.723509094432602,0.8565963009021041,,,0.594807721862414,0.2374933631789132
2.094377313494319,1.480815556812844,3.531895749610421,0.976623661237064,8.733850953685236,0.8496525410426946,,,0.6051495811150479,0.2092233074456492
2.104719172746953,1.51919940939608,3.542237608863055,0.9818601652610923,8.74419281293787,0.8420815457912073,,,0.6154914403676817,0.1838411936044966
2.115061031999587,1.55643067735259,3.552579468115689,0.987044180929982,8.754534672190504,0.8338835801162964,,,0.6258332996203155,0.1611193530075034
2.12540289125222,1.592332387732973,3.562921327368322,0.9921786595772321,8.764876531443138,0.8250662134895314,,,0.6361751588729494,0.1408389396095863
2.135744750504854,1.626726545045234,3.573263186620956,0.9972706803877439,8.775218390695771,0.8156386834770648,,,0.6465170181255832,0.1227908782606475
2.146086609757488,1.65943533597648,3.58360504587359,1.002322883332345,8.785560249948405,0.8056196131704537,,,0.656858877378217,0.1067765924061397
2.156428469010122,1.690282412932425,3.593946905126224,1.007335770659125,8.795902109201039,0.7950318047287418,,,0.6672007366308509,0.09260852617834496
2.166770328262756,1.719094247840358,3.604288764378858,1.012307918180094,8.806243968453673,0.7840870084302671,,,0.6775425958834846,0.08011047761414448
2.17711218751539,1.745701545427088,3.614630623631492,1.017518766709025,8.816585827706307,0.7728132088917892,,,0.6878844551361185,0.06911776094937107
2.187454046768023,1.769940702965219,3.624972482884125,1.022961343092765,8.826927686958941,0.7610647952858666,,,0.6982263143887523,0.05947721665250181
2.197795906020657,1.791655301348431,3.635314342136759,1.028648107231364,8.837269546211575,0.7488805882947577,,,0.7085681736413861,0.0510470881171634
2.208137765273291,1.810697610379734,3.645656201389393,1.034564793269058,8.847611405464209,0.7362978240444881,,,0.71891003289402,0.04369678378520175
2.218479624525925,1.826930089406174,3.655998060642027,1.04038798958624,8.857953264716842,0.7233596212760723,,,0.7292518921466538,0.03730654297505361
2.228821483778559,1.840227245383072,3.666339919894661,1.046099100330196,8.868295123969476,0.7101531920770495,,,0.7395937513992876,0.03176702290060095
2.239163343031192,1.850475633296937,3.676681779147295,1.051907999065298,8.87863698322211,0.6967469854578484,,,0.7499356106519215,0.02697882334013887
2.249505202283826,1.857577233866899,3.687023638399928,1.057792937357036,8.888978842474744,0.6831222095863653,,,0.7602774699045552,0.02280444196000539
2.25984706153646,1.862651100194062,3.697365497652562,1.063500655074992,8.899320701727378,0.6694664384936463,,,0.7706193291571891,0.01926792180939369
2.270188920789094,1.865621896083866,3.707707356905196,1.069007981640978,8.909662560980012,0.6558245634399911,,,0.780961188409823,0.01620693597455871
2.280530780041728,1.865229193261109,3.71804921615783,1.074287965342451,8.920004420232646,0.6420982688942733,,,0.7913030476624567,0.0136277553687565
2.290872639294362,1.861411076344218,3.728391075410464,1.079341518646852,8.930346279485279,0.6283291900503835,,,0.8016449069150906,0.01142646992162335
2.301214498546996,1.854146403905543,3.738732934663097,1.084100688543543,8.940688138737913,0.6145562027138474,,,0.8119867661677245,0.009556197542506797
2.311556357799629,1.843428466157541,3.749074793915731,1.088582414019586,8.951029997990547,0.6008167491171276,,,0.8223286254203582,0.007948921396264233
2.321898217052263,1.829271941411844,3.759416653168365,1.092724330666895,8.961371857243181,0.5871454591135387,,,0.8326704846729921,0.006615960407985792
2.332240076304897,1.811713190358236,3.769758512420999,1.096520235484207,8.971713716495813,0.573575371570179,,,0.8430123439256259,0.005493627653989799
2.342581935557531,1.790811955989817,3.780100371673633,1.09997164930768,8.982055575748447,0.5601332007109753,,,0.8533542031782597,0.004551754155662971
2.352923794810164,1.766645005239995,3.790442230926267,1.103014757597133,8.992397435001081,0.5468358902712069,,,0.8636960624308936,0.003764081520055999
2.363265654062798,1.739314375134748,3.800784090178901,1.105648745159708,9.002739294253715,0.5337275507495464,,,0.8740379216835273,0.003107853183051257
2.373607513315432,1.708941192677262,3.811125949431534,1.107855516969214,9.013081153506349,0.5208157390345156,,,0.8843797809361612,0.002563435960668529
2.383949372568066,1.675666399279008,3.821467808684168,1.109619312641237,9.023423012758983,0.50811607288219,,,0.8947216401887951,0.002113972380642339
2.3942912318207,1.640731433014595,3.831809667936802,1.110944899647547,9.033764872011616,0.4956422132472729,,,0.9050634994414288,0.001745063687041032
2.404633091073334,1.604303662497034,3.842151527189436,1.111792065070868,9.04410673126425,0.4834046287637584,,,0.9154053586940627,0.001444482935965626
2.414974950325968,1.565473713213251,3.852493386442069,1.112169466084738,9.054448590516884,0.4714111268694076,,,0.9257472179466966,0.001201917221408962
2.425316809578602,1.524429325563294,3.862835245694703,1.112076462263886,9.064790449769518,0.4596670875628027,,,0.9360890771993303,0.001008737777465219
2.435658668831235,1.481374201583469,3.873177104947337,1.111517708349234,9.075132309022152,0.4481757239756098,,,0.9464309364519642,0.0008577964861000086
2.446000528083869,1.436512242118251,3.883518964199971,1.110503789969109,9.085474168274786,0.4369383625906837,,,0.9567727957045979,0.0007432471683620449
2.456342387336503,1.390065338510932,3.893860823452605,1.109051841742761,9.09581602752742,0.4261404844343597,,,0.9671146549572318,0.0006603899411623689
2.466684246589137,1.342258971273873,3.904202682705239,1.107774298724068,9.106157886780053,0.415779038449413,,,0.9774565142098657,0.0006055368719069812
2.47702610584177,1.293323131781867,3.914544541957873,1.106664424835508,9.116499746032687,0.4056627580758766,,,0.9877983734624994,0.0005758971502827939
2.487367965094404,1.243490280703467,3.924886401210506,1.105200459240737,9.126841605285321,0.3957854743538957,,,0.9981402327151333,0.0005694800120391752
2.497709824347038,1.19299332064319,3.93522826046314,1.103422086058346,9.137183464537955,0.3861406812770014,,,1.008482091967767,0.0005850136861817586
2.508051683599672,1.142063611642188,3.945570119715774,1.10137911072265,9.147525323790589,0.3767237892293767,,,1.018823951220401,0.0006218786879949542
2.518393542852306,1.090929056874837,3.955911978968408,1.099129698030617,9.157867183043223,0.3675250701329938,,,1.029165810473035,0.0006348650312911364
2.52873540210494,1.039812284053123,3.966253838221041,1.096741971986444,9.168209042295857,0.3585402333727695,,,1.039507669725669,0.0006654224692545522
2.539077261357574,0.9889289457610047,3.976595697473675,1.094293636038168,9.178550901548491,0.3497669967732366,,,1.049849528978303,0.0007885625174977617
2.549419120610207,0.9384861592487361,3.986937556726309,1.091871830643906,9.188892760801124,0.341196038754997,,,1.060191388230936,0.0009319949510843195
2.559760979862841,0.8886811031914794,3.997279415978943,1.089574536341055,9.199234620053758,0.332825137479268,,,1.07053324748357,0.001098575097934683
2.570102839115475,0.8396997856328131,4.007621275231577,1.087503770106354,9.209576479306392,0.3247689928162646,,,1.080875106736204,0.001291471129986325
2.580444698368109,0.7917159938708328,4.017963134484211,1.085926469006413,9.219918338559026,0.3170237627384813,,,1.091216965988838,0.001514183171723001
2.590786557620743,0.7448904334831172,4.028304993736844,1.08536728208513,9.23026019781166,0.3094737345342501,,,1.101558825241472,0.001770560981735783
2.601128416873376,0.6993743408993065,4.038646852989478,1.085794890115953,9.240602057064294,0.3021186035695699,,,1.111900684494106,0.002064819650143855
2.61147027612601,0.6552930132652441,4.048988712242112,1.086927342035372,9.250943916316928,0.294959086915383,,,1.122242543746739,0.002428717186307237
2.621812135378644,0.6127681013740759,4.059330571494746,1.088892702356357,9.261285775569561,0.2879970407634142,,,1.132584402999373,0.002820066864263351
2.632153994631278,0.5718996336547983,4.06967243074738,1.091840846789204,9.271627634822195,0.2812353877851917,,,1.142926262252007,0.003266020277893363
2.642495853883912,0.5327848073289861,4.080014290000014,1.095881299388481,9.281969494074829,0.2746696631928486,,,1.153268121504641,0.003772755717323022
2.652837713136546,0.4954938932884532,4.090356149252647,1.101151158650491,9.292311353327463,0.2683231060873383,,,1.163609980757275,0.004346927929393955
2.66317957238918,0.4600878571863371,4.100698008505281,1.107791281874639,9.302653212580097,0.2621877700104283,,,1.173951840009908,0.004995673516080746
2.673521431641813,0.4266142620445938,4.111039867757915,1.115935739420409,9.312995071832731,0.2562762050323009,,,1.184293699262542,0.005726611834408255
2.683863290894447,0.3951078979693938,4.121381727010549,1.125716139663895,9.323336931085365,0.2505912670347057,,,1.194635558515176,0.006547840954639372
2.694205150147081,0.3655916568192473,4.131723586263183,1.13726049486676,9.333678790337999,0.2451481466917493,,,1.20497741776781,0.007467928296178766
2.704547009399715,0.3380767744133167,4.142065445515817,1.15069203928197,9.344020649590632,0.2399536378766196,,,1.215319277020444,0.008495895642856025
2.714888868652348,0.3125663368666889,4.152407304768451,1.166128219947902,9.354362508843266,0.2350059791082047,,,1.225661136273078,0.00964119834140242
2.725230727904982,0.2890487317865275,4.162749164021085,1.18367971326239,9.3647043680959,0.2303115835117483,,,1.236002995525711,0.01091369860877989
2.735572587157616,0.2675084874633325,4.173091023273718,1.203449543849673,9.375046227348534,0.2258764839979094,,,1.246344854778345,0.01232363301458917
2.74591444641025,0.2479210073211498,4.183432882526352,1.225526136064345,9.385388086601168,0.2217061959972988,,,1.256686714030979,0.01388157436229358
2.756256305662884,0.2302549390311924,4.193774741778986,1.250020507719301,9.395729945853802,0.2178055918468795,,,1.267028573283613,0.01559838836477892
2.766598164915518,0.2144730462029912,4.20411660103162,1.276979999878063,9.406071805106436,0.2141787886977592,,,1.277370432536247,0.01748518569223081
2.776940024168152,0.2005330369356087,4.214458460284254,1.306479780143674,9.416413664359069,0.2108292508407394,,,1.287712291788881,0.01955327015890751
2.787281883420786,0.1883883379472398,4.224800319536888,1.338571656512397,9.426755523611703,0.2078245158536532,,,1.298054151041514,0.02181408400464406
2.797623742673419,0.177988805040252,4.235142178789522,1.373307418168517,9.437097382864335,0.2051655536305385,,,1.308396010294148,0.02427915141049486
2.807965601926053,0.1692813627775321,4.245484038042155,1.410715965021027,9.447439242116969,0.2028016085601956,,,1.318737869546782,0.02696002155868319
2.818307461178687,0.1622105683972876,4.255825897294788,1.450819130432988,9.457781101369603,0.2007307584799746,,,1.329079728799416,0.02986821269721625
2.828649320431321,0.1567190971307342,4.266167756547422,1.493627226648784,9.468122960622237,0.1989318844514547,,,1.33942158805205,0.03306868387548461
2.838991179683954,0.1527481481665491,4.276509615800056,1.539133161378126,9.478464819874871,0.1974063667000075,,,1.349763447304683,0.03647979453255384
2.849333038936588,0.1502377724868125,4.28685147505269,1.587338430813346,9.488806679127505,0.1961459877764037,,,1.360105306557317,0.0401555756767629
2.859674898189222,0.1491271256444024,4.297193334305324,1.638303471473052,9.499148538380139,0.1951447407726319,,,1.370447165809951,0.04410774154525252
2.870016757441856,0.1493546502286383,4.307535193557958,1.691991855883024,9.509490397632772,0.1943957505721838,,,1.380789025062585,0.04834793671854785
2.88035861669449,0.1508582785321235,4.317877052810592,1.748256264563093,9.519832256885406,0.1938913523106396,,,1.391130884315219,0.05288775224206795
2.890700475947124,0.153575179408351,4.328218912063226,1.807066114770395,9.53017411613804,0.1936231794689181,,,1.401472743567853,0.05773875880076344
2.901042335199758,0.1574422165282498,4.338560771315859,1.868287321725243,9.540515975390674,0.1935822597017342,,,1.411814602820486,0.06291255854026408
2.911384194452391,0.1623956430488995,4.348902630568493,1.931856669856396,9.550857834643308,0.1937591163773247,,,1.42215646207312,0.06842085680300504
2.921726053705025,0.1683711140616683,4.359244489821127,1.997671334131403,9.561199693895942,0.1941442177377516,,,1.432498321325754,0.07427555464383034
2.932067912957659,0.1753036135597201,4.369586349073761,2.065614646302228,9.571541553148576,0.1947270386447873,,,1.442840180578388,0.08048886250896575
2.942409772210293,0.1831273724941189,4.379928208326395,2.135555706753062,9.58188341240121,0.1954961579762529,,,1.453182039831022,0.08707343491011696
2.952751631462927,0.191775787708638,4.390270067579029,2.207349002488647,9.592225271653843,0.1964442328067825,,,1.463523899083655,0.0940425253096962
2.96309349071556,0.2011681393601489,4.400611926831663,2.281941581580936,9.602567130906477,0.1975585775816452,,,1.473865758336289,0.1014461248244375
2.973435349968194,0.2112651974003816,4.410953786084296,2.359130778101174,9.612908990159111,0.1988445589093741,,,1.484207617588923,0.1092367724901411
2.983777209220828,0.2220247060970029,4.42129564533693,2.437619200212124,9.623250849411745,0.2003025988374751,,,1.494549476841557,0.1174594544051641
2.994119068473462,0.2333003139701506,4.431637504589564,2.517183092072663,9.633592708664379,0.2018983629030874,,,1.504891336094191,0.1261322460662157
3.004460927726096,0.2450558651198963,4.441979363842198,2.597732741909167,9.643934567917013,0.2036200231599585,,,1.515233195346825,0.1352749368140848
3.01480278697873,0.2572198962295819,4.452321223094832,2.678848818038531,9.654276427169647,0.2054582167090826,,,1.525575054599458,0.1449092715342659
3.025144646231364,0.2697203597045975,4.462663082347466,2.76028639756612,9.66461828642228,0.2074039742209265,,,1.535916913852092,0.1550591908021316
3.035486505483997,0.2824848318250906,4.4730049416001,2.841909081566319,9.674960145674914,0.2094487373397886,,,1.546258773104726,0.1657510636953338
3.045828364736631,0.2954407705911826,4.483346800852733,2.923368531960986,9.685302004927548,0.2116468770098635,,,1.55660063235736,0.1770139070849222
3.056170223989265,0.3085158221037906,4.493688660105366,3.00427703964426,9.695643864180182,0.2139901373774065,,,1.566942491609994,0.1888795849262541
3.066512083241899,0.3216381729724037,4.504030519358,3.084323426771351,9.705985723432816,0.2164076068498562,,,1.577284350862628,0.2013829809178952
3.076853942494532,0.3347369449747017,4.514372378610634,3.163189992852198,9.71632758268545,0.218891216948229,,,1.587626210115261,0.214562137894961
3.087195801747166,0.3477426270479914,4.524714237863268,3.240554734367303,9.726669441938084,0.2214297035483229,,,1.597968069367895,0.2284583574823703
3.0975376609998,0.3606370317872926,4.535056097115902,3.316114959307055,9.737011301190718,0.2240231353149144,,,1.608309928620529,0.2431162538584063
3.107879520252434,0.3732914283574744,4.545397956368536,3.389513562838136,9.747353160443351,0.2267292612365716,,,1.618651787873163,0.2585837559699428
3.118221379505068,0.3856437611882282,4.55573981562117,3.460440196998397,9.757695019695985,0.2295400982350347,,,1.628993647125797,0.2749120531924604
3.128563238757702,0.3976536661432307,4.566081674873804,3.528595883948994,9.768036878948619,0.2323774496859407,,,1.639335506378431,0.2921554802298777
3.138905098010336,0.409267034324891,4.576423534126437,3.593672311830035,9.778378738201253,0.2352325419067792,,,1.649677365631064,0.3103713379851584
3.14924695726297,0.420450396497855,4.586765393379071,3.655381177914151,9.788720597453887,0.2380953645124406,,,1.660019224883698,0.3296196481814147
3.159588816515603,0.4311592962163921,4.597107252631705,3.71344803387279,9.799062456706521,0.2409587333904522,,,1.670361084136332,0.349962840649007
3.169930675768237,0.4413388174547117,4.607449111884339,3.767632233075057,9.809404315959155,0.2438116222360815,,,1.680702943388966,0.3714653733872347
3.180272535020871,0.4509336204656249,4.617790971136973,3.81770253624328,9.819746175211788,0.246641095111903,,,1.6910448026416,0.3941932867270111
3.190614394273505,0.4599677798164912,4.628132830389607,3.863514134001088,9.830088034464422,0.2494421941205954,,,1.701386661894233,0.418213694128934
3.200956253526138,0.4687352161114572,4.638474689642241,3.90489854337456,9.840429893717056,0.2522001303015526,,,1.711728521146867,0.4438066021365209
3.211298112778772,0.4772220253721458,4.648816548894875,3.942704496934343,9.85077175296969,0.2549178466151249,,,1.722070380399501,0.4710378079435321
3.221639972031406,0.4850782099336853,4.659158408147508,3.976824364745177,9.861113612222324,0.257579836571686,,,1.732412239652135,0.4997582491948889
3.23198183128404,0.4923033524754066,4.669500267400142,4.007061970893234,9.871455471474958,0.2601603262468651,,,1.742754098904769,0.5300298121854968
3.242323690536674,0.4989057103467512,4.679842126652776,4.033409265732318,9.881797330727592,0.2626452003936864,,,1.753095958157403,0.5619122360125879
3.252665549789308,0.5049025281250592,4.69018398590541,4.054876728470771,9.892139189980224,0.2650708250376804,,,1.763437817410036,0.5954623759429637
3.263007409041942,0.5103893679233386,4.700525845158044,4.072545582828714,9.902481049232858,0.2674217673871381,,,1.77377967666267,0.6307334444564309
3.273349268294576,0.5154016353932841,4.710867704410678,4.086489688831257,9.912822908485492,0.2696309290774381,,,1.784121535915304,0.6677742374159249
3.283691127547209,0.5199147509818287,4.721209563663311,4.095804480559877,9.923164767738125,0.2716820916631627,,,1.794463395167938,0.7066283528070032
3.294032986799843,0.5239829668257736,4.731551422915945,4.100648541827895,9.933506626990759,0.2735766955722559,,,1.804805254420572,0.7473334093173682
3.304374846052477,0.5276855985072674,4.741893282168578,4.101226815098647,9.943848486243393,0.2752987558791155,,,1.815147113673206,0.7899202717089627
3.314716705305111,0.5310760906951499,4.752235141421212,4.098539095062729,9.954190345496027,0.2768150918109267,,,1.825488972925839,0.8344122894960492
3.325058564557744,0.5342679800560713,4.762577000673846,4.092859443850573,9.964532204748661,0.2781108658422937,,,1.835830832178473,0.8808245549135493
3.335400423810378,0.5373290207731757,4.77291885992648,4.083779543885169,9.974874064001295,0.2791722609879959,,,1.846172691431107,0.9291631855765928
3.345742283063012,0.5403624762850547,4.783260719179114,4.071665473082979,9.985215923253929,0.2799867383587775,,,1.856514550683741,0.9794246366336753
3.356084142315646,0.5436375812008691,4.793602578431748,4.056921116702296,9.995557782506562,0.2805432926964072,,,1.866856409936375,1.031595046642457
3.36642600156828,0.5472751310946453,4.803944437684382,4.039985095743812,10.0058996417592,0.2808326999922861,,,1.877198269189009,1.085649620888877
3.376767860820914,0.5512622095819814,4.814286296937015,4.021327284584022,10.01624150101183,0.2808442515549477,,,1.887540128441642,1.141552055464216
3.387109720073548,0.5557101274077667,4.824628156189649,4.002257275187686,10.02658336026446,0.280580711143417,,,1.897881987694276,1.199254005143626
3.397451579326181,0.5607765830593644,4.834970015442283,3.983312664374479,10.0369252195171,0.2800351181329185,,,1.90822384694691,1.25869459799961
3.407793438578815,0.5666154225279358,4.845311874694917,3.964183094024336,10.04726707876973,0.279207512961074,,,1.918565706199544,1.31979999975278
3.418135297831449,0.573387941078728,4.855653733947551,3.945409072076203,10.05760893802237,0.2781006252763588,,,1.928907565452178,1.382483031118022
3.428477157084083,0.5812622709254199,4.865995593200185,3.927542188595569,10.067950797275,0.2768020603250586,,,1.939249424704812,1.446642841844328
3.438819016336716,0.5904126675626262,4.876337452452819,3.911147316130736,10.07829265652763,0.2753194690036847,,,1.949591283957445,1.512164645756709
3.44916087558935,0.601018685451027,4.886679311705453,3.896763360887919,10.08863451578027,0.2735805471724038,,,1.959933143210079,1.578919521863269
3.459502734841984,0.6132642339318144,4.897021170958086,3.884939242297116,10.0989763750329,0.2717185700381753,,,1.970275002462713,1.646764287452703
3.469844594094618,0.6273365048188385,4.90736303021072,3.876223712479655,10.10931823428553,0.2697478146591197,,,1.980616861715347,1.715541450030096
3.480186453347252,0.6434313003967757,4.917704889463354,3.871200543710369,10.11966009353817,0.2676165880591105,,,1.990958720967981,1.785079245866253
3.490528312599886,0.6617272609594187,4.928046748715988,3.87037762727071,10.1300019527908,0.2653414439596405,,,2.001300580220615,1.85519177380514
3.50087017185252,0.6824188435255722,4.938388607968622,3.87415187024636,10.14034381204344,0.2628995226148738,,,2.011642439473248,1.925679233718568
3.511212031105153,0.705692946441638,4.948730467221255,3.88296758033862,10.15068567129607,0.2603116459096726,,,2.021984298725882,1.996328279548294
3.521553890357787,0.7319439497677549,4.959072326473889,3.897246324582276,10.1610275305487,0.2575922842648818,,,2.032326157978516,2.06691249716611
3.531895749610421,0.7612908584872449,4.969414185726523,3.917346562917019,10.17136938980134,0.2547658977868731,,,2.04266801723115,2.138330999343208
3.542237608863055,0.7937458187732882,4.979756044979156,3.943591769538681,10.18171124905397,0.2518579436528515,,,2.053009876483784,2.210324105076168
3.552579468115689,0.8295175570842531,4.99009790423179,3.977063493988483,10.19205310830661,0.2488945056341147,,,2.063351735736418,2.281474372566604
3.562921327368322,0.8686573051212592,5.000439763484424,4.018271352542796,10.20239496755924,0.2459019064872291,,,2.073693594989051,2.351492991246745
3.573263186620956,0.9113360140804375,5.010781622737058,4.066559000814569,10.21273682681187,0.2429063106366985,,,2.084035454241685,2.420083273921385
3.58360504587359,0.9576657642750183,5.021123481989692,4.121721409972929,10.22307868606451,0.2399333248829068,,,2.094377313494319,2.486955375795203
3.593946905126224,1.007739204518685,5.031465341242326,4.183786008378987,10.23342054531714,0.2370076050036952,,,2.104719172746953,2.551779195036909
3.604288764378858,1.061627165706127,5.04180720049496,4.252716480333046,10.24376240456978,0.2341524760724548,,,2.115061031999587,2.614255330082171
3.614630623631492,1.119382584439333,5.052149059747594,4.328411155940368,10.25410426382241,0.2313894156757525,,,2.12540289125222,2.674073660987006
3.624972482884125,1.181025657357868,5.062490919000227,4.410701923395257,10.26444612307504,0.2287414561157369,,,2.135744750504854,2.730925897999109
3.635314342136759,1.246619596953889,5.072832778252861,4.499353701941073,10.27478798232768,0.2262203802479108,,,2.146086609757488,2.78450791832096
3.645656201389393,1.316124856559856,5.083174637505495,4.594104196387421,10.28512984158031,0.2238433822816271,,,2.156428469010122,2.834522199991925
3.655998060642027,1.389391132126946,5.093516496758129,4.694516318696108,10.29547170083294,0.221622470537299,,,2.166770328262756,2.880680330833142
3.666339919894661,1.466312308432883,5.103858356010763,4.800188860109788,10.30581356008558,0.2195667306030306,,,2.17711218751539,2.922705567180126
3.676681779147295,1.546747430087956,5.114200215263397,4.91112545179372,10.31615541933821,0.2176822230953087,,,2.187454046768023,2.960335414157487
3.687023638399928,1.630519920606687,5.124542074516031,5.026766927746266,10.32649727859085,0.2159719368630076,,,2.197795906020657,2.993324196632048
3.697365497652562,1.717417203250059,5.134883933768664,5.145994841129697,10.33683913784348,0.2144441505363845,,,2.208137765273291,3.021445587813904
3.707707356905196,1.807192217701384,5.145225793021298,5.268137453440209,10.34718099709611,0.2130945480395168,,,2.218479624525925,3.044495060851467
3.71804921615783,1.899558515213031,5.155567652273932,5.392475838598041,10.35752285634875,0.2119113314905604,,,2.228821483778559,3.062318356381765
3.728391075410464,1.994236611450878,5.165909511526566,5.518249511106406,10.36786471560138,0.2108839171722037,,,2.239163343031192,3.074716045785834
3.738732934663097,2.090810063036553,5.176251370779199,5.644664734922482,10.37820657485401,0.2100016979492633,,,2.249505202283826,3.081583350886151
3.749074793915731,2.188936506213297,5.186593230031833,5.770893679047653,10.38854843410665,0.2092508308743458,,,2.25984706153646,3.085067350060934
3.759416653168365,2.28819049152614,5.196935089284467,5.896092597956535,10.39889029335928,0.20861592631851,,,2.270188920789094,3.085086617698953
3.769758512420999,2.388145267498331,5.207276948537101,6.019485420548571,10.40923215261192,0.2080800112609768,,,2.280530780041728,3.079340893192188
3.780100371673633,2.488346707056587,5.217618807789735,6.140205772636384,10.41957401186455,0.2076248885179723,,,2.290872639294362,3.067784574704182
3.790442230926267,2.588320780554767,5.227960667042368,6.257313023114474,10.42991587111718,0.2072315137407566,,,2.301214498546996,3.050428562558238
3.800784090178901,2.687587372163396,5.238302526295002,6.369954673693646,10.44025773036982,0.2068813651027896,,,2.311556357799629,3.027313874207781
3.811125949431534,2.785654633027058,5.248644385547636,6.478688438113354,10.45059958962245,0.2065533708494353,,,2.321898217052263,2.998518439605211
3.821467808684168,2.882025186915369,5.25898624480027,6.582766131043259,10.46094144887508,0.2062287014306136,,,2.332240076304897,2.964157059841347
3.831809667936802,2.976211246404952,5.269328104052904,6.67992588212117,10.47128330812772,0.2058889719664621,,,2.342581935557531,2.924418346961702
3.842151527189436,3.067727956387525,5.279669963305538,6.769440703575879,10.48162516738035,0.2055522609521979,,,2.352923794810164,2.879424184771829
3.852493386442069,3.156111968664099,5.290011822558172,6.850643003616139,10.49196702663299,0.2052021689760438,,,2.363265654062798,2.829425670016086
3.862835245694703,3.240919436699632,5.300353681810805,6.922909041436734,10.50230888588562,0.2048101755076065,,,2.373607513315432,2.774677185999682
3.873177104947337,3.321733795109203,5.310695541063439,6.985683009291801,10.51265074513825,0.2043785392469578,,,2.383949372568066,2.715533737723212
3.883518964199971,3.398171478198914,5.321037400316073,7.038899805633264,10.52299260439089,0.203873903255218,,,2.3942912318207,2.653694496772202
3.893860823452605,3.469887369965896,5.331379259568707,7.082198625453684,10.53333446364352,0.2032713876756779,,,2.404633091073334,2.589542977269439
3.904202682705239,3.53841822489921,5.341721118821341,7.114789005858611,10.54367632289616,0.2026944723409812,,,2.414974950325968,2.521912265248631
3.914544541957873,3.60348937121379,5.352062978073975,7.136430437177931,10.55401818214879,0.2021378316990652,,,2.425316809578602,2.451162766584754
3.924886401210506,3.663038880141904,5.362404837326609,7.150968036881105,10.56436004140142,0.2014692284996832,,,2.435658668831235,2.377730570465241
3.93522826046314,3.71689266597755,5.372746696579243,7.158309408073826,10.57470190065406,0.2006883042098465,,,2.446000528083869,2.301907989072785
3.945570119715774,3.764936006292638,5.383088555831876,7.154418325357488,10.58504375990669,0.1997974682528552,,,2.456342387336503,2.224145953669753
3.955911978968408,3.807115855650983,5.39343041508451,7.140705216631955,10.59538561915932,0.1988018424496658,,,2.466684246589137,2.144858278036964
3.966253838221041,3.843442307958115,5.403772274337143,7.117305151567813,10.60572747841196,0.1977079826084071,,,2.47702610584177,2.064464252433742
3.976595697473675,3.87398916186305,5.414114133589777,7.083061715184299,10.61606933766459,0.1965286979053111,,,2.487367965094404,1.983385574802192
3.986937556726309,3.898893558628744,5.424455992842411,7.03826380925646,10.62641119691723,0.1952749980081765,,,2.497709824347038,1.902043380634453
3.997279415978943,3.918374055321919,5.434797852095045,6.983279484308016,10.63675305616986,0.193961473277613,,,2.508051683599672,1.820855412112187
4.007621275231577,3.932655978175165,5.445139711347679,6.918559236668171,10.64709491542249,0.1926044751150424,,,2.518393542852306,1.740233363633283
4.017963134484211,3.944143839977572,5.455481570600313,6.845708555125684,10.65743677467513,0.1912219522224813,,,2.52873540210494,1.660580436682625
4.028304993736844,3.954135054312801,5.465823429852946,6.76529857815297,10.66777863392776,0.1898317721469306,,,2.539077261357574,1.582289132283955
4.038646852989478,3.96093189879607,5.47616528910558,6.67683264127794,10.6781204931804,0.1884569467061446,,,2.549419120610207,1.505739304099616
4.048988712242112,3.963999776309781,5.486507148358214,6.580970483631571,10.68846235243303,0.1871165452956071,,,2.559760979862841,1.43129648974153
4.059330571494746,3.963786816793151,5.496849007610848,6.478428719819729,10.69880421168566,0.1858315682326954,,,2.570102839115475,1.359310532139973
4.06967243074738,3.960791662707507,5.507190866863482,6.369942592959907,10.7091460709383,0.1846229506729671,,,2.580444698368109,1.2901144970063
4.080014290000014,3.955491242169778,5.517532726116116,6.256264576058714,10.71948793019093,0.1835112302125494,,,2.590786557620743,1.224023886637815
4.090356149252647,3.948407345203823,5.52787458536875,6.13817423095808,10.72982978944357,0.1825162217940333,,,2.601128416873376,1.161340425450305
4.100698008505281,3.940075677656329,5.538216444621384,6.016504899253968,10.7401716486962,0.1816567043068377,,,2.61147027612601,1.102335850059439
4.111039867757915,3.93102737390107,5.548558303874017,5.891964424053349,10.75051350794883,0.1809501229834614,,,2.621812135378644,1.047274537058651
4.121381727010549,3.921781026724723,5.558900163126651,5.765404153296868,10.76085536720147,0.1804123113675981,,,2.632153994631278,0.9963955619029732
4.131723586263183,3.912862103177447,5.569242022379285,5.637550707780619,10.7711972264541,0.180121815437279,,,2.642495853883912,0.9499334490523925
4.142065445515817,3.904752511586718,5.579583881631919,5.509227862521894,10.78153908570673,0.1800920681102508,,,2.652837713136546,0.9080921373137909
4.152407304768451,3.897913897939422,5.589925740884553,5.381137217079531,10.79188094495937,0.1802638222328256,,,2.66317957238918,0.8710647878442226
4.162749164021085,3.892772799782532,5.600267600137187,5.25554967800732,10.802222804212,0.1806443970926593,,,2.673521431641813,0.839029703955959
4.173091023273718,3.889714497494622,5.610609459389821,5.133085803198204,10.81256466346464,0.1812366855855149,,,2.683863290894447,0.8121514097241327
4.183432882526352,3.889076215043631,5.620951318642454,5.012869620442086,10.82290652271727,0.1820431968902804,,,2.694205150147081,0.7906354020536712
4.193774741778986,3.891187568244484,5.631293177895088,4.895532242304466,10.8332483819699,0.1830611882627219,,,2.704547009399715,0.7745289429362714
4.20411660103162,3.896209493908619,5.641635037147721,4.781597885789956,10.84359024122254,0.1842860834660746,,,2.714888868652348,0.7640597357106201
4.214458460284254,3.904346867585255,5.651976896400355,4.671572715328598,10.85393210047517,0.1857103411549796,,,2.725230727904982,0.7592542109415676
4.224800319536888,3.915712341887326,5.662318755652989,4.565925110569847,10.8642739597278,0.1873247948920535,,,2.735572587157616,0.7602695180877969
4.235142178789522,3.930357722811325,5.672660614905623,4.465407208292996,10.87461581898044,0.1891165479887037,,,2.74591444641025,0.7672124244365635
4.245484038042155,3.94827182936481,5.683002474158257,4.370425011511784,10.88495767823307,0.1910706563583117,,,2.756256305662884,0.7802369072237082
4.255825897294788,3.969382583245286,5.693344333410891,4.280925804473609,10.89529953748571,0.1931698547621817,,,2.766598164915518,0.7993442095979131
4.266167756547422,3.993558313350273,5.703686192663525,4.197188350323028,10.90564139673834,0.195394731371623,,,2.776940024168152,0.8246662115361815
4.276509615800056,4.020607373795441,5.714028051916158,4.119447842449896,10.91598325599097,0.1977239288662781,,,2.787281883420786,0.8562871455332033
4.28685147505269,4.050317665888739,5.724369911168792,4.047896879815464,10.92632511524361,0.2001343695506706,,,2.797623742673419,0.8942858492709066
4.297193334305324,4.082980083234409,5.734711770421426,3.982686629819908,10.93666697449624,0.2026020822574482,,,2.807965601926053,0.938735413311654
4.307535193557958,4.118272356051886,5.74505362967406,3.923912626375339,10.94700883374887,0.2051002976113609,,,2.818307461178687,0.9897025696493287
4.317877052810592,4.155182132014169,5.755395488926694,3.871681500771002,10.95735069300151,0.2076027895866916,,,2.828649320431321,1.047246819397542
4.328218912063226,4.193296154775488,5.765737348179328,3.826008834950802,10.96769255225414,0.2100825790193339,,,2.838991179683954,1.111419303292857
4.338560771315859,4.232163120880667,5.776079207431962,3.786894078292871,10.97803441150678,0.2125114096321978,,,2.849333038936588,1.182261424273148
4.348902630568493,4.271323508301473,5.786421066684595,3.754383157670333,10.98837627075941,0.2148603420905258,,,2.859674898189222,1.259803237097804
4.359244489821127,4.31030217528458,5.796762925937229,3.728922956732777,10.99871813001204,0.2171053247834491,,,2.870016757441856,1.344061625739833
4.369586349073761,4.348618931993852,5.807104785189863,3.71060223221553,11.00905998926468,0.2192190726289072,,,2.88035861669449,1.435047258415363
4.379928208326395,4.385795636677904,5.817446644442497,3.698739310480626,11.01940184851731,0.2211725786968824,,,2.890700475947124,1.532728934725334
4.390270067579029,4.421363141695959,5.827788503695131,3.693160147644935,11.02974370776995,0.2229440516339306,,,2.901042335199758,1.637078584328242
4.400611926831663,4.455152325797786,5.838130362947765,3.693665105487873,11.04008556702258,0.2245481787780377,,,2.911384194452391,1.748039115126648
4.410953786084296,4.486711297418962,5.848472222200399,3.699879998841786,11.05042742627521,0.2260717673330329,,,2.921726053705025,1.865529114770174
4.42129564533693,4.515366816366697,5.858814081453033,3.711554348001337,11.06076928552785,0.2274516758469046,,,2.932067912957659,1.989440503679765
4.431637504589564,4.54074459895878,5.869155940705665,3.728327614103617,11.07111114478048,0.2285616323977142,,,2.942409772210293,2.119636269235432
4.441979363842198,4.563863819698562,5.879497799958299,3.749909264976669,11.08145300403311,0.2293838240937927,,,2.952751631462927,2.255948338791484
4.452321223094832,4.5844210077218,5.889839659210933,3.775990903904955,11.09179486328575,0.2299031051782165,,,2.96309349071556,2.398154210515617
4.462663082347466,4.600791396368949,5.900181518463567,3.806248110713399,11.10213672253838,0.2301071040609511,,,2.973435349968194,2.546065607233301
4.4730049416001,4.61497610010749,5.910523377716201,3.840356011123196,11.11247858179102,0.2299862522759729,,,2.983777209220828,2.699444869286272
4.483346800852733,4.626788991400088,5.920865236968835,3.877941940543986,11.12282044104365,0.2295339012212607,,,2.994119068473462,2.857877512135734
4.493688660105366,4.633860344833579,5.931207096221469,3.918661504501376,11.13316230029628,0.228746382012515,,,3.004460927726096,3.021066329960551
4.504030519358,4.636095316698167,5.941548955474103,3.962139746630834,11.14350415954892,0.2276230314747184,,,3.01480278697873,3.189176638144597
4.514372378610634,4.633454525087976,5.951890814726736,4.008003180654808,11.15384601880155,0.2261661846024667,,,3.025144646231364,3.361784215601696
4.524714237863268,4.625953861804558,5.96223267397937,4.055875136787876,11.16418787805419,0.2243811342910627,,,3.035486505483997,3.537876412172101
4.535056097115902,4.613674540917768,5.972574533232004,4.105378201640935,11.17452973730682,0.2222760595855641,,,3.045828364736631,3.716954603797172
4.545397956368536,4.596720570735346,5.982916392484638,4.156136714443566,11.18487159655945,0.2199903107428774,,,3.056170223989265,3.898488393668481
4.55573981562117,4.575272685240691,5.993258251737272,4.207779297782906,11.19521345581209,0.2175364783294778,,,3.066512083241899,4.081918575153371
4.566081674873804,4.549555357636706,6.003600110989906,4.261603878345833,11.20555531506472,0.2148005172647423,,,3.076853942494532,4.266660692027962
4.576423534126437,4.519832337901998,6.01394197024254,4.317241923008964,11.21589717431736,0.2117984071526933,,,3.087195801747166,4.452109174004954
4.586765393379071,4.48640902973079,6.024283829495173,4.372661073797991,11.22623903356999,0.2085489929157379,,,3.0975376609998,4.63770242968683
4.597107252631705,4.449627194788399,6.034625688747807,4.427496741989416,11.23658089282262,0.2050729137267185,,,3.107879520252434,4.822741837090476
4.607449111884339,4.409859661982416,6.044967548000441,4.481431790669109,11.24692275207526,0.2013926072365417,,,3.118221379505068,5.006568158185305
4.617790971136973,4.367505458031539,6.055309407253075,4.534150810878032,11.25726461132789,0.1975319342249483,,,3.128563238757702,5.188575323023892
4.628132830389607,4.323045562974321,6.065651266505709,4.585365932006799,11.26760647058052,0.1935189749692134,,,3.138905098010336,5.368132801261463
4.638474689642241,4.276915076563038,6.075993125758343,4.634756889423503,11.27794832983316,0.1893799998782779,,,3.14924695726297,5.545717852066731
4.648816548894875,4.231074594554337,6.086334985010977,4.682103582380367,11.28829018908579,0.1851399742454353,,,3.159588816515603,5.720724081986706
4.659158408147508,4.185960923388831,6.09667684426361,4.727271540310253,11.29863204833842,0.1808274106443651,,,3.169930675768237,5.891468013826384
4.669500267400142,4.14080931543295,6.107018703516244,4.770066873532952,11.30897390759106,0.1764697038150741,,,3.180272535020871,6.05735129969205
4.679842126652776,4.096043041622671,6.117360562768877,4.810236718823987,11.31931576684369,0.1720958916021918,,,3.190614394273505,6.217950336332225
4.69018398590541,4.051661010815156,6.127702422021511,4.847640530952256,11.32965762609633,0.167734383645107,,,3.200956253526138,6.373081534167909
4.700525845158044,4.008101828528821,6.138044281274145,4.882170215348899,11.33999948534896,0.1634131412146564,,,3.211298112778772,6.522320353657805
4.710867704410678,3.965733312702552,6.148386140526779,4.913738949653149,11.35034134460159,0.1591598690276032,,,3.221639972031406,6.664952453085958
4.721209563663311,3.924855036782785,6.158727999779413,4.942287389111627,11.36068320385423,0.1550426000796719,,,3.23198183128404,6.800663885104744
4.731551422915945,3.885785454280975,6.169069859032047,4.967754023805884,11.37102506310686,0.1510955836003932,,,3.242323690536674,6.929202445473525
4.741893282168578,3.848813247450378,6.179411718284681,4.992855404142698,11.3813669223595,0.1473017712691718,,,3.252665549789308,7.050379849507611
4.752235141421212,3.814297417407329,6.189753577537314,5.018466884441592,11.39170878161213,0.1436752150301267,,,3.263007409041942,7.165639102197495
4.762577000673846,3.782455065956943,6.200095436789948,5.041891168111889,11.40205064086476,0.1402365606627993,,,3.273349268294576,7.274909766911403
4.77291885992648,3.753371072022716,6.210437296042582,5.062188616669061,11.4123925001174,0.1370070520963444,,,3.283691127547209,7.376607261578808
4.783260719179114,3.72719083210841,6.220779155295216,5.079356525170053,11.42273435937003,0.1340035195505642,,,3.294032986799843,7.47077618513697
4.793602578431748,3.704020604865255,6.23112101454785,5.093461953873903,11.43307621862266,0.1312433121455527,,,3.304374846052477,7.560445698763487
4.803944437684382,3.683926935685144,6.241462873800484,5.104415963380465,11.4434180778753,0.1287403062107355,,,3.314716705305111,7.645725869480858
4.814286296937015,3.666936529508233,6.251804733053118,5.11233463352569,11.45375993712793,0.1265069782892968,,,3.325058564557744,7.723923115152739
4.824628156189649,3.65316007331302,6.262146592305752,5.117200590241736,11.46410179638057,0.124551427102515,,,3.335400423810378,7.795217592463435
4.834970015442283,3.642621178636165,6.272488451558385,5.11907254518511,11.4744436556332,0.1228875254781103,,,3.345742283063012,7.859868080430192
4.845311874694917,3.635026588397629,6.282830310811019,5.117918164034807,11.48478551488583,0.1215186363946342,,,3.356084142315646,7.92059662614748
4.855653733947551,3.630248808945196,6.293172170063653,5.113949122179244,11.49512737413847,0.120449111384905,,,3.36642600156828,7.977709563049727
4.865995593200185,3.628126387681341,6.303514029316287,5.107116769221725,11.5054692333911,0.1196812051503299,,,3.376767860820914,8.029168188245647
4.876337452452819,3.628468682380361,6.313855888568921,5.097442477322362,11.51581109264374,0.1192150841901954,,,3.387109720073548,8.075166559180786
4.886679311705453,3.631070916310267,6.324197747821554,5.085029786695916,11.52615295189637,0.1190488472390233,,,3.397451579326181,8.116105503018652
4.897021170958086,3.635646007718613,6.334539607074188,5.069893245988563,11.536494811149,0.1191785570697098,,,3.407793438578815,8.152329688619227
4.90736303021072,3.641940567623002,6.344881466326822,5.052086095578884,11.54683667040164,0.1195982832293886,,,3.418135297831449,8.184182455595387
4.917704889463354,3.65047393392808,6.355223325579455,5.031645713579366,11.55717852965427,0.1203010403112096,,,3.428477157084083,8.212000112537559
4.928046748715988,3.660934741681813,6.365565184832089,5.008967459004301,11.5675203889069,0.1212770741932441,,,3.438819016336716,8.236106734482354
4.938388607968622,3.672132222852917,6.375907044084723,4.984080414175149,11.57786224815954,0.1225139352437825,,,3.44916087558935,8.256809565322303
4.948730467221255,3.683794583510788,6.386248903337357,4.956741625547277,11.58820410741217,0.1239983381386059,,,3.459502734841984,8.274395112989787
4.959072326473889,3.695564061210935,6.396590762589991,4.926995441678552,11.59854596666481,0.1257153685803975,,,3.469844594094618,8.289126004958856
4.969414185726523,3.707069297996809,6.406932621842625,4.89490740544734,11.60888782591744,0.1276485837733191,,,3.480186453347252,8.301285100466023
4.979756044979156,3.717963988960002,6.417274481095259,4.860539336911629,11.61922968517007,0.129780121324991,,,3.490528312599886,8.311000420154613
4.99009790423179,3.728743709476984,6.427616340347893,4.824004141997596,11.62957154442271,0.1320908162718336,,,3.50087017185252,8.318489464071943
5.000439763484424,3.739400867060576,6.437958199600526,4.785355986729702,11.63991340367534,0.1345606797617023,,,3.511212031105153,8.323904895063645
5.010781622737058,3.748766567370478,6.44830005885316,4.744730142997709,11.65025526292798,0.1371680260147087,,,3.521553890357787,8.32759354166615
5.021123481989692,3.756192072061177,6.458641918105794,4.704309730744654,11.66059712218061,0.1398902945880482,,,3.531895749610421,8.329580531930562
5.031465341242326,3.761377857127569,6.468983777358428,4.664226457846249,11.67093898143324,0.1427046907812238,,,3.542237608863055,8.329793624693913
5.04180720049496,3.764047005140369,6.479325636611062,4.623373195510545,11.68128084068588,0.1455877400239403,,,3.552579468115689,8.328366672778566
5.052149059747594,3.763947767186655,6.489667495863696,4.581896512404496,11.69162269993851,0.1485140710451668,,,3.562921327368322,8.325195361635227
5.062490919000227,3.760855791795572,6.50000935511633,4.539187394309944,11.70196455919115,0.1515253834575253,,,3.573263186620956,8.320365966270019
5.072832778252861,3.75457600300617,6.510351214368963,4.49539730100649,11.71230641844378,0.1545953410850139,,,3.58360504587359,8.313890805950031
5.083174637505495,3.744944114668818,6.520693073621597,4.451407241061757,11.72264827769641,0.1576348325104968,,,3.593946905126224,8.305775518834045
5.093516496758129,3.731827773081433,6.531034932874231,4.40753053980279,11.73299013694905,0.1606311741834202,,,3.604288764378858,8.29602259534634
5.103858356010763,3.715127325064076,6.541376792126865,4.363207659801222,11.74333199620168,0.1635598408530131,,,3.614630623631492,8.286881040789554
5.114200215263397,3.696440399924329,6.551718651379499,4.318728767660627,11.75367385545431,0.1663847654668642,,,3.624972482884125,8.278338742257718
5.124542074516031,3.675720237776315,6.562060510632132,4.274279853470951,11.76401571470695,0.1690826875077932,,,3.635314342136759,8.270418181977
5.134883933768664,3.6512755425444,6.572402369884766,4.230172193574847,11.77435757395958,0.1716297759611657,,,3.645656201389393,8.263085705283217
5.145225793021298,3.623111871808092,6.5827442291374,4.186948696406824,11.78469943321221,0.1740046953088923,,,3.655998060642027,8.254007562696213
5.155567652273932,3.591266809179491,6.593086088390034,4.144883614032156,11.79504129246485,0.1761874643482821,,,3.666339919894661,8.243156009011773
5.165909511526566,3.555809009908462,6.603427947642667,4.104048333466477,11.80538315171748,0.1781596183224981,,,3.676681779147295,8.232765875822841
5.176251370779199,3.516836952997982,6.613769806895301,4.064739617412815,11.81572501097012,0.1799043593708033,,,3.687023638399928,8.222821567577826
5.186593230031833,3.474477422508256,6.624111666147935,4.027259498881452,11.82606687022275,0.1814066933532338,,,3.697365497652562,8.211057611666213
5.196935089284467,3.42888374328565,6.634453525400569,3.991906478368558,11.83640872947538,0.1826535511744,,,3.707707356905196,8.197499930604293
5.207276948537101,3.381226222430147,6.644795384653203,3.958981865158572,11.84675058872802,0.1836338928422231,,,3.71804921615783,8.182116281522521
5.217618807789735,3.33168535941463,6.655137243905837,3.928750744274912,11.85709244798065,0.1843631139661135,,,3.728391075410464,8.16502721171463
5.227960667042368,3.279499425022498,6.665479103158471,3.901489510495531,11.86743430723329,0.1848342732243403,,,3.738732934663097,8.14615888522191
5.238302526295002,3.224876013441792,6.675820962411104,3.877451086002972,11.87777616648592,0.1850181383764297,,,3.749074793915731,8.12566973763832
5.248644385547636,3.16823550896104,6.686162821663738,3.856869836972609,11.88811802573855,0.1849264139890474,,,3.759416653168365,8.103552428679507
5.25898624480027,3.109828378817425,6.696504680916372,3.839992111314309,11.89845988499119,0.1845585798620353,,,3.769758512420999,8.079924811435973
5.269328104052904,3.049742226987209,6.706846540169006,3.827595578635461,11.90880174424382,0.183903101451741,,,3.780100371673633,8.054945508559628
5.279669963305538,2.988223728449281,6.71718839942164,3.819871383181715,11.91914360349645,0.1829637636810552,,,3.790442230926267,8.028596821703616
5.290011822558172,2.925555529218093,6.727530258674274,3.816299628694789,11.92948546274909,0.1818076496104041,,,3.800784090178901,8.001414023455986
5.300353681810805,2.862014045518533,6.737872117926908,3.81699009353989,11.93982732200172,0.1805189798673359,,,3.811125949431534,7.973506746606721
5.310695541063439,2.797876649187831,6.748213977179542,3.822008292738205,11.95016918125436,0.1790436456483704,,,3.821467808684168,7.94461159774733
5.321037400316073,2.733854893493009,6.758555836432175,3.83145273602125,11.96051104050699,0.1773135779041133,,,3.831809667936802,7.914899235512437
5.331379259568707,2.670229063084095,6.768897695684809,3.845268190225346,11.97085289975962,0.1753396885338047,,,3.842151527189436,7.884400401634648
5.341721118821341,2.60681160534461,6.779239554937443,3.863485333755313,11.98119475901226,0.173138268590126,,,3.852493386442069,7.853287074911683
5.352062978073975,2.543854559556637,6.789581414190076,3.886072058547127,11.99153661826489,0.1707210375891092,,,3.862835245694703,7.821696609018766
5.362404837326609,2.481735706273605,6.79992327344271,3.912974214387239,12.00187847751753,0.1681047574510565,,,3.873177104947337,7.789775013454488
5.372746696579243,2.42074165312049,6.810265132695344,3.944115013385815,12.01222033677016,0.1653060431362127,,,3.883518964199971,7.757678511970837
5.383088555831876,2.360895749340255,6.820606991947978,3.979396815370336,12.02256219602279,0.1623411810763224,,,3.893860823452605,7.725575289042822
5.39343041508451,2.302372696198704,6.830948851200612,4.019912132124451,12.03290405527543,0.1592284124436764,,,3.904202682705239,7.696274513595779
5.403772274337143,2.245451899010873,6.841290710453245,4.065518079499338,12.04324591452806,0.1559875563154212,,,3.914544541957873,7.669829786851757
5.414114133589777,2.190236865515971,6.851632569705879,4.114838799667266,12.05358777378069,0.1526359181829974,,,3.924886401210506,7.643916675594472
5.424455992842411,2.13688089227863,6.861974428958513,4.167695813373249,12.06392963303333,0.1491936076882865,,,3.93522826046314,7.618720298430021
5.434797852095045,2.085519058778153,6.872316288211147,4.223901700164228,12.07427149228596,0.1456798841034245,,,3.945570119715774,7.594480928911201
5.445139711347679,2.036267855247953,6.882658147463781,4.283262799427633,12.0846133515386,0.1421138146627987,,,3.955911978968408,7.571426484591513
5.455481570600313,1.989688037150247,6.893000006716415,4.345581878734803,12.09495521079123,0.1385140717052434,,,3.966253838221041,7.549822434510935
5.465823429852946,1.945853314528928,6.903341865969049,4.410660730311483,12.10529707004386,0.1348964057527473,,,3.976595697473675,7.529959161520106
5.47616528910558,1.904349344565948,6.913683725221683,4.478302658193497,12.1156389292965,0.1312837377581856,,,3.986937556726309,7.512151771989798
5.486507148358214,1.865206312283167,6.924025584474316,4.548283498306919,12.12598078854913,0.1277011181903793,,,3.997279415978943,7.496818119413303
5.496849007610848,1.82844207887873,6.93436744372695,4.620485738165109,12.13632264780177,0.1241636530424588,,,4.007621275231577,7.48418240003597
5.507190866863482,1.794047913647616,6.944709302979584,4.694691172503624,12.1466645070544,0.1206751918501159,,,4.017963134484211,7.477220022638987
5.517532726116116,1.761988959703294,6.955051162232218,4.77073094402077,12.15700636630703,0.1172493039427592,,,4.028304993736844,7.477967566133363
5.52787458536875,1.732219431786826,6.965393021484852,4.848448118592323,12.16734822555967,0.1138984207922754,,,4.038646852989478,7.484253045903482
5.538216444621384,1.704680422837642,6.975734880737486,4.928358764976446,12.1776900848123,0.1106337922663499,,,4.048988712242112,7.494774655947787
5.548558303874017,1.679283420571163,6.98607673999012,5.011678131484293,12.18803194406494,0.1074654137879164,,,4.059330571494746,7.509894341281152
5.558900163126651,1.655953059408234,6.996418599242753,5.097679501477375,12.19837380331757,0.1044022000038613,,,4.06967243074738,7.530018602323829
5.569242022379285,1.634523995724121,7.006760458495387,5.184801776653147,12.2087156625702,0.1014516872150117,,,4.080014290000014,7.555505825124278
5.579583881631919,1.614950211238954,7.01710231774802,5.272921487758708,12.21905752182283,0.0986433699015546,,,4.090356149252647,7.586623759132062
5.589925740884553,1.597052422415275,7.027444177000654,5.362002660377589,12.22939938107547,0.09598225481600905,,,4.100698008505281,7.623761919399539
5.600267600137187,1.581049010270319,7.037786036253288,5.451833540410906,12.2397412403281,0.09345267519949001,,,4.111039867757915,7.667241297655472
5.610609459389821,1.566772146125654,7.048127895505922,5.542388836490256,12.25008309958074,0.09106280842947917,,,4.121381727010549,7.717352227572661
5.620951318642454,1.553710546485754,7.058469754758556,5.633602586523742,12.26042495883337,0.08881027607494192,,,4.131723586263183,7.774376404145297
5.631293177895088,1.541694842950656,7.06881161401119,5.725419854507463,12.270766818086,0.08668979162153904,,,4.142065445515817,7.838539063843051
5.641635037147721,1.5305493755278,7.079153473263823,5.817794934473864,12.28110867733864,0.08470089017624248,,,4.152407304768451,7.910035098587853
5.651976896400355,1.520098143206499,7.089495332516457,5.91068924933449,12.29145053659127,0.08284368349412349,,,4.162749164021085,7.989017056617651
5.662318755652989,1.510183045130408,7.099837191769091,6.004018636053742,12.30179239584391,0.08111443795735371,,,4.173091023273718,8.075591915584228
5.672660614905623,1.500691288605604,7.110179051021725,6.097845431948933,12.31213425509654,0.07950998901508252,,,4.183432882526352,8.169789034228907
5.683002474158257,1.491471709433548,7.120520910274359,6.192112546285562,12.32247611434917,0.07802697468255697,,,4.193774741778986,8.271817735787758
5.693344333410891,1.482266324066606,7.130862769526993,6.286762684317179,12.33281797360181,0.07666076157713293,,,4.20411660103162,8.38136442495771
5.703686192663525,1.472919968750859,7.141204628779627,6.381753903473769,12.34315983285444,0.07540683630600792,,,4.214458460284254,8.498444479787217
5.714028051916158,1.463287456863588,7.151546488032261,6.479465647356503,12.35350169210708,0.07427692849084294,,,4.224800319536888,8.622861262557366
5.724369911168792,1.453235212602642,7.161888347284894,6.579788931926018,12.36384355135971,0.07326536327753254,,,4.235142178789522,8.754546208371629
5.734711770421426,1.442642761141418,7.172230206537528,6.681207245404508,12.37418541061234,0.07234912860696013,,,4.245484038042155,8.893192791953824
5.74505362967406,1.431401074414792,7.182572065790162,6.783577432425041,12.38452726986498,0.07152185508977595,,,4.255825897294788,9.038520122804686
5.755395488926694,1.419426254964331,7.192913925042796,6.885723104589382,12.39486912911761,0.070776993882308,,,4.266167756547422,9.190206514239096
5.765737348179328,1.406640567183993,7.20325578429543,6.987453824151362,12.40521098837024,0.07010788165056443,,,4.276509615800056,9.347847630153922
5.776079207431962,1.392987248887281,7.213597643548064,7.088557921783284,12.41555284762288,0.06950782901662898,,,4.28685147505269,9.51121745679842
5.786421066684595,1.378441486795679,7.223939502800698,7.188801944419014,12.42589470687551,0.06897008990734865,,,4.297193334305324,9.682960695909912
5.796762925937229,1.363103728272247,7.234281362053331,7.287930551112243,12.43623656612815,0.06848805332277792,,,4.307535193557958,9.862660446414953
5.807104785189863,1.347944050113351,7.244623221305964,7.385666889904971,12.44657842538078,0.0680552197689069,,,4.317877052810592,10.04657230922588
5.817446644442497,1.3328340239401,7.254965080558598,7.4817134799576,12.45692028463341,0.06766527802879314,,,4.328218912063226,10.23424278514263
5.827788503695131,1.316821602572867,7.265306939811232,7.576008656433382,12.46726214388605,0.06731216008202845,,,4.338560771315859,10.42501773642166
5.838130362947765,1.299922261011327,7.275648799063866,7.668216367100412,12.47760400313868,0.06699007668075768,,,4.348902630568493,10.61842018824487
5.848472222200399,1.282344933122948,7.2859906583165,7.757722220051532,12.48794586239132,0.06669379325064841,,,4.359244489821127,10.81392015689594
5.858814081453033,1.264131407581798,7.296332517569134,7.844175654412242,12.49828772164395,0.06641797866536399,,,4.369586349073761,11.0109947900108
5.869155940705665,1.245216540109552,7.306674376821768,7.927195448753894,12.50862958089658,0.06615815096168355,,,4.379928208326395,11.2091322560878
5.879497799958299,1.225687446545944,7.317016236074402,8.006403753068723,12.51897144014922,0.06591017131637569,,,4.390270067579029,11.40783511085144
5.889839659210933,1.205642770604753,7.327358095327035,8.081423224894763,12.52931329940185,0.06567039758506672,,,4.400611926831663,11.60860871227332
5.900181518463567,1.185191174593331,7.337699954579669,8.151879948171217,12.53965515865448,0.06543570770674939,,,4.410953786084296,11.81090782607327
5.910523377716201,1.164433990257238,7.348041813832303,8.218493144440119,12.54999701790712,0.06520351590496655,,,4.42129564533693,12.01234773505577
5.920865236968835,1.143523673041207,7.358383673084937,8.280935490007288,12.56033887715975,0.06498660446805271,,,4.431637504589564,12.21248142386139
5.931207096221469,1.122583038285593,7.368725532337571,8.337718797336276,12.57068073641239,0.06479662775176499,,,4.441979363842198,12.41276131258255
5.941548955474103,1.10173661333018,7.379067391590205,8.388505326233481,12.58102259566502,0.06461746020642363,,,4.452321223094832,12.61258405395183
5.951890814726736,1.081118396198735,7.389409250842839,8.433085688260892,12.59136445491765,0.06443494897383288,,,4.462663082347466,12.80987193295731
5.96223267397937,1.060862361060577,7.399751110095472,8.471135191025931,12.60170631417029,0.06425607255926462,,,4.4730049416001,13.00769297155348
5.972574533232004,1.041100903561615,7.410092969348106,8.502465812899333,12.61204817342292,0.06409144354043171,,,4.483346800852733,13.20556220686361
5.982916392484638,1.021963383594509,7.42043482860074,8.528661151223389,12.62239003267556,0.06393283551199729,,,4.493688660105366,13.39977643123549
5.993258251737272,1.003574784695615,7.430776687853374,8.551454712810809,12.63273189192819,0.06377333776154918,,,4.504030519358,13.58998735182923
6.003600110989906,0.9860545055444726,7.441118547106008,8.568955662041192,12.64307375118082,0.06361178232232186,,,4.514372378610634,13.77587369629499
6.01394197024254,0.9695152950497219,7.451460406358642,8.579167546406241,12.65341561043346,0.0634496232378855,,,4.524714237863268,13.95714147551571
6.024283829495173,0.9540623383580256,7.461802265611276,8.582071772724719,12.66375746968609,0.06330263912690966,,,4.535056097115902,14.13352750698962
6.034625688747807,0.939761142544381,7.47214412486391,8.579512705704875,12.67409932893872,0.06317217225730094,,,4.545397956368536,14.30480752489997
6.044967548000441,0.9267690205483327,7.482485984116543,8.571560128880472,12.68444118819136,0.06304603248288392,,,4.55573981562117,14.47071100696277
6.055309407253075,0.9151383514336449,7.492827843369176,8.556479971027031,12.69478304744399,0.06292550605510069,,,4.566081674873804,14.63115217685308
6.065651266505709,0.9049180073990003,7.50316970262181,8.534861221597481,12.70512490669662,0.06281207153062697,,,4.576423534126437,14.78595246023777
6.075993125758343,0.8961729842108865,7.513511561874444,8.507085140773926,12.71546676594926,0.06270724117893066,,,4.586765393379071,14.93493934731191
6.086334985010977,0.8889548236640833,7.523853421127078,8.472972435707762,12.72580862520189,0.06261231817047168,,,4.597107252631705,15.07801253283401
6.09667684426361,0.883302965523034,7.534195280379712,8.432670734379963,12.73615048445453,0.06252761616238096,,,4.607449111884339,15.21517930844331
6.107018703516244,0.8792470343160181,7.544537139632346,8.386531696269394,12.74649234370716,0.06245407070876703,,,4.617790971136973,15.34636357750985
6.117360562768877,0.8768070221392679,7.55487899888498,8.334947095120697,12.75683420295979,0.06239193182314436,,,4.628132830389607,15.47269968392919
6.127702422021511,0.8759748191212808,7.565220858137613,8.278745307565963,12.76717606221243,0.06234107945049677,,,4.638474689642241,15.5942067748857
6.138044281274145,0.8767932414883245,7.575562717390247,8.218378345178474,12.77751792146506,0.06230043200910575,,,4.648816548894875,15.71265861678983
6.148386140526779,0.8792313589653715,7.585904576642881,8.153915452345458,12.7878597807177,0.06227000085098752,,,4.659158408147508,15.82810380361523
6.158727999779413,0.8832732851392179,7.596246435895515,8.085843382359823,12.79820163997033,0.06224772775538161,,,4.669500267400142,15.93962249619924
6.169069859032047,0.8888913142790409,7.606588295148149,8.014657552008488,12.80854349922296,0.06223140725964861,,,4.679842126652776,16.04735117451812
6.179411718284681,0.8960899947122567,7.616930154400783,7.942234113559266,12.8188853584756,0.06221948977153437,,,4.69018398590541,16.14937338283696
6.189753577537314,0.9053324449852173,7.627272013653417,7.86904182657411,12.82922721772823,0.06220841548253511,,,4.700525845158044,16.24867863004316
6.200095436789948,0.9165366682338131,7.637613872906051,7.794677084117559,12.83956907698087,0.06219524206035867,,,4.710867704410678,16.34539459294709
6.210437296042582,0.9291303791566579,7.647955732158684,7.71955963690244,12.8499109362335,0.06217525249471065,,,4.721209563663311,16.43682996668863
6.220779155295216,0.9430419898708882,7.658297591411318,7.643603706729757,12.86025279548613,0.06214580858343589,,,4.731551422915945,16.52316416132734
6.23112101454785,0.9582062926268773,7.668639450663952,7.567185776332598,12.87059465473877,0.06210546710982589,,,4.741893282168578,16.60457969215631
6.241462873800484,0.9745058870601927,7.678981309916586,7.492318361024707,12.8809365139914,0.06204825395957807,,,4.752235141421212,16.68357246469465
6.251804733053118,0.9919137509734142,7.68932316916922,7.419291183706155,12.89127837324403,0.06196909815879904,,,4.762577000673846,16.76027832618432
6.262146592305752,1.010257844745234,7.699665028421854,7.346668029441507,12.90162023249667,0.06186377687130156,,,4.77291885992648,16.8327364583884
6.272488451558385,1.029462136142333,7.710006887674487,7.274639337584445,12.9119620917493,0.06172818316030573,,,4.783260719179114,16.90119354420082
6.282830310811019,1.049412992414778,7.720348746927121,7.203366270986764,12.92230395100194,0.06155826804648377,,,4.793602578431748,16.96591263012165
6.293172170063653,1.070000801057379,7.730690606179754,7.132920355721088,12.93264581025457,0.06135038334487357,,,4.803944437684382,17.02717006930157
6.303514029316287,1.091100100712171,7.741032465432388,7.063377317588241,12.9429876695072,0.06110109998720022,,,4.814286296937015,17.08525222679927
6.313855888568921,1.112584092782603,7.751374324685022,6.994709604393642,12.95332952875984,0.06080741468950364,,,4.824628156189649,17.14338603729763
6.324197747821554,1.134322466603079,7.761716183937656,6.926943345267254,12.96367138801247,0.06051052037333036,,,4.834970015442283,17.20195001454243
6.334539607074188,1.156180238586895,7.77205804319029,6.859994281075156,12.97401324726511,0.06020804655753473,,,4.845311874694917,17.25814911905206
6.344881466326822,1.178033187744433,7.782399902442924,6.79374962847588,12.98435510651774,0.05985417504998777,,,4.855653733947551,17.31222797585045
6.355223325579455,1.199718189199869,7.792741761695558,6.728056390402958,12.99469696577037,0.05944727752786279,,,4.865995593200185,17.36443344186741
6.365565184832089,1.221115831511038,7.803083620948192,6.662766941978376,13.00503882502301,0.05898697506315263,,,4.876337452452819,17.41504429003896
6.375907044084723,1.242076353611455,7.813425480200825,6.597700117767062,13.01538068427564,0.05847317842243145,,,4.886679311705453,17.46425140243356
6.386248903337357,1.262468282013411,7.823767339453459,6.532660095974836,13.02572254352827,0.05790598707433331,,,4.897021170958086,17.51216826495757
6.396590762589991,1.282143000772137,7.834109198706093,6.467442312373876,13.03606440278091,0.05728938646192433,,,4.90736303021072,17.55911175587439
6.406932621842625,1.300966707341716,7.844451057958727,6.401839460353869,13.04640626203354,0.05664153457108283,,,4.917704889463354,17.60843800045408
6.417274481095259,1.318810631430232,7.854792917211361,6.335647448950459,13.05674812128618,0.05596251414409247,,,4.928046748715988,17.66039198606562
6.427616340347893,1.335561846070897,7.865134776463995,6.268671191713111,13.06708998053881,0.05523864034450815,,,4.938388607968622,17.71156568774324
6.437958199600526,1.351091190229945,7.875476635716629,6.200731472863498,13.07743183979144,0.05447341221938787,,,4.948730467221255,17.76213858450079
6.44830005885316,1.365301566614613,7.885818494969262,6.131717263377383,13.08777369904408,0.05367104126133673,,,4.959072326473889,17.81214392146043
6.458641918105794,1.37828187581145,7.896160354221896,6.063436941126438,13.09811555829671,0.05283621674102281,,,4.969414185726523,17.86154247648189
6.468983777358428,1.389950546617799,7.90650221347453,5.995945302638589,13.10845741754935,0.05197408783825495,,,4.979756044979156,17.91030977463926
6.479325636611062,1.400644954081348,7.916844072727164,5.927197825201767,13.11879927680198,0.05109019667604316,,,4.99009790423179,17.96105943514879
6.489667495863696,1.410306822533668,7.927185931979798,5.856876907741675,13.12914113605461,0.05019044835195734,,,5.000439763484424,18.01632876081014
6.50000935511633,1.418301794140161,7.937527791232431,5.784941577331351,13.13948299530725,0.04928044352983216,,,5.010781622737058,18.07329273586428
6.510351214368963,1.424607181962044,7.947869650485065,5.71420644003709,13.14982485455988,0.04836745609219184,,,5.021123481989692,18.12911252790422
6.520693073621597,1.429254059195206,7.958211509737699,5.64468358889779,13.16016671381251,0.0474572338524222,,,5.031465341242326,18.18356072319069
6.531034932874231,1.432270895606463,7.968553368990333,5.573580428199661,13.17050857306515,0.04655620801775784,,,5.04180720049496,18.23639034985653
6.541376792126865,1.433621194855466,7.978895228242966,5.501001262506609,13.18085043231778,0.04567083641715593,,,5.052149059747594,18.2873367235109
6.551718651379499,1.433356108136857,7.9892370874956,5.426982940444521,13.19119229157041,0.04480715434759868,,,5.062490919000227,18.33611937876115
6.562060510632132,1.431543419606055,7.999578946748234,5.351692452973273,13.20153415082305,0.04397118862151895,,,5.072832778252861,18.3824440869489
6.572402369884766,1.428274986911931,8.009920806000869,5.275298000351956,13.21187601007568,0.04316849119037577,,,5.083174637505495,18.42608135061822
6.5827442291374,1.424396769806092,8.020262665253503,5.197995340174836,13.22221786932832,0.04240443560356107,,,5.093516496758129,18.46658321239596
6.593086088390034,1.420032708936653,8.030604524506137,5.120003708929842,13.23255972858095,0.04168394088307909,,,5.103858356010763,18.50369739193363
6.603427947642667,1.414575787842707,8.04094638375877,5.041561331386555,13.24290158783358,0.04102197054651747,,,5.114200215263397,18.54274092926502
6.613769806895301,1.408190523118155,8.051288243011403,4.962920633516917,13.25324344708622,0.0404223992012773,,,5.124542074516031,18.58334793419759
6.624111666147935,1.401047558613202,8.061630102264036,4.884343279606167,13.26358530633885,0.03987797432657381,,,5.134883933768664,18.61944336231964
6.634453525400569,1.393332193831904,8.07197196151667,4.806663020331579,13.27392716559149,0.03939105522202276,,,5.145225793021298,18.65061653372225
6.644795384653203,1.385242673961836,8.082313820769304,4.730240846030819,13.28426902484412,0.0389644281239382,,,5.155567652273932,18.67646706434015
6.655137243905837,1.376988290582822,8.092655680021938,4.65463711460907,13.29461088409675,0.03859916310821273,,,5.165909511526566,18.6966094180663
6.665479103158471,1.368787315666867,8.102997539274572,4.580134311927909,13.30495274334939,0.0382961102499426,,,5.176251370779199,18.71072998210794
6.675820962411104,1.360864793692889,8.113339398527206,4.506935364308287,13.31529460260202,0.03805549881881494,,,5.186593230031833,18.71839610277824
6.686162821663738,1.353450218460448,8.12368125777984,4.435249927376965,13.32563646185466,0.03787691759497863,,,5.196935089284467,18.71933726958029
6.696504680916372,1.346776016696564,8.134023117032473,4.365267450233367,13.33597832110729,0.03776039614112613,,,5.207276948537101,18.7159614580368
6.706846540169006,1.341342174751011,8.144364976285107,4.297154853642827,13.34632018035992,0.03770430917217934,,,5.217618807789735,18.70794762609069
6.71718839942164,1.337391437360711,8.154706835537741,4.23105484015536,13.35666203961256,0.03770540150626441,,,5.227960667042368,18.69250737325181
6.727530258674274,1.334827013925212,8.165048694790375,4.167084855533606,13.36700389886519,0.03776090397257342,,,5.238302526295002,18.66937592038621
6.737872117926908,1.333911729370238,8.175390554043009,4.105362395626091,13.37734575811782,0.03786752294321837,,,5.248644385547636,18.64137992936656
6.748213977179542,1.334823010040682,8.185732413295643,4.045904453745551,13.38768761737046,0.03802147545081942,,,5.25898624480027,18.60848964915915
6.758555836432175,1.3377616206195,8.196074272548277,3.988784132956392,13.39802947662309,0.03821852855344706,,,5.269328104052904,18.56761211414861
6.768897695684809,1.342878181393174,8.206416131800911,3.934014527735819,13.40837133587573,0.03846060253559123,,,5.279669963305538,18.51873094776807
6.779239554937443,1.350345275196276,8.216757991053544,3.881593668480174,13.41871319512836,0.03874264521220608,,,5.290011822558172,18.46196293788358
6.789581414190076,1.360298632082158,8.227099850306178,3.831500773173659,13.42905505438099,0.03905268247945969,,,5.300353681810805,18.39746257071872
6.79992327344271,1.372857151066716,8.237441709558812,3.783698925616879,13.43939691363363,0.03938504467662369,,,5.310695541063439,18.32546017598206
6.810265132695344,1.388118067460301,8.247783568811446,3.738138002359615,13.44973877288626,0.03973407667055272,,,5.321037400316073,18.24788776340668
6.820606991947978,1.406155653303242,8.25812542806408,3.694757754346525,13.4600806321389,0.04009342134228076,,,5.331379259568707,18.16519700435045
6.830948851200612,1.427020139164091,8.268467287316714,3.653470528557793,13.47042249139153,0.04045718020660423,,,5.341721118821341,18.076113224666
6.841290710453245,1.450736869823794,8.278809146569348,3.615589203951454,13.48076435064416,0.0408188651371392,,,5.352062978073975,17.98114335500231
6.851632569705879,1.477305704300585,8.289151005821981,3.581033929632107,13.4911062098968,0.04117282226466071,,,5.362404837326609,17.88562510170069
6.861974428958513,1.506700668557038,8.299492865074615,3.548325077783521,13.50144806914943,0.04151327625153647,,,5.372746696579243,17.79023697066972
6.872316288211147,1.538869867067468,8.309834724327249,3.517399012032673,13.51178992840206,0.04183409281408827,,,5.383088555831876,17.69077104633767
6.882658147463781,1.57373565720211,8.320176583579883,3.488176814353362,13.5221317876547,0.04212959109117385,,,5.39343041508451,17.59050355697411
6.893000006716415,1.611195088090817,8.330518442832517,3.46058882304177,13.53247364690733,0.04239442448033146,,,5.403772274337143,17.49028499656265
6.903341865969049,1.651120603253423,8.340860302085151,3.434542609996651,13.54281550615997,0.04262388606925972,,,5.414114133589777,17.38810708233981
6.913683725221683,1.693361003815542,8.351202161337785,3.410030055076315,13.5531573654126,0.04282860156301076,,,5.424455992842411,17.28473102313245
6.924025584474316,1.73774266656135,8.361544020590419,3.388423557392808,13.56349922466523,0.04300417414484815,,,5.434797852095045,17.18094049667525
6.93436744372695,1.784071008407206,8.371885879843052,3.369645825927278,13.57384108391787,0.04313104135313761,,,5.445139711347679,17.07754379506635
6.944709302979584,1.832132186117074,8.382227739095686,3.352663774813216,13.5841829431705,0.04320538579372323,,,5.455481570600313,16.97722806892379
6.955051162232218,1.881695414428215,8.39256959834832,3.337419948047511,13.59452480242313,0.04322504116234335,,,5.465823429852946,16.88077593053431
6.965393021484852,1.932517360943119,8.402911457600954,3.323606755579912,13.60486666167577,0.0431871875714943,,,5.47616528910558,16.78704059067645
6.975734880737486,1.984886876781212,8.413253316853588,3.31117880697283,13.6152085209284,0.04308956715921733,,,5.486507148358214,16.69667979552465
6.98607673999012,2.038647839716872,8.423595176106222,3.300122029335073,13.62555038018104,0.04293081555826435,,,5.496849007610848,16.61156608154415
6.996418599242753,2.092958660499695,8.433937035358856,3.290461926333716,13.63589223943367,0.04271679536423981,,,5.507190866863482,16.53229854199343
7.006760458495387,2.147411235234474,8.44427889461149,3.282205247330347,13.6462340986863,0.04246468715827521,,,5.517532726116116,16.45876436184061
7.01710231774802,2.201710520699322,8.454620753864123,3.275359666664637,13.65657595793894,0.04216797539197899,,,5.52787458536875,16.39141219092103
7.027444177000654,2.255580741433008,8.464962613116757,3.269935314196013,13.66691781719157,0.04180978030747737,,,5.538216444621384,16.3301171787023
7.037786036253288,2.308700087065395,8.475304472369391,3.26593864948072,13.6772596764442,0.04139120580236425,,,5.548558303874017,16.27502501735805
7.048127895505922,2.360800023494884,8.485646331622025,3.26336264698431,13.68760153569684,0.04091503188804365,,,5.558900163126651,16.2264761901813
7.058469754758556,2.411607398136165,8.495988190874659,3.262216601529937,13.69794339494947,0.04038338314392603,,,5.569242022379285,16.18436508129084
7.06881161401119,2.460861609911273,8.506330050127293,3.262493542203798,13.70828525420211,0.03979769651399618,,,5.579583881631919,16.14884367179907
7.079153473263823,2.50831720223073,8.516671909379925,3.264130129799822,13.71862711345474,0.03916098897962676,,,5.589925740884553,16.11968906650008
7.089495332516457,2.55374626346939,8.527013768632559,3.267100679281121,13.72896897270737,0.03847666883851955,,,5.600267600137187,16.09948050641082
7.099837191769091,2.596940045827115,8.537355627885193,3.271324062895158,13.73931083196001,0.03775812658520072,,,5.610609459389821,16.08776887971708
7.110179051021725,2.637703635541227,8.547697487137826,3.27680618541854,13.74965269121264,0.03700933947099382,,,5.620951318642454,16.08138299176763
7.120520910274359,2.675894198504063,8.55803934639046,3.283420926293918,13.75999455046528,0.03622482308957133,,,5.631293177895088,16.07988968221752
7.130862769526993,2.71136094400603,8.568381205643094,3.291072390296013,13.77033640971791,0.03540893072698299,,,5.641635037147721,16.08258820507714
7.141204628779627,2.743990703715661,8.578723064895728,3.299636523083282,13.78067826897054,0.03456616859295632,,,5.651976896400355,16.08877038114348
7.151546488032261,2.774271048250373,8.589064924148362,3.308988026198505,13.79102012822318,0.03370113067337581,,,5.662318755652989,16.09771579718091
7.161888347284894,2.80212128475784,8.599406783400996,3.318958381874432,13.80136198747581,0.03281851739378503,,,5.672660614905623,16.11057497298311
7.172230206537528,2.828455199851905,8.60974864265363,3.329470006096334,13.81170384672845,0.03192298218407838,,,5.683002474158257,16.12659748215553
7.182572065790162,2.853243265957106,8.620090501906263,3.340327720813223,13.82204570598108,0.03101916189819261,,,5.693344333410891,16.14268956823056
7.192913925042796,2.874953388141318,8.630432361158897,3.351369790521573,13.83238756523371,0.03011292316467554,,,5.703686192663525,16.15790554505621
7.20325578429543,2.893593960086586,8.640774220411531,3.363102321522034,13.84272942448635,0.02920869457406716,,,5.714028051916158,16.17129787537956
7.213597643548064,2.909196952612447,8.651116079664165,3.375351984486634,13.85307128373898,0.02830943080329644,,,5.724369911168792,16.18193078862247
7.223939502800698,2.921816517044158,8.661457938916799,3.387635007876586,13.86341314299161,0.02741920897793445,,,5.734711770421426,16.18889359798208
7.234281362053331,2.931527299010683,8.671799798169433,3.399773144165131,13.87375500224425,0.02654189159163129,,,5.74505362967406,16.19125729492706
7.244623221305964,2.938422494350387,8.682141657422067,3.411224043883308,13.88409686149688,0.02568027845135725,,,5.755395488926694,16.18832327595674
7.254965080558598,2.942611683837197,8.692483516674701,3.422429045865544,13.89443872074952,0.02483955795355726,,,5.765737348179328,16.17925895785057
7.265306939811232,2.944781048757313,8.702825375927334,3.433904558679445,13.90478058000215,0.02402438736969829,,,5.776079207431962,16.16337370108963
7.275648799063866,2.945061262284207,8.713167235179968,3.444901674667582,13.91512243925478,0.02323750739788514,,,5.786421066684595,16.14045339375071
7.2859906583165,2.943024775978408,8.723509094432602,3.454568448897478,13.92546429850742,0.02247883306719597,,,5.796762925937229,16.11265493238545
7.296332517569134,2.938813816274831,8.733850953685236,3.462768584028259,13.93580615776005,0.02175055529950659,,,5.807104785189863,16.08256474725391
7.306674376821768,2.932573975780085,8.74419281293787,3.469383218463322,13.94614801701269,0.0210545415353139,,,5.817446644442497,16.04703410627788
7.317016236074402,2.92445274666722,8.754534672190504,3.474312077125187,13.95648987626532,0.02039231276574468,,,5.827788503695131,16.00513594993501
7.327358095327035,2.914596927030281,8.764876531443138,3.477518081130253,13.96683173551795,0.01976495997713713,,,5.838130362947765,15.95654980335
7.337699954579669,2.903150425114229,8.775218390695771,3.478864126303418,13.97717359477059,0.01917409864658103,,,5.848472222200399,15.9014679518942
7.348041813832303,2.890618627686852,8.785560249948405,3.478344229350076,13.98751545402322,0.01862234264079822,,,5.858814081453033,15.83971456582245
7.358383673084937,2.877132393211266,8.795902109201039,3.475937620949687,13.99785731327585,0.01811012513082306,,,5.869155940705665,15.76823836572799
7.368725532337571,2.862440909140378,8.806243968453673,3.472125804197617,14.00819917252849,0.01763532827730635,,,5.879497799958299,15.68711977416968
7.379067391590205,2.846650688602045,8.816585827706307,3.466886126628186,14.01854103178112,0.017197870671522,,,5.889839659210933,15.59653509815124
7.389409250842839,2.829867667657771,8.826927686958941,3.459858833697802,14.02888289103376,0.01679744046250551,,,5.900181518463567,15.49675166145537
7.399751110095472,2.812163794146515,8.837269546211575,3.451014106225386,14.03922475028639,0.01643350867245517,,,5.910523377716201,15.38810081335145
7.410092969348106,2.793639554028355,8.847611405464209,3.440420191959833,14.04956660953902,0.01610709676558754,,,5.920865236968835,15.27102440948063
7.42043482860074,2.774345544499334,8.857953264716842,3.428147934952047,14.05990846879166,0.0158172671116833,,,5.931207096221469,15.1460943609514
7.430776687853374,2.754579994334095,8.868295123969476,3.414245699071149,14.07025032804429,0.01556124432724446,,,5.941548955474103,15.01381419223467
7.441118547106008,2.734392315386961,8.87863698322211,3.398922024526782,14.08059218729692,0.01533754618068305,,,5.951890814726736,14.87480499080664
7.451460406358642,2.713551615133263,8.888978842474744,3.382188373439031,14.09093404654956,0.01514481124536256,,,5.96223267397937,14.7297341300957
7.461802265611276,2.692106156780582,8.899320701727378,3.36573609551261,14.10127590580219,0.01498145333834337,,,5.972574533232004,14.57930678489351
7.47214412486391,2.670089944961682,8.909662560980012,3.349659963034461,14.11161776505483,0.01484575677904236,,,5.982916392484638,14.42425752825622
7.482485984116543,2.647525633383332,8.920004420232646,3.33245654002905,14.12195962430746,0.01473971826952183,,,5.993258251737272,14.26534212765791
7.492827843369176,2.624352518157107,8.930346279485279,3.314210217545349,14.13230148356009,0.01466120747742746,,,6.003600110989906,14.10652956525181
7.50316970262181,2.600890767099759,8.940688138737913,3.295004631466344,14.14264334281273,0.01460450910909396,,,6.01394197024254,13.94856903056096
7.513511561874444,2.57781138806275,8.951029997990547,3.274921582515599,14.15298520206536,0.01456736991392562,,,6.024283829495173,13.78935691010796
7.523853421127078,2.554742797429254,8.961371857243181,3.254040111506771,14.16332706131799,0.0145476515528182,,,6.034625688747807,13.62949924880888
7.534195280379712,2.531015307209484,8.971713716495813,3.23245744268165,14.17366892057063,0.01454301354681512,,,6.044967548000441,13.4695555287586
7.544537139632346,2.506611171999429,8.982055575748447,3.210207426580806,14.18401077982326,0.0145510750514583,,,6.055309407253075,13.31011257063578
7.55487899888498,2.481516936929931,8.992397435001081,3.187362987371467,14.1943526390759,0.01456946188645434,,,6.065651266505709,13.1518103007259
7.565220858137613,2.455724747909206,9.002739294253715,3.164012572432333,14.20469449832853,0.01459577795557676,,,6.075993125758343,12.99522528856182
7.575562717390247,2.429233470210654,9.013081153506349,3.140203988678084,14.21503635758116,0.01462765305149216,,,6.086334985010977,12.84100289789213
7.585904576642881,2.402049592561091,9.023423012758983,3.115984789964187,14.2253782168338,0.01466266885817836,,,6.09667684426361,12.69190983488031
7.596246435895515,2.374187899820238,9.033764872011616,3.09140860768998,14.23572007608643,0.01469874527703655,,,6.107018703516244,12.5484645363534
7.606588295148149,2.345671903594668,9.04410673126425,3.066522767159923,14.24606193533907,0.01473369003218527,,,6.117360562768877,12.4089345009246
7.616930154400783,2.316571487011549,9.054448590516884,3.04137220946898,14.2564037945917,0.01476480458299671,,,6.127702422021511,12.27369050493921
7.627272013653417,2.28692252592852,9.064790449769518,3.015999840870483,14.26674565384433,0.01479006637399547,,,6.138044281274145,12.14322283849988
7.637613872906051,2.257510538667827,9.075132309022152,2.990448144450167,14.27708751309697,0.01480740089793723,,,6.148386140526779,12.01780109756798
7.647955732158684,2.228380296932301,9.085474168274786,2.964759743490642,14.2874293723496,0.01481487941867669,,,6.158727999779413,11.8977116991933
7.658297591411318,2.198821871151013,9.09581602752742,2.940054862599117,14.29777123160224,0.01481071217359773,,,6.169069859032047,11.78313602833486
7.668639450663952,2.168894480913042,9.106157886780053,2.916371100996114,14.30811309085487,0.01479326591011011,,,6.179411718284681,11.67726644437208
7.678981309916586,2.139156234588638,9.116499746032687,2.892664572028877,14.3184549501075,0.01476108063746395,,,6.189753577537314,11.58206512635202
7.68932316916922,2.109673006643817,9.126841605285321,2.868972377643535,14.32879680936014,0.01471276172371327,,,6.200095436789948,11.49466657991313
7.699665028421854,2.080017390871121,9.137183464537955,2.845337404206317,14.33913866861277,0.01464751493168043,,,6.210437296042582,11.41309529733629
7.710006887674487,2.050257761486517,9.147525323790589,2.821809617688259,14.3494805278654,0.01456433330333793,,,6.220779155295216,11.33724265870355
7.720348746927121,2.020467385744622,9.157867183043223,2.798445848903945,14.35982238711804,0.01446259320021851,,,6.23112101454785,11.26704189619438
7.730690606179754,1.990711070905785,9.168209042295857,2.775312008933472,14.37016424637067,0.01435086850296535,,,6.241462873800484,11.2020734630188
7.741032465432388,1.961068763240312,9.178550901548491,2.75249666503669,14.38050610562331,0.01422998891687779,,,6.251804733053118,11.14227443442135
7.751374324685022,1.931596231006997,9.188892760801124,2.730059116968544,14.39084796487594,0.01409373636933296,,,6.262146592305752,11.08717002130458
7.761716183937656,1.902365440476458,9.199234620053758,2.708081726958899,14.40118982412857,0.01394123313320766,,,6.272488451558385,11.03643485068252
7.77205804319029,1.873439372457008,9.209576479306392,2.687911937305746,14.41153168338121,0.01377008427299524,,,6.282830310811019,10.9895545769246
7.782399902442924,1.844892878953651,9.219918338559026,2.669622747095764,14.42187354263384,0.01358094022596465,,,6.293172170063653,10.9462594957296
7.792741761695558,1.816753385932689,9.23026019781166,2.652117215752719,14.43221540188648,0.01337469846391412,,,6.303514029316287,10.90592482288503
7.803083620948192,1.789083497275438,9.240602057064294,2.635503293967742,14.44255726113911,0.01315520435362542,,,6.313855888568921,10.86795269614891
7.813425480200825,1.761928485767671,9.250943916316928,2.619894843097744,14.45289912039174,0.01292380465943842,,,6.324197747821554,10.83187387139244
7.823767339453459,1.735328665641572,9.261285775569561,2.60541110219929,14.46324097964438,0.01267933567375231,,,6.334539607074188,10.79701913168298
7.834109198706093,1.709319503044658,9.271627634822195,2.592175329396296,14.47358283889701,0.0124238136617627,,,6.344881466326822,10.76278889710492
7.844451057958727,1.683931870670047,9.281969494074829,2.580287409220019,14.48392469814964,0.01215981837375786,,,6.355223325579455,10.72849976743401
7.854792917211361,1.659192432344258,9.292311353327463,2.56993089652851,14.49426655740228,0.01188852048701239,,,6.365565184832089,10.69404281038049
7.865134776463995,1.63512413941519,9.302653212580097,2.56119157980641,14.50460841665491,0.01161217031677713,,,6.375907044084723,10.65873851927303
7.875476635716629,1.611763456667236,9.312995071832731,2.554206984359535,14.51495027590754,0.01133313966672088,,,6.386248903337357,10.62151758210537
7.885818494969262,1.58929586127904,9.323336931085365,2.549085061074063,14.52529213516018,0.0110539234784477,,,6.396590762589991,10.58285690927461
7.896160354221896,1.567689207079102,9.333678790337999,2.546115590488575,14.53563399441281,0.01077714153355766,,,6.406932621842625,10.54216242365482
7.90650221347453,1.546827742907353,9.344020649590632,2.545396294303886,14.54597585366545,0.01050531084633192,,,6.417274481095259,10.49770998356925
7.916844072727164,1.526714714671954,9.354362508843266,2.546830631368821,14.55631771291808,0.01024098222382384,,,6.427616340347893,10.44908590961537
7.927185931979798,1.507359452942737,9.3647043680959,2.550488510694864,14.56665957217071,0.009986766187638281,,,6.437958199600526,10.39569610176854
7.937527791232431,1.488775024978371,9.375046227348534,2.556423546173961,14.57700143142335,0.00974586222953344,,,6.44830005885316,10.33720899424162
7.947869650485065,1.47175018773109,9.385388086601168,2.564671140935825,14.58734329067598,0.009520441679906948,,,6.458641918105794,10.27588831998188
7.958211509737699,1.456280258857839,9.395729945853802,2.575246739595076,14.59768514992862,0.009313222753085224,,,6.468983777358428,10.21146398912257
7.968553368990333,1.441613288417289,9.406071805106436,2.58814428521888,14.60802700918125,0.009126248919397721,,,6.479325636611062,10.14373311492671
7.978895228242966,1.427759463714705,9.416413664359069,2.6033413700226,14.61836886843388,0.008962029595573767,,,6.489667495863696,10.07255396300506
7.9892370874956,1.414729351271927,9.426755523611703,2.621607462608859,14.62871072768652,0.008822697498978233,,,6.50000935511633,9.995290618255341
7.999578946748234,1.402538508465041,9.437097382864335,2.6428637875273,14.63905258693915,0.008710250825270778,,,6.510351214368963,9.911953467677161
8.009920806000869,1.391204386908357,9.447439242116969,2.666161584179152,14.64939444619178,0.008626506495596268,,,6.520693073621597,9.824016515885857
8.020262665253503,1.380746684020587,9.457781101369603,2.691360651036111,14.65973630544442,0.008573202610706043,,,6.531034932874231,9.731845893713857
8.030604524506137,1.37118685051938,9.468122960622237,2.718296085880636,14.67007816469705,0.008551618883978689,,,6.541376792126865,9.63418246225641
8.04094638375877,1.362547460419066,9.478464819874871,2.746780600185696,14.68042002394969,0.008562941182130034,,,6.551718651379499,9.531466124421653
8.051288243011403,1.354851462302713,9.488806679127505,2.776603382621821,14.69076188320232,0.008608104271742231,,,6.562060510632132,9.424060164058492
8.061630102264036,1.348121334655974,9.499148538380139,2.807533198884537,14.70110374245495,0.008687789061011633,,,6.572402369884766,9.312564897419877
8.07197196151667,1.342740574360706,9.509490397632772,2.839319798232005,14.71144560170759,0.008802413418572703,,,6.5827442291374,9.199833911414757
8.082313820769304,1.338748533070906,9.519832256885406,2.871696057885243,14.72178746096022,0.008952124910898956,,,6.593086088390034,9.086497044910763
8.092655680021938,1.335739709348284,9.53017411613804,2.904380412669706,14.73212932021286,0.009136795526332279,,,6.603427947642667,8.971142757760644
8.102997539274572,1.333782770003988,9.540515975390674,2.937079539041308,14.74247117946549,0.00935601845559011,,,6.613769806895301,8.854523421811775
8.113339398527206,1.332842334105381,9.550857834643308,2.96949125760611,14.75281303871812,0.009609187150853021,,,6.624111666147935,8.737465929117384
8.12368125777984,1.332913446539788,9.561199693895942,3.001306177380902,14.76315489797076,0.009895229825071527,,,6.634453525400569,8.620831688963298
8.134023117032473,1.333984772151384,9.571541553148576,3.032222310041457,14.77349675722339,0.01021293872915189,,,6.644795384653203,8.505516226809977
8.144364976285107,1.336038100813112,9.58188341240121,3.061916467081838,14.78383861647603,0.01056079296503155,,,6.655137243905837,8.392401845665722
8.154706835537741,1.3390480001069,9.592225271653843,3.090100393669835,14.79418047572866,0.01093703630443959,,,6.665479103158471,8.282399081045845
8.165048694790375,1.342981632055421,9.602567130906477,3.116463250185128,14.80452233498129,0.01133964887257811,,,6.675820962411104,8.176403446720668
8.175390554043009,1.34780127404038,9.612908990159111,3.141205089482204,14.81486419423393,0.01176637359090102,,,6.686162821663738,8.075292998417853
8.185732413295643,1.353444446911736,9.623250849411745,3.16408331755554,14.82520605348656,0.01221587985059252,,,6.696504680916372,7.979962405810559
8.196074272548277,1.359882260900476,9.633592708664379,3.184312038587974,14.83554791273919,0.01268558376461134,,,6.706846540169006,7.892406703493926
8.206416131800911,1.367040721413961,9.643934567917013,3.201648582070276,14.84588977199183,0.01317134515640721,,,6.71718839942164,7.813418283792295
8.216757991053544,1.374853610095248,9.654276427169647,3.215871226187287,14.85623163124446,0.01367012305520025,,,6.727530258674274,7.742410604327375
8.227099850306178,1.383249918817597,9.66461828642228,3.226783031273494,14.8665734904971,0.01417874385215462,,,6.737872117926908,7.680124470110102
8.237441709558812,1.392154844902715,9.674960145674914,3.23421386597681,14.87691534974973,0.01469417633549497,,,6.748213977179542,7.626998576677114
8.247783568811446,1.401490894312033,9.685302004927548,3.239857166437307,14.88725720900236,0.01521263964746378,,,6.758555836432175,7.583703182548716
8.25812542806408,1.411179064636212,9.695643864180182,3.243586342686579,14.897599068255,0.01573093725172532,,,6.768897695684809,7.550451502073433
8.268467287316714,1.421133173866129,9.705985723432816,3.243455866242133,14.90794092750763,0.01624571127962752,,,6.779239554937443,7.527761129842103
8.278809146569348,1.431353193320264,9.71632758268545,3.239387027600943,14.91828278676027,0.01675368385502784,,,6.789581414190076,7.515830869437611
8.289151005821981,1.441757610157609,9.726669441938084,3.231324194963144,14.9286246460129,0.0172514456135919,,,6.79992327344271,7.514851238958508
8.299492865074615,1.452203191567814,9.737011301190718,3.219273251303926,14.93896650526553,0.01773571544765425,,,6.810265132695344,7.524932131506422
8.309834724327249,1.462623762777436,9.747353160443351,3.204068544188131,14.94930836451817,0.01820344884349478,,,6.820606991947978,7.546103772101635
8.320176583579883,1.472955644910583,9.757695019695985,3.185752248995469,14.9596502237708,0.01865174060606296,,,6.830948851200612,7.579535708852944
8.330518442832517,1.483141477640868,9.768036878948619,3.163561795663989,14.96999208302343,0.01907785813148022,,,6.841290710453245,7.625095377012288
8.340860302085151,1.493130892603496,9.778378738201253,3.137591612695935,14.98033394227607,0.01947941389153365,,,6.851632569705879,7.681351617004131
8.351202161337785,1.502876382630365,9.788720597453887,3.107962958300725,14.9906758015287,0.01985871667047384,,,6.861974428958513,7.748023071785395
8.361544020590419,1.512765624884182,9.799062456706521,3.074823619616019,15.00101766078133,0.02021387726426072,,,6.872316288211147,7.824765934538012
8.371885879843052,1.522762186540245,9.809404315959155,3.038343298695969,15.01135952003397,0.02053874114627491,,,6.882658147463781,7.911179364274641
8.382227739095686,1.533352647486899,9.819746175211788,2.998683163846615,15.0217013792866,0.02083197434734749,,,6.893000006716415,8.006811315989525
8.39256959834832,1.544509655972121,9.830088034464422,2.956118902246193,15.03204323853924,0.02109258889373679,,,6.903341865969049,8.111164694308318
8.402911457600954,1.555283714792127,9.840429893717056,2.910838308125138,15.04238509779187,0.02132388644161777,,,6.913683725221683,8.223703739020118
8.413253316853588,1.565653281466088,9.85077175296969,2.863081103471237,15.0527269570445,0.02152584154772197,,,6.924025584474316,8.343800262513074
8.423595176106222,1.575597717931086,9.861113612222324,2.813095266820386,15.06306881629714,0.02169652080679089,,,6.93436744372695,8.470994212917123
8.433937035358856,1.585109573023225,9.871455471474958,2.761138682824444,15.07341067554977,0.02183649193935472,,,6.944709302979584,8.604590315139561
8.44427889461149,1.594202612480957,9.881797330727592,2.70747401404102,15.08375253480241,0.02195627074131078,,,6.955051162232218,8.743980011437372
8.454620753864123,1.602859120027595,9.892139189980224,2.653275098947658,15.09409439405504,0.02205709315925245,,,6.965393021484852,8.888527320193731
8.464962613116757,1.611078568030946,9.902481049232858,2.598800814561321,15.10443625330767,0.02212906424895428,,,6.975734880737486,9.039350048000559
8.475304472369391,1.618860912109926,9.912822908485492,2.543393011664882,15.11477811256031,0.02217412730104647,,,6.98607673999012,9.197887227690403
8.485646331622025,1.626205371755311,9.923164767738125,2.487298542968983,15.12511997181294,0.02219446849869477,,,6.996418599242753,9.361796294872784
8.495988190874659,1.633109237865189,9.933506626990759,2.430922673137254,15.13546183106557,0.02219342316525203,,,7.006760458495387,9.528269340711066
8.506330050127293,1.639568295191717,9.943848486243393,2.374499825781081,15.14580369031821,0.02217387977641987,,,7.01710231774802,9.696624382604982
8.516671909379925,1.64557001975206,9.954190345496027,2.318092409596483,15.15614554957084,0.02213764038102576,,,7.027444177000654,9.86643627706378
8.527013768632559,1.651100853221491,9.964532204748661,2.26191772039465,15.16648740882348,0.02209249582456775,,,7.037786036253288,10.03689574211468
8.537355627885193,1.656139319984253,9.974874064001295,2.206189333584459,15.17682926807611,0.02204186224626496,,,7.048127895505922,10.20752773530683
8.547697487137826,1.660660158041741,9.985215923253929,2.151105606387334,15.18717112732874,0.0219842215830626,,,7.058469754758556,10.37781388687936
8.55803934639046,1.664614495992504,9.995557782506562,2.096849253705073,15.19751298658138,0.02192307962574997,,,7.06881161401119,10.54727182206036
8.568381205643094,1.667993636964785,10.0058996417592,2.043597978223391,15.20785484583401,0.02186174376255936,,,7.079153473263823,10.71545598430892
8.578723064895728,1.670732222352803,10.01624150101183,1.991498598432024,15.21819670508665,0.02180356568683028,,,7.089495332516457,10.88195770654025
8.589064924148362,1.672776510717811,10.02658336026446,1.940752417349388,15.22853856433928,0.02175177896623438,,,7.099837191769091,11.04635023275305
8.599406783400996,1.674057376056225,10.0369252195171,1.891479729304524,15.23888042359191,0.0217094809634088,,,7.110179051021725,11.2083799662863
8.60974864265363,1.674530139606411,10.04726707876973,1.843815887113312,15.24922228284455,0.02167958942772776,,,7.120520910274359,11.36775408529332
8.620090501906263,1.674113378147808,10.05760893802237,1.797885702811999,15.25956414209718,0.02166480188405927,,,7.130862769526993,11.52415307019915
8.630432361158897,1.672733963401931,10.067950797275,1.753815631038216,15.26990600134982,0.02166755846794563,,,7.141204628779627,11.67733024250337
8.640774220411531,1.670454043539271,10.07829265652763,1.711709575884203,15.28024786060245,0.02169000879660991,,,7.151546488032261,11.83117563404209
8.651116079664165,1.667196182882942,10.08863451578027,1.671648935956221,15.29058971985508,0.02173393281513019,,,7.161888347284894,11.9853905021502
8.661457938916799,1.663052090220146,10.0989763750329,1.63430481893504,15.30093157910772,0.02180124645580021,,,7.172230206537528,12.1383293360895
8.671799798169433,1.65794326101418,10.10931823428553,1.599745291647721,15.31127343836035,0.02189246490718955,,,7.182572065790162,12.28973047273565
8.682141657422067,1.651484995254381,10.11966009353817,1.567581539836415,15.32161529761298,0.02200874530048336,,,7.192913925042796,12.43666382592108
8.692483516674701,1.643605680915396,10.1300019527908,1.537853075269421,15.33195715686562,0.02215025486541803,,,7.20325578429543,12.57886213418192
8.702825375927334,1.634897609264571,10.14034381204344,1.510487529252121,15.34229901611825,0.02231727053186735,,,7.213597643548064,12.71606181116412
8.713167235179968,1.625298574849559,10.15068567129607,1.485492822785744,15.35264087537089,0.02250905633941579,,,7.223939502800698,12.84800042960651
8.723509094432602,1.614091129936537,10.1610275305487,1.462844593940328,15.36298273462352,0.02272498965011384,,,7.234281362053331,12.97441450593606
8.733850953685236,1.601227717529546,10.17136938980134,1.442538982651506,15.37332459387615,0.0229640988718811,,,7.244623221305964,13.0950376640242
8.74419281293787,1.586672841246483,10.18171124905397,1.424560463942989,15.38366645312879,0.02322490830814772,,,7.254965080558598,13.20959924910931
8.754534672190504,1.570404041549906,10.19205310830661,1.408881509448873,15.39400831238142,0.02350578793135399,,,7.265306939811232,13.31891366199922
8.764876531443138,1.552414289050202,10.20239496755924,1.395462245990498,15.40435017163406,0.02380461582118932,,,7.275648799063866,13.42269089779746
8.775218390695771,1.532706425695237,10.21273682681187,1.384250132786842,15.41469203088669,0.02411923172026715,,,7.2859906583165,13.51952727826784
8.785560249948405,1.511302063187386,10.22307868606451,1.375179680294461,15.42503389013932,0.02444721454715352,,,7.296332517569134,13.60913648143635
8.795902109201039,1.488235903241688,10.23342054531714,1.368172234414482,15.43537574939196,0.02478598153657695,,,7.306674376821768,13.6911964750107
8.806243968453673,1.46401624815243,10.24376240456978,1.363135849838832,15.44571760864459,0.02513282909406185,,,7.317016236074402,13.76537625237272
8.816585827706307,1.438709177572689,10.25410426382241,1.359961871107212,15.45605946789722,0.02548770635229157,,,7.327358095327035,13.83141679249835
8.826927686958941,1.411920327358175,10.26444612307504,1.358546621143201,15.46640132714986,0.02584832427956693,,,7.337699954579669,13.88899140675392
8.837269546211575,1.383731000722162,10.27478798232768,1.358741924049639,15.47674318640249,0.02620908955644914,,,7.348041813832303,13.94007795275045
8.847611405464209,1.354236032139533,10.28512984158031,1.36040978179632,15.48708504565512,0.02656667662589416,,,7.358383673084937,13.98442085531567
8.857953264716842,1.323540396681497,10.29547170083294,1.363394663742138,15.49742690490776,0.02691827586226437,,,7.368725532337571,14.01939948164494
8.868295123969476,1.292107870934964,10.30581356008558,1.367530035645483,15.50776876416039,0.02726135585538603,,,7.379067391590205,14.04472907310423
8.87863698322211,1.260089881848489,10.31615541933821,1.372639384369791,15.51811062341303,0.02760192663722055,,,7.389409250842839,14.06028453496463
8.888978842474744,1.227227694595681,10.32649727859085,1.378537442796267,15.52845248266566,0.02793770005837263,,,7.399751110095472,14.06575790956386
8.899320701727378,1.193686495671546,10.33683913784348,1.385302007534403,15.53879434191829,0.02825799344623553,,,7.410092969348106,14.06110297429301
8.909662560980012,1.1595980194852,10.34718099709611,1.392727142237682,15.54913620117093,0.02856089402156393,,,7.42043482860074,14.04799291006237
8.920004420232646,1.125059033812795,10.35752285634875,1.400352819182202,15.55947806042356,0.02884476192074683,,,7.430776687853374,14.0290384170832
8.930346279485279,1.090203826750447,10.36786471560138,1.407959041746044,15.5698199196762,0.02910824860800549,,,7.441118547106008,14.00237005305863
8.940688138737913,1.055165271644866,10.37820657485401,1.415337817380481,15.58016177892883,0.02936295792553488,,,7.451460406358642,13.96526247221577
8.951029997990547,1.020074452835582,10.38854843410665,1.422283590108425,15.59050363818146,0.02960806011185474,,,7.461802265611276,13.91780840326771
8.961371857243181,0.9850587015398641,10.39889029335928,1.428595552011578,15.6008454974341,0.0298302981424486,,,7.47214412486391,13.86259679267658
8.971713716495813,0.9502448825714784,10.40923215261192,1.434079985918749,15.61118735668673,0.03002949696308831,,,7.482485984116543,13.79982186063145
8.982055575748447,0.9157420395257936,10.41957401186455,1.438552608469885,15.62152921593936,0.03020550241486348,,,7.492827843369176,13.72716927779868
8.992397435001081,0.8816563405659115,10.42991587111718,1.441840874368674,15.631871075192,0.03035875887783274,,,7.50316970262181,13.64582727209395
9.002739294253715,0.8481053949730657,10.44025773036982,1.443786554199514,15.64221293444463,0.03048993260053715,,,7.513511561874444,13.55731057627376
9.013081153506349,0.8151829364891489,10.45059958962245,1.444248330285693,15.65255479369727,0.03059998598012139,,,7.523853421127078,13.46102384294969
9.023423012758983,0.7829583183415371,10.46094144887508,1.443098887369163,15.6628966529499,0.03069016772272493,,,7.534195280379712,13.35634882480955
9.033764872011616,0.7515141673131016,10.47128330812772,1.440234994259589,15.67323851220253,0.03076635947955951,,,7.544537139632346,13.24380263564072
9.04410673126425,0.720916569857963,10.48162516738035,1.436043642300175,15.68358037145517,0.0308311557893958,,,7.55487899888498,13.1239583151363
9.054448590516884,0.6912220172097955,10.49196702663299,1.430460396102091,15.6939222307078,0.0308827432654495,,,7.565220858137613,12.99785201330934
9.064790449769518,0.6624774653915692,10.50230888588562,1.422987373694136,15.70426408996044,0.03092228783969781,,,7.575562717390247,12.86614655511937
9.075132309022152,0.6347205248273065,10.51265074513825,1.41371263533252,15.71460594921307,0.03095129221299362,,,7.585904576642881,12.72912377117376
9.085474168274786,0.6079797686915434,10.52299260439089,1.402623125062552,15.7249478084657,0.03097221588438195,,,7.596246435895515,12.58750572273083
9.09581602752742,0.5823810716045461,10.53333446364352,1.389629502350608,15.73528966771834,0.03098727627880567,,,7.606588295148149,12.44203268919582
9.106157886780053,0.5579354208688502,10.54367632289616,1.375770474264234,15.74563152697097,0.0309990542475667,,,7.616930154400783,12.29529315869528
9.116499746032687,0.5345395137911639,10.55401818214879,1.361104283908548,15.75597338622361,0.03101014171961863,,,7.627272013653417,12.14800076303749
9.126841605285321,0.5121891260321364,10.56436004140142,1.344752124973711,15.76631524547624,0.03102305777969397,,,7.637613872906051,12.00052601413814
9.137183464537955,0.490873907659729,10.57470190065406,1.326822891007255,15.77665710472887,0.03104032347397356,,,7.647955732158684,11.85352029685173
9.147525323790589,0.4705781359271758,10.58504375990669,1.307446996535559,15.78699896398151,0.03106440167373681,,,7.658297591411318,11.70616882550782
9.157867183043223,0.451281486023046,10.59538561915932,1.286774796126729,15.79734082323414,0.03110800663635117,,,7.668639450663952,11.55907521940224
9.168209042295857,0.4329598057585171,10.60572747841196,1.264940149210936,15.80768268248677,0.0311733099722621,,,7.678981309916586,11.41497532889708
9.178550901548491,0.4155881994483587,10.61606933766459,1.242203962136192,15.81802454173941,0.03125191273565082,,,7.68932316916922,11.2743624201623
9.188892760801124,0.3991331102120753,10.62641119691723,1.218720821933608,15.82836640099204,0.03134558227632935,,,7.699665028421854,11.13548164815584
9.199234620053758,0.3835737375805289,10.63675305616986,1.194719772501174,15.83870826024468,0.03145599887219643,,,7.710006887674487,10.99869392845812
9.209576479306392,0.369021981732573,10.64709491542249,1.17038456612873,15.84905011949731,0.03158600868079806,,,7.720348746927121,10.86431731738191
9.219918338559026,0.3554504970200496,10.65743677467513,1.145954334657502,15.85939197874994,0.03173679656717816,,,7.730690606179754,10.73255034466277
9.23026019781166,0.3426667698274448,10.66777863392776,1.121639933217827,15.86973383800258,0.03190751905387412,,,7.741032465432388,10.60359461621593
9.240602057064294,0.3306372328904674,10.6781204931804,1.097702289695546,15.88007569725521,0.03209873642613108,,,7.751374324685022,10.47749798034317
9.250943916316928,0.3193296657101395,10.68846235243303,1.074345284958856,15.89041755650784,0.03231072399509114,,,7.761716183937656,10.354364238098
9.261285775569561,0.3087136176686495,10.69880421168566,1.051786827905051,15.90075941576048,0.03254346187555036,,,7.77205804319029,10.23416291261128
9.271627634822195,0.2987607656754288,10.7091460709383,1.030236386477124,15.91110127501311,0.03279680603869245,,,7.782399902442924,10.11681577292392
9.281969494074829,0.2894374327846784,10.71948793019093,1.009892419351707,15.92144313426575,0.03307050145151245,,,7.792741761695558,10.00214350579716
9.292311353327463,0.2807375670879652,10.72982978944357,0.9909399737368327,15.93178499351838,0.03336591894165542,,,7.803083620948192,9.889997848764265
9.302653212580097,0.2726135279160092,10.7401716486962,0.9735484812871074,15.94212685277101,0.0336836865428275,,,7.813425480200825,9.78016161737545
9.312995071832731,0.2650864504702585,10.75051350794883,0.9578697805915557,15.95246871202365,0.03401999096450287,,,7.823767339453459,9.672385208260893
9.323336931085365,0.2581199503545501,10.76085536720147,0.944036390784521,15.96281057127628,0.0343703048715594,,,7.834109198706093,9.566394433384351
9.333678790337999,0.2517026741512157,10.7711972264541,0.9321939490406665,15.97315243052891,0.03473259826845936,,,7.844451057958727,9.461898698160933
9.344020649590632,0.2458261761793138,10.78153908570673,0.9224327148787982,15.98349428978155,0.03510429463402291,,,7.854792917211361,9.358599347360329
9.354362508843266,0.2404848429768423,10.79188094495937,0.9147839871610978,15.99383614903418,0.03548278196693008,,,7.865134776463995,9.25619799875779
9.3647043680959,0.2356757804857624,10.802222804212,0.9092914391618832,16.00417800828682,0.03586497737910227,,,7.875476635716629,9.154422730352223
9.375046227348534,0.2313986687077704,10.81256466346464,0.9059641607319437,16.01451986753945,0.03624812678946755,,,7.885818494969262,9.053222245480709
9.385388086601168,0.2276555883780258,10.82290652271727,0.9048243151353326,16.02486172679209,0.03662877307570168,,,7.896160354221896,8.954385039286107
9.395729945853802,0.2244508238979789,10.8332483819699,0.905828737082898,16.03520358604472,0.03700354071588158,,,7.90650221347453,8.857931769624605
9.406071805106436,0.2217906464017876,10.84359024122254,0.9089275400018104,16.04554544529735,0.03736896744692973,,,7.916844072727164,8.761549339380098
9.416413664359069,0.2196852954177324,10.85393210047517,0.914046648566043,16.05588730454999,0.03772151317887722,,,7.927185931979798,8.664599777887899
9.426755523611703,0.2182055022849198,10.8642739597278,0.9211012780370604,16.06622916380262,0.03806396741712976,,,7.937527791232431,8.566942618142187
9.437097382864335,0.2173647004983282,10.87461581898044,0.9299769633277971,16.07657102305525,0.03839463959565358,,,7.947869650485065,8.472618195139463
9.447439242116969,0.2171135020627964,10.88495767823307,0.9405457616035423,16.08691288230789,0.03870355615637901,,,7.958211509737699,8.381534413765003
9.457781101369603,0.2174619471032662,10.89529953748571,0.9526640792182565,16.09725474156052,0.03899124332528694,,,7.968553368990333,8.289518281797948
9.468122960622237,0.2184170030345626,10.90564139673834,0.9661750889504641,16.10759660081316,0.03925422703751988,,,7.978895228242966,8.196609360468598
9.478464819874871,0.2199907539146576,10.91598325599097,0.9809101617124449,16.11793846006579,0.03948506054554239,,,7.9892370874956,8.102783512329376
9.488806679127505,0.2221952225735155,10.92632511524361,0.9966915664250108,16.12828031931842,0.03968073355277673,,,7.999578946748234,8.008173168015752
9.499148538380139,0.2250420970859346,10.93666697449624,1.013334708190524,16.13862217857105,0.03983703555120856,,,8.009920806000869,7.912924155579035
9.509490397632772,0.2285424546754818,10.94700883374887,1.030650133922922,16.14896403782369,0.03995151476200134,,,8.020262665253503,7.817224887259609
9.519832256885406,0.232706483679369,10.95735069300151,1.048446303477328,16.15930589707632,0.04002205455625053,,,8.030604524506137,7.721301401866698
9.53017411613804,0.2375432043166033,10.96769255225414,1.066534427745338,16.16964775632896,0.04004690184885856,,,8.04094638375877,7.62541165861386
9.540515975390674,0.2430601891806786,10.97803441150678,1.084720259431623,16.17998961558159,0.0400249443286909,,,8.051288243011403,7.529839237162607
9.550857834643308,0.2492632846138183,10.98837627075941,1.102830032840152,16.19033147483422,0.03995481842535929,,,8.061630102264036,7.434886610574568
9.561199693895942,0.256166080056652,10.99871813001204,1.120669940092186,16.20067333408686,0.03983612986864537,,,8.07197196151667,7.342294900447024
9.571541553148576,0.2637544567218688,11.00905998926468,1.138079679125715,16.21101519333949,0.03967390925707399,,,8.082313820769304,7.252541301598948
9.58188341240121,0.2720451409165383,11.01940184851731,1.154890705827209,16.22135705259213,0.03947989662518843,,,8.092655680021938,7.164268909432011
9.592225271653843,0.2810195768406135,11.02974370776995,1.170969783007591,16.23169891184476,0.03924985098660335,,,8.102997539274572,7.077874051469464
9.602567130906477,0.2906748896022326,11.04008556702258,1.18620803546116,16.24204077109739,0.03897654110381981,,,8.113339398527206,6.993565046256306
9.612908990159111,0.3010299446967066,11.05042742627521,1.201427667140126,16.25238263035003,0.03866130781190579,,,8.12368125777984,6.911593783174405
9.623250849411745,0.3120631008496214,11.06076928552785,1.216474911752538,16.26272448960266,0.03831099611999011,,,8.134023117032473,6.832187636511109
9.633592708664379,0.3237510386578522,11.07111114478048,1.230310745674585,16.27306634885529,0.03792763663179522,,,8.144364976285107,6.755545564144962
9.643934567917013,0.3360606898244821,11.08145300403311,1.242847566869589,16.28340820810793,0.03750480327721602,,,8.154706835537741,6.68183505813382
9.654276427169647,0.3489678438098068,11.09179486328575,1.25401602179373,16.29375006736056,0.03704549543728752,,,8.165048694790375,6.611190000259837
9.66461828642228,0.3624444067462282,11.10213672253838,1.263764663625473,16.3040919266132,0.0365520545737635,,,8.175390554043009,6.543742104815144
9.674960145674914,0.3764583742676565,11.11247858179102,1.272059910743865,16.31443378586583,0.03603188695308101,,,8.185732413295643,6.47947808632841
9.685302004927548,0.3910421631097893,11.12282044104365,1.278885881321351,16.32477564511846,0.03548843222264856,,,8.196074272548277,6.418499058450015
9.695643864180182,0.4061554903505046,11.13316230029628,1.284243983622023,16.3351175043711,0.03492140324773733,,,8.206416131800911,6.360776201969964
9.705985723432816,0.4216854887710847,11.14350415954892,1.288152293080198,16.34545936362373,0.03433456719640393,,,8.216757991053544,6.306276074844547
9.71632758268545,0.4375840605023465,11.15384601880155,1.290644729420741,16.35580122287637,0.03373180907394593,,,8.227099850306178,6.254937583316208
9.726669441938084,0.4537910982379462,11.16418787805419,1.291770049655249,16.366143082129,0.0331170896407252,,,8.237441709558812,6.206675563415793
9.737011301190718,0.4702713567961449,11.17452973730682,1.29159067511834,16.37648494138163,0.03249435183231374,,,8.247783568811446,6.161384825261382
9.747353160443351,0.4869854144805926,11.18487159655945,1.290484103511714,16.38682680063427,0.03186768563479071,,,8.25812542806408,6.11894452635174
9.757695019695985,0.5038735965479466,11.19521345581209,1.288533580345501,16.3971686598869,0.03124098760348495,,,8.268467287316714,6.079180025433208
9.768036878948619,0.5208454065330508,11.20555531506472,1.285547926599748,16.40751051913954,0.03061998889116221,,,8.278809146569348,6.043578672409181
9.778378738201253,0.5378375956004587,11.21589717431736,1.281588142064522,16.41785237839217,0.03000840253093885,,,8.289151005821981,6.011969185338198
9.788720597453887,0.5547791628674696,11.22623903356999,1.276775614081,16.4281942376448,0.02940946539550562,,,8.299492865074615,5.982597422562923
9.799062456706521,0.5716208022358101,11.23658089282262,1.271219539857543,16.43853609689744,0.02882638333933334,,,8.309834724327249,5.955336066324355
9.809404315959155,0.588289706279474,11.24692275207526,1.265032139772338,16.44887795615007,0.02826099103037573,,,8.320176583579883,5.930040704347554
9.819746175211788,0.6047219592686902,11.25726461132789,1.25832195639433,16.4592198154027,0.02771598355625619,,,8.330518442832517,5.906580703592556
9.830088034464422,0.6208574292388466,11.26760647058052,1.251643358626341,16.46956167465534,0.02719398212254428,,,8.340860302085151,5.884807052065173
9.840429893717056,0.6366358164196149,11.27794832983316,1.245098359745292,16.47990353390797,0.02669733605338732,,,8.351202161337785,5.864649970615038
9.85077175296969,0.652008758289064,11.28829018908579,1.238359378008033,16.49024539316061,0.02622811168430622,,,8.361544020590419,5.848327735517317
9.861113612222324,0.6669232800230221,11.29863204833842,1.231524227686409,16.50058725241324,0.02578784698845158,,,8.371885879843052,5.835702076010128
9.871455471474958,0.6813224690322565,11.30897390759106,1.224685428553044,16.51092911166587,0.02537855225956611,,,8.382227739095686,5.8259220045145
9.881797330727592,0.6951624860230042,11.31931576684369,1.217929898040132,16.52127097091851,0.02500111857021251,,,8.39256959834832,5.818873794925156
9.892139189980224,0.7085872934372538,11.32965762609633,1.211335840606478,16.53161283017114,0.02466107987410159,,,8.402911457600954,5.813153654380256
9.902481049232858,0.7215633024825574,11.33999948534896,1.204975282689337,16.54195468942378,0.02435902245403487,,,8.413253316853588,5.808661128776708
9.912822908485492,0.7338799395407735,11.35034134460159,1.198911691353999,16.55229654867641,0.02409059634901069,,,8.423595176106222,5.805339007219851
9.923164767738125,0.7455161221478249,11.36068320385423,1.193215170056683,16.56263840792904,0.02385586501505612,,,8.433937035358856,5.803188489061214
9.933506626990759,0.7568312756190422,11.37102506310686,1.188006532145603,16.57298026718168,0.02365454908544636,,,8.44427889461149,5.802217503411287
9.943848486243393,0.7678171438605903,11.3813669223595,1.183308283622405,16.58332212643431,0.02348652411771718,,,8.454620753864123,5.802389597993055
9.954190345496027,0.7780981324426101,11.39170878161213,1.179072935888081,16.59366398568694,0.02335107747587671,,,8.464962613116757,5.803693598434793
9.964532204748661,0.7876801744179639,11.40205064086476,1.175311330454706,16.60400584493958,0.02324729275163296,,,8.475304472369391,5.806114242140525
9.974874064001295,0.7965781187241497,11.4123925001174,1.172055099137392,16.61434770419221,0.02317413045615899,,,8.485646331622025,5.809620748367889
9.985215923253929,0.804815801714258,11.42273435937003,1.16929770767479,16.62468956344485,0.02313051189109806,,,8.495988190874659,5.814196147282436
9.995557782506562,0.8124259984262522,11.43307621862266,1.167037198243438,16.63503142269748,0.02311522842713219,,,8.506330050127293,5.81980511134878
10.0058996417592,0.8194502473221065,11.4434180778753,1.165269129043704,16.64537328195011,0.02313230734540788,,,8.516671909379925,5.826342082008933
10.01624150101183,0.8259365479927557,11.45375993712793,1.163981302404206,16.65571514120275,0.02318025978023342,,,8.527013768632559,5.833740840644356
10.02658336026446,0.8319473274976379,11.46410179638057,1.163139544495714,16.66605700045538,0.02325244621659214,,,8.537355627885193,5.841859944489274
10.0369252195171,0.837545528014219,11.4744436556332,1.16276324193284,16.67639885970802,0.02334739470110732,,,8.547697487137826,5.850797885561435
10.04726707876973,0.8428033428812729,11.48478551488583,1.162808193182564,16.68674071896065,0.02346363518953551,,,8.55803934639046,5.860331463100281
10.05760893802237,0.8477988441138872,11.49512737413847,1.163251833360037,16.69708257821328,0.02359973082135808,,,8.568381205643094,5.870195816973768
10.067950797275,0.852615010799016,11.5054692333911,1.164071037855218,16.70742443746592,0.02375423868006461,,,8.578723064895728,5.880158870497746
10.07829265652763,0.8573386371736482,11.51581109264374,1.165242899805951,16.71776629671855,0.02392560284037979,,,8.589064924148362,5.890002845651345
10.08863451578027,0.8620591301105422,11.52615295189637,1.166745431735491,16.72810815597119,0.02411298386226968,,,8.599406783400996,5.8994506715651
10.0989763750329,0.8669643281443341,11.536494811149,1.168558176582243,16.73845001522382,0.02431479794617243,,,8.60974864265363,5.908341308877779
10.10931823428553,0.8721440984539794,11.54683667040164,1.170662715697766,16.74879187447645,0.0245298924864929,,,8.620090501906263,5.916359029529758
10.11966009353817,0.8779946510106118,11.55717852965427,1.173864687237382,16.75913373372909,0.02476151623446034,,,8.630432361158897,5.923231022030209
10.1300019527908,0.8846002994914874,11.5675203889069,1.178144234627551,16.76947559298172,0.02500854099490885,,,8.640774220411531,5.929515825249801
10.14034381204344,0.8916240611173772,11.57786224815954,1.182656245854197,16.77981745223435,0.02526559045549479,,,8.651116079664165,5.934927874257601
10.15068567129607,0.8991359963634969,11.58820410741217,1.187380380952419,16.79015931148699,0.02553160508353699,,,8.661457938916799,5.93910269152097
10.1610275305487,0.9071967028945206,11.59854596666481,1.192299521740566,16.80050117073962,0.02580560955669143,,,8.671799798169433,5.941753273520977
10.17136938980134,0.9158581259487576,11.60888782591744,1.197399718980407,16.81084302999226,0.02608666223349643,,,8.682141657422067,5.941838166652228
10.18171124905397,0.9251622541020117,11.61922968517007,1.202670018533433,16.82118488924489,0.02637384291859654,,,8.692483516674701,5.939972170176934
10.19205310830661,0.9351399036563166,11.62957154442271,1.208102174106606,16.83152674849752,0.02667729829178862,,,8.702825375927334,5.937431981185928
10.20239496755924,0.9458096163869543,11.63991340367534,1.213693492873701,16.84186860775016,0.02699600863681249,,,8.713167235179968,5.933118587409867
10.21273682681187,0.9571766948578022,11.65025526292798,1.219436918049499,16.85221046700279,0.02731778345295414,,,8.723509094432602,5.925255879736118
10.22307868606451,0.969232398468911,11.66059712218061,1.225327618262876,16.86255232625543,0.02764150163118161,,,8.733850953685236,5.9136488426005
10.23342054531714,0.9819533218154812,11.67093898143324,1.231365615797592,16.87289418550806,0.0279660209081351,,,8.74419281293787,5.898137605501012
10.24376240456978,0.9953009748109631,11.68128084068588,1.237566014709099,16.88323604476069,0.02829002801687966,,,8.754534672190504,5.878599698791389
10.25410426382241,1.00922158136985,11.69162269993851,1.243896162685889,16.89357790401333,0.02861220190036647,,,8.764876531443138,5.854998583669984
10.26444612307504,1.023649885929799,11.70196455919115,1.250396643280705,16.90391976326596,0.02893114406462077,,,8.775218390695771,5.827209235475718
10.27478798232768,1.038495319195534,11.71230641844378,1.25706094982685,16.91426162251859,0.02924537147679271,,,8.785560249948405,5.795265905707915
10.28512984158031,1.053662433778854,11.72264827769641,1.263849702185593,16.92460348177123,0.0295566346459948,,,8.795902109201039,5.759205328920117
10.29547170083294,1.069039122505653,11.73299013694905,1.271040156222518,16.93494534102386,0.02986324290536799,,,8.806243968453673,5.720229060780312
10.30581356008558,1.084500618210967,11.74333199620168,1.278613265979375,16.9452872002765,0.03016006530501054,,,8.816585827706307,5.678408513092662
10.31615541933821,1.099910752826649,11.75367385545431,1.28625774378027,16.95562905952913,0.03044520729311228,,,8.826927686958941,5.632843956341841
10.32649727859085,1.115124860103407,11.76401571470695,1.293949950816815,16.96597091878176,0.03071669512379296,,,8.837269546211575,5.583625695242302
10.33683913784348,1.130078968139379,11.77435757395958,1.301650359366198,16.9763127780344,0.03097248630190952,,,8.847611405464209,5.530954048143852
10.34718099709611,1.144618039609157,11.78469943321221,1.309320599531851,16.98665463728703,0.03121049072097482,,,8.857953264716842,5.475047952909617
10.35752285634875,1.158474407214329,11.79504129246485,1.316917485744353,16.99699649653967,0.0314299524509464,,,8.868295123969476,5.416506762083161
10.36786471560138,1.171483185197833,11.80538315171748,1.324393237215526,17.0073383557923,0.03162885632356106,,,8.87863698322211,5.355758891833118
10.37820657485401,1.183476392017832,11.81572501097012,1.331695624080554,17.01768021504493,0.03180372026041809,,,8.888978842474744,5.292538277621079
10.38854843410665,1.194288341732065,11.82606687022275,1.338768307288264,17.02802207429757,0.03195227990440581,,,8.899320701727378,5.228889029677801
10.39889029335928,1.203758429148178,11.83640872947538,1.345551296150471,17.0383639335502,0.032072273488243,,,8.909662560980012,5.165082545959653
10.40923215261192,1.211733376492483,11.84675058872802,1.351981353915086,17.04870579280283,0.03216174197337485,,,8.920004420232646,5.099613842736116
10.41957401186455,1.218069539939412,11.85709244798065,1.357996310283408,17.05904765205547,0.03221873824309376,,,8.930346279485279,5.032743234346177
10.42991587111718,1.222635118950258,11.86743430723329,1.363528562701794,17.0693895113081,0.03224148601942112,,,8.940688138737913,4.964726105825056
10.44025773036982,1.225337895454727,11.87777616648592,1.368505873178445,17.07973137056073,0.0322283692779487,,,8.951029997990547,4.895812784468308
10.45059958962245,1.22603123726581,11.88811802573855,1.372977284788358,17.09007322981337,0.03217796398787705,,,8.961371857243181,4.826244272160175
10.46094144887508,1.224651164735447,11.89845988499119,1.376873557626604,17.100415089066,0.03209966559474477,,,8.971713716495813,4.756277696823308
10.47128330812772,1.221132478862013,11.90880174424382,1.380391292405298,17.11075694831863,0.0319938634647905,,,8.982055575748447,4.686082666817573
10.48162516738035,1.215947054935435,11.91914360349645,1.383461416770926,17.12109880757127,0.03184905782194568,,,8.992397435001081,4.615855218208587
10.49196702663299,1.209066974213163,11.92948546274909,1.38574443600005,17.1314406668239,0.03166942993315105,,,9.002739294253715,4.545845518154943
10.50230888588562,1.200671269367029,11.93982732200172,1.387464643183926,17.14178252607654,0.03145458336789272,,,9.013081153506349,4.476202664201747
10.51265074513825,1.190827603297522,11.95016918125436,1.388450749384545,17.15212438532917,0.03119841617327348,,,9.023423012758983,4.407059181187912
10.52299260439089,1.178852682844512,11.96051104050699,1.388350526783502,17.1624662445818,0.03090077758188043,,,9.033764872011616,4.338564988250354
10.53333446364352,1.164729479541887,11.97085289975962,1.387102407644958,17.17280810383444,0.03056320099502737,,,9.04410673126425,4.270843965781644
10.54367632289616,1.148688089862042,11.98119475901226,1.384704368368853,17.18314996308707,0.03018626976128857,,,9.054448590516884,4.204005353548181
10.55401818214879,1.130814795507447,11.99153661826489,1.381102664010164,17.19349182233971,0.0297706224564438,,,9.064790449769518,4.138144393824855
10.56436004140142,1.111053555700438,12.00187847751753,1.37627954149296,17.20383368159234,0.02931750219119724,,,9.075132309022152,4.073344393253083
10.57470190065406,1.089529794871511,12.01222033677016,1.370228006687729,17.21417554084497,0.02884343826189032,,,9.085474168274786,4.009677874772869
10.58504375990669,1.066386796275922,12.02256219602279,1.362952551885495,17.22451740009761,0.02835033141084671,,,9.09581602752742,3.948576418638022
10.59538561915932,1.041784035730058,12.03290405527543,1.354471958860585,17.23485925935024,0.02782535945609908,,,9.106157886780053,3.890085560314378
10.60572747841196,1.015894034613641,12.04324591452806,1.344818765196535,17.24520111860287,0.02727095109688952,,,9.116499746032687,3.832866843895917
10.61606933766459,0.9889057623692131,12.05358777378069,1.334039294079107,17.25554297785551,0.02668948438638207,,,9.126841605285321,3.776946978029568
10.62641119691723,0.9610138911478986,12.06392963303333,1.322194270961247,17.26588483710814,0.02608360485983178,,,9.137183464537955,3.722351993143048
10.63675305616986,0.9324265970026178,12.07427149228596,1.309358575771969,17.27622669636078,0.02545610098412374,,,9.147525323790589,3.66911154284481
10.64709491542249,0.9033469261686956,12.0846133515386,1.295642314271571,17.28656855561341,0.02480987086284131,,,9.157867183043223,3.617252405059981
10.65743677467513,0.8739912791827481,12.09495521079123,1.28111151578579,17.29691041486604,0.0241479530733109,,,9.168209042295857,3.566812048064758
10.66777863392776,0.844573498604223,12.10529707004386,1.265893345975301,17.30725227411868,0.02347324796039713,,,9.178550901548491,3.517851861258285
10.6781204931804,0.8153080396313639,12.1156389292965,1.250132396967779,17.31759413337131,0.02278882699316436,,,9.188892760801124,3.470388265935616
10.68846235243303,0.7864042334066719,12.12598078854913,1.234854798110911,17.32793599262395,0.02209764610494989,,,9.199234620053758,3.424480602018696
10.69880421168566,0.75806683586158,12.13632264780177,1.2202003799117,17.33827785187658,0.02140271466490148,,,9.209576479306392,3.381702911854583
10.7091460709383,0.7304934771951809,12.1466645070544,1.205425336830284,17.34861971112921,0.02070679637086855,,,9.219918338559026,3.342097006854296
10.71948793019093,0.7038729603052138,12.15700636630703,1.190685095220116,17.35896157038185,0.02001376349103219,,,9.23026019781166,3.304257720114414
10.72982978944357,0.678383741175597,12.16734822555967,1.176142227438383,17.36930342963448,0.01932614130924009,,,9.240602057064294,3.268259130427779
10.7401716486962,0.6541926044961727,12.1776900848123,1.16196494682617,17.37964528888712,0.01864522724049462,,,9.250943916316928,3.234183595723266
10.75051350794883,0.631453543466728,12.18803194406494,1.148317360064582,17.38998714813975,0.01797321836818214,,,9.261285775569561,3.202121760631353
10.76085536720147,0.6103068484419065,12.19837380331757,1.135391777159854,17.40032900739238,0.01731210806085106,,,9.271627634822195,3.172171482856917
10.7711972264541,0.5908782548106246,12.2087156625702,1.123352718969186,17.41067086664502,0.01666367423610502,,,9.281969494074829,3.144394505197545
10.78153908570673,0.5732866176925772,12.21905752182283,1.112373307894039,17.42101272589765,0.01602947141293225,,,9.292311353327463,3.118991569703813
10.79188094495937,0.5576144495096382,12.22939938107547,1.102622778064283,17.43135458515028,0.01541082652968626,,,9.302653212580097,3.095992877732848
10.802222804212,0.5439482665550158,12.2397412403281,1.09429060242421,17.44169644440292,0.0148088384323745,,,9.312995071832731,3.075569639862093
10.81256466346464,0.5323500824704007,12.25008309958074,1.087533225959323,17.45203830365555,0.01422429364388526,,,9.323336931085365,3.057796278463319
10.82290652271727,0.522877679248653,12.26042495883337,1.082468903942997,17.46238016290819,0.01365804011355301,,,9.333678790337999,3.04296641133154
10.8332483819699,0.5155876037665016,12.270766818086,1.079228323013014,17.47272202216082,0.01311041364342842,,,9.344020649590632,3.031176108359818
10.84359024122254,0.510457979646379,12.28110867733864,1.077946620149205,17.48306388141345,0.01258327430863489,,,9.354362508843266,3.022321453453868
10.85393210047517,0.5075099480417554,12.29145053659127,1.078724284293524,17.49340574066609,0.01207667437326065,,,9.3647043680959,3.016475874692374
10.8642739597278,0.5067546389738727,12.30179239584391,1.08162948860659,17.50374759991872,0.01158886952406508,,,9.375046227348534,3.01369869887964
10.87461581898044,0.5081667606332374,12.31213425509654,1.086723750457065,17.51408945917136,0.0111195947624347,,,9.385388086601168,3.01403292531115
10.88495767823307,0.5117186426585987,12.32247611434917,1.09405098264559,17.52443131842399,0.01066843745111016,,,9.395729945853802,3.017503155339934
10.89529953748571,0.5173721529620323,12.33281797360181,1.103627947844477,17.53477317767662,0.0102348818286539,,,9.406071805106436,3.024113720318427
10.90564139673834,0.5250795181797696,12.34315983285444,1.115452601757239,17.54511503692926,0.009818322652844595,,,9.416413664359069,3.033855916281071
10.91598325599097,0.5347841328129164,12.35350169210708,1.12953181478269,17.55545689618189,0.00941808532466132,,,9.426755523611703,3.047637480747432
10.92632511524361,0.5464213430336123,12.36384355135971,1.14581376063326,17.56579875543452,0.00903607728340095,,,9.437097382864335,3.065394041656165
10.93666697449624,0.5599191933696986,12.37418541061234,1.164187884327133,17.57614061468716,0.008671739846581072,,,9.447439242116969,3.086076694802142
10.94700883374887,0.5751991269137972,12.38452726986498,1.184554048257747,17.58648247393979,0.008321407086178075,,,9.457781101369603,3.109553356619352
10.95735069300151,0.5921766322623446,12.39486912911761,1.20678880069744,17.59682433319243,0.007984272536023672,,,9.468122960622237,3.135644973366653
10.96769255225414,0.6108164585814292,12.40521098837024,1.230746553527153,17.60716619244506,0.007659549308182991,,,9.478464819874871,3.16417772080036
10.97803441150678,0.6309290429693248,12.41555284762288,1.256272289635025,17.61750805169769,0.007347086671744898,,,9.488806679127505,3.19494459297174
10.98837627075941,0.6524593898458675,12.42589470687551,1.283160706802658,17.62784991095033,0.007046171400879793,,,9.499148538380139,3.227720036743103
10.99871813001204,0.6753048010056044,12.43623656612815,1.311218267749114,17.63819177020296,0.006755537729298434,,,9.509490397632772,3.26225800347967
11.00905998926468,0.6993599661401165,12.44657842538078,1.340227621971838,17.6485336294556,0.006476568378241687,,,9.519832256885406,3.298293893875251
11.01940184851731,0.7245147919691745,12.45692028463341,1.369959127951012,17.65887548870823,0.006208716813758318,,,9.53017411613804,3.335546796455227
11.02974370776995,0.7506612010027768,12.46726214388605,1.400173606052884,17.66921734796086,0.005949511478019652,,,9.540515975390674,3.373721987923719
11.04008556702258,0.7777141542237889,12.47760400313868,1.430609794947491,17.6795592072135,0.005698456821182604,,,9.550857834643308,3.412513658597252
11.05042742627521,0.805890364171103,12.48794586239132,1.461054243406017,17.68990106646613,0.005455398649114922,,,9.561199693895942,3.451616475175304
11.06076928552785,0.8350213480578914,12.49828772164395,1.491234919859314,17.70024292571877,0.005219972539293085,,,9.571541553148576,3.490703805408112
11.07111114478048,0.8646667129465357,12.50862958089658,1.520906307904987,17.7105847849714,0.004991991429094437,,,9.58188341240121,3.529457765974629
11.08145300403311,0.8947407691502628,12.51897144014922,1.549827502686417,17.72092664422403,0.004771337332532159,,,9.592225271653843,3.567564203317231
11.09179486328575,0.9250488727329226,12.52931329940185,1.577766589319481,17.73126850347667,0.004557956239333735,,,9.602567130906477,3.604696717369005
11.10213672253838,0.9554972710851011,12.53965515865448,1.604504773843992,17.7416103627293,0.004351851980885073,,,9.612908990159111,3.641079593088284
11.11247858179102,0.9859618229717604,12.54999701790712,1.629834755177098,17.75195222198193,0.004152870892236895,,,9.623250849411745,3.676449017242637
11.12282044104365,1.016320040158796,12.56033887715975,1.653705063372691,17.76229408123457,0.003961571959649884,,,9.633592708664379,3.709961440148911
11.13316230029628,1.046451890454678,12.57068073641239,1.676057356632767,17.7726359404872,0.003777826432402525,,,9.643934567917013,3.741329295054715
11.14350415954892,1.076240680439377,12.58102259566502,1.696606038195031,17.78297779973984,0.00360179587155473,,,9.654276427169647,3.770297286706175
11.15384601880155,1.105574016755999,12.59136445491765,1.715112053627168,17.79331965899247,0.003433659716054475,,,9.66461828642228,3.796631412240647
11.16418787805419,1.134344841828511,12.60170631417029,1.732190943490847,17.8036615182451,0.00327360686244457,,,9.674960145674914,3.820120977584254
11.17452973730682,1.162452536749978,12.61204817342292,1.747780322118048,17.81400337749774,0.003121827418226125,,,9.685302004927548,3.842546206556959
11.18487159655945,1.189962251306258,12.62239003267556,1.761096535804987,17.82434523675037,0.002978504761253911,,,9.695643864180182,3.863731970414491
11.19521345581209,1.21678849937486,12.63273189192819,1.772081015882001,17.83468709600301,0.00284380802203992,,,9.705985723432816,3.881548961863072
11.20555531506472,1.242697993339037,12.64307375118082,1.780720270710594,17.84502895525564,0.002717822483930277,,,9.71632758268545,3.895862305051518
11.21589717431736,1.267622589979541,12.65341561043346,1.787374347427874,17.85537081450827,0.002600806946459702,,,9.726669441938084,3.906544996749411
11.22623903356999,1.291510750661486,12.66375746968609,1.792667057620234,17.86571267376091,0.002492769677261702,,,9.737011301190718,3.913567743414983
11.23658089282262,1.31432347946672,12.67409932893872,1.796425563828317,17.87605453301354,0.002393759835830167,,,9.747353160443351,3.917783219905295
11.24692275207526,1.336096084799817,12.68444118819136,1.798129635421971,17.88639639226617,0.002303783971557838,,,9.757695019695985,3.919165943778447
11.25726461132789,1.356818305957911,12.69478304744399,1.797728512540535,17.89673825151881,0.002222802637429578,,,9.768036878948619,3.916784651882979
11.26760647058052,1.376712214283485,12.70512490669662,1.795321758943736,17.90708011077144,0.002150725438928589,,,9.778378738201253,3.910661750203172
11.27794832983316,1.395799193840765,12.71546676594926,1.791023894792517,17.91742197002408,0.002087397514425577,,,9.788720597453887,3.900837485680633
11.28829018908579,1.413849528715938,12.72580862520189,1.784963261426663,17.92776382927671,0.002032667802669002,,,9.799062456706521,3.88740315524228
11.29863204833842,1.430922084312463,12.73615048445453,1.777264717693918,17.93810568852934,0.001986282407445422,,,9.809404315959155,3.870444627211525
11.30897390759106,1.447094752419016,12.74649234370716,1.768074689526335,17.94844754778198,0.001947941284258412,,,9.819746175211788,3.850046218227209
11.31931576684369,1.462466215678936,12.75683420295979,1.757540067479976,17.95878940703461,0.001917303119692198,,,9.830088034464422,3.826418525605634
11.32965762609633,1.47715129907549,12.76717606221243,1.745808512552224,17.96913126628724,0.001893979036236242,,,9.840429893717056,3.799674254846305
11.33999948534896,1.491284442515009,12.77751792146506,1.733023415844613,17.97947312553988,0.001877535272449214,,,9.85077175296969,3.770007708375425
11.35034134460159,1.505018472631861,12.7878597807177,1.719327933587456,17.98981498479251,0.001867536249297748,,,9.861113612222324,3.737598383415095
11.36068320385423,1.51962982359669,12.79820163997033,1.704858869555074,18.00015684404514,0.001863468509529155,,,9.871455471474958,3.702621478103564
11.37102506310686,1.535239025134882,12.80854349922296,1.689743356364258,18.01049870329778,0.001864745042503511,,,9.881797330727592,3.66528170045771
11.3813669223595,1.55097740800335,12.8188853584756,1.67410907777362,18.02084056255041,0.001870590119541868,,,9.892139189980224,3.626933217422591
11.39170878161213,1.567038495279653,12.82922721772823,1.6580511120924,18.03118242180305,0.001880819165492577,,,9.902481049232858,3.587785884431016
11.40205064086476,1.583616268416543,12.83956907698087,1.641685536086039,18.04152428105568,0.001894623816975649,,,9.912822908485492,3.546903880283093
11.4123925001174,1.60094399703828,12.8499109362335,1.625086876512169,18.05186614030831,0.001911221863026266,,,9.923164767738125,3.504496756779971
11.42273435937003,1.619213452267778,12.86025279548613,1.60832739621405,18.06220799956095,0.001930242855333577,,,9.933506626990759,3.461330644328552
11.43307621862266,1.638688050175489,12.87059465473877,1.591600701373761,18.07254985881358,0.001950900377677299,,,9.943848486243393,3.417615725520785
11.4434180778753,1.659548507793474,12.8809365139914,1.574946534738495,18.08289171806621,0.001972564259577942,,,9.954190345496027,3.373005633850018
11.45375993712793,1.682023109793867,12.89127837324403,1.55827435795065,18.09323357731885,0.001994598653747388,,,9.964532204748661,3.327708760654907
11.46410179638057,1.706321137551797,12.90162023249667,1.541606409407649,18.10357543657148,0.00201643675902495,,,9.974874064001295,3.281939713296604
11.4744436556332,1.732652876872872,12.9119620917493,1.524960128810186,18.11391729582412,0.002037477143442872,,,9.985215923253929,3.235908146460369
11.48478551488583,1.761206126609094,12.92230395100194,1.508328406838368,18.12425915507675,0.002057166507081468,,,9.995557782506562,3.189818544827732
11.49512737413847,1.792157617675454,12.93264581025457,1.491710706650379,18.13460101432938,0.002074705400799706,,,10.0058996417592,3.143880925537784
11.5054692333911,1.825666171914528,12.9429876695072,1.475095634384295,18.14494287358202,0.002090226313350176,,,10.01624150101183,3.098279397979727
11.51581109264374,1.861869851110985,12.95332952875984,1.458466998318938,18.15528473283465,0.002102936467449134,,,10.02658336026446,3.053280455990444
11.52615295189637,1.900883269180818,12.96367138801247,1.441808748429351,18.16562659208729,0.002112440202315073,,,10.0369252195171,3.009060375451661
11.536494811149,1.94279511009205,12.97401324726511,1.425099598895474,18.17596845133992,0.00211838920274385,,,10.04726707876973,2.965826742955659
11.54683667040164,1.987665891949248,12.98435510651774,1.408314583090926,18.18631031059255,0.002120485041750412,,,10.05760893802237,2.923785172202245
11.55717852965427,2.035691060938211,12.99469696577037,1.391432935758017,18.19665216984519,0.002118481088775813,,,10.067950797275,2.88323270216229
11.5675203889069,2.086867943520183,13.00503882502301,1.375322427949377,18.20699402909782,0.002112183765832702,,,10.07829265652763,2.844367682061537
11.57786224815954,2.140994478794881,13.01538068427564,1.359962598020919,18.21733588835045,0.002104186558891726,,,10.08863451578027,2.807288613239166
11.58820410741217,2.197999756821426,13.02572254352827,1.344442670568239,18.22767774760309,0.002094381230868324,,,10.0989763750329,2.77298771711755
11.59854596666481,2.257778492156089,13.03606440278091,1.328869521285973,18.23801960685572,0.002079957401661271,,,10.10931823428553,2.741637204760822
11.60888782591744,2.320190954198678,13.04640626203354,1.313379783756261,18.24836146610836,0.002060890510406824,,,10.11966009353817,2.713192778906138
11.61922968517007,2.385063318645389,13.05674812128618,1.297872457284922,18.25870332536099,0.002037207024709196,,,10.1300019527908,2.687794818720549
11.62957154442271,2.452188444846419,13.06708998053881,1.282160544059738,18.26904518461362,0.002008982480304434,,,10.14034381204344,2.665011112984371
11.63991340367534,2.521330649177972,13.07743183979144,1.266234437041416,18.27938704386626,0.001976318476072151,,,10.15068567129607,2.644940465058913
11.65025526292798,2.592226911297898,13.08777369904408,1.250109081354593,18.28972890311889,0.001939426014616535,,,10.1610275305487,2.62763358109973
11.66059712218061,2.664559432360569,13.09811555829671,1.233800755628406,18.30007076237153,0.001898485080551511,,,10.17136938980134,2.613163006387137
11.67093898143324,2.738014365479728,13.10845741754935,1.21733215994826,18.31041262162416,0.001853737833581533,,,10.18171124905397,2.601580661697852
11.68128084068588,2.812245016256747,13.11879927680198,1.200731897105637,18.32075448087679,0.001805458475891282,,,10.19205310830661,2.592915918739304
11.69162269993851,2.886901000152653,13.12914113605461,1.184033899019454,18.33109634012943,0.001753948833415417,,,10.20239496755924,2.587173768864682
11.70196455919115,2.961882987992844,13.13948299530725,1.167276438318737,18.34143819938206,0.001699533753666924,,,10.21273682681187,2.584333138281342
11.71230641844378,3.036805871714415,13.14982485455988,1.150501678420343,18.3517800586347,0.001642556393297855,,,10.22307868606451,2.584345403646279
11.72264827769641,3.110943341024204,13.16016671381251,1.133754092843349,18.36212191788733,0.001583373468356126,,,10.23342054531714,2.587133161233659
11.73299013694905,3.183885262364781,13.17050857306515,1.117081706908386,18.37246377713996,0.001522350538588692,,,10.24376240456978,2.59258930072225
11.74333199620168,3.255214827407009,13.18085043231778,1.100532034540544,18.3828056363926,0.001459857394186218,,,10.25410426382241,2.600572868152815
11.75367385545431,3.325565823491694,13.19119229157041,1.084153389481741,18.39314749564523,0.001396263609162949,,,10.26444612307504,2.610937963188737
11.76401571470695,3.394522744135716,13.20153415082305,1.067993253416104,18.40348935489786,0.001331903958643859,,,10.27478798232768,2.623457623493084
11.77435757395958,3.460629988334987,13.21187601007568,1.052098899575365,18.4138312141505,0.001267202384066865,,,10.28512984158031,2.637915597856801
11.78469943321221,3.523496683409988,13.22221786932832,1.036514500522205,18.42417307340313,0.001202465493634743,,,10.29547170083294,2.654056256785091
11.79504129246485,3.582753471115745,13.23255972858095,1.02128211652872,18.43451493265577,0.00113802304649777,,,10.30581356008558,2.67159738445948
11.80538315171748,3.638056596557577,13.24290158783358,1.006514369486884,18.4448567919084,0.0010741866283995,,,10.31615541933821,2.69023236029175
11.81572501097012,3.689091715662989,13.25324344708622,0.9922462659463894,18.45519865116103,0.00101124720569003,,,10.32649727859085,2.709634239762682
11.82606687022275,3.735577365630152,13.26358530633885,0.978434894550979,18.46554051041367,0.0009494731034491137,,,10.33683913784348,2.729825126210167
11.83640872947538,3.777268046799393,13.27392716559149,0.9651063508542562,18.4758823696663,0.0008891084128050108,,,10.34718099709611,2.750439729886357
11.84675058872802,3.813956869354671,13.28426902484412,0.9522847407747796,18.48622422891894,0.0008303203824409893,,,10.35752285634875,2.770738557887093
11.85709244798065,3.845477724112019,13.29461088409675,0.9399878340773932,18.49656608817157,0.000773415386175747,,,10.36786471560138,2.790326144116083
11.86743430723329,3.871706943323075,13.30495274334939,0.928230142590008,18.5069079474242,0.00071849482894243,,,10.37820657485401,2.808815907347578
11.87777616648592,3.892564424838799,13.31529460260202,0.9170247945519996,18.51724980667684,0.0006656987188181913,,,10.38854843410665,2.825822762714836
11.88811802573855,3.910302590009177,13.32563646185466,0.906373940624884,18.52759166592947,0.0006151408838352069,,,10.39889029335928,2.840969907478266
11.89845988499119,3.92491128148041,13.33597832110729,0.8967596531543891,18.5379335251821,0.0005668983217016726,,,10.40923215261192,2.853893373672209
11.90880174424382,3.934129513778779,13.34632018035992,0.8881776606111741,18.54827538443474,0.0005210600361797564,,,10.41957401186455,2.864247036927269
11.91914360349645,3.938015707537082,13.35666203961256,0.8801396698837988,18.55861724368737,0.0004776523720558399,,,10.42991587111718,2.871707507059689
11.92948546274909,3.936660589768104,13.36700389886519,0.8726314980984741,18.56895910294001,0.000436656869788326,,,10.44025773036982,2.876005814757031
11.93982732200172,3.930224721954983,13.37734575811782,0.8656364003159644,18.57930096219264,0.0003981548352013242,,,10.45059958962245,2.876832938400939
11.95016918125436,3.918884035271924,13.38768761737046,0.8591353790102869,18.58964282144527,0.0003620794786064654,,,10.46094144887508,2.873978753535225
11.96051104050699,3.902831380060411,13.39802947662309,0.8531077740838586,18.59998468069791,0.0003283945682456959,,,10.47128330812772,2.867256445088064
11.97085289975962,3.882308149386603,13.40837133587573,0.8475996313191426,18.61032653995054,0.00029704898820067,,,10.48162516738035,2.857542958187809
11.98119475901226,3.857601023315393,13.41871319512836,0.8425860289457742,18.62066839920318,0.0002679786371688157,,,10.49196702663299,2.8447295392913
11.99153661826489,3.829001767529477,13.42905505438099,0.8379717840300169,18.63101025845581,0.0002411083136212464,,,10.50230888588562,2.828468818568773
12.00187847751753,3.798492582547556,13.43939691363363,0.8337294170344383,18.64135211770844,0.0002163535599682796,,,10.51265074513825,2.808918777877
12.01222033677016,3.766396610137899,13.44973877288626,0.8298355277890965,18.65169397696108,0.0001936224417202545,,,10.52299260439089,2.785349711162284
12.02256219602279,3.731373710147063,13.4600806321389,0.826307338167431,18.66203583621371,0.0001728172411518288,,,10.53333446364352,2.757630369568174
12.03290405527543,3.693754036186619,13.47042249139153,0.8231104089774038,18.67237769546634,0.0001538360485612451,,,10.54367632289616,2.727153036467256
12.04324591452806,3.653871890360073,13.48076435064416,0.8201650142409012,18.68271955471898,0.0001365742377743609,,,10.55401818214879,2.694056911115062
12.05358777378069,3.612061325698968,13.4911062098968,0.8174445793243469,18.69306141397161,0.0001209258159983621,,,10.56436004140142,2.657274909173833
12.06392963303333,3.568652873205766,13.50144806914943,0.8149183783720271,18.70340327322425,0.0001067846414145979,,,10.57470190065406,2.617040990088614
12.07427149228596,3.523969539775896,13.51178992840206,0.8125522588846206,18.71374513247688,9.404550495801068e-05,,,10.58504375990669,2.573631261064337
12.0846133515386,3.478324584457764,13.5221317876547,0.8103023019279144,20.21331472410878,0,,,10.59538561915932,2.527360674306453
12.09495521079123,3.432014429279612,13.53247364690733,0.808164464852925,,,,,10.60572747841196,2.478542166432985
12.10529707004386,3.385318608251068,13.54281550615997,0.8060921794006285,,,,,10.61606933766459,2.427638422410717
12.1156389292965,3.338510891966799,13.5531573654126,0.8040574753689902,,,,,10.62641119691723,2.375009711089683
12.12598078854913,3.291888302020365,13.56349922466523,0.8020283281481265,,,,,10.63675305616986,2.321107842781405
12.13632264780177,3.245672623880977,13.57384108391787,0.7999656934228785,,,,,10.64709491542249,2.266335967412468
12.1466645070544,3.199992265556997,13.5841829431705,0.7978438183933833,,,,,10.65743677467513,2.211167566062732
12.15700636630703,3.15501760272823,13.59452480242313,0.7957869585773446,,,,,10.66777863392776,2.156045203968981
12.16734822555967,3.110893306845706,13.60486666167577,0.7937581930789942,,,,,10.6781204931804,2.101467276033055
12.1776900848123,3.06774314345223,13.6152085209284,0.7915858091785437,,,,,10.68846235243303,2.047866063661135
12.18803194406494,3.025657859545427,13.62555038018104,0.7892424303445861,,,,,10.69880421168566,1.995685231999327
12.19837380331757,2.984722632669941,13.63589223943367,0.7867569275377658,,,,,10.7091460709383,1.945352814345273
12.2087156625702,2.944982749635205,13.6462340986863,0.7843665492941129,,,,,10.71948793019093,1.89727660986947
12.21905752182283,2.906471657000508,13.65657595793894,0.7819916122561372,,,,,10.72982978944357,1.851839936706463
12.22939938107547,2.869200498208469,13.66691781719157,0.7793454300243426,,,,,10.7401716486962,1.809397790090118
12.2397412403281,2.833217832928106,13.6772596764442,0.7764054903096093,,,,,10.75051350794883,1.770273447041745
12.25008309958074,2.798541162922508,13.68760153569684,0.7731795467455348,,,,,10.76085536720147,1.734755550594026
12.26042495883337,2.765084717323385,13.69794339494947,0.7696504166447692,,,,,10.7711972264541,1.70319401928857
12.270766818086,2.732755510148472,13.70828525420211,0.7657762827088413,,,,,10.78153908570673,1.675811400681626
12.28110867733864,2.702793693233477,13.71862711345474,0.7615460622496849,,,,,10.79188094495937,1.652662258903563
12.29145053659127,2.675161116228888,13.72896897270737,0.7569520281662162,,,,,10.802222804212,1.633884102809559
12.30179239584391,2.648396536346825,13.73931083196001,0.752098869701879,,,,,10.81256466346464,1.619550928787859
12.31213425509654,2.62239312775091,13.74965269121264,0.7469849729990405,,,,,10.82290652271727,1.609745191274265
12.32247611434917,2.597040224468498,13.75999455046528,0.7415024740002127,,,,,10.8332483819699,1.604477529112121
12.33281797360181,2.572223443850743,13.77033640971791,0.7356560839177309,,,,,10.84359024122254,1.603671603114264
12.34315983285444,2.547827897100018,13.78067826897054,0.7294541350770741,,,,,10.85393210047517,1.607266937762778
12.35350169210708,2.524356966424769,13.79102012822318,0.7229062201137549,,,,,10.8642739597278,1.615180711902987
12.36384355135971,2.501690954603429,13.80136198747581,0.7160329842372551,,,,,10.87461581898044,1.627260271949738
12.37418541061234,2.479087986991856,13.81170384672845,0.7088504310172167,,,,,10.88495767823307,1.643335060620453
12.38452726986498,2.456427463978937,13.82204570598108,0.7013808795390546,,,,,10.89529953748571,1.66320608694247
12.39486912911761,2.433591941098638,13.83238756523371,0.6938859960609903,,,,,10.90564139673834,1.686649338501857
12.40521098837024,2.41046773938142,13.84272942448635,0.6863925004391463,,,,,10.91598325599097,1.713418223391638
12.41555284762288,2.386946570784388,13.85307128373898,0.6786920105880272,,,,,10.92632511524361,1.743247279009293
12.42589470687551,2.362921907763734,13.86341314299161,0.6708150247764586,,,,,10.93666697449624,1.775855983817672
12.43623656612815,2.338295194958491,13.87375500224425,0.6627946174520826,,,,,10.94700883374887,1.810949558448082
12.44657842538078,2.312972607629947,13.88409686149688,0.6546661736467279,,,,,10.95735069300151,1.848225725326365
12.45692028463341,2.286866317527688,13.89443872074952,0.6464674005525308,,,,,10.96769255225414,1.887433465346102
12.46726214388605,2.259894901702526,13.90478058000215,0.6382418360084643,,,,,10.97803441150678,1.928160712033145
12.47760400313868,2.231980660590227,13.91512243925478,0.630030458608046,,,,,10.98837627075941,1.970149764776545
12.48794586239132,2.203065165365404,13.92546429850742,0.6218546191567228,,,,,10.99871813001204,2.013080065881239
12.49828772164395,2.173081507418944,13.93580615776005,0.613794328250269,,,,,11.00905998926468,2.056658717894738
12.50862958089658,2.141980044820317,13.94614801701269,0.6058722927436021,,,,,11.01940184851731,2.100578076493266
12.51897144014922,2.109718356859188,13.95648987626532,0.5981299232527609,,,,,11.02974370776995,2.1445750356443
12.52931329940185,2.076263352967358,13.96683173551795,0.5906128838079021,,,,,11.04008556702258,2.188470368462986
12.53965515865448,2.041592101073608,13.97717359477059,0.5833678049176595,,,,,11.05042742627521,2.233389798644264
12.54999701790712,2.005691222742608,13.98751545402322,0.5767223404370526,,,,,11.06076928552785,2.278947935657333
12.56033887715975,1.968712415586194,13.99785731327585,0.5707131247821484,,,,,11.07111114478048,2.323539091018834
12.57068073641239,1.931198550418275,14.00819917252849,0.5650831683809208,,,,,11.08145300403311,2.366972160113644
12.58102259566502,1.893017247675969,14.01854103178112,0.5598623320388409,,,,,11.09179486328575,2.408967999704869
12.59136445491765,1.853648677931387,14.02888289103376,0.5550772471230122,,,,,11.10213672253838,2.449369038771526
12.60170631417029,1.813151106688367,14.03922475028639,0.5507508589780442,,,,,11.11247858179102,2.488007985991598
12.61204817342292,1.772324552475363,14.04956660953902,0.5469047822772002,,,,,11.12282044104365,2.524739822701407
12.62239003267556,1.731190903015038,14.05990846879166,0.5435532559044222,,,,,11.13316230029628,2.559442256089215
12.63273189192819,1.689068243480119,14.07025032804429,0.5407061052117429,,,,,11.14350415954892,2.592016004994294
12.64307375118082,1.646018412042527,14.08059218729692,0.5383620529334079,,,,,11.15384601880155,2.622384930779207
12.65341561043346,1.602181192689009,14.09093404654956,0.536521119447642,,,,,11.16418787805419,2.650496025774824
12.66375746968609,1.55772144446385,14.10127590580219,0.5351763069870153,,,,,11.17452973730682,2.676319271453882
12.67409932893872,1.512771741019521,14.11161776505483,0.5343141068327806,,,,,11.18487159655945,2.70043666556085
12.68444118819136,1.46741143597617,14.12195962430746,0.5339183098588931,,,,,11.19521345581209,2.722858558049838
12.69478304744399,1.421626342908409,14.13230148356009,0.5339570230038005,,,,,11.20555531506472,2.743046437203527
12.70512490669662,1.375540703276466,14.14264334281273,0.5344010532559879,,,,,11.21589717431736,2.761009139196756
12.71546676594926,1.329293510879627,14.15298520206536,0.5352122740799834,,,,,11.22623903356999,2.776835357658224
12.72580862520189,1.283004515201532,14.16332706131799,0.536347502194696,,,,,11.23658089282262,2.790615933050981
12.73615048445453,1.236815638944509,14.17366892057063,0.5377571445904398,,,,,11.24692275207526,2.802520831808696
12.74649234370716,1.190866144291384,14.18401077982326,0.5393866909706655,,,,,11.25726461132789,2.812672196577189
12.75683420295979,1.145293870558152,14.1943526390759,0.5411776556549985,,,,,11.26760647058052,2.82187454787904
12.76717606221243,1.100240267288798,14.20469449832853,0.5430665891652814,,,,,11.27794832983316,2.830277553464335
12.77751792146506,1.055827998684311,14.21503635758116,0.5449903019701646,,,,,11.28829018908579,2.837348880969407
12.7878597807177,1.012188921641214,14.2253782168338,0.5468755562543142,,,,,11.29863204833842,2.843273722643238
12.79820163997033,0.9694441557466473,14.23572007608643,0.5487631265947885,,,,,11.30897390759106,2.848249884787134
12.80854349922296,0.927664130196504,14.24606193533907,0.5505808966662057,,,,,11.31931576684369,2.852492005321261
12.8188853584756,0.8870659113851568,14.2564037945917,0.5521377543638731,,,,,11.32965762609633,2.856221523327075
12.82922721772823,0.847661198657532,14.26674565384433,0.5533815815191317,,,,,11.33999948534896,2.859672866419003
12.83956907698087,0.8095492121784195,14.27708751309697,0.554230987037827,,,,,11.35034134460159,2.863090033013462
12.8499109362335,0.7728041169202416,14.2874293723496,0.5546188308850404,,,,,11.36068320385423,2.867887593733045
12.86025279548613,0.7374888163169014,14.29777123160224,0.5544817763862294,,,,,11.37102506310686,2.87434114088088
12.87059465473877,0.7036557775115677,14.30811309085487,0.553761193614644,,,,,11.3813669223595,2.881587462894927
12.8809365139914,0.6713447649372219,14.3184549501075,0.5524049013946155,,,,,11.39170878161213,2.88978664619786
12.89127837324403,0.6405847808293569,14.32879680936014,0.5503648885832289,,,,,11.40205064086476,2.899164159534049
12.90162023249667,0.6113939789299209,14.33913866861277,0.54760344698868,,,,,11.4123925001174,2.910006148272017
12.9119620917493,0.5837830833969424,14.3494805278654,0.5440869600401569,,,,,11.42273435937003,2.922514679493133
12.92230395100194,0.5577140590455589,14.35982238711804,0.5397916570352399,,,,,11.43307621862266,2.936968560564481
12.93264581025457,0.5332479840892033,14.37016424637067,0.5349094648984385,,,,,11.4434180778753,2.953557943047913
12.9429876695072,0.5103271856162822,14.38050610562331,0.5296635563688384,,,,,11.45375993712793,2.972511390487371
12.95332952875984,0.4889267755721045,14.39084796487594,0.5238996171374136,,,,,11.46410179638057,2.994012109150028
12.96367138801247,0.4690206021309947,14.40118982412857,0.5173891731161399,,,,,11.4744436556332,3.018303644283822
12.97401324726511,0.4505732287535502,14.41153168338121,0.510092845278761,,,,,11.48478551488583,3.045532956186292
12.98435510651774,0.4335558110698763,14.42187354263384,0.5020333942585777,,,,,11.49512737413847,3.075858562420395
12.99469696577037,0.4179012308191697,14.43221540188648,0.4932426033280858,,,,,11.5054692333911,3.109418414920075
13.00503882502301,0.4036234087797844,14.44255726113911,0.4838109567918363,,,,,11.51581109264374,3.146327835107128
13.01538068427564,0.3906789902637922,14.45289912039174,0.4737867717885518,,,,,11.52615295189637,3.186677548155333
13.02572254352827,0.3789799680935818,14.46324097964438,0.4631756673041456,,,,,11.536494811149,3.230531843744006
13.03606440278091,0.3686732563404708,14.47358283889701,0.4520725660296281,,,,,11.54683667040164,3.277926890876402
13.04640626203354,0.3597305500659268,14.48392469814964,0.4405464570680719,,,,,11.55717852965427,3.329856788486805
13.05674812128618,0.3519272095048813,14.49426655740228,0.4286392697156788,,,,,11.5675203889069,3.386289252340975
13.06708998053881,0.3452141462704383,14.50460841665491,0.4164300269838719,,,,,11.57786224815954,3.44616465989286
13.07743183979144,0.3395578698470747,14.51495027590754,0.403999025471035,,,,,11.58820410741217,3.50937847591245
13.08777369904408,0.3349331061494127,14.52529213516018,0.391438014858272,,,,,11.59854596666481,3.575793382477055
13.09811555829671,0.3313184819468988,14.53563399441281,0.3788328565709377,,,,,11.60888782591744,3.645239256952405
13.10845741754935,0.3286977906101092,14.54597585366545,0.3662712444062753,,,,,11.61922968517007,3.717513458503815
13.11879927680198,0.3270600504018167,14.55631771291808,0.3538411936371551,,,,,11.62957154442271,3.792381435224859
13.12914113605461,0.3263994537250017,14.56665957217071,0.3416290790344024,,,,,11.63991340367534,3.869584821813376
13.13948299530725,0.3267151624132841,14.57700143142335,0.3297313345991177,,,,,11.65025526292798,3.948831855362106
13.14982485455988,0.3280112767679987,14.58734329067598,0.3182260311610383,,,,,11.66059712218061,4.029777345211493
13.16016671381251,0.3302950624692861,14.59768514992862,0.307194648950707,,,,,11.67093898143324,4.112084672058544
13.17050857306515,0.3335806231941718,14.60802700918125,0.2967124443503664,,,,,11.68128084068588,4.195398770989788
13.18085043231778,0.3378840874522421,14.61836886843388,0.2868528618867294,,,,,11.69162269993851,4.279311233883709
13.19119229157041,0.3432239765253071,14.62871072768652,0.2776815536899685,,,,,11.70196455919115,4.363805014731076
13.20153415082305,0.3495986041436186,14.63905258693915,0.2692586836100471,,,,,11.71230641844378,4.44846216262628
13.21187601007568,0.3570829569633268,14.64939444619178,0.2616377498621808,,,,,11.72264827769641,4.532427875720292
13.22221786932832,0.3656716770726494,14.65973630544442,0.2548634961940041,,,,,11.73299013694905,4.615556592770719
13.23255972858095,0.3753899188878251,14.67007816469705,0.2489786463040463,,,,,11.74333199620168,4.697387934239396
13.24290158783358,0.3862777074650277,14.68042002394969,0.244012060778287,,,,,11.75367385545431,4.778208332738829
13.25324344708622,0.3983589159651068,14.69076188320232,0.2399868612832756,,,,,11.76401571470695,4.857555382460325
13.26358530633885,0.4116405828591415,14.70110374245495,0.236918005427327,,,,,11.77435757395958,4.933910123662351
13.27392716559149,0.4261309158644809,14.71144560170759,0.2348122103496345,,,,,11.78469943321221,5.006821978250732
13.28426902484412,0.441872637247327,14.72178746096022,0.233667947990892,,,,,11.79504129246485,5.075858421208378
13.29461088409675,0.4588644277661754,14.73212932021286,0.2334755103469381,,,,,11.80538315171748,5.1406094520956
13.30495274334939,0.4771154988751355,14.74247117946549,0.2342171427696697,,,,,11.81572501097012,5.200691699114348
13.31529460260202,0.496635251400552,14.75281303871812,0.2358650984042448,,,,,11.82606687022275,5.255752366271651
13.32563646185466,0.5174139225571948,14.76315489797076,0.2383930402895435,,,,,11.83640872947538,5.305472894124265
13.33597832110729,0.5394945163419353,14.77349675722339,0.2417551037356299,,,,,11.84675058872802,5.349572116111979
13.34632018035992,0.5628633304711067,14.78383861647603,0.2459047178603571,,,,,11.85709244798065,5.387837148361542
13.35666203961256,0.5874534774927728,14.79418047572866,0.2507882640597985,,,,,11.86743430723329,5.420069779249207
13.36700389886519,0.6132367505878124,14.80452233498129,0.2563464091567302,,,,,11.87777616648592,5.446088436393675
13.37734575811782,0.6401773322594008,14.81486419423393,0.262514136304175,,,,,11.88811802573855,5.468206288786581
13.38768761737046,0.6682315051121597,14.82520605348656,0.2692214527768302,,,,,11.89845988499119,5.486343418969048
13.39802947662309,0.6973474225921239,14.83554791273919,0.2763945312173206,,,,,11.90880174424382,5.498423907635817
13.40837133587573,0.7275484953439598,14.84588977199183,0.2839555727789275,,,,,11.91914360349645,5.504440887989061
13.41871319512836,0.7587655244361958,14.85623163124446,0.2918242762763626,,,,,11.92948546274909,5.504212675378561
13.42905505438099,0.7908366884007652,14.8665734904971,0.2999182765116057,,,,,11.93982732200172,5.498208345006245
13.43939691363363,0.8236753881437807,14.87691534974973,0.3081636425967809,,,,,11.95016918125436,5.486378430304842
13.44973877288626,0.8571876475715308,14.88725720900236,0.3164593919926026,,,,,11.96051104050699,5.468495484748029
13.4600806321389,0.8912885660641502,14.897599068255,0.3247293701210138,,,,,11.97085289975962,5.444750245565369
13.47042249139153,0.9258704164460371,14.90794092750763,0.3329001573532156,,,,,11.98119475901226,5.415443660274373
13.48076435064416,0.96094450349233,14.91828278676027,0.3409027703034999,,,,,11.99153661826489,5.380825469128752
13.4911062098968,0.996392238806293,14.9286246460129,0.3486372620498816,,,,,12.00187847751753,5.342876881491572
13.50144806914943,1.031937214311911,14.93896650526553,0.3560276548798216,,,,,12.01222033677016,5.301930659961843
13.51178992840206,1.067428595809105,14.94930836451817,0.3630032403132117,,,,,12.02256219602279,5.256667443108878
13.5221317876547,1.102760459303018,14.9596502237708,0.369497710591883,,,,,12.03290405527543,5.20745440749088
13.53247364690733,1.137709415505332,14.96999208302343,0.3754501173171694,,,,,12.04324591452806,5.154678211872028
13.54281550615997,1.172187250790331,14.98033394227607,0.3808056813242277,,,,,12.05358777378069,5.098736537961073
13.5531573654126,1.206050079220789,14.9906758015287,0.3856565823686243,,,,,12.06392963303333,5.040040751855296
13.56349922466523,1.239147643177051,15.00101766078133,0.3899851228753096,,,,,12.07427149228596,4.979007999651291
13.57384108391787,1.271305400779409,15.01135952003397,0.3936154964687531,,,,,12.0846133515386,4.916080713392133
13.5841829431705,1.302376555527937,15.0217013792866,0.3964916026382903,,,,,12.09495521079123,4.851640016770645
13.59452480242313,1.332259549047993,15.03204323853924,0.3985935991304796,,,,,12.10529707004386,4.786108359979116
13.60486666167577,1.36081647861988,15.04238509779187,0.4000539019605188,,,,,12.1156389292965,4.719927026692761
13.6152085209284,1.3878659207203,15.0527269570445,0.4008667200131777,,,,,12.12598078854913,4.654444218321654
13.62555038018104,1.413279377294118,15.06306881629714,0.4008910014878126,,,,,12.13632264780177,4.590036656835137
13.63589223943367,1.437316074194965,15.07341067554977,0.4001361254604021,,,,,12.1466645070544,4.526092794237397
13.6462340986863,1.4599163369217,15.08375253480241,0.3986983667377421,,,,,12.15700636630703,4.462952001891104
13.65657595793894,1.480593255588495,15.09409439405504,0.3966020729234666,,,,,12.16734822555967,4.400933955076364
13.66691781719157,1.499196174205218,15.10443625330767,0.3937965397257746,,,,,12.1776900848123,4.340341882544748
13.6772596764442,1.515641626350135,15.11477811256031,0.3903350308844544,,,,,12.18803194406494,4.281440633397926
13.68760153569684,1.530093659525193,15.12511997181294,0.3862619009273114,,,,,12.19837380331757,4.224516609833653
13.69794339494947,1.542495115193643,15.13546183106557,0.3817223625018123,,,,,12.2087156625702,4.169787155819403
13.70828525420211,1.552568431692164,15.14580369031821,0.3767710470528353,,,,,12.21905752182283,4.117488334796101
13.71862711345474,1.560285960914475,15.15614554957084,0.3713542492285131,,,,,12.22939938107547,4.06780553108876
13.72896897270737,1.565636679689839,15.16648740882348,0.3655397125501229,,,,,12.2397412403281,4.020961110551803
13.73931083196001,1.569330090885584,15.17682926807611,0.3593922125834826,,,,,12.25008309958074,3.977137197311309
13.74965269121264,1.571383980740443,15.18717112732874,0.3529766645840327,,,,,12.26042495883337,3.936363897341323
13.75999455046528,1.571124655272111,15.19751298658138,0.346366104295701,,,,,12.270766818086,3.898673624783025
13.77033640971791,1.568599652392239,15.20785484583401,0.3396292971907829,,,,,12.28110867733864,3.865441203558922
13.78067826897054,1.563874300105787,15.21819670508665,0.3328395669684549,,,,,12.29145053659127,3.836729084016535
13.79102012822318,1.557031579398127,15.22853856433928,0.3260687593948945,,,,,12.30179239584391,3.811140462910767
13.80136198747581,1.548171834621019,15.23888042359191,0.3193878262233971,,,,,12.31213425509654,3.788626867223055
13.81170384672845,1.537412332077244,15.24922228284455,0.3128662612852515,,,,,12.32247611434917,3.769118181796646
13.82204570598108,1.524886668680597,15.25956414209718,0.3065713919062419,,,,,12.33281797360181,3.752512153272353
13.83238756523371,1.510864116167526,15.26990600134982,0.3005679064911551,,,,,12.34315983285444,3.738687335163266
13.84272942448635,1.495507612918549,15.28024786060245,0.294917328957667,,,,,12.35350169210708,3.728165709698302
13.85307128373898,1.478872757144596,15.29058971985508,0.2896744810093158,,,,,12.36384355135971,3.720770078514221
13.86341314299161,1.461147806767922,15.30093157910772,0.2848983220119564,,,,,12.37418541061234,3.715624999925951
13.87375500224425,1.442532342827479,15.31127343836035,0.2806389299423148,,,,,12.38452726986498,3.712503367326459
13.88409686149688,1.4232358090084,15.32161529761298,0.2769402576754317,,,,,12.39486912911761,3.711157735678385
13.89443872074952,1.40347638432552,15.33195715686562,0.2738401777125976,,,,,12.40521098837024,3.711322174559139
13.90478058000215,1.384096777902795,15.34229901611825,0.2713743187298129,,,,,12.41555284762288,3.71272668943604
13.91512243925478,1.365322069707168,15.35264087537089,0.2695720599738798,,,,,12.42589470687551,3.715052704473742
13.92546429850742,1.346757039858738,15.36298273462352,0.2684570417256693,,,,,12.43623656612815,3.718001516030384
13.93580615776005,1.328628882086457,15.37332459387615,0.2680503731813416,,,,,12.44657842538078,3.721255449370691
13.94614801701269,1.311161778281922,15.38366645312879,0.2683644845914057,,,,,12.45692028463341,3.724490723507495
13.95648987626532,1.294575495806786,15.39400831238142,0.2694085365151178,,,,,12.46726214388605,3.727380667837439
13.96683173551795,1.279097091420605,15.40435017163406,0.2711840750652056,,,,,12.47760400313868,3.729580532218476
13.97717359477059,1.264936307736285,15.41469203088669,0.2736891686614486,,,,,12.48794586239132,3.730813202022069
13.98751545402322,1.252363475583158,15.42503389013932,0.2769162582063168,,,,,12.49828772164395,3.730734405943622
13.99785731327585,1.241562413215525,15.43537574939196,0.2808527203121019,,,,,12.50862958089658,3.729044503686986
14.00819917252849,1.232663792707246,15.44571760864459,0.2854810033692198,,,,,12.51897144014922,3.72545603086198
14.01854103178112,1.225837178522492,15.45605946789722,0.2908289147666483,,,,,12.52931329940185,3.719700339871907
14.02888289103376,1.221236397248237,15.46640132714986,0.2968972696440428,,,,,12.53965515865448,3.711532582624347
14.03922475028639,1.218997646476181,15.47674318640249,0.3036035613281607,,,,,12.54999701790712,3.700729493824671
14.04956660953902,1.219237678499638,15.48708504565512,0.3108843730065832,,,,,12.56033887715975,3.687404083426935
14.05990846879166,1.222052081318699,15.49742690490776,0.3186962957671331,,,,,12.57068073641239,3.672052534802807
14.07025032804429,1.227519021687062,15.50776876416039,0.3269961760446917,,,,,12.58102259566502,3.654240746077424
14.08059218729692,1.235677836167123,15.51811062341303,0.335759398214633,,,,,12.59136445491765,3.633195680532388
14.09093404654956,1.246555918133219,15.52845248266566,0.3449348200620921,,,,,12.60170631417029,3.60959812273848
14.10127590580219,1.260149875369717,15.53879434191829,0.3544447885063675,,,,,12.61204817342292,3.584196318133845
14.11161776505483,1.276428879002657,15.54913620117093,0.3642325828841155,,,,,12.62239003267556,3.556220274332022
14.12195962430746,1.295433807528705,15.55947806042356,0.3742393529940341,,,,,12.63273189192819,3.524922597123669
14.13230148356009,1.317067739747812,15.5698199196762,0.3844045035132692,,,,,12.64307375118082,3.490350465075443
14.14264334281273,1.341123069563254,15.58016177892883,0.3946833667509114,,,,,12.65341561043346,3.45300516335477
14.15298520206536,1.367453942720418,15.59050363818146,0.4050129645700835,,,,,12.66375746968609,3.413691141210997
14.16332706131799,1.395890236210843,15.6008454974341,0.4153124620910358,,,,,12.67409932893872,3.372369477105138
14.17366892057063,1.426227588495244,15.61118735668673,0.4255191345834826,,,,,12.68444118819136,3.328587103881026
14.18401077982326,1.458242819857981,15.62152921593936,0.4355685173968043,,,,,12.69478304744399,3.282280361504045
14.1943526390759,1.491689124540107,15.631871075192,0.4453992536251589,,,,,12.70512490669662,3.233674533750831
14.20469449832853,1.526291498110322,15.64221293444463,0.4549508695715815,,,,,12.71546676594926,3.183024646851071
14.21503635758116,1.561766417544121,15.65255479369727,0.4641649413229255,,,,,12.72580862520189,3.130580094798668
14.2253782168338,1.597796532435611,15.6628966529499,0.4729865130363344,,,,,12.73615048445453,3.076607972800808
14.23572007608643,1.634274574007887,15.67323851220253,0.4814577396983593,,,,,12.74649234370716,3.021394904526488
14.24606193533907,1.670865482934587,15.68358037145517,0.4895714805605596,,,,,12.75683420295979,2.965225869861273
14.2564037945917,1.707013199741263,15.6939222307078,0.4971871614740236,,,,,12.76717606221243,2.908389859291519
14.26674565384433,1.742370824649901,15.70426408996044,0.504219697401345,,,,,12.77751792146506,2.851151846538031
14.27708751309697,1.776587955412527,15.71460594921307,0.5106280216229931,,,,,12.7878597807177,2.793786856079657
14.2874293723496,1.809318633318976,15.7249478084657,0.516379538620086,,,,,12.79820163997033,2.736550753057103
14.29777123160224,1.8402241496806,15.73528966771834,0.5214468290718027,,,,,12.80854349922296,2.67963889382041
14.30811309085487,1.868976950589671,15.74563152697097,0.5258087504877926,,,,,12.8188853584756,2.623394478930312
14.3184549501075,1.895264487433309,15.75597338622361,0.5294501162322411,,,,,12.82922721772823,2.567920726232467
14.32879680936014,1.918791382253805,15.76631524547624,0.5323619158541044,,,,,12.83956907698087,2.513429990324817
14.33913866861277,1.93928963136222,15.77665710472887,0.5345413761433677,,,,,12.8499109362335,2.460066245927122
14.3494805278654,1.956511435585192,15.78699896398151,0.5359919210863413,,,,,12.86025279548613,2.407962021114388
14.35982238711804,1.970239725702575,15.79734082323414,0.5371311881684722,,,,,12.87059465473877,2.357361945995156
14.37016424637067,1.980322295956652,15.80768268248677,0.5379712982440386,,,,,12.8809365139914,2.308339553635295
14.38050610562331,1.98688752174321,15.81802454173941,0.5381186375630653,,,,,12.89127837324403,2.260828236938807
14.39084796487594,1.990357028781709,15.82836640099204,0.5375928289087117,,,,,12.90162023249667,2.214864165208871
14.40118982412857,1.990358718940316,15.83870826024468,0.5364247556622251,,,,,12.9119620917493,2.170471395367435
14.41153168338121,1.986272052513181,15.84905011949731,0.5346541293272458,,,,,12.92230395100194,2.127600733930412
14.42187354263384,1.978078329002114,15.85939197874994,0.5323188709681742,,,,,12.93264581025457,2.086309074084456
14.43221540188648,1.965802272397871,15.86973383800258,0.5294366624985047,,,,,12.9429876695072,2.046523919987778
14.44255726113911,1.951055844090564,15.88007569725521,0.5260479470682797,,,,,12.95332952875984,2.008201188580546
14.45289912039174,1.933929120277656,15.89041755650784,0.5221957282141809,,,,,12.96367138801247,1.971339870933677
14.46324097964438,1.912989175007688,15.90075941576048,0.5179249551616369,,,,,12.97401324726511,1.935880874206559
14.47358283889701,1.888386595867781,15.91110127501311,0.5132793453078688,,,,,12.98435510651774,1.901724569210791
14.48392469814964,1.860307389494465,15.92144313426575,0.5083197670283155,,,,,12.99469696577037,1.86878144410505
14.49426655740228,1.828967672901101,15.93178499351838,0.5031590610440912,,,,,13.00503882502301,1.837932811792313
14.50460841665491,1.794613188272034,15.94212685277101,0.4978380344071602,,,,,13.01538068427564,1.809114766707143
14.51495027590754,1.757514794668896,15.95246871202365,0.492332636510843,,,,,13.02572254352827,1.781328625736154
14.52529213516018,1.717968554323599,15.96281057127628,0.4866788504946642,,,,,13.03606440278091,1.754832164088368
14.53563399441281,1.676287237818068,15.97315243052891,0.4809229663639122,,,,,13.04640626203354,1.729751868393272
14.54597585366545,1.632800334687284,15.98349428978155,0.4750985270790982,,,,,13.05674812128618,1.705762180933896
14.55631771291808,1.587836943079722,15.99383614903418,0.4692403983429029,,,,,13.06708998053881,1.682613330674685
14.56665957217071,1.541760349037003,16.00417800828682,0.4633794765198941,,,,,13.07743183979144,1.660265719107878
14.57700143142335,1.494913758080897,16.01451986753945,0.4575454478823309,,,,,13.08777369904408,1.638713228765343
14.58734329067598,1.447645020225907,16.02486172679209,0.4517615455618357,,,,,13.09811555829671,1.617955454316328
14.59768514992862,1.400307933822044,16.03520358604472,0.4460481288959149,,,,,13.10845741754935,1.598004038396623
14.60802700918125,1.353217698168731,16.04554544529735,0.4404227091789363,,,,,13.11879927680198,1.578882144183498
14.61836886843388,1.306715479693676,16.05588730454999,0.4348959938593371,,,,,13.12914113605461,1.560623801096413
14.62871072768652,1.261104438470576,16.06622916380262,0.4294831594244464,,,,,13.13948299530725,1.543272044261853
14.63905258693915,1.216674988735318,16.07657102305525,0.4241998366274147,,,,,13.14982485455988,1.526880411280533
14.64939444619178,1.173696517717172,16.08691288230789,0.4190457339816768,,,,,13.16016671381251,1.511506389165057
14.65973630544442,1.132408930999448,16.09725474156052,0.414067037744261,,,,,13.17050857306515,1.497218538120316
14.67007816469705,1.093049748459542,16.10759660081316,0.4092604019079306,,,,,13.18085043231778,1.484086958409943
14.68042002394969,1.055801668390759,16.11793846006579,0.404630588568458,,,,,13.19119229157041,1.472184520354646
14.69076188320232,1.020830278565839,16.12828031931842,0.4001691153622325,,,,,13.20153415082305,1.461563046181241
14.70110374245495,0.988272063412831,16.13862217857105,0.3957981774250586,,,,,13.21187601007568,1.452350347729068
14.71144560170759,0.9582339333891783,16.14896403782369,0.391506249784991,,,,,13.22221786932832,1.444590613198416
14.72178746096022,0.9307931241129367,16.15930589707632,0.3872812014144396,,,,,13.23255972858095,1.438355976299625
14.73212932021286,0.9059974511353616,16.16964775632896,0.3831107170092327,,,,,13.24290158783358,1.433814047498429
14.74247117946549,0.8838659020004964,16.17998961558159,0.3789843875536427,,,,,13.25324344708622,1.431027581112774
14.75281303871812,0.8643893404312103,16.19033147483422,0.3748921356962077,,,,,13.26358530633885,1.429953451736695
14.76315489797076,0.8475406096105305,16.20067333408686,0.3708172371351249,,,,,13.27392716559149,1.43062832194076
14.77349675722339,0.8332453244834518,16.21101519333949,0.3667884632295491,,,,,13.28426902484412,1.433121806146045
14.78383861647603,0.8214247138819507,16.22135705259213,0.362890743329823,,,,,13.29461088409675,1.437451424951782
14.79418047572866,0.8119727766947344,16.23169891184476,0.3590829575285897,,,,,13.30495274334939,1.443641751715086
14.80452233498129,0.8047639347586104,16.24204077109739,0.3552886309563304,,,,,13.31529460260202,1.451715544771367
14.81486419423393,0.799655247253352,16.25238263035003,0.3515064059717131,,,,,13.32563646185466,1.461664780777057
14.82520605348656,0.7964770917716534,16.26272448960266,0.3477162298947472,,,,,13.33597832110729,1.474014565637451
14.83554791273919,0.7950846162120672,16.27306634885529,0.3439206153201436,,,,,13.34632018035992,1.48874530025446
14.84588977199183,0.7952823917543022,16.28340820810793,0.3401134741909131,,,,,13.35666203961256,1.505298548882836
14.85623163124446,0.7968820062532399,16.29375006736056,0.3363001462556441,,,,,13.36700389886519,1.52362915265886
14.8665734904971,0.7996897824630874,16.3040919266132,0.3324877288663051,,,,,13.37734575811782,1.543681255518583
14.87691534974973,0.8035092702376819,16.31443378586583,0.3287504602361316,,,,,13.38768761737046,1.565388359573266
14.88725720900236,0.8081434176357561,16.32477564511846,0.3250993783405283,,,,,13.39802947662309,1.58867372522943
14.897599068255,0.8133971653586638,16.3351175043711,0.3214822786815031,,,,,13.40837133587573,1.613608729198694
14.90794092750763,0.8193618507094489,16.34545936362373,0.3179130765568114,,,,,13.41871319512836,1.640094198594177
14.91828278676027,0.8258527052355142,16.35580122287637,0.3144070000247273,,,,,13.42905505438099,1.667861154910243
14.9286246460129,0.8324120303938415,16.366143082129,0.310980390760811,,,,,13.43939691363363,1.696789849854841
14.93896650526553,0.8388536913628347,16.37648494138163,0.3076494435092553,,,,,13.44973877288626,1.72675725203118
14.94930836451817,0.845024793214542,16.38682680063427,0.3044333767708616,,,,,13.4600806321389,1.757689325573861
14.9596502237708,0.8507789222090701,16.3971686598869,0.3013500628283755,,,,,13.47042249139153,1.789438005630045
14.96999208302343,0.8559841855303154,16.40751051913954,0.298480623685723,,,,,13.48076435064416,1.82192838287037
14.98033394227607,0.860524341418633,16.41785237839217,0.2958420269077491,,,,,13.4911062098968,1.8550096403953
14.9906758015287,0.8645234765122137,16.4281942376448,0.2933899054114594,,,,,13.50144806914943,1.888368868935475
15.00101766078133,0.8679020570531663,16.43853609689744,0.2911387630281457,,,,,13.51178992840206,1.921814947507814
15.01135952003397,0.8703668134138002,16.44887795615007,0.2890996037024198,,,,,13.5221317876547,1.955192352322106
15.0217013792866,0.8718614211046978,16.4592198154027,0.287284391149364,,,,,13.53247364690733,1.988268304838589
15.03204323853924,0.8723568852142461,16.46956167465534,0.2857041623507455,,,,,13.54281550615997,2.020903316260218
15.04238509779187,0.8720538275536474,16.47990353390797,0.2843683295925247,,,,,13.5531573654126,2.052936156152789
15.0527269570445,0.8709577361944806,16.49024539316061,0.2832845633461865,,,,,13.56349922466523,2.084180145470024
15.06306881629714,0.8688819526237141,16.50058725241324,0.2824583822282744,,,,,13.57384108391787,2.114402135555426
15.07341067554977,0.8658616383832274,16.51092911166587,0.2818944718290622,,,,,13.5841829431705,2.143425759715043
15.08375253480241,0.8620635392301701,16.52127097091851,0.2815944929768194,,,,,13.59452480242313,2.171271548787681
15.09409439405504,0.8575524544580223,16.53161283017114,0.2815931315006192,,,,,13.60486666167577,2.197761859270368
15.10443625330767,0.8522796815214518,16.54195468942378,0.2818884668028607,,,,,13.6152085209284,2.222541297058061
15.11477811256031,0.8464303915984593,16.55229654867641,0.2824420524785774,,,,,13.62555038018104,2.245452623196969
15.12511997181294,0.8401045292078905,16.56263840792904,0.2832492963620688,,,,,13.63589223943367,2.26678979709697
15.13546183106557,0.8335427897152536,16.57298026718168,0.2843013587651276,,,,,13.6462340986863,2.286747573374087
15.14580369031821,0.826859568894031,16.58332212643431,0.2856284793716172,,,,,13.65657595793894,2.30475284323661
15.15614554957084,0.8199525617527683,16.59366398568694,0.2872189301739914,,,,,13.66691781719157,2.320351384537037
15.16648740882348,0.8129349537913467,16.60400584493958,0.2890268652378631,,,,,13.6772596764442,2.333438322462108
15.17682926807611,0.8059421680795112,16.61434770419221,0.2910397344413742,,,,,13.68760153569684,2.34418823815877
15.18717112732874,0.7990892016468155,16.62468956344485,0.2932441490804799,,,,,13.69794339494947,2.352528914982338
15.19751298658138,0.7925070510044384,16.63503142269748,0.2956271627379983,,,,,13.70828525420211,2.358142410915002
15.20785484583401,0.7863177537224492,16.64537328195011,0.2981831067686542,,,,,13.71862711345474,2.360993012143787
15.21819670508665,0.7806401080284977,16.65571514120275,0.3008982282143726,,,,,13.72896897270737,2.361065376694575
15.22853856433928,0.7755867127498617,16.66605700045538,0.3037529001644271,,,,,13.73931083196001,2.359187087172663
15.23888042359191,0.7712628411385626,16.67639885970802,0.3067345139947022,,,,,13.74965269121264,2.355378293210478
15.24922228284455,0.7677651064945417,16.68674071896065,0.3098309209250235,,,,,13.75999455046528,2.348851952361896
15.25956414209718,0.7651802695300072,16.69708257821328,0.3130305540125348,,,,,13.77033640971791,2.339664667036953
15.26990600134982,0.7635842035222412,16.70742443746592,0.316322388253286,,,,,13.78067826897054,2.327894603775818
15.28024786060245,0.7630410309690436,16.71776629671855,0.3196884261543227,,,,,13.79102012822318,2.313638930185258
15.29058971985508,0.7636043517448757,16.72810815597119,0.3231363054303292,,,,,13.80136198747581,2.29702333625206
15.30093157910772,0.7653086205446337,16.73845001522382,0.3266467440606282,,,,,13.81170384672845,2.278185745278538
15.31127343836035,0.7681746139300406,16.74879187447645,0.3302115040797763,,,,,13.82204570598108,2.257286710117844
15.32161529761298,0.7722376104001284,16.75913373372909,0.3340440162216085,,,,,13.83238756523371,2.234863035393192
15.33195715686562,0.7774788229416218,16.76947559298172,0.3381343558607984,,,,,13.84272942448635,2.211108807931763
15.34229901611825,0.7838866752354806,16.77981745223435,0.3422506667747094,,,,,13.85307128373898,2.185874198535919
15.35264087537089,0.7914351632837271,16.79015931148699,0.3463813290855469,,,,,13.86341314299161,2.159382040522314
15.36298273462352,0.8000573633992677,16.80050117073962,0.3505150632906047,,,,,13.87375500224425,2.131868851871193
15.37332459387615,0.8097691282138416,16.81084302999226,0.3546403014717011,,,,,13.88409686149688,2.103582261106484
15.38366645312879,0.8204751797817702,16.82118488924489,0.3587450197039106,,,,,13.89443872074952,2.074783342831607
15.39400831238142,0.8321091268942873,16.83152674849752,0.3628208231700179,,,,,13.90478058000215,2.046363001280957
15.40435017163406,0.8445946096327424,16.84186860775016,0.3668540771854407,,,,,13.91512243925478,2.018590035713099
15.41469203088669,0.8578510176318537,16.85221046700279,0.3708251623252179,,,,,13.92546429850742,1.991090492082656
15.42503389013932,0.871792076664857,16.86255232625543,0.3747211137571575,,,,,13.93580615776005,1.964173765636232
15.43537574939196,0.8863279131321532,16.87289418550806,0.3785237972776676,,,,,13.94614801701269,1.938088612560836
15.44571760864459,0.9013664710457918,16.88323604476069,0.3822151439916083,,,,,13.95648987626532,1.913097731825292
15.45605946789722,0.9168400143690263,16.89357790401333,0.3857759109572784,,,,,13.96683173551795,1.889474935205645
15.46640132714986,0.9327473106927442,16.90391976326596,0.3891854896834975,,,,,13.97717359477059,1.867478211300526
15.47674318640249,0.9489717909931072,16.91426162251859,0.3924219948065006,,,,,13.98751545402322,1.84770815866101
15.48708504565512,0.9653354632247573,16.92460348177123,0.3955042821667449,,,,,13.99785731327585,1.830385663128496
15.49742690490776,0.9817496205958762,16.93494534102386,0.3984078181482097,,,,,14.00819917252849,1.815382289365474
15.50776876416039,0.9981368898646182,16.9452872002765,0.4010648493381211,,,,,14.01854103178112,1.802897381232853
15.51811062341303,1.014817220908449,16.95562905952913,0.4034488712723608,,,,,14.02888289103376,1.793111084833754
15.52845248266566,1.031721459892249,16.96597091878176,0.4055329296127373,,,,,14.03922475028639,1.78618201412668
15.53879434191829,1.048391212252825,16.9763127780344,0.4072899161729417,,,,,14.04956660953902,1.782249557542425
15.54913620117093,1.06476972359625,16.98665463728703,0.4087031453826783,,,,,14.05990846879166,1.781422604334804
15.55947806042356,1.080808696947188,16.99699649653967,0.4098052167682402,,,,,14.07025032804429,1.783786371226051
15.5698199196762,1.096468456253733,17.0073383557923,0.4105611550426099,,,,,14.08059218729692,1.789377435281214
15.58016177892883,1.112017764244449,17.01768021504493,0.4108850539392797,,,,,14.09093404654956,1.798221848826223
15.59050363818146,1.127431594568671,17.02802207429757,0.4107546820868187,,,,,14.10127590580219,1.810307635695076
15.6008454974341,1.142390830277632,17.0383639335502,0.4101459378824083,,,,,14.11161776505483,1.825588742614479
15.61118735668673,1.156883898879444,17.04870579280283,0.4090426461802858,,,,,14.12195962430746,1.844091835657119
15.62152921593936,1.170906392118236,17.05904765205547,0.4074271084045473,,,,,14.13230148356009,1.86568597022904
15.631871075192,1.184460389987445,17.0693895113081,0.4052866974864348,,,,,14.14264334281273,1.890128631928335
15.64221293444463,1.197553679711578,17.07973137056073,0.402611587416205,,,,,14.15298520206536,1.917233586714326
15.65255479369727,1.210198887947472,17.09007322981337,0.3993963896879384,,,,,14.16332706131799,1.946785389958356
15.6628966529499,1.222417384987756,17.100415089066,0.3957100861085242,,,,,14.17366892057063,1.9785277466325
15.67323851220253,1.234306488859806,17.11075694831863,0.3917364641996835,,,,,14.18401077982326,2.012180585880105
15.68358037145517,1.246186880392734,17.12109880757127,0.3874090725102952,,,,,14.1943526390759,2.047436242081559
15.6939222307078,1.257990885829206,17.1314406668239,0.382565085914698,,,,,14.20469449832853,2.083953865231179
15.70426408996044,1.269438575225275,17.14178252607654,0.3772153495743001,,,,,14.21503635758116,2.121384372565779
15.71460594921307,1.280545234204939,17.15212438532917,0.3713655856913906,,,,,14.2253782168338,2.159334757548104
15.7249478084657,1.291330091427629,17.1624662445818,0.3650326189971369,,,,,14.23572007608643,2.197736445879713
15.73528966771834,1.301794298558598,17.17280810383444,0.3583469911473385,,,,,14.24606193533907,2.236180069632977
15.74563152697097,1.311950235569084,17.18314996308707,0.3513342832969711,,,,,14.2564037945917,2.273915758688132
15.75597338622361,1.32180199911098,17.19349182233971,0.3439175655395268,,,,,14.26674565384433,2.310542472543029
15.76631524547624,1.331349389492295,17.20383368159234,0.3361285806847278,,,,,14.27708751309697,2.345626343348291
15.77665710472887,1.340587514697935,17.21417554084497,0.3280097828750004,,,,,14.2874293723496,2.378752343622692
15.78699896398151,1.349506505315086,17.22451740009761,0.31959809158337,,,,,14.29777123160224,2.409516638240427
15.79734082323414,1.358093679367367,17.23485925935024,0.3109232346618147,,,,,14.30811309085487,2.437531410114424
15.80768268248677,1.366328793943323,17.24520111860287,0.3020280290071796,,,,,14.3184549501075,2.462430469465387
15.81802454173941,1.374184101056922,17.25554297785551,0.2929520006583682,,,,,14.32879680936014,2.483869032560747
15.82836640099204,1.381623863325692,17.26588483710814,0.2837371497950719,,,,,14.33913866861277,2.501540593282581
15.83870826024468,1.388625120583328,17.27622669636078,0.2744249457124379,,,,,14.3494805278654,2.515162728928688
15.84905011949731,1.395497362031224,17.28656855561341,0.2650558607806071,,,,,14.35982238711804,2.524493975938032
15.85939197874994,1.402194695467536,17.29691041486604,0.2556699110913612,,,,,14.37016424637067,2.529582629358055
15.86973383800258,1.408308550496832,17.30725227411868,0.2463057458210587,,,,,14.38050610562331,2.530781067028927
15.88007569725521,1.413783950712845,17.31759413337131,0.2370002616758153,,,,,14.39084796487594,2.528350382288456
15.89041755650784,1.418564015552931,17.32793599262395,0.2277870515638133,,,,,14.40118982412857,2.521689125189664
15.90075941576048,1.422590742601714,17.33827785187658,0.2187011789335515,,,,,14.41153168338121,2.510134982064938
15.91110127501311,1.42580405065488,17.34861971112921,0.2097707999228269,,,,,14.42187354263384,2.493692663486657
15.92144313426575,1.428344486604816,17.35896157038185,0.2010234493729696,,,,,14.43221540188648,2.472419574189871
15.93178499351838,1.430428826696226,17.36930342963448,0.1924829101158039,,,,,14.44255726113911,2.448022005236025
15.94212685277101,1.431868185477868,17.37964528888712,0.1841694477206632,,,,,14.45289912039174,2.420639696725646
15.95246871202365,1.432325336448241,17.38998714813975,0.1761006493282628,,,,,14.46324097964438,2.388844177985585
15.96281057127628,1.431707041181059,17.40032900739238,0.1682909367653158,,,,,14.47358283889701,2.352882975559171
15.97315243052891,1.429971119298587,17.41067086664502,0.1607516136395596,,,,,14.48392469814964,2.313013664936294
15.98349428978155,1.427036276194177,17.42101272589765,0.1534909560006064,,,,,14.49426655740228,2.269495463103791
15.99383614903418,1.422863609840456,17.43135458515028,0.1465143424957555,,,,,14.50460841665491,2.222655385572683
16.00417800828682,1.417421251267859,17.44169644440292,0.1398244193853725,,,,,14.51495027590754,2.172846959806652
16.01451986753945,1.410684370395476,17.45203830365555,0.1334206454421568,,,,,14.52529213516018,2.120460492660318
16.02486172679209,1.402635787814833,17.46238016290819,0.1273022491324621,,,,,14.53563399441281,2.065897235922562
16.03520358604472,1.393265583685045,17.47272202216082,0.1214641239782558,,,,,14.54597585366545,2.009576889939892
16.04554544529735,1.382578387735808,17.48306388141345,0.1159421293268745,,,,,14.55631771291808,1.951919118940701
16.05588730454999,1.370577286355048,17.49340574066609,0.1107282454566249,,,,,14.56665957217071,1.893376194259043
16.06622916380262,1.357301803658551,17.50374759991872,0.1057701263772455,,,,,14.57700143142335,1.834390954909548
16.07657102305525,1.343199743469833,17.51408945917136,0.1010586563949366,,,,,14.58734329067598,1.775391493066852
16.08691288230789,1.328314104018463,17.52443131842399,0.09658146951930542,,,,,14.59768514992862,1.716815805525836
16.09725474156052,1.312510386542667,17.53477317767662,0.09232657854831279,,,,,14.60802700918125,1.659056391438495
16.10759660081316,1.295834210768768,17.54511503692926,0.08828170560832684,,,,,14.61836886843388,1.602530371175979
16.11793846006579,1.278081255038712,17.55545689618189,0.08443449862013766,,,,,14.62871072768652,1.547608689659522
16.12828031931842,1.259310637238483,17.56579875543452,0.08078880543723761,,,,,14.63905258693915,1.494643923170635
16.13862217857105,1.239571331610221,17.57614061468716,0.07733285072531319,,,,,14.64939444619178,1.443960774074949
16.14896403782369,1.218937040923109,17.58648247393979,0.07403850651561382,,,,,14.65973630544442,1.395845629804158
16.15930589707632,1.197488004356226,17.59682433319243,0.07089459280449253,,,,,14.67007816469705,1.350580013647567
16.16964775632896,1.175310346982454,17.60716619244506,0.06789060243441085,,,,,14.68042002394969,1.308376670351176
16.17998961558159,1.15251376765456,17.61750805169769,0.06501793219476537,,,,,14.69076188320232,1.269425244120856
16.19033147483422,1.12916313768246,17.62784991095033,0.06226761876636716,,,,,14.70110374245495,1.23387785790117
16.20067333408686,1.105370489064061,17.63819177020296,0.05963036923300007,,,,,14.71144560170759,1.201848557157386
16.21101519333949,1.081347165487219,17.6485336294556,0.05711184611174672,,,,,14.72178746096022,1.173413197014728
16.22135705259213,1.057360192040129,17.65887548870823,0.05470548317883613,,,,,14.73212932021286,1.148609757008632
16.23169891184476,1.033406823726893,17.66921734796086,0.05239246004732242,,,,,14.74247117946549,1.127439063225756
16.24204077109739,1.009527354868926,17.6795592072135,0.05016351066756827,,,,,14.75281303871812,1.109863625986308
16.25238263035003,0.9858213702299197,17.68990106646613,0.0480234945490606,,,,,14.76315489797076,1.095828879725146
16.26272448960266,0.9622787780887307,17.70024292571877,0.04596345004046631,,,,,14.77349675722339,1.085213366948233
16.27306634885529,0.9389943631992419,17.7105847849714,0.04398028274118496,,,,,14.78383861647603,1.077890224707339
16.28340820810793,0.9160595873751909,17.72092664422403,0.04207140568943678,,,,,14.79418047572866,1.073698077058972
16.29375006736056,0.8935629256609356,17.73126850347667,0.04023466369984913,,,,,14.80452233498129,1.072449992787919
16.3040919266132,0.8715862328471045,17.7416103627293,0.03846825669239098,,,,,14.81486419423393,1.073935757148427
16.31443378586583,0.8502434744698125,17.75195222198193,0.03677058382702594,,,,,14.82520605348656,1.077914424399076
16.32477564511846,0.8296070760606307,17.76229408123457,0.03514050811027439,,,,,14.83554791273919,1.084164731193999
16.3351175043711,0.8097081251693511,17.7726359404872,0.03357675205851167,,,,,14.84588977199183,1.092409309689637
16.34545936362373,0.7906065139756608,17.78297779973984,0.03207821381116827,,,,,14.85623163124446,1.102376405584803
16.35580122287637,0.7723555895338271,17.79331965899247,0.03064380882604302,,,,,14.8665734904971,1.113786802826847
16.366143082129,0.7550019981893883,17.8036615182451,0.02927242041201771,,,,,14.87691534974973,1.126367089169958
16.37648494138163,0.7385851528042603,17.81400337749774,0.02796285809420496,,,,,14.88725720900236,1.139815449275822
16.38682680063427,0.7231375424838039,17.82434523675037,0.0267138241118597,,,,,14.897599068255,1.153857472731402
16.3971686598869,0.7086889435570826,17.83468709600301,0.0255238881284803,,,,,14.90794092750763,1.168507719342292
16.40751051913954,0.695352677997478,17.84502895525564,0.02439067952231699,,,,,14.91828278676027,1.183509159394042
16.41785237839217,0.6831421377787884,17.85537081450827,0.02331420824103897,,,,,14.9286246460129,1.198300738057314
16.4281942376448,0.6719786994361315,17.86571267376091,0.02229158042160431,,,,,14.93896650526553,1.21261706169031
16.43853609689744,0.6618573944622007,17.87605453301354,0.02132074553419801,,,,,14.94930836451817,1.226231482371249
16.44887795615007,0.6527806751943355,17.88639639226617,0.02039950569775831,,,,,14.9596502237708,1.238928373407015
16.4592198154027,0.6447327975444587,17.89673825151881,0.01952553171443892,,,,,14.96999208302343,1.250512160978965
16.46956167465534,0.6377034383830588,17.90708011077144,0.01869619005349856,,,,,14.98033394227607,1.260809436634394
16.47990353390797,0.6316795519819479,17.91742197002408,0.01790826468225957,,,,,14.9906758015287,1.270038775551312
16.49024539316061,0.626646053373405,17.92776382927671,0.01716137669949083,,,,,15.00101766078133,1.278101057192737
16.50058725241324,0.6225808499609109,17.93810568852934,0.01645154435039548,,,,,15.01135952003397,1.284521051028827
16.51092911166587,0.619479302292315,17.94844754778198,0.01577612999227216,,,,,15.0217013792866,1.289184998090335
16.52127097091851,0.6173171075281239,17.95878940703461,0.01513254169071671,,,,,15.03204323853924,1.292043073238462
16.53161283017114,0.6160776266390849,17.96913126628724,0.01451823821073437,,,,,15.04238509779187,1.293431615955784
16.54195468942378,0.6157452516106835,17.97947312553988,0.01393090442523277,,,,,15.0527269570445,1.29335029775538
16.55229654867641,0.616305855657827,17.98981498479251,0.01337922154830373,,,,,15.06306881629714,1.291469474918317
16.56263840792904,0.6177479726590035,18.00015684404514,0.01286071302016211,,,,,15.07341067554977,1.287834255782984
16.57298026718168,0.6200600213143922,18.01049870329778,0.01236206333160107,,,,,15.08375253480241,1.282718176709222
16.58332212643431,0.6234374977809467,18.02084056255041,0.01187983388163506,,,,,15.09409439405504,1.276211620540741
16.59366398568694,0.6278716124378176,18.03118242180305,0.01141161154292775,,,,,15.10443625330767,1.26820528549618
16.60400584493958,0.6331511634539945,18.04152428105568,0.01096156490682886,,,,,15.11477811256031,1.25893954978396
16.61434770419221,0.6392821311707082,18.05186614030831,0.01052361694194836,,,,,15.12511997181294,1.248560898633897
16.62468956344485,0.6462551134542888,18.06220799956095,0.01009699081249094,,,,,15.13546183106557,1.237458575382318
16.63503142269748,0.6540693181932028,18.07254985881358,0.009680274046104036,,,,,15.14580369031821,1.225804495723286
16.64537328195011,0.6629675598449876,18.08289171806621,0.009272548154152254,,,,,15.15614554957084,1.213444451362307
16.65571514120275,0.672941282254322,18.09323357731885,0.008871080648619191,,,,,15.16648740882348,1.200567162166037
16.66605700045538,0.6837524904926001,18.10357543657148,0.008479743396897207,,,,,15.17682926807611,1.187376242909258
16.67639885970802,0.6953972545498254,18.11391729582412,0.008095636604510587,,,,,15.18717112732874,1.17405008781391
16.68674071896065,0.7078700774274226,18.12425915507675,0.00771854546013838,,,,,15.19751298658138,1.160796234925888
16.69708257821328,0.7211631976768945,18.13460101432938,0.007348245411673679,,,,,15.20785484583401,1.147808794675791
16.70742443746592,0.7352653596165433,18.14494287358202,0.006985104226961626,,,,,15.21819670508665,1.135283240683782
16.71776629671855,0.7501614773082099,18.15528473283465,0.006629086034606697,,,,,15.22853856433928,1.123407251110991
16.72810815597119,0.7658316261062409,18.16562659208729,0.00628042815444265,,,,,15.23888042359191,1.112360148325368
16.73845001522382,0.7822500153067209,18.17596845133992,0.005939438080085195,,,,,15.24922228284455,1.10231095720752
16.74879187447645,0.7993844266590324,18.18631031059255,0.005606467048217417,,,,,15.25956414209718,1.093416463320308
16.75913373372909,0.8172093875686096,18.19665216984519,0.005281932347108782,,,,,15.26990600134982,1.085819668481342
16.76947559298172,0.8356708671875447,18.20699402909782,0.004966239509985122,,,,,15.28024786060245,1.07964836872332
16.77981745223435,0.8547140415235882,18.21733588835045,0.004659811245365149,,,,,15.29058971985508,1.075012765569321
16.79015931148699,0.8742660331066051,18.22767774760309,0.004363062035867856,,,,,15.30093157910772,1.07200818901239
16.80050117073962,0.894253504267522,18.23801960685572,0.004076385872368162,,,,,15.31127343836035,1.070706008779545
16.81084302999226,0.914594054674875,18.24836146610836,0.003800145514440521,,,,,15.32161529761298,1.071186613376043
16.82118488924489,0.9351962816655132,18.25870332536099,0.003534663355105378,,,,,15.33195715686562,1.073469255519637
16.83152674849752,0.9560624725006978,18.26904518461362,0.003280213929147829,,,,,15.34229901611825,1.077578264497161
16.84186860775016,0.9770796091505056,18.27938704386626,0.003037008888589877,,,,,15.35264087537089,1.083516279597023
16.85221046700279,0.9980300480764461,18.28972890311889,0.002805231419614285,,,,,15.36298273462352,1.091239394775051
16.86255232625543,1.018794571629002,18.30007076237153,0.002584972229727786,,,,,15.37332459387615,1.100783600267064
16.87289418550806,1.039238140658447,18.31041262162416,0.002376271743794962,,,,,15.38366645312879,1.112064572681324
16.88323604476069,1.059222554349779,18.32075448087679,0.002179108572070712,,,,,15.39400831238142,1.125023451340759
16.89357790401333,1.078609132750837,18.33109634012943,0.001993400810242204,,,,,15.40435017163406,1.139583300519138
16.90391976326596,1.097254720030646,18.34143819938206,0.001819008402620743,,,,,15.41469203088669,1.155659418013569
16.91426162251859,1.115015838105271,18.3517800586347,0.00165573641750669,,,,,15.42503389013932,1.173155549418328
16.92460348177123,1.131878578370281,18.36212191788733,0.00150333907998591,,,,,15.43537574939196,1.191966614980832
16.93494534102386,1.147701001873328,18.37246377713996,0.001361524407517596,,,,,15.44571760864459,1.211980303509074
16.9452872002765,1.162214785667169,18.3828056363926,0.001229959297237091,,,,,15.45605946789722,1.233156635487966
16.95562905952913,1.175286089022821,18.39314749564523,0.001108274920472639,,,,,15.46640132714986,1.255492904616354
16.96597091878176,1.18678812597684,18.40348935489786,0.0009952815002608178,,,,,15.47674318640249,1.278784441877717
16.9763127780344,1.196602774303458,18.4138312141505,0.0008923053832752109,,,,,15.48708504565512,1.302786512857235
16.98665463728703,1.205096230706437,18.42417307340313,0.0007979104373261067,,,,,15.49742690490776,1.327364192225274
16.99699649653967,1.212160031481706,18.43451493265577,0.0007116473052579537,,,,,15.50776876416039,1.352394421764696
17.0073383557923,1.21727737823471,18.4448567919084,0.0006330568988794318,,,,,15.51811062341303,1.378178545760303
17.01768021504493,1.220355758066628,18.45519865116103,0.0005616754500003787,,,,,15.52845248266566,1.404593980012714
17.02802207429757,1.221315318588832,18.46554051041367,0.0004970391566742437,,,,,15.53879434191829,1.431093994205428
17.0383639335502,1.220103908576748,18.4758823696663,0.0004386883892636071,,,,,15.54913620117093,1.45756320050193
17.04870579280283,1.2166939721434,18.48622422891894,0.0003858660211276827,,,,,15.55947806042356,1.48389281186197
17.05904765205547,1.211074269829037,18.49656608817157,0.0003388073467015811,,,,,15.5698199196762,1.509981208375007
17.0693895113081,1.203259160561022,18.5069079474242,0.0002967020703925645,,,,,15.58016177892883,1.536064088920896
17.07973137056073,1.193260407445822,18.51724980667684,0.0002591425586477419,,,,,15.59050363818146,1.562052619250609
17.09007322981337,1.181126212234591,18.52759166592947,0.00022573886514741,,,,,15.6008454974341,1.587533590511117
17.100415089066,1.167687041507239,18.5379335251821,0.000196098520518266,,,,,15.61118735668673,1.612432530426015
17.11075694831863,1.153060412626066,18.54827538443474,0.000169919242831337,,,,,15.62152921593936,1.636680411929905
17.12109880757127,1.136554172211388,18.55861724368737,0.0001468443927625372,,,,,15.631871075192,1.660218402490437
17.1314406668239,1.118290393335096,18.56895910294001,0.0001263221534560178,,,,,15.64221293444463,1.682994481883698
17.14178252607654,1.098376603529495,18.57930096219264,0.0001086066129035382,,,,,15.65255479369727,1.70496381525052
17.15212438532917,1.076856629122039,18.58964282144527,9.312618570541264e-05,,,,,15.6628966529499,1.726094065746816
17.1624662445818,1.053853529931865,20.21331472410878,0,,,,,15.67323851220253,1.746530588037725
17.17280810383444,1.029522991256923,,,,,,,15.68358037145517,1.76658951674269
17.18314996308707,1.004008744710145,,,,,,,15.6939222307078,1.786060790568679
17.19349182233971,0.9774503653006741,,,,,,,15.70426408996044,1.804580560466318
17.20383368159234,0.9500045560547401,,,,,,,15.71460594921307,1.822124548040926
17.21417554084497,0.9218641251988695,,,,,,,15.7249478084657,1.838681845932098
17.22451740009761,0.8931890126609361,,,,,,,15.73528966771834,1.854228403909207
17.23485925935024,0.8641039091270866,,,,,,,15.74563152697097,1.868758040304445
17.24520111860287,0.8347666019412954,,,,,,,15.75597338622361,1.882262257062841
17.25554297785551,0.8053285084396972,,,,,,,15.76631524547624,1.894734363126094
17.26588483710814,0.7759363388017106,,,,,,,15.77665710472887,1.906169214315276
17.27622669636078,0.7467299153698957,,,,,,,15.78699896398151,1.916562828075165
17.28656855561341,0.7178409718615356,,,,,,,15.79734082323414,1.926332874172191
17.29691041486604,0.6893924613974022,,,,,,,15.80768268248677,1.935473402159624
17.30725227411868,0.6614963612145324,,,,,,,15.81802454173941,1.943554651355639
17.31759413337131,0.6342548303130899,,,,,,,15.82836640099204,1.950562274510734
17.32793599262395,0.6077567186667124,,,,,,,15.83870826024468,1.956505875117749
17.33827785187658,0.582085066015768,,,,,,,15.84905011949731,1.961737500039268
17.34861971112921,0.557304760630019,,,,,,,15.85939197874994,1.966250363002888
17.35896157038185,0.5335025216831367,,,,,,,15.86973383800258,1.969652732049211
17.36930342963448,0.5107219282582751,,,,,,,15.88007569725521,1.971930634207256
17.37964528888712,0.4889646195129339,,,,,,,15.89041755650784,1.973070467762204
17.38998714813975,0.4682521990566059,,,,,,,15.90075941576048,1.973059159638902
17.40032900739238,0.4485961404221934,,,,,,,15.91110127501311,1.971880202001442
17.41067086664502,0.4299985075171334,,,,,,,15.92144313426575,1.969734755084644
17.42101272589765,0.4124527681338592,,,,,,,15.93178499351838,1.966953806681973
17.43135458515028,0.3959446816407735,,,,,,,15.94212685277101,1.963389906427856
17.44169644440292,0.3804532414243543,,,,,,,15.95246871202365,1.958677963923587
17.45203830365555,0.365951652482739,,,,,,,15.96281057127628,1.952756196547283
17.46238016290819,0.3524083247707423,,,,,,,15.97315243052891,1.945626683930959
17.47272202216082,0.3397878634482886,,,,,,,15.98349428978155,1.937239097907298
17.48306388141345,0.3280861748509474,,,,,,,15.99383614903418,1.92758679015029
17.49340574066609,0.317262850859877,,,,,,,16.00417800828682,1.916665705166856
17.50374759991872,0.3072382311497184,,,,,,,16.01451986753945,1.904477945067275
17.51408945917136,0.2979788599158394,,,,,,,16.02486172679209,1.891026106452371
17.52443131842399,0.2894385660471644,,,,,,,16.03520358604472,1.876317253296842
17.53477317767662,0.2815771974098628,,,,,,,16.04554544529735,1.860370064361674
17.54511503692926,0.2743563375984431,,,,,,,16.05588730454999,1.843194793393262
17.55545689618189,0.2677397599488245,,,,,,,16.06622916380262,1.824848930500127
17.56579875543452,0.2618685356848307,,,,,,,16.07657102305525,1.805794219692902
17.57614061468716,0.2567202551775331,,,,,,,16.08691288230789,1.786063394156519
17.58648247393979,0.2520791891675095,,,,,,,16.09725474156052,1.765568667612216
17.59682433319243,0.2479175465551053,,,,,,,16.10759660081316,1.744348839714218
17.60716619244506,0.2442105162908245,,,,,,,16.11793846006579,1.722196904152711
17.61750805169769,0.2409405764595578,,,,,,,16.12828031931842,1.699160486153492
17.62784991095033,0.2380884153347204,,,,,,,16.13862217857105,1.675206544586489
17.63819177020296,0.2356326604371446,,,,,,,16.14896403782369,1.650394805470101
17.6485336294556,0.233558426305193,,,,,,,16.15930589707632,1.624791260326917
17.65887548870823,0.2318525059488996,,,,,,,16.16964775632896,1.598467965840546
17.66921734796086,0.230502946115405,,,,,,,16.17998961558159,1.571523099536893
17.6795592072135,0.2294983336581477,,,,,,,16.19033147483422,1.544010091804026
17.68990106646613,0.2288284366841045,,,,,,,16.20067333408686,1.516023856067832
17.70024292571877,0.2284819854310653,,,,,,,16.21101519333949,1.487809537973843
17.7105847849714,0.2284474619270768,,,,,,,16.22135705259213,1.459730831995141
17.72092664422403,0.2287123385655314,,,,,,,16.23169891184476,1.431739632242085
17.73126850347667,0.229262684509131,,,,,,,16.24204077109739,1.403792526929076
17.7416103627293,0.2300828174808585,,,,,,,16.25238263035003,1.375989084013539
17.75195222198193,0.2311530793024174,,,,,,,16.26272448960266,1.348306004103468
17.76229408123457,0.2324577366278592,,,,,,,16.27306634885529,1.320842615151181
17.7726359404872,0.2339719164068169,,,,,,,16.28340820810793,1.29367786484332
17.78297779973984,0.2356706529691761,,,,,,,16.29375006736056,1.266908567353867
17.79331965899247,0.2375264245415441,,,,,,,16.3040919266132,1.240626016287174
17.8036615182451,0.2395092108317294,,,,,,,16.31443378586583,1.215025821659026
17.81400337749774,0.2415866248149845,,,,,,,16.32477564511846,1.190194886623808
17.82434523675037,0.243724116082794,,,,,,,16.3351175043711,1.166111807098591
17.83468709600301,0.2458852414955537,,,,,,,16.34545936362373,1.142854157728877
17.84502895525564,0.248029565404715,,,,,,,16.35580122287637,1.1204943986325
17.85537081450827,0.2501232917550552,,,,,,,16.366143082129,1.099099478590924
17.86571267376091,0.2521234460800593,,,,,,,16.37648494138163,1.07872894814583
17.87605453301354,0.2539898588946957,,,,,,,16.38682680063427,1.059438604889456
17.88639639226617,0.2556825816726924,,,,,,,16.3971686598869,1.041279993988944
17.89673825151881,0.2571624002241804,,,,,,,16.40751051913954,1.024453290574364
17.90708011077144,0.2583824206998547,,,,,,,16.41785237839217,1.008992567217476
17.91742197002408,0.2593262147342756,,,,,,,16.4281942376448,0.9947780702430967
17.92776382927671,0.2599480687024714,,,,,,,16.43853609689744,0.98182254082968
17.93810568852934,0.2602180970613378,,,,,,,16.44887795615007,0.9701412699271316
17.94844754778198,0.2601080501166614,,,,,,,16.4592198154027,0.9597331722500788
17.95878940703461,0.2595935104367136,,,,,,,16.46956167465534,0.9506015828563492
17.96913126628724,0.2586535261863079,,,,,,,16.47990353390797,0.9427452176278601
17.97947312553988,0.2572717329407606,,,,,,,16.49024539316061,0.9361587284038978
17.98981498479251,0.2557478526014804,,,,,,,16.50058725241324,0.930827079177637
18.00015684404514,0.2540719497566147,,,,,,,16.51092911166587,0.9267523263809435
18.01049870329778,0.2519245462493251,,,,,,,16.52127097091851,0.923912719075156
18.02084056255041,0.2492880663175318,,,,,,,16.53161283017114,0.9223318380138052
18.03118242180305,0.2461954401162005,,,,,,,16.54195468942378,0.9219927408675788
18.04152428105568,0.2426367641983805,,,,,,,16.55229654867641,0.9228385044854154
18.05186614030831,0.2386204461746049,,,,,,,16.56263840792904,0.9248531340361286
18.06220799956095,0.2341651100042788,,,,,,,16.57298026718168,0.9280159291649664
18.07254985881358,0.2292883052758301,,,,,,,16.58332212643431,0.9325525012702814
18.08289171806621,0.2240132144381452,,,,,,,16.59366398568694,0.9384416200876861
18.09323357731885,0.218366183055151,,,,,,,16.60400584493958,0.9454253214434911
18.10357543657148,0.2123773375128087,,,,,,,16.61434770419221,0.9534959960682413
18.11391729582412,0.2060785570325752,,,,,,,16.62468956344485,0.9626297744258668
18.12425915507675,0.1995041609477276,,,,,,,16.63503142269748,0.9728117093583335
18.13460101432938,0.1926895105062088,,,,,,,16.64537328195011,0.98428297395905
18.14494287358202,0.1856731954966647,,,,,,,16.65571514120275,0.9970197702489283
18.15528473283465,0.1784923510834642,,,,,,,16.66605700045538,1.01075783687362
18.16562659208729,0.1711851839256558,,,,,,,16.67639885970802,1.025479163245635
18.17596845133992,0.1637897299842309,,,,,,,16.68674071896065,1.041164633541982
18.18631031059255,0.1563434342615594,,,,,,,16.69708257821328,1.057793482510787
18.19665216984519,0.148882759177514,,,,,,,16.70742443746592,1.075341986549894
18.20699402909782,0.1414428264848337,,,,,,,16.71776629671855,1.093775506302913
18.21733588835045,0.1340718714918564,,,,,,,16.72810815597119,1.11308091539884
18.22767774760309,0.1268012952045792,,,,,,,16.73845001522382,1.133211557313522
18.23801960685572,0.1196454286124766,,,,,,,16.74879187447645,1.154125823225302
18.24836146610836,0.1126310102575319,,,,,,,16.75913373372909,1.176014920024679
18.25870332536099,0.10578226517892,,,,,,,16.76947559298172,1.198813764043252
18.26904518461362,0.09912080204826007,,,,,,,16.77981745223435,1.222230298753793
18.27938704386626,0.09266497384859318,,,,,,,16.79015931148699,1.246178967275689
18.28972890311889,0.08643229405008584,,,,,,,16.80050117073962,1.270574177114819
18.30007076237153,0.08043558753998162,,,,,,,16.81084302999226,1.295321018380073
18.31041262162416,0.07468577996774575,,,,,,,16.82118488924489,1.32031514428802
18.32075448087679,0.06919124627511306,,,,,,,16.83152674849752,1.345560593962505
18.33109634012943,0.06395791899218102,,,,,,,16.84186860775016,1.370929694972759
18.34143819938206,0.05898941941661041,,,,,,,16.85221046700279,1.396172993854618
18.3517800586347,0.05428720764562329,,,,,,,16.86255232625543,1.421157187017342
18.36212191788733,0.04985074744694848,,,,,,,16.87289418550806,1.44572795884425
18.37246377713996,0.04567768205347136,,,,,,,16.88323604476069,1.469727726358267
18.3828056363926,0.04176401713710717,,,,,,,16.89357790401333,1.492997245608482
18.39314749564523,0.03810430744941767,,,,,,,16.90391976326596,1.515371353778765
18.40348935489786,0.0346912007382342,,,,,,,16.91426162251859,1.536683204388564
18.4138312141505,0.03151833187304696,,,,,,,16.92460348177123,1.556939495183021
18.42417307340313,0.02857620473058451,,,,,,,16.93494534102386,1.575972062926906
18.43451493265577,0.02585540945951082,,,,,,,16.9452872002765,1.593439700310302
18.4448567919084,0.02334597107687925,,,,,,,16.95562905952913,1.609180167588294
18.45519865116103,0.02103750236159583,,,,,,,16.96597091878176,1.623037750713371
18.46554051041367,0.01891934506526796,,,,,,,16.9763127780344,1.63486517677831
18.4758823696663,0.01698069866628536,,,,,,,16.98665463728703,1.645009866810091
18.48622422891894,0.0152073590450461,,,,,,,16.99699649653967,1.653395200700892
18.49656608817157,0.01359604861000362,,,,,,,17.0073383557923,1.659467389600881
18.5069079474242,0.01213193939292287,,,,,,,17.01768021504493,1.663044532266326
18.51724980667684,0.01080471864267313,,,,,,,17.02802207429757,1.664022280580057
18.52759166592947,0.009604375861611784,,,,,,,17.0383639335502,1.6623221199474
18.5379335251821,0.008521173480063666,,,,,,,17.04870579280283,1.657898360297061
18.54827538443474,0.007546040881390964,,,,,,,17.05904765205547,1.650720116476679
18.55861724368737,0.006670050317260786,,,,,,,17.0693895113081,1.640787344066878
18.56895910294001,0.005884834905323337,,,,,,,17.07973137056073,1.628100364139976
18.57930096219264,0.005182498199060371,,,,,,,17.09007322981337,1.612700565910407
18.58964282144527,0.004555621927561618,,,,,,,17.100415089066,1.595496793210508
18.59998468069791,0.003997267271053722,,,,,,,17.11075694831863,1.57679074029054
18.61032653995054,0.003500970570434275,,,,,,,17.12109880757127,1.555812302543629
18.62066839920318,0.003060734339833544,,,,,,,17.1314406668239,1.532524909182946
18.63101025845581,0.002671014394493769,,,,,,,17.14178252607654,1.507046536471689
18.64135211770844,0.002326703846964587,,,,,,,17.15212438532917,1.479420630986704
18.65169397696108,0.002023114659588585,,,,,,,17.1624662445818,1.449786926510883
18.66203583621371,0.001755957373398195,,,,,,,17.17280810383444,1.418433183399289
18.67237769546634,0.001521319564821356,,,,,,,17.18314996308707,1.385529297768405
18.68271955471898,0.001315643513654281,,,,,,,17.19349182233971,1.351138553296646
18.69306141397161,0.001135703499962707,,,,,,,17.20383368159234,1.315450638930665
18.70340327322425,0.0009785830849909324,,,,,,,17.21417554084497,1.278717346335761
18.71374513247688,0.0008416526725969723,,,,,,,17.22451740009761,1.241137435655153
18.72408699172951,0.0007225475937567315,,,,,,,17.23485925935024,1.202852503245
18.73442885098215,0.0006191469076400029,,,,,,,17.24520111860287,1.164065582045365
18.74477071023478,0.0005295530688205617,,,,,,,17.25554297785551,1.124969993484448
18.75511256948742,0.0004520725713499047,,,,,,,17.26588483710814,1.085757093456614
18.76545442874005,0.0003851976465805241,,,,,,,17.27622669636078,1.046610962066458
18.77579628799268,0.0003275890625515556,,,,,,,17.28656855561341,1.007706703504984
18.78613814724532,0.0002780600481544843,,,,,,,17.29691041486604,0.9692103255620743
18.79648000649795,0.0002355613448348586,,,,,,,17.30725227411868,0.9312753549959881
18.80682186575059,0.0001991673718814037,,,,,,,17.31759413337131,0.8940439189820697
18.81716372500322,0.0001680634780151957,,,,,,,17.32793599262395,0.8576414163354762
18.82750558425585,0.0001415342416261965,,,,,,,17.33827785187658,0.8221889596142213
18.83784744350849,0.0001189527742298662,,,,,,,17.34861971112921,0.7877823569237145
18.84818930276112,9.977097616846381e-05,,,,,,,17.35896157038185,0.7545397345471386
20.21331472410878,0,,,,,,,17.36930342963448,0.7225309796833193
,,,,,,,,17.37964528888712,0.6917792944740919
,,,,,,,,17.38998714813975,0.6623260667530511
,,,,,,,,17.40032900739238,0.6341991852483604
,,,,,,,,17.41067086664502,0.6074137953927984
,,,,,,,,17.42101272589765,0.5819731955473981
,,,,,,,,17.43135458515028,0.5578698506662156
,,,,,,,,17.44169644440292,0.5350864992421014
,,,,,,,,17.45203830365555,0.5135965915687812
,,,,,,,,17.46238016290819,0.4933686140167577
,,,,,,,,17.47272202216082,0.4743624010699728
,,,,,,,,17.48306388141345,0.456611578486457
,,,,,,,,17.49340574066609,0.4400677706897628
,,,,,,,,17.50374759991872,0.424597227051029
,,,,,,,,17.51408945917136,0.4101571110732108
,,,,,,,,17.52443131842399,0.3966884730175801
,,,,,,,,17.53477317767662,0.3841386577868296
,,,,,,,,17.54511503692926,0.3724563658596147
,,,,,,,,17.55545689618189,0.3615923438936236
,,,,,,,,17.56579875543452,0.3516934184054694
,,,,,,,,17.57614061468716,0.3427248457494275
,,,,,,,,17.58648247393979,0.3344391027693016
,,,,,,,,17.59682433319243,0.3267964118956217
,,,,,,,,17.60716619244506,0.3197606680334183
,,,,,,,,17.61750805169769,0.3133055953260682
,,,,,,,,17.62784991095033,0.3074022055019675
,,,,,,,,17.63819177020296,0.3020185673994433
,,,,,,,,17.6485336294556,0.2971468407951814
,,,,,,,,17.65887548870823,0.2927667059414941
,,,,,,,,17.66921734796086,0.2888449176407473
,,,,,,,,17.6795592072135,0.2853603011468987
,,,,,,,,17.68990106646613,0.2823073298822801
,,,,,,,,17.70024292571877,0.2796654080108249
,,,,,,,,17.7105847849714,0.2774197360973564
,,,,,,,,17.72092664422403,0.2755550815875004
,,,,,,,,17.73126850347667,0.2740553044483138
,,,,,,,,17.7416103627293,0.2729029261541348
,,,,,,,,17.75195222198193,0.2720765340216803
,,,,,,,,17.76229408123457,0.2715598166977835
,,,,,,,,17.7726359404872,0.2713264948977311
,,,,,,,,17.78297779973984,0.2713506626518992
,,,,,,,,17.79331965899247,0.2716038930836417
,,,,,,,,17.8036615182451,0.2720552381061918
,,,,,,,,17.81400337749774,0.2726713103274158
,,,,,,,,17.82434523675037,0.2734164449559077
,,,,,,,,17.83468709600301,0.274252937646074
,,,,,,,,17.84502895525564,0.2751380674109623
,,,,,,,,17.85537081450827,0.2760383069425539
,,,,,,,,17.86571267376091,0.2769077961789255
,,,,,,,,17.87605453301354,0.2777043642647239
,,,,,,,,17.88639639226617,0.2783858713420087
,,,,,,,,17.89673825151881,0.2789107345760489
,,,,,,,,17.90708011077144,0.2792293361922819
,,,,,,,,17.91742197002408,0.2793218769309608
,,,,,,,,17.92776382927671,0.2791421132046312
,,,,,,,,17.93810568852934,0.2786559238191788
,,,,,,,,17.94844754778198,0.277832121393192
,,,,,,,,17.95878940703461,0.2766433552471225
,,,,,,,,17.96913126628724,0.2750657434332786
,,,,,,,,17.97947312553988,0.2730801726384428
,,,,,,,,17.98981498479251,0.2709946103990821
,,,,,,,,18.00015684404514,0.2687961312863061
,,,,,,,,18.01049870329778,0.2661513546234298
,,,,,,,,18.02084056255041,0.2630384903187087
,,,,,,,,18.03118242180305,0.259487870824621
,,,,,,,,18.04152428105568,0.255492952922185
,,,,,,,,18.05186614030831,0.2510552849795797
,,,,,,,,18.06220799956095,0.2461923436721032
,,,,,,,,18.07254985881358,0.2409194796996114
,,,,,,,,18.08289171806621,0.2352583268518755
,,,,,,,,18.09323357731885,0.2292318623575177
,,,,,,,,18.10357543657148,0.222873517668731
,,,,,,,,18.11391729582412,0.2162116707805287
,,,,,,,,18.12425915507675,0.2092798729149475
,,,,,,,,18.13460101432938,0.2021124613186823
,,,,,,,,18.14494287358202,0.1947485260369766
,,,,,,,,18.15528473283465,0.18722437358552
,,,,,,,,18.16562659208729,0.1795780522824136
,,,,,,,,18.17596845133992,0.1718475572670601
,,,,,,,,18.18631031059255,0.1640703863515272
,,,,,,,,18.19665216984519,0.1562831726133986
,,,,,,,,18.20699402909782,0.1485212497606515
,,,,,,,,18.21733588835045,0.1408358692961133
,,,,,,,,18.22767774760309,0.1332587384713154
,,,,,,,,18.23801960685572,0.125801771886506
,,,,,,,,18.24836146610836,0.1184920462823792
,,,,,,,,18.25870332536099,0.1113541355587346
,,,,,,,,18.26904518461362,0.1044099984577124
,,,,,,,,18.27938704386626,0.09767830121325524
,,,,,,,,18.28972890311889,0.0911769514843167
,,,,,,,,18.30007076237153,0.08491904485026093
,,,,,,,,18.31041262162416,0.07891578954512227
,,,,,,,,18.32075448087679,0.07317581332307506
,,,,,,,,18.33109634012943,0.06770526863583866
,,,,,,,,18.34143819938206,0.0625079615728981
,,,,,,,,18.3517800586347,0.05758550045642785
,,,,,,,,18.36212191788733,0.05293745999529054
,,,,,,,,18.37246377713996,0.04856155699957766
,,,,,,,,18.3828056363926,0.04445383382853049
,,,,,,,,18.39314749564523,0.04060884597905325
,,,,,,,,18.40348935489786,0.03701838619713889
,,,,,,,,18.4138312141505,0.03367783964038906
,,,,,,,,18.42417307340313,0.03057658066154536
,,,,,,,,18.43451493265577,0.02770507981126654
,,,,,,,,18.4448567919084,0.02505321460415819
,,,,,,,,18.45519865116103,0.02261042501728624
,,,,,,,,18.46554051041367,0.02036585732539133
,,,,,,,,18.4758823696663,0.01830849546835398
,,,,,,,,18.48622422891894,0.01642354544861477
,,,,,,,,18.49656608817157,0.01470827134288095
,,,,,,,,18.5069079474242,0.01314713629225786
,,,,,,,,18.51724980667684,0.01172955992013907
,,,,,,,,18.52759166592947,0.0104452556105944
,,,,,,,,18.5379335251821,0.009284170322283606
,,,,,,,,18.54827538443474,0.008237020160402057
,,,,,,,,18.55861724368737,0.007294547082079161
,,,,,,,,18.56895910294001,0.006447813928567682
,,,,,,,,18.57930096219264,0.005689259647165235
,,,,,,,,18.58964282144527,0.005010827591873497
,,,,,,,,18.59998468069791,0.004405300905234695
,,,,,,,,18.61032653995054,0.00386594293980069
,,,,,,,,18.62066839920318,0.003386489477334151
,,,,,,,,18.63101025845581,0.002961136913230394
,,,,,,,,18.64135211770844,0.002584527164092008
,,,,,,,,18.65169397696108,0.002251729991738568
,,,,,,,,18.66203583621371,0.001958223369482814
,,,,,,,,18.67237769546634,0.001699872448202826
,,,,,,,,18.68271955471898,0.001472907612231197
,,,,,,,,18.69306141397161,0.001273902049709988
,,,,,,,,18.70340327322425,0.001099749199881202
,,,,,,,,18.71374513247688,0.0009476403815865569
,,,,,,,,18.72408699172951,0.0008150428535866259
,,,,,,,,18.73442885098215,0.0006996785085140936
,,,,,,,,18.74477071023478,0.0005995033585019313
,,,,,,,,18.75511256948742,0.000512687931774891
,,,,,,,,18.76545442874005,0.0004375986656379154
,,,,,,,,18.77579628799268,0.0003727803521177629
,,,,,,,,18.78613814724532,0.0003169396677229685
,,,,,,,,18.79648000649795,0.0002689297980421342
,,,,,,,,18.80682186575059,0.0002277361508321043
,,,,,,,,18.81716372500322,0.0001924631374735732
,,,,,,,,18.82750558425585,0.0001623219918103414
,,,,,,,,18.83784744350849,0.0001366195870690736
,,,,,,,,18.84818930276112,0.0001147482054272114
,,,,,,,,18.85853116201375,9.617621053041665e-05
,,,,,,,,20.21331472410878,0
