-31.10445420246119,0,-31.10445420246119,0,-31.10445420246119,0,-31.10445420246119,0,-31.10445420246119,0
-31.09357139002017,0,-31.09357139002017,0,-31.09357139002017,0,-31.09357139002017,0,-31.09357139002017,0
-30.02705577079981,0.0002327645640565296,-29.54821202339475,0.0001034597531437939,-29.66792296024602,0.0001020633673547276,18.34704552955217,0,-30.02705577079981,0.0002329361751854636
-30.01617295835879,0.0002980501666654767,-29.53732921095373,0.0001162959040542062,-29.657040147805,0.0001185243971291979,,,-30.01617295835879,0.0002982699111346909
-30.00529014591777,0.0003805186747200395,-29.5264463985127,0.0001303381349240342,-29.64615733536397,0.0001372333670136367,,,-30.00529014591777,0.0003807992210291993
-29.99440733347674,0.0004843693831780474,-29.51556358607168,0.0001456440298261707,-29.63527452292294,0.0001584257546365417,,,-29.99440733347674,0.0004847264958554226
-29.98352452103572,0.0006147400296107191,-29.50468077363066,0.0001622661654746857,-29.62439171048192,0.0001823500773493016,,,-29.98352452103572,0.0006151932611019904
-29.97264170859469,0.0007778939707649308,-29.49379796118963,0.0001802508667275558,-29.6135088980409,0.0002092667458529019,,,-29.97264170859469,0.000778467491322302
-29.96175889615367,0.0009814392419416065,-29.48291514874861,0.0001996369157339826,-29.60262608559987,0.0002394465543123388,,,-29.96175889615367,0.0009821628310195769
-29.95087608371264,0.001234583686610396,-29.47203233630758,0.0002204542335821387,-29.59174327315885,0.0002731687808570874,,,-29.95087608371264,0.001235493912361819
-29.93999327127162,0.001548430620439557,-29.46114952386656,0.0002427225560194014,-29.58086046071783,0.0003107188771070126,,,-29.93999327127162,0.001549572237196931
-29.9291104588306,0.001936319725269778,-29.45026671142554,0.0002664501272972944,-29.5699776482768,0.0003523857313426183,,,-29.9291104588306,0.001937747322358613
-29.91822764638957,0.002414218035653098,-29.43938389898451,0.0002916324383424321,-29.55909483583578,0.0003984584971669012,,,-29.91822764638957,0.002415997974469261
-29.90734483394855,0.003001165961776765,-29.42850108654349,0.0003182510371777999,-29.54821202339475,0.0004492229879558251,,,-29.90734483394855,0.003003378641704686
-29.89646202150752,0.003719783263537885,-29.41761827410247,0.0003462724407240873,-29.53732921095373,0.0005049576469957803,,,-29.89646202150752,0.003722525760909997
-29.8855792090665,0.004596839724337987,-29.40673546166144,0.0003756471777136405,-29.5264463985127,0.0005659291138437858,,,-29.8855792090665,0.004600228852136802
-29.87469639662547,0.005663894940744967,-29.39585264922042,0.0004063089923754153,-29.51556358607168,0.0006323874189561058,,,-29.87469639662547,0.005668070780005059
-29.86381358418445,0.00695801111475951,-29.38496983677939,0.0004381742377373685,-29.50468077363066,0.0007045608508011912,,,-29.86381358418445,0.006963141071492313
-29.85293077174343,0.008522541977282713,-29.37408702433837,0.0004711414857995447,-29.49379796118963,0.0007826505522436291,,,-29.85293077174343,0.008528825421053623
-29.8420479593024,0.01040799995270304,-29.36320421189734,0.0005050913794333572,-29.48291514874861,0.0008668249156525707,,,-29.8420479593024,0.01041567349454593
-29.83116514686138,0.01267300236456149,-29.35232139945632,0.0005398867476596387,-29.47203233630758,0.0009572138586068169,,,-29.83116514686138,0.01268234583250552
-29.82028233442036,0.01538529585269398,-29.3414385870153,0.0005753730019739433,-29.46114952386656,0.001053903073862604,,,-29.82028233442036,0.01539663902256594
-29.80939952197933,0.018622856198766,-29.33055577457427,0.0006113788266721382,-29.45026671142554,0.001156928358019,,,-29.80939952197933,0.01863658633586483
-29.79851670953831,0.02247505842115698,-29.31967296213325,0.000647717170758372,-29.43938389898451,0.001266270132647121,,,-29.79851670953831,0.02249162868460815
-29.78763389709728,0.02704390929089548,-29.30879014969222,0.0006841865430924016,-29.42850108654349,0.001381848279130825,,,-29.78763389709728,0.02706384804670659
-29.77675108465626,0.03244533133676401,-29.2979073372512,0.0007205726060791173,-29.41761827410247,0.001503517413700322,,,-29.77675108465626,0.03246925241754325
-29.76586827221524,0.03881048396070746,-29.28702452481017,0.0007566500565663901,-29.40673546166144,0.001631062731757706,,,-29.76586827221524,0.03883909789940544
-29.75498545977421,0.04628710349929307,-29.27614171236915,0.0007921847758621561,-29.39585264922042,0.00176419655027133,,,-29.75498545977421,0.04632122975093621
-29.74410264733319,0.05504083998431281,-29.26525889992813,0.0008269362240854532,-29.38496983677939,0.001902555673490452,,,-29.74410264733319,0.05508142013329498
-29.73321983489216,0.06525656403477034,-29.2543760874871,0.0008606600476145387,-29.37408702433837,0.002045699700313988,,,-29.73321983489216,0.06530467596568111
-29.72233702245114,0.07713961283199945,-29.24349327504608,0.0008931108623763443,-29.36320421189734,0.002193110381236132,,,-29.72233702245114,0.07719648581907676
-29.71145421001011,0.09091693958858044,-29.23261046260506,0.0009240451703197874,-29.35232139945632,0.002344192118884479,,,-29.71145421001011,0.09098397023263603
-29.70057139756909,0.1068381264400961,-29.22172765016403,0.0009532243618053139,-29.3414385870153,0.002498273688867313,,,-29.70057139756909,0.1069168953522194
-29.68968858512807,0.1251762164073775,-29.21084483772301,0.0009804177529827594,-29.33055577457427,0.00265461123717227,,,-29.68968858512807,0.1252685055060229
-29.67880577268704,0.1462283161561294,-29.19996202528198,0.001005405604655348,-29.31967296213325,0.002812392587037824,,,-29.67880577268704,0.1463361264086024
-29.66792296024602,0.1703159178986742,-29.18907921284096,0.001027982067748117,-29.30879014969222,0.002970742862492246,,,-29.66792296024602,0.1704414872999467
-29.657040147805,0.1977848861314421,-29.17819640039993,0.001047958000390842,-29.2979073372512,0.003128731408164914,,,-29.657040147805,0.1979307076731905
-29.64615733536397,0.2290050531844473,-29.16731358795891,0.001065163602829836,-29.28702452481017,0.003285379956158219,,,-29.64615733536397,0.229173892525899
-29.63527452292294,0.2643693669829023,-29.15643077551789,0.001079450818902549,-29.27614171236915,0.003439671961437115,,,-29.63527452292294,0.26456427949335
-29.62439171048192,0.3042925351923731,-29.14554796307686,0.001090695456607807,-29.26525889992813,0.003590562998118446,,,-29.62439171048192,0.3045168819940534
-29.6135088980409,0.3492091122344754,-29.13466515063584,0.001098798985307545,-29.2543760874871,0.003736992081029316,,,-29.6135088980409,0.3494665748350544
-29.60262608559987,0.3995709796997181,-29.12378233819481,0.001103689973190699,-29.24349327504608,0.003877893750769805,,,-29.60262608559987,0.399865572767153
-29.59174327315885,0.4558441766009555,-29.11289952575379,0.001105325135669954,-29.23261046260506,0.004012210737060939,,,-29.59174327315885,0.4561802584013859
-29.58086046071783,0.5185050438224142,-29.10201671331277,0.001105325135669954,-29.22172765016403,0.00413890699514156,,,-29.58086046071783,0.5188873238154582
-29.5699776482768,0.5880356570974303,-29.09113390087174,0.001103689973190699,-29.21084483772301,0.004256980894084709,,,-29.5699776482768,0.5884692001643358
-29.55909483583578,0.6649185349102005,-29.08025108843072,0.001098798985307545,-29.19996202528198,0.004365478324726712,,,-29.55909483583578,0.6654087616802744
-29.54821202339475,0.7496306218171968,-29.0693682759897,0.001090695456607807,-29.18907921284096,0.004463505488912113,,,-29.54821202339475,0.7501833045582964
-29.53732921095373,0.8426365637059042,-29.05848546354867,0.001079450818902549,-29.17819640039993,0.004550241131287918,,,-29.53732921095373,0.8432578172569541
-29.5264463985127,0.9443813092594679,-29.04760265110765,0.001065163602829836,-29.16731358795891,0.00462494798010944,,,-29.5264463985127,0.9450775765082359
-29.51556358607168,1.055282091102726,-29.03671983866662,0.001047958000390842,-29.15643077551789,0.004686983174460174,,,-29.51556358607168,1.056060122551508
-29.50468077363066,1.175719860413928,-29.0258370262256,0.001027982067748117,-29.14554796307686,0.004735807471782978,,,-29.50468077363066,1.176586687430203
-29.49379796118963,1.306030269763616,-29.01495421378457,0.001005405604655348,-29.13466515063584,0.004770993051342817,,,-29.49379796118963,1.306993171182588
-29.48291514874861,1.446494320079574,-29.00407140134355,0.0009804177529827594,-29.12378233819481,0.004792229755705261,,,-29.48291514874861,1.44756078191096
-29.47203233630758,1.597328808360156,-28.99318858890253,0.0009532243618053139,-29.11289952575379,0.004799329642882679,,,-29.47203233630758,1.598506476452344
-29.46114952386656,1.758676732439099,-28.9823057764615,0.0009240451703197874,-29.10201671331277,0.004799329642882679,,,-29.46114952386656,1.75997335806898
-29.45026671142554,1.930597827075171,-28.97142296402048,0.0008931108623763443,-29.09113390087174,0.004792229755705261,,,-29.45026671142554,1.932021205560487
-29.43938389898451,2.11305942121143,-28.96054015157945,0.0008606600476145387,-29.08025108843072,0.004770993051342817,,,-29.43938389898451,2.11461732378242
-29.42850108654349,2.305927818733373,-28.94965733913843,0.0008269362240854532,-29.0693682759897,0.004735807471782978,,,-29.42850108654349,2.307627918049682
-29.41761827410247,2.508960413788952,-28.9387745266974,0.0007921847758621561,-29.05848546354867,0.004686983174460174,,,-29.41761827410247,2.510810203643376
-29.40673546166144,2.721798756101546,-28.92789171425638,0.0007566500565663901,-29.04760265110765,0.00462494798010944,,,-29.40673546166144,2.723805466011017
-29.39585264922042,2.943962781169382,-28.91700890181536,0.0007205726060791173,-29.03671983866662,0.004550241131287918,,,-29.39585264922042,2.946133286712028
-29.38496983677939,3.174846414361884,-28.90612608937433,0.0006841865430924016,-29.0258370262256,0.004463505488912113,,,-29.38496983677939,3.177187144273111
-29.37408702433837,3.413714746379872,-28.89524327693331,0.000647717170758372,-29.01495421378457,0.004365478324726712,,,-29.37408702433837,3.416231587565985
-29.36320421189734,3.659702960173219,-28.88436046449229,0.0006113788266721382,-29.00407140134355,0.004256980894084709,,,-29.36320421189734,3.662401161933888
-29.35232139945632,3.91181716620243,-28.87347765205126,0.0005753730019739433,-28.99318858890253,0.00413890699514156,,,-29.35232139945632,3.914701245068974
-29.3414385870153,4.16893727406334,-28.86259483961024,0.0005398867476596387,-28.9823057764615,0.004012210737060939,,,-29.3414385870153,4.17201092075418
-29.33055577457427,4.4298219943278,-28.85171202716921,0.0005050913794333572,-28.97142296402048,0.003877893750769805,,,-29.33055577457427,4.433087984391644
-29.31967296213325,4.693116025537313,-28.84082921472819,0.0004711414857995447,-28.96054015157945,0.003736992081029316,,,-29.31967296213325,4.696576135295111
-29.30879014969222,4.957359438355484,-28.82994640228717,0.0004381742377373685,-28.94965733913843,0.003590562998118446,,,-29.30879014969222,4.961014367761068
-29.2979073372512,5.220999222845416,-28.81906358984614,0.0004063089923754153,-28.9387745266974,0.003439671961437115,,,-29.2979073372512,5.22484852685966
-29.28702452481017,5.482402916751056,-28.80818077740512,0.0003756471777136405,-28.92789171425638,0.003285379956158219,,,-29.28702452481017,5.486444946763781
-29.27614171236915,5.739874183715727,-28.79729796496409,0.0003462724407240873,-28.91700890181536,0.003128731408164914,,,-29.27614171236915,5.744106040453026
-29.26525889992813,5.99167016185296,-28.78641515252307,0.0003182510371777999,-28.90612608937433,0.002970742862492246,,,-29.26525889992813,5.996087661075162
-29.2543760874871,6.236020356338981,-28.77553234008204,0.0002916324383424321,-28.89524327693331,0.002812392587037824,,,-29.2543760874871,6.240618008467625
-29.24349327504608,6.471146806085651,-28.76464952764102,0.0002664501272972944,-28.88436046449229,0.00265461123717227,,,-29.24349327504608,6.475917810698796
-29.23261046260506,6.69528521541375,-28.7537667152,0.0002427225560194014,-28.87347765205126,0.002498273688867313,,,-29.23261046260506,6.70022147132113
-29.22172765016403,6.906706708243115,-28.74288390275897,0.0002204542335821387,-28.86259483961024,0.002344192118884479,,,-29.22172765016403,6.91179883960006
-29.21084483772301,7.103739835794987,-28.73200109031795,0.0001996369157339826,-28.85171202716921,0.002193110381236132,,,-29.21084483772301,7.108977234442055
-29.19996202528198,7.284792450149911,-28.72111827787693,0.0001802508667275558,-28.84082921472819,0.002045699700313988,,,-29.19996202528198,7.290163334079293
-29.18907921284096,7.448373046008698,-28.7102354654359,0.0001622661654746857,-28.82994640228717,0.001902555673490452,,,-29.18907921284096,7.453864533565357
-29.17819640039993,7.59311117222027,-28.69935265299488,0.0001456440298261707,-28.81906358984614,0.00176419655027133,,,-29.17819640039993,7.598709371351947
-29.16731358795891,7.717776523365627,-28.68846984055385,0.0001303381349240342,-28.80818077740512,0.001631062731757706,,,-29.16731358795891,7.723466634948565
-29.15643077551789,7.821296339943371,-28.67758702811283,0.0001162959040542062,-28.79729796496409,0.001503517413700322,,,-29.15643077551789,7.827062773936734
-29.14554796307686,7.902770773227449,-28.6667042156718,0.0001034597531437939,-28.78641515252307,0.001381848279130825,,,-29.14554796307686,7.908597276155837
-29.13466515063584,7.961485907117777,-28.65582140323078,9.176827290723723e-05,-28.77553234008204,0.001266270132647121,,,-29.13466515063584,7.967355699154426
-29.12378233819481,7.996924173465207,-14.59522772942769,0.0001132388292267674,-28.76464952764102,0.001156928358019,,,-29.12378233819481,8.002820093194103
-29.11289952575379,8.008771948361723,-14.58434491698666,0.0001390394019869614,-28.7537667152,0.001053903073862604,,,-29.11289952575379,8.014676603140273
-29.10201671331277,8.008771948361723,-14.57346210454564,0.0001724796575881957,-28.74288390275897,0.0009572138586068169,,,-29.10201671331277,8.014676603140273
-29.09113390087174,7.996924173465207,-14.56257929210461,0.0002106999697218158,-28.73200109031795,0.0008668249156525707,,,-29.09113390087174,8.002820093194103
-29.08025108843072,7.961485907117777,-14.55169647966359,0.0002566604185927414,-28.72111827787693,0.0007826505522436291,,,-29.08025108843072,7.967355699154426
-29.0693682759897,7.902770773227449,-14.54081366722257,0.0003117616673806681,-28.7102354654359,0.0007045608508011912,,,-29.0693682759897,7.908597276155837
-29.05848546354867,7.821296339943371,-14.52993085478154,0.0003782254266305263,-28.69935265299488,0.0006323874189561058,,,-29.05848546354867,7.827062773936734
-29.04760265110765,7.717776523365627,-14.51904804234052,0.0004568775807155971,-28.68846984055385,0.0005659291138437858,,,-29.04760265110765,7.723466634948565
-29.03671983866662,7.59311117222027,-14.50816522989949,0.0005503332137342406,-28.67758702811283,0.0005049576469957803,,,-29.03671983866662,7.598709371351947
-29.0258370262256,7.448373046008698,-14.49728241745847,0.0006727024542159396,-28.6667042156718,0.0004492229879558251,,,-29.0258370262256,7.453864533565357
-29.01495421378457,7.284792450149911,-14.48639960501744,0.0008102915610114893,-28.65582140323078,0.0003984584971669012,,,-29.01495421378457,7.290163334079293
-29.00407140134355,7.103739835794987,-14.47551679257642,0.0009693863506472034,-28.64493859078976,0.0003523857313426183,,,-29.00407140134355,7.108977234442055
-28.99318858890253,6.906706708243115,-14.4646339801354,0.001156596476979359,-28.63405577834873,0.0003107188771070126,,,-28.99318858890253,6.91179883960006
-28.9823057764615,6.69528521541375,-14.45375116769437,0.001377367501053161,-28.62317296590771,0.0002731687808570874,,,-28.9823057764615,6.70022147132113
-28.97142296402048,6.471146806085651,-14.44286835525335,0.001634690494759444,-28.61229015346668,0.0002394465543123388,,,-28.97142296402048,6.475917810698796
-28.96054015157945,6.236020356338981,-14.43198554281232,0.001935959341650088,-28.60140734102566,0.0002092667458529019,,,-28.96054015157945,6.240618008467625
-28.94965733913843,5.99167016185296,-14.4211027303713,0.002285594734311837,-28.59052452858463,0.0001823500773493016,,,-28.94965733913843,5.996087661075162
-28.9387745266974,5.739874183715727,-14.41021991793028,0.002694026512613665,-28.57964171614361,0.0001584257546365417,,,-28.9387745266974,5.744106040453026
-28.92789171425638,5.482402916751056,-14.39933710548925,0.003164236977842313,-28.56875890370259,0.0001372333670136367,,,-28.92789171425638,5.486444946763781
-28.91700890181536,5.220999222845416,-14.38845429304823,0.003706892363422719,-28.55787609126156,0.0001185243971291979,,,-28.91700890181536,5.22484852685966
-28.90612608937433,4.957359438355484,-14.37757148060721,0.004331436995868472,-28.54699327882054,0.0001020633673547276,,,-28.90612608937433,4.961014367761068
-28.89524327693331,4.693116025537313,-14.36668866816618,0.005048262604474638,-28.53611046637952,8.762865229300133e-05,,,-28.89524327693331,4.696576135295111
-28.88436046449229,4.4298219943278,-14.35580585572516,0.005868766966437879,-14.49728241745847,0.0001149674052627605,,,-28.88436046449229,4.433087984391644
-28.87347765205126,4.16893727406334,-14.34492304328413,0.006805406622572373,-14.48639960501744,0.0001389899349406387,,,-28.87347765205126,4.17201092075418
-28.86259483961024,3.91181716620243,-14.33404023084311,0.007871746354065411,-14.47551679257642,0.0001665333258879541,,,-28.86259483961024,3.914701245068974
-28.85171202716921,3.659702960173219,-14.32315741840208,0.009082504474357871,-14.4646339801354,0.0001989805528184237,,,-28.85171202716921,3.662401161933888
-28.84082921472819,3.413714746379872,-14.31227460596106,0.01045359293999418,-14.45375116769437,0.0002373502908277817,,,-28.84082921472819,3.416231587565985
-28.82994640228717,3.174846414361884,-14.30139179352004,0.01200215124157109,-14.44286835525335,0.000282051333016645,,,-28.82994640228717,3.177187144273111
-28.81906358984614,2.943962781169382,-14.29050898107901,0.01374657300113699,-14.43198554281232,0.0003349563458065877,,,-28.81906358984614,2.946133286712028
-28.80818077740512,2.721798756101546,-14.27962616863799,0.01570652417569213,-14.4211027303713,0.0003959254068714544,,,-28.80818077740512,2.723805466011017
-28.79729796496409,2.508960413788952,-14.26874335619696,0.01790295174767894,-14.41021991793028,0.0004685027455483675,,,-28.79729796496409,2.510810203643376
-28.78641515252307,2.305927818733373,-14.25786054375594,0.02035808177213136,-14.39933710548925,0.0005518384050752729,,,-28.78641515252307,2.307627918049682
-28.77553234008204,2.11305942121143,-14.24697773131492,0.02309540564585773,-14.38845429304823,0.0006473257471237805,,,-28.77553234008204,2.11461732378242
-28.76464952764102,1.930597827075171,-14.23609491887389,0.02613965346588563,-14.37757148060721,0.0007573257591857991,,,-28.76464952764102,1.932021205560487
-28.7537667152,1.758676732439099,-14.22521210643287,0.02951675335155581,-14.36668866816618,0.0008836856011402017,,,-28.7537667152,1.75997335806898
-28.74288390275897,1.597328808360156,-14.21432929399184,0.03325377561630719,-14.35580585572516,0.001028429805585576,,,-28.74288390275897,1.598506476452344
-28.73200109031795,1.446494320079574,-14.20344648155082,0.03737886069070952,-14.34492304328413,0.00119376901279445,,,-28.73200109031795,1.44756078191096
-28.72111827787693,1.306030269763616,-14.19256366910979,0.04192112971734601,-14.33404023084311,0.001382108037035986,,,-28.72111827787693,1.306993171182588
-28.7102354654359,1.175719860413928,-14.18168085666877,0.04691057676086651,-14.32315741840208,0.001596053108143361,,,-28.7102354654359,1.176586687430203
-28.69935265299488,1.055282091102726,-14.17079804422775,0.05237794160367548,-14.31227460596106,0.001838418131881639,,,-28.69935265299488,1.056060122551508
-28.68846984055385,0.9443813092594679,-14.15991523178672,0.05835456213080518,-14.30139179352004,0.002112229815365958,,,-28.68846984055385,0.9450775765082359
-28.67758702811283,0.8426365637059042,-14.1490324193457,0.06487220534894926,-14.29050898107901,0.002420731509563566,,,-28.67758702811283,0.8432578172569541
-28.6667042156718,0.7496306218171968,-14.13814960690467,0.07196287613775809,-14.27962616863799,0.00276738562973843,,,-28.6667042156718,0.7501833045582964
-28.65582140323078,0.6649185349102005,-14.12726679446365,0.07965860290070714,-14.26874335619696,0.003155874526376601,,,-28.65582140323078,0.6654087616802744
-28.64493859078976,0.5880356570974303,-14.11638398202263,0.08799119937352022,-14.25786054375594,0.00359009969332725,,,-28.64493859078976,0.5884692001643358
-28.63405577834873,0.5185050438224142,-14.1055011695816,0.09699200196655755,-14.24697773131492,0.00407417921611644,,,-28.63405577834873,0.5188873238154582
-28.62317296590771,0.4558441766009555,-14.09461835714058,0.1066915821708384,-14.23609491887389,0.004612443380993059,,,-28.62317296590771,0.4561802584013859
-28.61229015346668,0.3995709796997181,-14.08373554469956,0.11711943375305,-14.22521210643287,0.005209428383460734,,,-28.61229015346668,0.399865572767153
-28.60140734102566,0.3492091122344754,-14.07285273225853,0.1283036347108214,-14.21432929399184,0.005869868092922954,,,-28.60140734102566,0.3494665748350544
-28.59052452858463,0.3042925351923731,-14.06196991981751,0.1402704842633491,-14.20344648155082,0.006598683846612186,,,-28.59052452858463,0.3045168819940534
-28.57964171614361,0.2643693669829023,-14.05108710737648,0.1530441155211487,-14.19256366910979,0.007400972260119893,,,-28.57964171614361,0.26456427949335
-28.56875890370259,0.2290050531844473,-14.04020429493546,0.1666460849180945,-14.18168085666877,0.008281991052514114,,,-28.56875890370259,0.229173892525899
-28.55787609126156,0.1977848861314421,-14.02932148249444,0.1810949400031105,-14.17079804422775,0.009247142890189757,,,-28.55787609126156,0.1979307076731905
-28.54699327882054,0.1703159178986742,-14.01843867005341,0.1964057677796467,-14.15991523178672,0.01030195725431474,,,-28.54699327882054,0.1704414872999467
-28.53611046637952,0.1462283161561294,-14.00755585761239,0.2125897264473357,-14.1490324193457,0.01145207033125682,,,-28.53611046637952,0.1463361264086024
-28.52522765393849,0.1251762164073775,-13.99667304517136,0.2296535641374386,-14.13814960690467,0.01270320291318652,,,-28.52522765393849,0.1252685055060229
-28.51434484149747,0.1068381264400961,-13.98579023273034,0.24761206265035,-14.12726679446365,0.0140611362769477,,,-28.51434484149747,0.1069168953522194
-28.50346202905644,0.09091693958858044,-13.97490742028931,0.2667700002822719,-14.11638398202263,0.01553168598343632,,,-28.50346202905644,0.09098397023263603
-28.49257921661542,0.07713961283199945,-13.96402460784829,0.2868293007637173,-14.1055011695816,0.01712067350772816,,,-28.49257921661542,0.07719648581907676
-28.4816964041744,0.06525656403477034,-13.95314179540727,0.307648172430139,-14.09461835714058,0.01883389557311258,,,-28.4816964041744,0.06530467596568111
-28.47081359173337,0.05504083998431281,-13.94225898296624,0.3292952029847115,-14.08373554469956,0.0206770910215853,,,-28.47081359173337,0.05508142013329498
-28.45993077929235,0.04628710349929307,-13.93137617052522,0.3518124609794492,-14.07285273225853,0.02265590501128987,,,-28.45993077929235,0.04632122975093621
-28.44904796685132,0.03881048396070746,-13.92049335808419,0.3751790147574287,-14.06196991981751,0.02477585029041929,,,-28.44904796685132,0.03883909789940544
-28.4381651544103,0.03244533133676401,-13.90961054564317,0.399369565727932,-14.05108710737648,0.02704226526017659,,,-28.4381651544103,0.03246925241754325
-28.42728234196927,0.02704390929089548,-13.89872773320215,0.4243547446976906,-14.04020429493546,0.02946026850988878,,,-28.42728234196927,0.02706384804670659
-28.41639952952825,0.02247505842115698,-13.88784492076112,0.4501016860938412,-14.02932148249444,0.03203470948888022,,,-28.41639952952825,0.02249162868460815
-28.40551671708723,0.018622856198766,-13.8769621083201,0.476574904555951,-14.01843867005341,0.03477011497597429,,,-28.40551671708723,0.01863658633586483
-28.3946339046462,0.01538529585269398,-13.86607929587907,0.5037372535306448,-14.00755585761239,0.03767063102222858,,,-28.3946339046462,0.01539663902256594
-28.38375109220518,0.01267300236456149,-13.85519648343805,0.5315511866512398,-13.99667304517136,0.04073996007923471,,,-28.38375109220518,0.01268234583250552
-28.37286827976416,0.01040799995270304,-13.84431367099702,0.5600818470839168,-13.98579023273034,0.04398129349880806,,,-28.37286827976416,0.01041567349454593
-28.36198546732313,0.008522541977282713,-13.833430858556,0.5892949075925114,-13.97490742028931,0.04739734858284089,,,-28.36198546732313,0.008528825421053623
-28.35110265488211,0.00695801111475951,-13.82254804611498,0.6190587457551227,-13.96402460784829,0.05098993895740011,,,-28.35110265488211,0.006963141071492313
-28.34021984244108,0.005663894940744967,-13.81166523367395,0.649350971784952,-13.95314179540727,0.05476026652142314,,,-28.34021984244108,0.005668070780005059
-28.32933703000006,0.004596839724337987,-13.80078242123293,0.6802743483483882,-13.94225898296624,0.05870870670290897,,,-28.32933703000006,0.004600228852136802
-28.31845421755903,0.003719783263537885,-13.7898996087919,0.7118298353600125,-13.93137617052522,0.06283471715168927,,,-28.31845421755903,0.003722525760909997
-28.30757140511801,0.003001165961776765,-13.77901679635088,0.7439202087867242,-13.92049335808419,0.0671367164511807,,,-28.30757140511801,0.003003378641704686
-28.29668859267699,0.002414218035653098,-13.76813398390986,0.7765842486407518,-13.90961054564317,0.07161200346745458,,,-28.29668859267699,0.002415997974469261
-28.28580578023596,0.001936319725269778,-13.75725117146883,0.8098864865026411,-13.89872773320215,0.07625665804672453,,,-28.28580578023596,0.001937747322358613
-28.27492296779494,0.001548430620439557,-13.74636835902781,0.8439218656826334,-13.88784492076112,0.08106544207987654,,,-28.27492296779494,0.001549572237196931
-28.26404015535391,0.001234583686610396,-13.73548554658679,0.8788206915816742,-13.8769621083201,0.08603170275531155,,,-28.26404015535391,0.001235493912361819
-28.25315734291289,0.0009814392419416065,-13.72460273414576,0.9147538284537258,-13.86607929587907,0.09114728008292336,,,-28.25315734291289,0.0009821628310195769
-28.24227453047186,0.0007778939707649308,-13.71371992170474,0.9519380866690333,-13.85519648343805,0.0964024210115786,,,-28.24227453047186,0.000778467491322302
-28.23139171803084,0.0006147400296107191,-13.70283710926371,0.9906417317094783,-13.84431367099702,0.1017963540479788,,,-28.23139171803084,0.0006151932611019904
-28.22050890558982,0.0004843693831780474,-13.69195429682269,1.031190032664247,-13.833430858556,0.1073158271011883,,,-28.22050890558982,0.0004847264958554226
-28.20962609314879,0.0003805186747200395,-13.68107148438166,1.074133792539991,-13.82254804611498,0.1129350585393305,,,-28.20962609314879,0.0003807992210291993
-28.19874328070777,0.0002980501666654767,-13.67018867194064,1.119927151089954,-13.81166523367395,0.1186371042675482,,,-28.19874328070777,0.0002982699111346909
-28.18786046826675,0.0002327645640565296,-13.65930585949962,1.168932641087028,-13.80078242123293,0.1244380991155077,,,-28.18786046826675,0.0002329361751854636
-28.17697765582572,0,-13.64842304705859,1.221867920090783,-13.7898996087919,0.130317154717763,,,-28.17697765582572,0
-14.74758710360202,0.0001266087387077697,-13.63754023461757,1.279416669063536,-13.77901679635088,0.1362164021532674,,,-14.75846991604305,0.0001024094125769778
-14.736704291161,0.000160504162884899,-13.62665742217654,1.342231940297341,-13.76813398390986,0.1421111813956149,,,-14.74758710360202,0.0001302187302734006
-14.72582147871998,0.0002526924609944851,-13.61577460973552,1.411168746112294,-13.75725117146883,0.1479752419451947,,,-14.736704291161,0.0001650992459086421
-14.71493866627895,0.0003194881463589865,-13.6048917972945,1.487201571044504,-13.74636835902781,0.153780876186318,,,-14.72582147871998,0.0002614611282518021
-14.70405585383793,0.0004027797483391941,-13.59400898485347,1.571362793471618,-13.73548554658679,0.1594990833336189,,,-14.71493866627895,0.0003306281013270301
-14.6931730413969,0.0005063265633099833,-13.58312617241245,1.664741344230806,-13.72460273414576,0.1650997639640128,,,-14.70405585383793,0.0004168908599012882
-14.68229022895588,0.0006346639127295568,-13.57224335997142,1.769134854479995,-13.71371992170474,0.170551944476743,,,-14.6931730413969,0.0005241489970477157
-14.67140741651485,0.0007932438259988763,-13.5613605475304,1.886003449695371,-13.70283710926371,0.1758240301294189,,,-14.68229022895588,0.0006571079423202311
-14.66052460407383,0.0009885967899972146,-13.55047773508938,2.016098782295807,-13.69195429682269,0.180884084579283,,,-14.67140741651485,0.0008214252376535743
-14.64964179163281,0.001228516764633208,-13.53959492264835,2.160647549608888,-13.68107148438166,0.1857287302083869,,,-14.66052460407383,0.00102387875693244
-14.63875897919178,0.001522271690696238,-13.52871211020733,2.321167932608611,-13.67018867194064,0.1903260238557489,,,-14.64964179163281,0.001272559168232876
-14.62787616675076,0.001880841692414852,-13.5178292977663,2.499162078456584,-13.65930585949962,0.1946158000515208,,,-14.63875897919178,0.0015770889678961
-14.61699335430973,0.002317187090501285,-13.50694648532528,2.696152609299153,-13.64842304705859,0.1985674776742733,,,-14.62787616675076,0.001948870393055261
-14.60611054186871,0.0028959164199268,-13.49606367288425,2.913673766161219,-13.63754023461757,0.2021518251167761,,,-14.61699335430973,0.002401364431560053
-14.59522772942769,0.003549993471770502,-13.48518086044323,3.153334213903965,-13.62665742217654,0.2053413238818975,,,-14.60611054186871,0.003003536144375367
-14.58434491698666,0.004339418922414088,-13.47429804800221,3.416619897493204,-13.61577460973552,0.2081105273102666,,,-14.59522772942769,0.003682571863376493
-14.57346210454564,0.005322281261401162,-13.46341523556118,3.704817463789874,-13.6048917972945,0.2104511095327796,,,-14.58434491698666,0.004502275753012331
-14.56257929210461,0.006471008310139918,-13.45253242312016,4.019267649782138,-13.59400898485347,0.2123426491454505,,,-14.57346210454564,0.00552400878081131
-14.55169647966359,0.007845435840626218,-13.44164961067914,4.361199052902083,-13.58312617241245,0.2137529305060706,,,-14.56257929210461,0.006717521604453062
-14.54081366722257,0.009484926217924343,-13.43076679823811,4.731699065190814,-13.57224335997142,0.2147041973407792,,,-14.55169647966359,0.008145823025205903
-14.52993085478154,0.01145967222817936,-13.41988398579709,5.131684210393039,-13.5613605475304,0.2152319929372153,,,-14.54081366722257,0.009849923591175614
-14.51904804234052,0.01377833834376415,-13.40900117335606,5.561870107049733,-13.55047773508938,0.215291911579097,,,-14.52993085478154,0.01190281332047458
-14.50816522989949,0.01651960666105143,-13.39811836091504,6.022741569368893,-13.53959492264835,0.2148329634053097,,,-14.51904804234052,0.01431381638173873
-14.49728241745847,0.01989658535378478,-13.38723554847402,6.514523405890146,-13.52871211020733,0.2138679036924017,,,-14.50816522989949,0.0171648389824815
-14.48639960501744,0.02381262644416389,-13.37635273603299,7.037152515728968,-13.5178292977663,0.2124002411940397,,,-14.49728241745847,0.02068425521326347
-14.47551679257642,0.02833436567681507,-13.36546992359197,7.590251911569363,-13.50694648532528,0.2104602568161096,,,-14.48639960501744,0.02476190794011602
-14.4646339801354,0.03362240206838706,-13.35458711115094,8.17310731576034,-13.49606367288425,0.208059149442189,,,-14.47551679257642,0.02947028535335022
-14.45375116769437,0.03981345318797778,-13.34370429870992,8.7846469792369,-13.48518086044323,0.2052665407412449,,,-14.4646339801354,0.03497797909818484
-14.44286835525335,0.04698897877704403,-13.33282148626889,9.423425361161447,-13.47429804800221,0.2021448101821947,,,-14.45375116769437,0.04142817097985872
-14.43198554281232,0.05535761600890696,-13.32193867382787,10.08761127912493,-13.46341523556118,0.1986233371212999,,,-14.44286835525335,0.04890572060482012
-14.4211027303713,0.06498675268915675,-13.31105586138685,10.77498109480729,-13.45253242312016,0.1946807106642695,,,-14.43198554281232,0.05762853169636363
-14.41021991793028,0.07620254645270003,-13.30017304894582,11.48291743797371,-13.44164961067914,0.1903432017713425,,,-14.4211027303713,0.06766827283034003
-14.39933710548925,0.08902521521118326,-13.2892902365048,12.20841389286717,-13.43076679823811,0.1856398759283001,,,-14.41021991793028,0.07936507571086203
-14.38845429304823,0.1036945231785002,-13.27840742406377,12.94808597626958,-13.41988398579709,0.1806022481805111,,,-14.39933710548925,0.09274129059410081
-14.37757148060721,0.1204626543891262,-13.26752461162275,13.69818862710136,-13.40900117335606,0.1752639075697879,,,-14.38845429304823,0.1080487412890467
-14.36668866816618,0.1395753447436027,-13.25664179918173,14.45464030531188,-13.39811836091504,0.1696601176080647,,,-14.37757148060721,0.1255514171441805
-14.35580585572516,0.1612986790731236,-13.2457589867407,15.21305366539236,-13.38723554847402,0.1638273998219068,,,-14.36668866816618,0.1455072929492175
-14.34492304328413,0.1859196081171537,-13.23487617429968,15.9687726300042,-13.37635273603299,0.1578031076368126,,,-14.35580585572516,0.1681958758451471
-14.33404023084311,0.2137463195051486,-13.22399336185865,16.71691554525141,-13.36546992359197,0.1516249979368528,,,-14.34492304328413,0.1939187837525205
-14.32315741840208,0.2451084440354653,-13.21311054941763,17.45242395465426,-13.35458711115094,0.1453308075348848,,,-14.33404023084311,0.22300017389625
-14.31227460596106,0.2803570796201217,-13.2022277369766,18.17011638774821,-13.34370429870992,0.1389578415275361,,,-14.32315741840208,0.2557870016179666
-14.30139179352004,0.3198646167822992,-13.19134492453558,18.86474642539411,-13.33282148626889,0.1325425800979116,,,-14.31227460596106,0.2926490906919977
-14.29050898107901,0.3640243515407074,-13.18046211209456,19.53106418129068,-13.32193867382787,0.1261203097819525,,,-14.30139179352004,0.3339789978392362
-14.27962616863799,0.4132498738595341,-13.16957929965353,20.16388023163207,-13.31105586138685,0.1197247845493858,,,-14.29050898107901,0.3801916560514079
-14.26874335619696,0.4679742225341855,-13.15869648721251,20.75813093588398,-13.30017304894582,0.1133879212877245,,,-14.27962616863799,0.4317237836649646
-14.25786054375594,0.5286488003517995,-13.14781367477148,21.3089440243928,-13.2892902365048,0.1071395334403095,,,-14.26874335619696,0.4890330488082409
-14.24697773131492,0.5957420465235821,-13.13693086233046,21.8117032856014,-13.27840742406377,0.101007105660593,,,-14.25786054375594,0.5525969818172582
-14.23609491887389,0.6697378666286254,-13.12604804988944,22.2621111690071,-13.26752461162275,0.09501561142894198,,,-14.24697773131492,0.6229116313855562
-14.22521210643287,0.7511338235171987,-13.11516523744841,22.65624813093114,-13.25664179918173,0.08918737465900052,,,-14.23609491887389,0.7004899634755042
-14.21432929399184,0.8404390956663994,-13.10428242500739,22.99062758916631,-13.2457589867407,0.08354197542099343,,,-14.22521210643287,0.7858600052522153
-14.20344648155082,0.938172212227885,-13.09339961256637,23.26224541930457,-13.23487617429968,0.07809619905047407,,,-14.21432929399184,0.8795627393756292
-14.19256366910979,1.044858576321674,-13.08251680012534,23.4686230188663,-13.22399336185865,0.07286402711197267,,,-14.20344648155082,0.9821497567652062
-14.18168085666877,1.161027789884054,-13.07163398768432,23.60784308329325,-13.21311054941763,0.06785666796418614,,,-14.19256366910979,1.094180678299141
-14.17079804422775,1.287210794457608,-13.06075117524329,23.67923570205946,-13.2022277369766,0.06308262404020223,,,-14.18168085666877,1.216220357697434
-14.15991523178672,1.423936842624899,-13.04986836280227,23.6989008188407,-13.19134492453558,0.05854779242300638,,,-14.17079804422775,1.348835878951473
-14.1490324193457,1.571730314270651,-13.03898555036124,23.67963560367487,-13.18046211209456,0.05425559487011575,,,-14.15991523178672,1.492593362010019
-14.13814960690467,1.731107390482825,-13.02810273792022,23.60851746594952,-13.16957929965353,0.05020713312526607,,,-14.1490324193457,1.648054589950858
-14.12726679446365,1.902572595685089,-13.0172199254792,23.47238271021671,-13.15869648721251,0.04640136515010079,,,-14.13814960690467,1.815773469533771
-14.11638398202263,2.086615215593867,-13.00633711303817,23.26854922883173,-13.14781367477148,0.04283529781225786,,,-14.12726679446365,1.996292334862744
-14.1055011695816,2.283705594925019,-12.99545430059715,22.99874368179293,-13.13693086233046,0.03950419157290304,,,-14.11638398202263,2.190138100950823
-14.09461835714058,2.49429131460336,-12.98457148815612,22.66526170889967,-13.12604804988944,0.03640177281905208,,,-14.1055011695816,2.397818270399305
-14.08373554469956,2.718793243769238,-12.9736886757151,22.2709341235968,-13.11516523744841,0.03352044967444068,,,-14.09461835714058,2.619816792347311
-14.07285273225853,2.957601457394914,-12.96280586327408,21.8190856968038,-13.10428242500739,0.03085152738618881,,,-14.08373554469956,2.856589768543874
-14.06196991981751,3.211071006125785,-12.95192305083305,21.31348738190034,-13.09339961256637,0.02838541971092147,,,-14.07285273225853,3.108560997117026
-14.05108710737648,3.479517521386788,-12.94104023839203,20.7583029225903,-13.08251680012534,0.02611185310054847,,,-14.06196991981751,3.376117340679554
-14.04020429493546,3.763212636202287,-12.930157425951,20.15803090009257,-13.07163398768432,0.02402006090152534,,,-14.05108710737648,3.659603902168112
-14.02932148249444,4.062379200934749,-12.91927461350998,19.51744178588785,-13.06075117524329,0.02209898617179252,,,-14.04020429493546,3.959318989630269
-14.01843867005341,4.377186273609381,-12.90839180106896,18.84152083093712,-13.04986836280227,0.02034309122341307,,,-14.02932148249444,4.275508850426739
-14.00755585761239,4.707743866986392,-12.89750898862793,18.1353928539557,-13.03898555036124,0.01874423982629973,,,-14.01843867005341,4.608362156365004
-13.99667304517136,5.054097439349397,-12.88662617618691,17.40426495061622,-13.02810273792022,0.01728669209729432,,,-14.00755585761239,4.958004224455957
-13.98579023273034,5.416222123310983,-12.87574336374588,16.65335921802711,-13.0172199254792,0.01595632762107997,,,-13.99667304517136,5.324490963566072
-13.97490742028931,5.794018004165137,-12.86486055130486,15.88785887319378,-13.00633711303817,0.01474138957918701,,,-13.98579023273034,5.707815479460143
-13.96402460784829,6.187305386377455,-12.85397773886383,15.11283840284296,-12.99545430059715,0.01363171590112638,,,-13.97490742028931,6.10818535303025
-13.95314179540727,6.595804010638439,-12.84309492642281,14.33321794556357,-12.98457148815612,0.01261766584764182,,,-13.96402460784829,6.525124626098575
-13.94225898296624,7.019145724553033,-12.83221211398179,13.55371187322555,-12.9736886757151,0.01169017234234884,,,-13.95314179540727,6.958212449590001
-13.93137617052522,7.456861624902759,-12.82132930154076,12.77878506026637,-12.96280586327408,0.01084077896168352,,,-13.94225898296624,7.407149634240653
-13.92049335808419,7.908371592224164,-12.81044648909974,12.01261506195701,-12.95192305083305,0.01006166272042271,,,-13.93137617052522,7.871508803033898
-13.90961054564317,8.373204540157909,-12.79956367665872,11.25906053036037,-12.94104023839203,0.009345643937751396,,,-13.92049335808419,8.350687323432769
-13.89872773320215,8.850540499309881,-12.78868086421769,10.52163605333244,-12.930157425951,0.008686184573654013,,,-13.90961054564317,8.8441861093533
-13.88784492076112,9.339204701193543,-12.77779805177667,9.80349346252077,-12.91927461350998,0.008077213549582147,,,-13.89872773320215,9.351151902054294
-13.8769621083201,9.838113838319018,-12.76691523933564,9.10740952423339,-12.90839180106896,0.007513794615251331,,,-13.88784492076112,9.87037182936726
-13.86607929587907,10.34604675130477,-12.75603242689462,8.43577731113629,-12.89750898862793,0.006991004064792881,,,-13.8769621083201,10.40072044563028
-13.85519648343805,10.8616408840868,-12.7451496144536,7.790616460041474,-12.88662617618691,0.006504676021942313,,,-13.86607929587907,10.94093128491835
-13.84431367099702,11.38641729974423,-12.73426680201257,7.17356158359391,-12.87574336374588,0.006050621860590185,,,-13.85519648343805,11.48959449174961
-13.833430858556,11.91869818771968,-12.72338398957155,6.585882559421061,-12.86486055130486,0.005626844884150176,,,-13.84431367099702,12.04829550087613
-13.82254804611498,12.45360797324965,-12.71250117713052,6.028503261256511,-12.85397773886383,0.005229910470426541,,,-13.833430858556,12.61530892241339
-13.81166523367395,12.98915823071227,-12.7016183646895,5.502008124993351,-12.84309492642281,0.004857453766052471,,,-13.82254804611498,13.1856017775441
-13.80078242123293,13.5257609635647,-12.69073555224847,5.006672048137752,-12.83221211398179,0.004507451271155673,,,-13.81166523367395,13.75714630676478
-13.7898996087919,14.0611431058127,-12.67985273980745,4.54248174899756,-12.82132930154076,0.00417817905978727,,,-13.80078242123293,14.33047341102859
-13.77901679635088,14.59035668835881,-12.66896992736643,4.109163751561903,-12.81044648909974,0.003868172618545702,,,-13.7898996087919,14.90329009589047
-13.76813398390986,15.1108847511195,-12.6580871149254,3.706208540126527,-12.79956367665872,0.003576188864990539,,,-13.77901679635088,15.4704932992988
-13.75725117146883,15.62012135178439,-12.64720430248438,3.332891763448916,-12.78868086421769,0.003301170782820065,,,-13.76813398390986,16.02958018115588
-13.74636835902781,16.11538924309822,-12.63632149004335,2.988337423991168,-12.77779805177667,0.003042214993059927,,,-13.75725117146883,16.57798308023222
-13.73548554658679,16.59395987075984,-12.62543867760233,2.671496517585587,-12.76691523933564,0.002798542471508191,,,-13.74636835902781,17.11309198496717
-13.72460273414576,17.05307556501218,-12.61455586516131,2.381198933910485,-12.75603242689462,0.00256903505885685,,,-13.73548554658679,17.63227964567514
-13.71371992170474,17.48997374108391,-12.60367305272028,2.11618024605068,-12.7451496144536,0.002354060417216758,,,-13.72460273414576,18.13292915742992
-13.70283710926371,17.90191286552553,-12.59279024027926,1.875106399396091,-12.73426680201257,0.002152513101123058,,,-13.71371992170474,18.61246377222969
-13.69195429682269,18.28619988884413,-12.58190742783823,1.656590050201791,-12.72338398957155,0.001963888094930835,,,-13.70283710926371,19.06837862736443
-13.68107148438166,18.64273164730389,-12.57102461539721,1.459219061427757,-12.71250117713052,0.001787705769851604,,,-13.69195429682269,19.49827400608766
-13.67018867194064,18.96897612657235,-12.56014180295618,1.28156693957546,-12.7016183646895,0.001623501235315414,,,-13.68107148438166,19.90259417005226
-13.65930585949962,19.26000231710857,-12.54925899051516,1.122222509065468,-12.69073555224847,0.001470816294734209,,,-13.67018867194064,20.27922930151806
-13.64842304705859,19.51523676787304,-12.53837617807414,0.9797893736251828,-12.67985273980745,0.001328968580701859,,,-13.65930585949962,20.62355075824712
-13.63754023461757,19.73260790630985,-12.52749336563311,0.8529086997899501,-12.66896992736643,0.001197997747939442,,,-13.64842304705859,20.9356721656381
-13.62665742217654,19.90857424350616,-12.51661055319209,0.7402670771177168,-12.6580871149254,0.00107715166390863,,,-13.63754023461757,21.21417640049016
-13.61577460973552,20.04152307724928,-12.50572774075106,0.6406051093197435,-12.64720430248438,0.0009654027999578854,,,-13.62665742217654,21.4561475076854
-13.6048917972945,20.1313891337314,-12.49484492831004,0.5527241440082917,-12.63632149004335,0.000862802612785407,,,-13.61577460973552,21.66080235067184
-13.59400898485347,20.17711899173763,-12.48396211586902,0.4754912716041173,-12.62543867760233,0.0007697426520219753,,,-13.6048917972945,21.82904181430868
-13.58312617241245,20.17668949952792,-12.47307930342799,0.4078427438064899,-12.61455586516131,0.0006848384191213419,,,-13.59400898485347,21.9608244343547
-13.57224335997142,20.13710665559439,-12.46219649098697,0.3487859719418052,-12.60367305272028,0.0006074135527803332,,,-13.58312617241245,22.05518377426479
-13.5613605475304,20.06220905150187,-12.45131367854595,0.297400270551632,-12.59279024027926,0.0005374426830850066,,,-13.57224335997142,22.12094570741517
-13.55047773508938,19.94466982847207,-12.44043086610492,0.2528365123059022,-12.58190742783823,0.0004736460102559075,,,-13.5613605475304,22.16344449413445
-13.53959492264835,19.78092076490921,-12.4295480536639,0.214315857321949,-12.57102461539721,0.0004167846836893082,,,-13.55047773508938,22.17606052234698
-13.52871211020733,19.57300789649802,-12.41866524122287,0.1811277138432671,-12.56014180295618,0.0003643136188836963,,,-13.53959492264835,22.15640127792341
-13.5178292977663,19.32203719385852,-12.40778242878185,0.1526270785884143,-12.54925899051516,0.0003182019488025094,,,-13.52871211020733,22.10804373279903
-13.50694648532528,19.03072289138675,-12.39689961634082,0.1282313945050661,-12.53837617807414,0.0002777740303232223,,,-13.5178292977663,22.03359951350913
-13.49606367288425,18.70080083010976,-12.3860168038998,0.1074170517065886,-12.52749336563311,0.0002417667217468055,,,-13.50694648532528,21.93733575750202
-13.48518086044323,18.33767242546829,-12.37513399145878,0.08971564453224182,-12.51661055319209,0.0002098057964516207,,,-13.49606367288425,21.82253374571317
-13.47429804800221,17.9453005931168,-12.36425117901775,0.07471008440686999,-12.50572774075106,0.0001815325573649582,,,-13.48518086044323,21.69627318011349
-13.46341523556118,17.52019298280739,-12.35336836657673,0.06203065487229691,-12.49484492831004,0.0001566057322645355,,,-13.47429804800221,21.56406530079219
-13.45253242312016,17.06330435622274,-12.3424855541357,0.0513510821499646,-12.48396211586902,0.0001347028770239474,,,-13.46341523556118,21.42363378371858
-13.44164961067914,16.5775025219766,-12.33160274169468,0.04238468214081479,-12.47307930342799,0.0001155213299203628,,,-13.45253242312016,21.27725271666915
-13.43076679823811,16.06582618276236,-12.32071992925366,0.03488063308302661,-12.46219649098697,9.877876287894535e-05,,,-13.44164961067914,21.12904477665002
-13.41988398579709,15.53145051670676,-12.30983711681263,0.02862041232448263,-10.08974337884372,0.0002555514125296326,,,-13.43076679823811,20.98316512388148
-13.40900117335606,14.977651432458,-12.29895430437161,0.02341442592749265,-10.0788605664027,0.0006752393732485296,,,-13.41988398579709,20.84373697528031
-13.39811836091504,14.40776910426884,-12.28807149193058,0.01909885116600462,-10.06797775396167,0.0008626909369655124,,,-13.40900117335606,20.71478544707752
-13.38723554847402,13.82517139686833,-12.27718867948956,0.01553270441890921,-10.05709494152065,0.001098930401429575,,,-13.39811836091504,20.6001707912458
-13.37635273603299,13.23321777980005,-12.26630586704854,0.01259514049302369,-10.04621212907963,0.001395733832392443,,,-13.38723554847402,20.50352220258038
-13.36546992359197,12.63522430771051,-12.25542305460751,0.01018298398536097,-10.0353293166386,0.001767471741190056,,,-13.37635273603299,20.42817340316583
-13.35458711115094,12.03443020771789,-12.24454024216649,0.008208488855273404,-10.02444650419758,0.002231617700114274,,,-13.36546992359197,20.37710121721672
-13.34370429870992,11.43396656870725,-12.23365742972546,0.006597318846946188,-10.01356369175655,0.002809341607715105,,,-13.35458711115094,20.35286833101311
-13.33282148626889,10.83682757167856,-12.22277461728444,0.005286738695456469,-10.00268087931553,0.003526198293949531,,,-13.34370429870992,20.35757138947169
-13.32193867382787,10.2458446368184,-12.21189180484341,0.00422400407356225,-9.991798066874505,0.004412922763758194,,,-13.33282148626889,20.39279551293793
-13.31105586138685,9.663663793625842,-12.20100899240239,0.003364936898029441,-9.980915254433482,0.00550634384643015,,,-13.32193867382787,20.45957622572528
-13.30017304894582,9.092726507135495,-12.19012617996137,0.002672671821347839,-9.970032441992458,0.006850428296662283,,,-13.31105586138685,20.55836967298252
-13.2892902365048,8.535254118007682,-12.17924336752034,0.002116559398495996,-9.959149629551433,0.008497467424471843,,,-13.30017304894582,20.68903186639693
-13.27840742406377,7.993235978925196,-12.16836055507932,0.001671211455872419,-9.94826681711041,0.01050941805165035,,,-13.2892902365048,20.85080754431516
-13.26752461162275,7.468421296184358,-12.1574777426383,0.001315674524324496,-9.937384004669385,0.01295940893315311,,,-13.27840742406377,21.04232906085537
-13.25664179918173,6.962314615290378,-12.14659493019727,0.001032717761742785,-9.926501192228361,0.01593342266901177,,,-13.26752461162275,21.26162553471466
-13.2457589867407,6.476174824276516,-12.13571211775625,0.0007981517776100632,-9.915618379787338,0.01953216148929974,,,-13.25664179918173,21.50614229526126
-13.23487617429968,6.011017489655989,-12.12482930531522,0.0003654507663134666,-9.904735567346313,0.02387310304361612,,,-13.2457589867407,21.77277046508988
-13.22399336185865,5.567620288437391,-12.1139464928742,7.493228192072511e-05,-9.893852754905289,0.02909274939126864,,,-13.23487617429968,22.05788631871066
-13.21311054941763,5.14653125627942,-9.937384004669385,0.0001223678470235819,-9.882969942464266,0.03534906869725817,,,-13.22399336185865,22.35739986080078
-13.2022277369766,4.748079537156418,-9.926501192228361,0.000150143440381338,-9.872087130023241,0.04282412462901094,,,-13.21311054941763,22.66681187889787
-13.19134492453558,4.372388294114444,-9.915618379787338,0.000183680271149152,-9.861204317582217,0.05172688306871492,,,-13.2022277369766,22.98127854894485
-13.18046211209456,4.019389423830317,-9.904735567346313,0.0002240452611027405,-9.850321505141192,0.06229617947227895,,,-13.19134492453558,23.29568251193156
-13.16957929965353,3.68883970951714,-9.893852754905289,0.0002724746552034092,-9.839438692700169,0.07480382300651146,,,-13.18046211209456,23.60470919999111
-13.15869648721251,3.380338046815096,-9.882969942464266,0.0003303950688363829,-9.828555880259145,0.089557805496446,,,-13.16957929965353,23.90292707427448
-13.14781367477148,3.093343385046758,-9.872087130023241,0.0003994460167794607,-9.81767306781812,0.1069055742625475,,,-13.15869648721251,24.18487034784918
-13.13693086233046,2.827193040834051,-9.861204317582217,0.000481503804067961,-9.806790255377097,0.1272373182080169,,,-13.14781367477148,24.44512270725182
-13.12604804988944,2.581121061684216,-9.850321505141192,0.0005787066023162785,-9.795907442936073,0.1509892061569087,,,-13.13693086233046,24.67840051800835
-13.11516523744841,2.354276342788742,-9.839438692700169,0.0006934804710221581,-9.785024630495048,0.1786465056177781,,,-13.12604804988944,24.87963400351037
-13.10428242500739,2.145740229928563,-9.828555880259145,0.0008285660122220626,-9.774141818054025,0.2107464990777031,,,-13.11516523744841,25.04404492339432
-13.09339961256637,1.954543374012928,-9.81767306781812,0.000987045269183833,-9.763259005613,0.2478811038912894,,,-13.10428242500739,25.16721934648105
-13.08251680012534,1.779681637385419,-9.806790255377097,0.001172368396548886,-9.752376193171976,0.290699091143082,,,-13.09339961256637,25.24517421302841
-13.07163398768432,1.620130887638364,-9.795907442936073,0.00138837954177125,-9.741493380730953,0.3399077889031792,,,-13.08251680012534,25.27441650935227
-13.06075117524329,1.474860550380712,-9.785024630495048,0.001639341287541167,-9.730610568289928,0.396274146483233,,,-13.07163398768432,25.25199403183315
-13.04986836280227,1.342912366402438,-9.774141818054025,0.001929956914236117,-9.719727755848904,0.4606250290902812,,,-13.06075117524329,25.17619523861196
-13.03898555036124,1.223603229667523,-9.763259005613,0.002265389652839324,-9.708844943407881,0.5338466071550023,,,-13.04986836280227,25.06215627646656
-13.02810273792022,1.116015452706891,-9.752376193171976,0.002651278015140211,-9.697962130966856,0.6168827020822507,,,-13.03898555036124,24.9219830731687
-13.0172199254792,1.018867054619686,-9.741493380730953,0.003093746212698194,-9.687079318525832,0.7107319507408524,,,-13.02810273792022,24.7418196107537
-13.00633711303817,0.9311061745262987,-9.730610568289928,0.003599408612658344,-9.676196506084807,0.8164436551676617,,,-13.0172199254792,24.50720609245747
-12.99545430059715,0.8518621716450921,-9.719727755848904,0.004175367130966708,-9.665313693643784,0.9351121921645523,,,-13.00633711303817,24.21439679293722
-12.98457148815612,0.7803111564554852,-9.708844943407881,0.004829200435929025,-9.65443088120276,1.067869870117415,,,-12.99545430059715,23.86423756933916
-12.9736886757151,0.7156933893391606,-9.697962130966856,0.005568943831533437,-9.643548068761735,1.21587813778612,,,-12.98457148815612,23.45819053120279
-12.96280586327408,0.6572919402022287,-9.687079318525832,0.006403058714584541,-9.632665256320712,1.380317072224866,,,-12.9736886757151,22.99831768527831
-12.95192305083305,0.604449874401174,-9.676196506084807,0.007340390556311851,-9.621782443879688,1.56237310049007,,,-12.96280586327408,22.48721841596772
-12.94104023839203,0.5565656992393414,-9.665313693643784,0.00839011445115921,-9.610899631438663,1.763224942328406,,,-12.95192305083305,21.92799891902195
-12.930157425951,0.5130924427739613,-9.65443088120276,0.009561667405787681,-9.60001681899764,1.98402779839603,,,-12.94104023839203,21.3242142657674
-12.91927461350998,0.4734897515181546,-9.643548068761735,0.01086466671201551,-9.589134006556614,2.225895850345524,,,-12.930157425951,20.67980952744019
-12.90839180106896,0.4374173441548717,-9.632665256320712,0.01230881395959502,-9.578251194115591,2.489883184741657,,,-12.91927461350998,19.99900875095558
-12.89750898862793,0.4044212398678901,-9.621782443879688,0.0139037844983655,-9.567368381674568,2.77696330144521,,,-12.90839180106896,19.28645196970724
-12.88662617618691,0.3741520630250162,-9.610899631438663,0.01565910245309437,-9.556485569233542,3.088007417854229,,,-12.89750898862793,18.54680509788838
-12.87574336374588,0.3462636114002262,-9.60001681899764,0.01758400172545127,-9.545602756792519,3.423761832045224,,,-12.88662617618691,17.78492168966318
-12.86486055130486,0.320573328569043,-9.589134006556614,0.01968727378173037,-9.534719944351496,3.784824659073764,,,-12.87574336374588,17.00567345128793
-12.85397773886383,0.2967982908846425,-9.578251194115591,0.02197710341621311,-9.52383713191047,4.171622303990679,,,-12.86486055130486,16.21405904664697
-12.84309492642281,0.2747370617422125,-9.567368381674568,0.0244608940909067,-9.512954319469447,4.584386080911164,,,-12.85397773886383,15.41486660419804
-12.83221211398179,0.2542165192351588,-9.556485569233542,0.02714508487369669,-9.502071507028424,5.023129428075329,,,-12.84309492642281,14.61281246107183
-12.82132930154076,0.2350885922857284,-9.545602756792519,0.0300349614181708,-9.491188694587398,5.487626202575131,,,-12.83221211398179,13.81243584373185
-12.81044648909974,0.2172271401834556,-9.534719944351496,0.03313446383770371,-9.480305882146375,5.977390563644708,,,-12.82132930154076,13.01805183161188
-12.79956367665872,0.200525010248052,-9.52383713191047,0.03644599471103761,-9.46942306970535,6.491658968563499,,,-12.81044648909974,12.23371037475901
-12.78868086421769,0.1848912998903894,-9.512954319469447,0.0399702308030712,-9.458540257264326,7.029374808906087,,,-12.79956367665872,11.46316172947341
-12.77779805177667,0.1702488415231254,-9.502071507028424,0.0437059423791102,-9.447657444823303,7.589176205910274,,,-12.78868086421769,10.70982852400565
-12.76691523933564,0.1565319216556272,-9.491188694587398,0.04764982421980411,-9.436774632382278,8.169387461226748,,,-12.77779805177667,9.976784519036956
-12.75603242689462,0.1436457986345272,-9.480305882146375,0.05179634259439215,-9.425891819941254,8.768014622696032,,,-12.76691523933564,9.266739988360525
-12.7451496144536,0.1316272589199463,-9.46942306970535,0.05613760250982408,-9.415009007500231,9.382745573891794,,,-12.75603242689462,8.581992144829671
-12.73426680201257,0.1203847577026227,-9.458540257264326,0.06066323951256671,-9.404126195059206,10.01095499121698,,,-12.7451496144536,7.924597779378642
-12.72338398957155,0.1098550410969572,-9.447657444823303,0.06536034017035332,-9.393243382618182,10.64971443403128,,,-12.73426680201257,7.296098854397656
-12.71250117713052,0.1000611166521187,-9.436774632382278,0.07021339509728919,-9.382360570177157,11.29580774277691,,,-12.72338398957155,6.69770148861295
-12.7016183646895,0.09093879203664468,-9.425891819941254,0.0752042880051272,-9.371477757736134,11.9457518189611,,,-12.71250117713052,6.130352083678487
-12.69073555224847,0.08245860491141849,-9.415009007500231,0.080312323767076,-9.36059494529511,12.59582275119045,,,-12.7016183646895,5.594570418265311
-12.67985273980745,0.07457279797992952,-9.404126195059206,0.08551429787271236,-9.349712132854085,13.24208713567182,,,-12.69073555224847,5.090601469343905
-12.66896992736643,0.06729712893079909,-9.393243382618182,0.09078460894170245,-9.338829320413062,13.88043832047611,,,-12.67985273980745,4.618383515558193
-12.6580871149254,0.06057972035299644,-9.382360570177157,0.09609541516210633,-9.327946507972039,14.50663718345255,,,-12.66896992736643,4.177658878240643
-12.64720430248438,0.054280267072309,-9.371477757736134,0.1014168346416804,-9.317063695531013,15.11635693721439,,,-12.6580871149254,3.767865412143432
-12.63632149004335,0.04856381791672327,-9.36059494529511,0.1067171887267931,-9.30618088308999,15.70523134441087,,,-12.64720430248438,3.388137433321183
-12.62543867760233,0.04339483108457752,-9.349712132854085,0.1119632863752519,-9.295298070648965,16.26890562585414,,,-12.63632149004335,3.037764044520677
-12.61455586516131,0.03867034912218913,-9.338829320413062,0.1171207466908274,-9.284415258207941,16.80308925615565,,,-12.62543867760233,2.715661091322187
-12.60367305272028,0.03434590982873317,-9.327946507972039,0.1221543557645949,-9.273532445766918,17.30360976927476,,,-12.61455586516131,2.420554121451796
-12.59279024027926,0.03043989976110884,-9.317063695531013,0.127028453048408,-9.262649633325893,17.76646664237689,,,-12.60367305272028,2.151133569432194
-12.58190742783823,0.02686337107258854,-9.30618088308999,0.1317073416359925,-9.251766820884869,18.18788429277849,,,-12.59279024027926,1.906083741840285
-12.57102461539721,0.02367875571784092,-9.295298070648965,0.1361557160736461,-9.240884008443846,18.56436321112469,,,-12.58190742783823,1.683927067284636
-12.56014180295618,0.02072123375311941,-9.284415258207941,0.1403391006900208,-9.230001196002821,18.89272826530436,,,-12.57102461539721,1.483314601829288
-12.54925899051516,0.01814334391881772,-9.273532445766918,0.1442242909450299,-9.219118383561797,19.17017324429935,,,-12.56014180295618,1.302652486947463
-12.53837617807414,0.01586496370385616,-9.262649633325893,0.1477797899702392,-9.208235571120772,19.39430076884976,,,-12.54925899051516,1.140684054933088
-12.52749336563311,0.01383172403420824,-9.251766820884869,0.150976232321705,-9.197352758679749,19.56315677546039,,,-12.53837617807414,0.9959321113593622
-12.51661055319209,0.01202344803067987,-9.240884008443846,0.1537867870008412,-9.186469946238725,19.67653420280776,,,-12.52749336563311,0.8669821905459053
-12.50572774075106,0.01042070803021639,-9.230001196002821,0.1561875320240427,-9.1755871337977,19.73598372969499,,,-12.51661055319209,0.7525003309448486
-12.49484492831004,0.009004941737406173,-9.219118383561797,0.1581577932363865,-9.164704321356677,19.74736002858672,,,-12.50572774075106,0.6512073499073247
-12.48396211586902,0.007758541157911888,-9.208235571120772,0.1596804406620707,-9.153821508915653,19.72575311327533,,,-12.49484492831004,0.5618856914779626
-12.47307930342799,0.006664916471047537,-9.197352758679749,0.160742136452022,-9.142938696474628,19.6636978879299,,,-12.48396211586902,0.483384515639053
-12.46219649098697,0.005708537190242589,-9.186469946238725,0.1613589893818043,-9.132055884033605,19.54400065223163,,,-12.47307930342799,0.4146231816074578
-12.45131367854595,0.004874953074186456,-9.1755871337977,0.161575233441971,-9.12117307159258,19.36771609736701,,,-12.46219649098697,0.3545932878949268
-12.44043086610492,0.004150797295818514,-9.164704321356677,0.1614884299417697,-9.110290259151556,19.13638985018786,,,-12.45131367854595,0.3023594370027207
-12.4295480536639,0.003523774359642864,-9.153821508915653,0.1610886979202962,-9.099407446710533,18.85203590951934,,,-12.44043086610492,0.2570588933908023
-12.41866524122287,0.002982635189179295,-9.142938696474628,0.1602546359736258,-9.088524634269508,18.51710745302164,,,-12.4295480536639,0.2179003003392719
-12.40778242878185,0.00251714169490619,-9.132055884033605,0.1589545643928552,-9.077641821828484,18.134461606397,,,-12.41866524122287,0.1841616151224331
-12.39689961634082,0.002118022987827185,-9.12117307159258,0.1571999021206641,-9.066759009387461,17.70731888242484,,,-12.40778242878185,0.1551874131584635
-12.3860168038998,0.001776925233401426,-9.110290259151556,0.1550059619431503,-9.055876196946436,17.2392180947561,,,-12.39689961634082,0.1303857010739912
-12.37513399145878,0.001486356953005514,-9.099407446710533,0.1523917280001982,-9.044993384505412,16.73396762833886,,,-12.3860168038998,0.1092243664914084
-12.36425117901775,0.001239631382572515,-9.088524634269508,0.1493795823211664,-9.034110572064387,16.19559400315844,,,-12.37513399145878,0.09122737931925808
-12.35336836657673,0.001030807296953338,-9.077641821828484,0.1459949858943669,-9.023227759623364,15.62828869970744,,,-12.36425117901775,0.07597084585945704
-12.3424855541357,0.0008546295093296802,-9.066759009387461,0.1422661206237468,-9.01234494718234,15.03635422300066,,,-12.35336836657673,0.06307900353658645
-12.33160274169468,0.0007064700622087018,-9.055876196946436,0.1382234992086143,-9.001462134741315,14.42415036744662,,,-12.3424855541357,0.05222023083887612
-12.32071992925366,0.0005822709437683823,-9.044993384505412,0.1338995504872653,-8.990579322300292,13.79604160855851,,,-12.33160274169468,0.04310313441062484
-12.30983711681263,0.0004784889933497003,-9.034110572064387,0.1293281881034859,-8.979696509859268,13.15634649101317,,,-12.32071992925366,0.03547276336432911
-12.29895430437161,0.0003920435046522159,-9.023227759623364,0.1245443704823005,-8.968813697418243,12.50928980814346,,,-12.30983711681263,0.02910698994401854
-12.28807149193058,0.0003202668959009596,-9.01234494718234,0.1195836600398218,-8.95793088497722,11.85895827821414,,,-12.29895430437161,0.02381308577395013
-12.27718867948956,0.0002608586934943289,-9.001462134741315,0.1144817893088514,-8.947048072536194,11.20926032075137,,,-12.28807149193058,0.01942451412776807
-12.26630586704854,0.0002118429694505401,-8.990579322300292,0.1092742412492516,-8.936165260095171,10.5638904249661,,,-12.27718867948956,0.01579795097171437
-12.25542305460751,0.0001715292829305738,-8.979696509859268,0.1039958504467877,-8.925282447654148,9.926298485241754,,,-12.26630586704854,0.01281054095742996
-12.24454024216649,0.0001384771014585609,-8.968813697418243,0.09868043120665305,-8.914399635213123,9.299664359061778,,,-12.25542305460751,0.01035738902433348
-12.23365742972546,0.0001114636171469617,-8.95793088497722,0.09336043774175401,-8.903516822772099,8.686877783847308,,,-12.24454024216649,0.008349283756637862
-12.22277461728444,8.945482603516353e-05,-8.947048072536194,0.0880666607666868,-8.892634010331076,8.090523673980909,,,-12.23365742972546,0.006710645048641078
-9.926501192228361,0.0001080858027253146,-8.936165260095171,0.08282796386304551,-8.881751197890051,7.512872710547938,,,-12.22277461728444,0.005377685876708665
-9.915618379787338,0.0001322032342311842,-8.925282447654148,0.07767106200744002,-8.870868385449027,6.955877036426265,,,-12.21189180484341,0.004296775964328588
-9.904735567346313,0.0001612247127280857,-8.914399635213123,0.07262034367699338,-8.859985573008002,6.421170780285974,,,-12.20100899240239,0.003422993762824175
-9.893852754905289,0.0001960366369196265,-8.903516822772099,0.06769773699339017,-8.849102760566979,5.910075056375432,,,-12.19012617996137,0.00271885236102575
-9.882969942464266,0.0002376615746757489,-8.892634010331076,0.06292261945893478,-8.838219948125955,5.423607023761231,,,-12.17924336752034,0.002153184592397919
-9.872087130023241,0.0002872743084810122,-8.881751197890051,0.05831176999703803,-8.82733713568493,4.962492539591298,,,-12.16836055507932,0.001700172643354706
-9.861204317582217,0.0003462188358039347,-8.870868385449027,0.05387936125240004,-8.816454323243907,4.527181906149774,,,-12.1574777426383,0.001338507804247142
-9.850321505141192,0.0004160261953645335,-8.859985573008002,0.04963698944670766,-8.805571510802883,4.117868190738597,,,-12.14659493019727,0.001050666575026265
-9.839438692700169,0.0004984329443990081,-8.849102760566979,0.04559373853401847,-8.794688698361858,3.734507590144144,,,-12.13571211775625,0.0008122190140130384
-9.828555880259145,0.0005954000611203037,-8.838219948125955,0.04175627496249781,-8.783805885920835,3.376841316689439,,,-12.12482930531522,0.0003753387054255376
-9.81767306781812,0.0007091319910970189,-8.82733713568493,0.03812896902845043,-8.772923073479811,3.044418499421696,,,-12.1139464928742,7.760911761517232e-05
-9.806790255377097,0.0008420954969060219,-8.816454323243907,0.03471403860378879,-8.762040261038786,2.736619620418523,,,-10.08974337884372,0.000263740802965448
-9.795907442936073,0.0009970379081048299,-8.805571510802883,0.03151171092513885,-8.751157448597763,2.452680040941902,,,-10.0788605664027,0.0006865102640824077
-9.785024630495048,0.001177004304549128,-8.794688698361858,0.02852039814481792,-8.740274636156737,2.191713213568104,,,-10.06797775396167,0.0008770605731835009
-9.774141818054025,0.001385353101873623,-8.783805885920835,0.02573688245166646,-8.729391823715714,1.952733222787579,,,-10.05709494152065,0.001117196678467914
-9.763259005613,0.001625769445381916,-8.772923073479811,0.02315650676202538,-8.718509011274691,1.734676346241753,,,-10.04621212907963,0.001418884900865129
-9.752376193171976,0.001902275759762863,-8.762040261038786,0.02077336724549898,-8.707626198833665,1.536421380159073,,,-10.0353293166386,0.001796727324938557
-9.741493380730953,0.002219238749343478,-8.751157448597763,0.01858050427313871,-8.696743386392642,1.356808524201934,,,-10.02444650419758,0.002268478369944669
-9.730610568289928,0.002581372099610633,-8.740274636156737,0.01657008874355984,-8.685860573951619,1.194656671519533,,,-10.01356369175655,0.002855647302011895
-9.719727755848904,0.002993734098276151,-8.729391823715714,0.01473360114158348,-8.674977761510593,1.048778998172605,,,-10.00268087931553,0.003584197533160415
-9.708844943407881,0.003461719376128479,-8.718509011274691,0.01306200110109986,-8.66409494906957,0.9179967912967325,,,-9.991798066874505,0.004485354168695981
-9.697962130966856,0.00399104396724873,-8.707626198833665,0.01154588566664544,-8.653212136628545,0.8011514966409947,,,-9.980915254433482,0.005596531737975924
-9.687079318525832,0.0045877229077457,-8.696743386392642,0.01017563486548607,-8.642329324187521,0.6971150028947118,,,-9.970032441992458,0.006962394323543798
-9.676196506084807,0.005258039634685188,-8.685860573951619,0.008941543603972008,-8.631446511746498,0.6047982121251069,,,-9.959149629551433,0.008636060332235263
-9.665313693643784,0.00600850651475823,-8.674977761510593,0.00783393928026142,-8.620563699305473,0.5231579725001748,,,-9.94826681711041,0.01068046386469781
-9.65443088120276,0.00684581592742839,-8.66409494906957,0.006843284853474127,-8.609680886864449,0.4512024712346797,,,-9.937384004669385,0.01316988396672395
-9.643548068761735,0.007776781451235094,-8.653212136628545,0.005960267421835762,-8.598798074423426,0.3879952024872644,,,-9.926501192228361,0.01619165191211842
-9.632665256320712,0.008808268855328011,-8.642329324187521,0.005175872635882988,-8.587915261982401,0.3326576369891773,,,-9.915618379787338,0.01984804499468008
-9.621782443879688,0.009947116781062219,-8.631446511746498,0.004481445505305625,-8.577032449541377,0.2843707278348493,,,-9.904735567346313,0.02425837301744696
-9.610899631438663,0.01120004720955321,-8.620563699305473,0.003868738348861393,-8.566149637100352,0.2423753905216226,,,-9.893852754905289,0.02956126068339167
-9.60001681899764,0.01257356604839783,-8.609680886864449,0.00332994678659945,-8.555266824659329,0.2059720954534642,,,-9.882969942464266,0.0359171253407703
-9.589134006556614,0.01407385443112988,-8.598798074423426,0.002857734784008585,-8.544384012218305,0.1745197082160976,,,-9.872087130023241,0.0435108449542714
-9.578251194115591,0.01570665160207347,-8.587915261982401,0.002445249831168386,-8.53350119977728,0.1474337074957512,,,-9.861204317582217,0.05255460570858683
-9.567368381674568,0.01747713055161396,-8.577032449541377,0.002086129379706901,-8.522618387336257,0.1241839030530239,,,-9.850321505141192,0.06329091226995977
-9.556485569233542,0.01938976786595678,-8.566149637100352,0.001774499670024505,-8.511735574895233,0.1042917671606915,,,-9.839438692700169,0.07599573642193265
-9.545602756792519,0.02144820955360585,-8.555266824659329,0.001504968064810583,-8.500852762454208,0.08732748282246891,,,-9.828555880259145,0.09098177156978836
-9.534719944351496,0.02365513489960985,-8.544384012218305,0.001272609966485078,-8.489969950013185,0.07290680132222159,,,-9.81767306781812,0.1086017515228284
-9.52383713191047,0.0260121206689499,-8.53350119977728,0.001072951339972414,-8.47908713757216,0.06068779057755549,,,-9.806790255377097,0.1292517821014718
-9.512954319469447,0.0285195082226785,-8.522618387336257,0.0009019477921713795,-8.468204325131136,0.05036754470628308,,,-9.795907442936073,0.1533746236067847
-9.502071507028424,0.03117627631478856,-8.511735574895233,0.0007559610794095412,-8.457321512690113,0.041678914426008,,,-9.785024630495048,0.1814628512098684
-9.491188694587398,0.03397992249465397,-8.500852762454208,0.000631733827550613,-8.446438700249088,0.03438730761224368,,,-9.774141818054025,0.2140618090938129
-9.480305882146375,0.03692635614007602,-8.489969950013185,0.0005263631593841247,-8.435555887808064,0.02828759970642654,,,-9.763259005613,0.2517722629895107
-9.46942306970535,0.04000980618117107,-8.47908713757216,0.0004372738331981187,-8.424673075367041,0.02320118481351243,,,-9.752376193171976,0.2952526449179851
-9.458540257264326,0.04322274653841969,-8.468204325131136,0.0003621914073313156,-8.413790262926016,0.01897319033954483,,,-9.741493380730953,0.3452207738652209
-9.447657444823303,0.04655584218360206,-8.457321512690113,0.0002991158599177833,-8.402907450484992,0.01546987093576734,,,-9.730610568289928,0.402454927195502
-9.436774632382278,0.04999791853638842,-8.446438700249088,0.0002462960124654184,-8.392024638043967,0.01257619134888759,,,-9.719727755848904,0.4677941303195239
-9.425891819941254,0.05353595663053679,-8.435555887808064,0.0002022050314575415,-8.381141825602944,0.01019360251183852,,,-9.708844943407881,0.5421375269670597
-9.415009007500231,0.05715511612288187,-8.424673075367041,0.0001655172145913221,-8.37025901316192,0.008238010809343456,,,-9.697962130966856,0.6264426898810331
-9.404126195059206,0.06083878777906861,-8.413790262926016,0.0001350862080103551,-8.359376200720895,0.006637936864870064,,,-9.687079318525832,0.7217227323631825
-9.393243382618182,0.06456867655844906,-8.402907450484992,0.0001099247481215077,-8.348493388279872,0.005332857355386618,,,-9.676196506084807,0.8290420853586588
-9.382360570177157,0.06832491584552619,-8.392024638043967,8.918597624804396e-05,-8.337610575838848,0.004271721195172045,,,-9.665313693643784,0.9495108131304697
-9.371477757736134,0.07208621274817259,-5.45366527896747,0.0001175196845651035,-8.326727763397823,0.003411629863040052,,,-9.65443088120276,1.084277353450631
-9.36059494529511,0.07583002371727918,-5.442782466526446,0.0001435187851999593,-8.3158449509568,0.002716670600819904,,,-9.643548068761735,1.23451958594937
-9.349712132854085,0.07953275905428281,-5.431899654085422,0.0001747515288684946,-8.304962138515775,0.002156890608222065,,,-9.632665256320712,1.401434155039789
-9.338829320413062,0.08317001417958329,-5.421016841644398,0.0002121520926935779,-8.294079326074751,0.001707400127032729,,,-9.621782443879688,1.586224001769498
-9.327946507972039,0.0867168248547889,-5.410134029203373,0.0002567957062592315,-8.283196513633728,0.001347592377425807,,,-9.610899631438663,1.790084091991054
-9.317063695531013,0.09014794290422153,-5.39925121676235,0.0003099147863720782,-8.272313701192703,0.0010604686183579,,,-9.60001681899764,2.014185366169879
-9.30618088308999,0.09343812838538634,-5.388368404321326,0.0003729159325638932,-8.261430888751679,0.0008125477940535766,,,-9.589134006556614,2.259656978558385
-9.295298070648965,0.09656245363276082,-5.377485591880301,0.0004473976325925333,-8.250548076310656,0.0005967448891427458,,,-9.578251194115591,2.527566939759944
-9.284415258207941,0.09949661416160435,-5.366602779439277,0.0005351684796670905,-8.239665263869631,0.0003485637436731367,,,-9.567368381674568,2.818901326087731
-9.273532445766918,0.1022172410839635,-5.355719966998254,0.0006382656509253791,-8.228782451428607,0,,,-9.556485569233542,3.134542270593883
-9.262649633325893,0.1047022094705876,-5.344837154557229,0.0007589733403949889,-4.86599340715217,0.0001101978903497312,,,-9.545602756792519,3.475245003017001
-9.251766820884869,0.1069309370000196,-5.333954342116205,0.0008998407800877517,-4.855110594711146,0.000130547605441412,,,-9.534719944351496,3.84161425781108
-9.240884008443846,0.1088846672761797,-5.323071529675182,0.001063699421094686,-4.844227782270123,0.000153003952892909,,,-9.52383713191047,4.234080419370665
-9.230001196002821,0.1105467323710682,-5.312188717234157,0.001253678783930278,-4.833344969829098,0.0001788078911445162,,,-9.512954319469447,4.652875819936913
-9.219118383561797,0.1119027894585518,-5.301305904793133,0.001473220425576583,-4.822462157388074,0.000208364554036647,,,-9.502071507028424,5.098011646769228
-9.208235571120772,0.1129410268433384,-5.290423092352109,0.001726089411640354,-4.81157934494705,0.0002421125112997228,,,-9.491188694587398,5.569255949289589
-9.197352758679749,0.1136523352470037,-5.279540279911085,0.002016382627971948,-4.800696532506026,0.0002805241416028866,,,-9.480305882146375,6.066113262379177
-9.186469946238725,0.1140465411814267,-5.268657467470061,0.002348533219457359,-4.789813720065002,0.000324105621379086,,,-9.46942306970535,6.587806377254496
-9.1755871337977,0.1141535018459265,-5.257774655029037,0.002753670165352811,-4.778930907623978,0.000373396483444563,,,-9.458540257264326,7.133260794957073
-9.164704321356677,0.114073809574709,-5.246891842588012,0.003191567031417191,-4.768048095182953,0.0004289687036561258,,,-9.447657444823303,7.701092388264229
-9.153821508915653,0.1137766360587685,-5.236009030146989,0.00368855458410337,-4.75716528274193,0.0004914252799142558,,,-9.436774632382278,8.289598774860423
-9.142938696474628,0.1131469695098323,-5.225126217705965,0.004250826897124804,-4.746282470300906,0.0005613982758124116,,,-9.425891819941254,8.896754867331696
-9.132055884033605,0.1121885549564137,-5.21424340526494,0.004884957991879216,-4.735399657859881,0.0006395463111845125,,,-9.415009007500231,9.520213013781753
-9.12117307159258,0.1109098116763109,-5.203360592823916,0.005597888291244893,-4.724516845418857,0.0007265514936776892,,,-9.404126195059206,10.15730807686876
-9.110290259151556,0.1093218980413858,-5.192477780382893,0.006396905718765051,-4.713634032977834,0.0008231157991625568,,,-9.393243382618182,10.80506771953143
-9.099407446710533,0.1074385494077041,-5.181594967941868,0.007308907566512838,-4.702751220536809,0.0009299569241082664,,,-9.382360570177157,11.46022807378454
-9.088524634269508,0.105275880332982,-5.170712155500844,0.008308635799605975,-4.691868408095785,0.001047803649569356,,,-9.371477757736134,12.11925486635096
-9.077641821828484,0.1028521551037683,-5.15982934305982,0.009419555172351738,-4.680985595654761,0.001177390774151053,,,-9.36059494529511,12.77836996363452
-9.066759009387461,0.1001875311405173,-5.148946530618796,0.01065039855514095,-4.670102783213737,0.001319453691221915,,,-9.349712132854085,13.43358318110135
-9.055876196946436,0.09730378031767786,-5.138063718177772,0.01201015503387807,-4.659219970772713,0.001474722703422147,,,-9.338829320413062,14.08072908134651
-9.044993384505412,0.09422399357801907,-5.127180905736748,0.01350804069815897,-4.648337158331689,0.001643917184784826,,,-9.327946507972039,14.71550836407193
-9.034110572064387,0.09097227442938723,-5.116298093295724,0.01515347084442699,-4.637454345890665,0.001827739716286733,,,-9.317063695531013,15.33353333316702
-9.023227759623364,0.08757342698573022,-5.1054152808547,0.01695603545860871,-4.626571533449641,0.002026870333983862,,,-9.30618088308999,15.93037681443226
-9.01234494718234,0.08405264415429725,-5.094532468413676,0.01892548009496891,-4.615688721008617,0.00224240980854674,,,-9.295298070648965,16.50162379556054
-9.001462134741315,0.08043520138301304,-5.083649655972652,0.02107169449270546,-4.604805908567593,0.002474205365920235,,,-9.284415258207941,17.04292497100727
-8.990579322300292,0.07674616107525435,-5.072766843531627,0.02340471145604965,-4.593923096126569,0.002723194324169895,,,-9.273532445766918,17.55005130130375
-8.979696509859268,0.07301009236586561,-5.061884031090604,0.02593471865340011,-4.583040283685545,0.002989924698499982,,,-9.262649633325893,18.01894864181772
-8.968813697418243,0.06925081044709501,-5.05100121864958,0.02867208605186652,-4.572157471244521,0.003274902047699302,,,-9.251766820884869,18.44579146210021
-8.95793088497722,0.065491139053132,-5.040118406208555,0.03162741168105742,-4.561274658803496,0.003578587942859687,,,-9.240884008443846,18.82703466540172
-8.947048072536194,0.06175269907541405,-5.029235593767531,0.03481158830001594,-4.550391846362473,0.003901399605609274,,,-9.230001196002821,19.15946252969947
-8.936165260095171,0.05805572560697418,-5.018352781326508,0.03823589331096038,-4.539509033921449,0.004243710800793259,,,-9.219118383561797,19.44023382699428
-8.925282447654148,0.05441891502208969,-5.007469968885483,0.0419121039116972,-4.528626221480424,0.004605854033475707,,,-9.208235571120772,19.66692223635517
-8.914399635213123,0.0508593030061616,-4.996587156444459,0.04585263899639796,-4.5177434090394,0.004988124059031214,,,-9.197352758679749,19.83755124715941
-8.903516822772099,0.04739217377787477,-4.985704344003435,0.05007072869608899,-4.506860596598377,0.00539078266868371,,,-9.186469946238725,19.951939733371
-8.892634010331076,0.04403100010746862,-4.974821531562411,0.05458061169365766,-4.495977784157352,0.005814064662161319,,,-9.1755871337977,20.01171246498289
-8.881751197890051,0.04078741314567174,-4.963938719121387,0.05939775955577754,-4.485094971716328,0.006258184865486472,,,-9.164704321356677,20.0229222681032
-8.870868385449027,0.03767120054948294,-4.953055906680363,0.06453912630319389,-4.474212159275304,0.006723379967834046,,,-9.153821508915653,20.00061844725439
-8.859985573008002,0.03469033093299483,-4.942173094239338,0.07002342030401075,-4.46332934683428,0.007209790628355723,,,-9.142938696474628,19.93709949341335
-8.849102760566979,0.03185100229067059,-4.931290281798315,0.07587139434046823,-4.452446534393256,0.007717647980435806,,,-9.132055884033605,19.8151437715809
-8.838219948125955,0.02915771174105075,-4.920407469357291,0.08210614839261753,-4.441563721952232,0.008247170626503203,,,-9.12117307159258,19.63582581116398
-8.82733713568493,0.02661334372232826,-4.909524656916266,0.0887534383326548,-4.430680909511207,0.008798599359135609,,,-9.110290259151556,19.40071771017239
-8.816454323243907,0.02421927363666323,-4.898641844475242,0.09584198236752875,-4.419798097070184,0.009372204560814583,,,-9.099407446710533,19.11186618692724
-8.805571510802883,0.0219754838843518,-4.887759032034219,0.1034037557461077,-4.40891528462916,0.009968292290164223,,,-9.088524634269508,18.77176291567579
-8.794688698361858,0.0198806892468885,-4.876876219593195,0.1114742630065387,-4.398032472188135,0.01058720860362096,,,-9.077641821828484,18.38330874739513
-8.783805885920835,0.01793246866279907,-4.86599340715217,0.1200927759289018,-4.387149659747111,0.01122934166869726,,,-9.066759009387461,17.9497725341891
-8.772923073479811,0.01612740058380734,-4.855110594711146,0.129340141633798,-4.376266847306088,0.01189512124813679,,,-9.055876196946436,17.4747453742824
-8.762040261038786,0.01446119929244586,-4.844227782270123,0.1391989949855265,-4.365384034865063,0.01258501517410059,,,-9.044993384505412,16.96209117240414
-8.751157448597763,0.01292884979606687,-4.833344969829098,0.1497506422320485,-4.354501222424039,0.01329952248832751,,,-9.034110572064387,16.41589446569132
-8.740274636156737,0.01152473917657913,-4.822462157388074,0.1610513371678748,-4.343618409983015,0.01403916299763363,,,-9.023227759623364,15.84040649717547
-8.729391823715714,0.01024278256045397,-4.81157934494705,0.173161463191797,-4.332735597541991,0.01480458089999524,,,-9.01234494718234,15.23999052719479
-8.718509011274691,0.009076542170323077,-4.800696532506026,0.1861453144666077,-4.321852785100967,0.01559629011073659,,,-9.001462134741315,14.61906735813848
-8.707626198833665,0.008019338219181181,-4.789813720065002,0.2000707556837559,-4.310969972659943,0.01641465253408075,,,-8.990579322300292,13.98206201088302
-8.696743386392642,0.007064350702990728,-4.778930907623978,0.2150087510458685,-4.300087160218919,0.01726008945970696,,,-8.979696509859268,13.33335243382582
-8.685860573951619,0.006204711430528871,-4.768048095182953,0.2310327552514159,-4.289204347777895,0.01813293520374534,,,-8.968813697418243,12.67722104979721
-8.674977761510593,0.00543358589486926,-4.75716528274193,0.2482179618998635,-4.278321535336871,0.01903340574511865,,,-8.95793088497722,12.01780985500902
-8.66409494906957,0.004744244834340263,-4.746282470300906,0.2666404078075732,-4.267438722895847,0.01996156510712234,,,-8.947048072536194,11.35907968059347
-8.653212136628545,0.004130125548682538,-4.735399657859881,0.2863759351931257,-4.256555910454822,0.02093130793904982,,,-8.936165260095171,10.70477411443612
-8.642329324187521,0.003584883226095992,-4.724516845418857,0.3074990174973365,-4.245673098013799,0.02194216372307798,,,-8.925282447654148,10.05838846227128
-8.631446511746498,0.003102432697627799,-4.713634032977834,0.3300814586729333,-4.234790285572775,0.02297926276875449,,,-8.914399635213123,9.42314400574493
-8.620563699305473,0.00267698116658278,-4.702751220536809,0.3543543522599291,-4.22390747313175,0.0240414649176051,,,-8.903516822772099,8.801967694618572
-8.609680886864449,0.002303052562862693,-4.691868408095785,0.3803783809946049,-4.213024660690726,0.02512731261739769,,,-8.892634010331076,8.19747729354731
-8.598798074423426,0.001975504246618019,-4.680985595654761,0.4080422595342949,-4.202141848249703,0.0262350046938345,,,-8.881751197890051,7.611971893690648
-8.587915261982401,0.00168953683417697,-4.670102783213737,0.4373893465690123,-4.191259035808678,0.02736237400496624,,,-8.870868385449027,7.04742759822815
-8.577032449541377,0.001440697944214571,-4.659219970772713,0.4684526759744522,-4.180376223367654,0.02850686989769459,,,-8.859985573008002,6.505498100665678
-8.566149637100352,0.001224880666181604,-4.648337158331689,0.5012533775756614,-4.16949341092663,0.02966554632224368,,,-8.849102760566979,5.98751979720012
-8.555266824659329,0.001038317538974613,-4.637454345890665,0.5357991509789088,-4.158610598485606,0.03083505636738705,,,-8.838219948125955,5.494521010464779
-8.544384012218305,0.0008775707986297289,-4.626571533449641,0.5720828302276045,-4.147727786044582,0.03201165385795022,,,-8.82733713568493,5.027234852342075
-8.53350119977728,0.0007395196123891918,-4.615688721008617,0.610126552963801,-4.136844973603558,0.03319249072180883,,,-8.816454323243907,4.586115218390225
-8.522618387336257,0.0006213449656481253,-4.604805908567593,0.649811479902326,-4.125962161162533,0.03437084249277805,,,-8.805571510802883,4.171355385548088
-8.511735574895233,0.0005205128107007049,-4.593923096126569,0.6911148070671895,-4.11507934872151,0.03554287379094518,,,-8.794688698361858,3.78290867753585
-8.500852762454208,0.0004347560243089225,-4.583040283685545,0.7339595530878964,-4.104196536280486,0.03670343548676924,,,-8.783805885920835,3.420510667803907
-8.489969950013185,0.0003620556570928459,-4.572157471244521,0.7782495927612151,-4.093313723839461,0.03784710935895164,,,-8.772923073479811,3.083702406767529
-8.47908713757216,0.0003006218934834433,-4.561274658803496,0.8238695950606907,-4.082430911398437,0.03896825706307658,,,-8.762040261038786,2.771854186956468
-8.468204325131136,0.0002488750780867266,-4.550391846362473,0.8706852996600897,-4.071548098957414,0.04006107582491556,,,-8.751157448597763,2.484189395011108
-8.457321512690113,0.0002054271040844704,-4.539509033921449,0.918544151060342,-4.060665286516389,0.04111966002155632,,,-8.740274636156737,2.219808041488244
-8.446438700249088,0.0001690634027593317,-4.528626221480424,0.9672763023118178,-4.049782474075365,0.0421380676467728,,,-8.729391823715714,1.977709606489617
-8.435555887808064,0.0001387257211291882,-4.5177434090394,1.016695992426175,-4.038899661634341,0.04311039051476306,,,-8.718509011274691,1.756814889513175
-8.424673075367041,0.0001134958275095863,-4.506860596598377,1.066603293044595,-4.028016849193317,0.04403082694345006,,,-8.707626198833665,1.5559866040449
-8.413790262926016,9.258024287821718e-05,-4.495977784157352,1.116786210972459,-4.017134036752293,0.04489375557892315,,,-8.696743386392642,1.37404850977041
-5.39925121676235,0.000108962399075256,-4.485094971716328,1.167023124030302,-4.006251224311269,0.04569380897913874,,,-8.685860573951619,1.209802926554034
-5.388368404321326,0.0001311128621554828,-4.474212159275304,1.217116550651945,-3.995368411870245,0.04642594556930572,,,-8.674977761510593,1.062046523347735
-5.377485591880301,0.0001572997531306704,-4.46332934683428,1.266780724008457,-3.984485599429221,0.04708551861374338,,,-8.66409494906957,0.9295843209845469
-5.366602779439277,0.0001881589521320021,-4.452446534393256,1.315807174943637,-3.973602786988197,0.04766838687777777,,,-8.653212136628545,0.811241889611513
-5.355719966998254,0.0002244067067153819,-4.441563721952232,1.36396606071547,-3.962719974547173,0.04817080293208596,,,-8.642329324187521,0.7058757587566908
-5.344837154557229,0.0002668461126740538,-4.430680909511207,1.411033810439871,-3.951837162106149,0.04858970638330968,,,-8.631446511746498,0.6123820903280403
-5.333954342116205,0.0003163734500437665,-4.419798097070184,1.456796637367594,-3.940954349665125,0.04892261812218274,,,-8.620563699305473,0.529703692015619
-5.323071529675182,0.0003739842237739718,-4.40891528462916,1.501054010525709,-3.930071537224101,0.04922449063105657,,,-8.609680886864449,0.4568354705841419
-5.312188717234157,0.0004407787365227177,-4.398032472188135,1.543622013321108,-3.919188724783077,0.04949367883681071,,,-8.598798074423426,0.3928284415178909
-5.301305904793133,0.0005179669993053183,-4.387149659747111,1.584336516659881,-3.908305912342052,0.04967196738382953,,,-8.587915261982401,0.3367924236545226
-5.290423092352109,0.0006068727649700649,-4.376266847306088,1.623056095946114,-3.897423099901029,0.04975865407740639,,,-8.577032449541377,0.2878975551587708
-5.279540279911085,0.000708936450465816,-4.365384034865063,1.659664625001013,-3.886540287460004,0.04975378890776491,,,-8.566149637100352,0.2453747708578288
-5.268657467470061,0.0008257166974691466,-4.354501222424039,1.694073485445797,-3.875657475018981,0.04965818094019776,,,-8.555266824659329,0.2085153810572493
-5.257774655029037,0.0009682082315909063,-4.343618409983015,1.726223337319742,-3.864774662577956,0.04947641696311356,,,-8.544384012218305,0.1766698889812124
-5.246891842588012,0.001122181690605395,-4.332735597541991,1.757427123829817,-3.853891850136932,0.04920576121743574,,,-8.53350119977728,0.1492461784481128
-5.236009030146989,0.001296934442580327,-4.321852785100967,1.787675504163901,-3.843009037695908,0.0488513953337751,,,-8.522618387336257,0.1257071958108433
-5.225126217705965,0.001494645155698043,-4.310969972659943,1.815637252619672,-3.832126225254884,0.0484172279376452,,,-8.511735574895233,0.1055682410508017
-5.21424340526494,0.001717626285443488,-4.300087160218919,1.84135460847813,-3.82124341281386,0.04790773117476312,,,-8.500852762454208,0.08839397267432846
-5.203360592823916,0.001968319352239634,-4.289204347777895,1.864901007801471,-3.810360600372836,0.04732801769674426,,,-8.489969950013185,0.07379522013869856
-5.192477780382893,0.002249288343332408,-4.278321535336871,1.886379974351863,-3.799477787931812,0.04668379817989036,,,-8.47908713757216,0.06142568630423706
-5.181594967941868,0.002571132604791616,-4.267438722895847,1.905923470609467,-3.788594975490788,0.04598133482889311,,,-8.468204325131136,0.05097861119170111
-5.170712155500844,0.002923012830866021,-4.256555910454822,1.92467141008143,-3.777712163049764,0.04522739173014276,,,-8.457321512690113,0.04218345739001025
-5.15982934305982,0.003314086705398785,-4.245673098013799,1.942796991913815,-3.76682935060874,0.0444291828752082,,,-8.446438700249088,0.03480266702746843
-5.148946530618796,0.003747448620013245,-4.234790285572775,1.959503796986577,-3.755946538167716,0.0435972918887178,,,-8.435555887808064,0.02862853045901327
-5.138063718177772,0.00422628830931107,-4.22390747313175,1.974994705916842,-3.745063725726692,0.04273455840222747,,,-8.424673075367041,0.02348019785561333
-5.127180905736748,0.004753881606536136,-4.213024660690726,1.989486818988401,-3.734180913285667,0.04185158061548452,,,-8.413790262926016,0.01920085679043339
-5.116298093295724,0.005333581866897618,-4.202141848249703,2.003207831288427,-3.723298100844644,0.04095688404964785,,,-8.402907450484992,0.01565509174317487
-5.1054152808547,0.005968812735559585,-4.191259035808678,2.016392268148698,-3.712415288403619,0.04005918463462476,,,-8.392024638043967,0.01272643520031726
-5.094532468413676,0.006663063027230359,-4.180376223367654,2.029277657022428,-3.701532475962595,0.03916733782550422,,,-8.381141825602944,0.01031511469924943
-5.083649655972652,0.007419884564285878,-4.16949341092663,2.042100711471718,-3.690649663521571,0.03831313160244099,,,-8.37025901316192,0.008335995711316884
-5.072766843531627,0.008242893885738798,-4.158610598485606,2.055093600447306,-3.679766851080547,0.03750535106089468,,,-8.359376200720895,0.006716716628851945
-5.061884031090604,0.00913577878510376,-4.147727786044582,2.068480371621428,-3.668884038639523,0.03672973517355956,,,-8.348493388279872,0.005396009248538303
-5.05100121864958,0.01010231065610951,-4.136844973603558,2.082495747465112,-3.658001226198499,0.03599482572534988,,,-8.337610575838848,0.004322195954387791
-5.040118406208555,0.01114636361604325,-4.125962161162533,2.097299626652255,-3.647118413757475,0.03530908786244812,,,-8.326727763397823,0.003451853220350292
-5.029235593767531,0.01227194133221466,-4.11507934872151,2.113090242280315,-3.636235601316451,0.03468087462855294,,,-8.3158449509568,0.002748629996161558
-5.018352781326508,0.01348321239289672,-4.104196536280486,2.130028891521295,-3.625352788875427,0.03411839294649036,,,-8.304962138515775,0.002182208932851669
-5.007469968885483,0.01478455493603656,-4.093313723839461,2.148268244733442,-3.614469976434403,0.03362967101545906,,,-8.294079326074751,0.001727398172139971
-4.996587156444459,0.0161806110737675,-4.082430911398437,2.167902066636735,-3.603587163993379,0.03322252714394102,,,-8.283196513633728,0.001363341497331834
-4.985704344003435,0.01767635142611705,-4.071548098957414,2.189032433394202,-3.592704351552355,0.03290454009768579,,,-8.272313701192703,0.001072834958802772
-4.974821531562411,0.01927714980244889,-4.060665286516389,2.211725894606482,-3.58182153911133,0.03268302110621894,,,-8.261430888751679,0.0008215935154358669
-4.963938719121387,0.0209888677448172,-4.049782474075365,2.236023222100336,-3.570938726670307,0.03256498773464897,,,-8.250548076310656,0.0006025382809656007
-4.953055906680363,0.02281794827604264,-4.038899661634341,2.261939335505646,-3.560055914229282,0.03255713988458684,,,-8.239665263869631,0.0003493662903146847
-4.942173094239338,0.02477151778137908,-4.028016849193317,2.289463560866871,-3.549173101788258,0.03267049771008311,,,-8.228782451428607,0
-4.931290281798315,0.02685749450265142,-4.017134036752293,2.318560188357841,-3.538290289347234,0.03290600975255576,,,-5.475430903849518,0.0001055604095524852
-4.920407469357291,0.02908470164637686,-4.006251224311269,2.349169291623889,-3.52740747690621,0.03326987020336825,,,-5.464548091408494,0.0001296794009473896
-4.909524656916266,0.03146298261346905,-3.995368411870245,2.381207769404507,-3.516524664465186,0.03376734526337491,,,-5.45366527896747,0.0001588382254547753
-4.898641844475242,0.03400331536058436,-3.984485599429221,2.414570569870549,-3.505641852024162,0.03440331967090141,,,-5.442782466526446,0.0001939783045278506
-4.887759032034219,0.03671792241686234,-3.973602786988197,2.449184023282115,-3.494759039583138,0.03518338325705365,,,-5.431899654085422,0.0002361921140590169
-4.876876219593195,0.03962037262128756,-3.962719974547173,2.484814039304487,-3.483876227142114,0.03610978542987176,,,-5.421016841644398,0.0002867422768761516
-4.86599340715217,0.04272567023307486,-3.951837162106149,2.521339557074421,-3.47299341470109,0.03719107219012901,,,-5.410134029203373,0.0003470820606570451
-4.855110594711146,0.04606661806401281,-3.940954349665125,2.558583285972311,-3.462110602260066,0.03842470044367757,,,-5.39925121676235,0.0004188771854834779
-4.844227782270123,0.04963327098585088,-3.930071537224101,2.598268564195652,-3.451227789819042,0.03981544560110539,,,-5.388368404321326,0.000504028794762867
-4.833344969829098,0.05345820059473698,-3.919188724783077,2.640174622958865,-3.440344977378018,0.04136676763253294,,,-5.377485591880301,0.0006046973857753812
-4.822462157388074,0.05756291613696356,-3.908305912342052,2.682138543284764,-3.429462164936993,0.04308403704707277,,,-5.366602779439277,0.0007233274318615064
-4.81157934494705,0.06197051278679558,-3.897423099901029,2.723903897893545,-3.41857935249597,0.04496974426310171,,,-5.355719966998254,0.0008626723577151985
-4.800696532506026,0.0667055942042572,-3.886540287460004,2.765208237383667,-3.407696540054945,0.04701947933119361,,,-5.344837154557229,0.001025819453157558
-4.789813720065002,0.07179415048130415,-3.875657475018981,2.80578529744149,-3.396813727613921,0.04923919101500634,,,-5.333954342116205,0.001216214230236462
-4.778930907623978,0.07726338795768445,-3.864774662577956,2.845434443219108,-3.385930915172897,0.05163074035831796,,,-5.323071529675182,0.001437683644992712
-4.768048095182953,0.08314150816965288,-3.853891850136932,2.883824329035051,-3.375048102731873,0.0542017411404051,,,-5.312188717234157,0.001694457520599206
-4.75716528274193,0.08945743414747694,-3.843009037695908,2.920655188208604,-3.364165290290849,0.05694382782162923,,,-5.301305904793133,0.001991187425053715
-4.746282470300906,0.09624048339305515,-3.832126225254884,2.955709710617376,-3.353282477849825,0.0598632954626826,,,-5.290423092352109,0.002332962176811723
-4.735399657859881,0.1035199881326323,-3.82124341281386,2.988738186919206,-3.342399665408801,0.06296616431921954,,,-5.279540279911085,0.002725319078672923
-4.724516845418857,0.1113248648309837,-3.810360600372836,3.019501020709707,-3.331516852967777,0.06624662518504446,,,-5.268657467470061,0.003174249917200402
-4.713634032977834,0.1196831364457689,-3.799477787931812,3.047771144274396,-3.320634040526753,0.0697128592486701,,,-5.257774655029037,0.003721880711922545
-4.702751220536809,0.1286788522218938,-3.788594975490788,3.073336478798212,-3.309751228085729,0.07336220236382811,,,-5.246891842588012,0.004313751686265657
-4.691868408095785,0.1383361432743873,-3.777712163049764,3.095999934854451,-3.298868415644705,0.07719863307056656,,,-5.236009030146989,0.004985492811068176
-4.680985595654761,0.1486186471661375,-3.76682935060874,3.11559249687379,-3.287985603203681,0.08122424470039212,,,-5.225126217705965,0.005745476869985252
-4.670102783213737,0.1595443110478033,-3.755946538167716,3.132008419448709,-3.277102790762656,0.08544119187671054,,,-5.21424340526494,0.006602590390991016
-4.659219970772713,0.1711273591817195,-3.745063725726692,3.14503577866707,-3.266219978321633,0.08985167841910957,,,-5.203360592823916,0.007566215379671619
-4.648337158331689,0.183377705308509,-3.734180913285667,3.154614485503523,-3.255337165880608,0.09445794148622737,,,-5.192477780382893,0.008646203822472888
-4.637454345890665,0.1963003832238023,-3.723298100844644,3.16067611898889,-3.244454353439584,0.0992622335768176,,,-5.181594967941868,0.009880327845925716
-4.626571533449641,0.2098950094876629,-3.712415288403619,3.163184776349286,-3.233571540998561,0.1042717659266562,,,-5.170712155500844,0.01123201666922769
-4.615688721008617,0.2241632005720844,-3.701532475962595,3.162139274567561,-3.222688728557536,0.1094802377145147,,,-5.15982934305982,0.01273411134700372
-4.604805908567593,0.2390787296621933,-3.690649663521571,3.159889834326391,-3.211805916116512,0.114966012697267,,,-5.148946530618796,0.01439844426846996
-4.593923096126569,0.2546285495812279,-3.679766851080547,3.156489981214884,-3.200923103675488,0.120725978829701,,,-5.138063718177772,0.01623720052222096
-4.583040283685545,0.2707865252949842,-3.668884038639523,3.149698337939242,-3.190040291234464,0.1266894836984596,,,-5.127180905736748,0.01826287966656188
-4.572157471244521,0.287519433508324,-3.658001226198499,3.139630255711015,-3.17915747879344,0.1328630610907406,,,-5.116298093295724,0.02048825962084403
-4.561274658803496,0.3047869186805323,-3.647118413757475,3.126444508977018,-3.168274666352416,0.1392481986247896,,,-5.1054152808547,0.0229263652243106
-4.550391846362473,0.3225415723279749,-3.636235601316451,3.110344221130154,-3.157391853911392,0.1458466048868945,,,-5.094532468413676,0.02559044435144577
-4.539509033921449,0.3407291427384116,-3.625352788875427,3.091577302386102,-3.146509041470368,0.1526603094207058,,,-5.083649655972652,0.02849395477786903
-4.528626221480424,0.3592888795907252,-3.614469976434403,3.070436361721391,-3.135626229029344,0.1596917834394465,,,-5.072766843531627,0.031650565240626
-4.5177434090394,0.3781540150372151,-3.603587163993379,3.047258063219746,-3.12474341658832,0.1669440815891949,,,-5.061884031090604,0.03507417431231155
-4.506860596598377,0.3972523796257619,-3.592704351552355,3.022421906574796,-3.113860604147296,0.1744210043143846,,,-5.05100121864958,0.03877895079015909
-4.495977784157352,0.4165071480908037,-3.58182153911133,2.996348421570569,-3.102977791706272,0.1821272795079823,,,-5.040118406208555,0.04277939926930571
-4.485094971716328,0.435837706610049,-3.570938726670307,2.969496776810383,-3.092094979265247,0.1900687611896032,,,-5.029235593767531,0.0470904544047987
-4.474212159275304,0.4551647305412032,-3.560055914229282,2.942361813486095,-3.081212166824224,0.1982526419705917,,,-5.018352781326508,0.05172760705187793
-4.46332934683428,0.4743960026583823,-3.549173101788258,2.917072607519817,-3.070329354383199,0.2066876750652737,,,-5.007469968885483,0.05670706499328766
-4.452446534393256,0.4934490179703244,-3.538290289347234,2.89413149657164,-3.059446541942175,0.2153884953797239,,,-4.996587156444459,0.06204595030369415
-4.441563721952232,0.5122387023512867,-3.52740747690621,2.872527701683357,-3.048563729501151,0.2243643224176701,,,-4.985704344003435,0.06776253455671813
-4.430680909511207,0.5306818431082447,-3.516524664465186,2.852831747530745,-3.037680917060127,0.2336308076437419,,,-4.974821531562411,0.0738765120467216
-4.419798097070184,0.5486983333947079,-3.505641852024162,2.835628541996432,-3.026798104619103,0.2432039358865383,,,-4.963938719121387,0.08040930997834865
-4.40891528462916,0.5662123970230687,-3.494759039583138,2.821523940487212,-3.015915292178079,0.253103587429607,,,-4.953055906680363,0.087384433181682
-4.398032472188135,0.5831537664496614,-3.483876227142114,2.811095184194296,-3.005032479737055,0.2633515421764544,,,-4.942173094239338,0.09482783935688638
-4.387149659747111,0.599458786735358,-3.47299341470109,2.804994235308466,-2.994149667296031,0.2739752521627971,,,-4.931290281798315,0.1027683391643744
-4.376266847306088,0.6150714190360503,-3.462110602260066,2.803752419740495,-2.983266854855007,0.2850020594233019,,,-4.920407469357291,0.111238013687962
-4.365384034865063,0.6299441186612975,-3.451227789819042,2.807937523303316,-2.972384042413983,0.2964633407801767,,,-4.909524656916266,0.1202726399504022
-4.354501222424039,0.6440385649432343,-3.440344977378018,2.818123441763418,-2.961501229972959,0.3083933219882549,,,-4.898641844475242,0.129912113302137
-4.343618409983015,0.657326223046322,-3.429462164936993,2.834869954838969,-2.950618417531935,0.3208289343935516,,,-4.887759032034219,0.1402008536913295
-4.332735597541991,0.67026300601566,-3.41857935249597,2.858666045103857,-2.93973560509091,0.3339633582474703,,,-4.876876219593195,0.151188181118747
-4.321852785100967,0.6828366805192178,-3.407696540054945,2.889896323939884,-2.928852792649887,0.3478443135713169,,,-4.86599340715217,0.1629286440523264
-4.310969972659943,0.694566905151319,-3.396813727613921,2.929059829262619,-2.917969980208862,0.3623586454153323,,,-4.855110594711146,0.1755373073032522
-4.300087160218919,0.7054578970807877,-3.385930915172897,2.976500215066504,-2.907087167767838,0.3775407827191,,,-4.844227782270123,0.1889852699242703
-4.289204347777895,0.7155238299795831,-3.375048102731873,3.03259855401616,-2.896204355326814,0.393433498137289,,,-4.833344969829098,0.20338765071793
-4.278321535336871,0.7247883122774239,-3.364165290290849,3.097505130037117,-2.88532154288579,0.4100801442297528,,,-4.822462157388074,0.2188226178588749
-4.267438722895847,0.7332836710711584,-3.353282477849825,3.17146933213427,-2.874438730444766,0.427522807722131,,,-4.81157934494705,0.2353740884898922
-4.256555910454822,0.7414532564645447,-3.342399665408801,3.254672305418636,-2.863555918003742,0.4458030523790142,,,-4.800696532506026,0.2531314328124677
-4.245673098013799,0.7493404115901292,-3.331516852967777,3.347087091935877,-2.852673105562718,0.4649603358354897,,,-4.789813720065002,0.2721890117864392
-4.234790285572775,0.7565873345326668,-3.320634040526753,3.448830648065832,-2.841790293121694,0.4850311988745214,,,-4.778930907623978,0.2926455354869975
-4.22390747313175,0.7632438585878815,-3.309751228085729,3.559723807600024,-2.83090748068067,0.5061997459805029,,,-4.768048095182953,0.3146032321247249
-4.213024660690726,0.7693629768153313,-3.298868415644705,3.679658657566351,-2.820024668239646,0.5284926910736443,,,-4.75716528274193,0.3381668213272547
-4.202141848249703,0.774999515763659,-3.287985603203681,3.808414502841935,-2.809141855798622,0.5517784385743317,,,-4.746282470300906,0.3634422894764409
-4.191259035808678,0.7802087903743234,-3.277102790762656,3.945696725366292,-2.798259043357598,0.5760702165786423,,,-4.735399657859881,0.3905354696369425
-4.180376223367654,0.7850452723131864,-3.266219978321633,4.091137491896516,-2.787376230916573,0.6013738721870289,,,-4.724516845418857,0.419550433821998
-4.16949341092663,0.7895613035430114,-3.255337165880608,4.244297188228021,-2.77649341847555,0.6276870510212872,,,-4.713634032977834,0.4505877109178647
-4.158610598485606,0.793805885622169,-3.244454353439584,4.404666605421401,-2.765610606034525,0.6549980882389245,,,-4.702751220536809,0.4839631614059311
-4.147727786044582,0.7978235730322557,-3.233571540998561,4.571717014714269,-2.754727793593502,0.6832868027453582,,,-4.691868408095785,0.5197623279185616
-4.136844973603558,0.8016564806805446,-3.222688728557536,4.744728678520527,-2.743844981152477,0.7125215615782372,,,-4.680985595654761,0.5578382974745834
-4.125962161162533,0.8053323555157772,-3.211805916116512,4.924232034622119,-2.732962168711453,0.7426613424297995,,,-4.670102783213737,0.5982531113080375
-4.11507934872151,0.8088795363452902,-3.200923103675488,5.109405715593497,-2.722079356270429,0.7736516848455114,,,-4.659219970772713,0.641054757859594
-4.104196536280486,0.8123166624805682,-3.190040291234464,5.298278482790423,-2.711196543829405,0.8054290296364561,,,-4.648337158331689,0.6862750000689551
-4.093313723839461,0.8156547118952391,-3.17915747879344,5.490032453056298,-2.700313731388381,0.837921060407634,,,-4.637454345890665,0.733927273918998
-4.082430911398437,0.8188969067355913,-3.168274666352416,5.684449850531897,-2.689430918947357,0.8710352163363355,,,-4.626571533449641,0.7840047100492511
-4.071548098957414,0.8220388080608624,-3.157391853911392,5.880619437785639,-2.678548106506333,0.9046794510108389,,,-4.615688721008617,0.8365321633444321
-4.060665286516389,0.825068591725295,-3.146509041470368,6.076946170737989,-2.667665294065309,0.9387394277827321,,,-4.604805908567593,0.8913644149304397
-4.049782474075365,0.8279674934751128,-3.135626229029344,6.272499042213494,-2.656782481624285,0.9731003032634388,,,-4.593923096126569,0.9484665509725874
-4.038899661634341,0.8307104066536704,-3.12474341658832,6.466356160770864,-2.645899669183261,1.007631663700019,,,-4.583040283685545,1.00773600308138
-4.028016849193317,0.8332666124472181,-3.113860604147296,6.657616034663526,-2.635016856742237,1.042200332624269,,,-4.572157471244521,1.069043928317239
-4.017134036752293,0.8356006196549679,-3.102977791706272,6.845409142663601,-2.624134044301213,1.076806463597475,,,-4.561274658803496,1.132235101684083
-4.006251224311269,0.8376730888046733,-3.092094979265247,7.028909650561148,-2.613251231860188,1.111299814356858,,,-4.550391846362473,1.197128271593674
-3.995368411870245,0.8394418140874412,-3.081212166824224,7.207347116702193,-2.602368419419165,1.145373566081148,,,-4.539509033921449,1.263517004599547
-3.984485599429221,0.8408627360742672,-3.070329354383199,7.380018015988901,-2.59148560697814,1.178862259225566,,,-4.528626221480424,1.331171035936018
-3.973602786988197,0.8418909585500256,-3.059446541942175,7.546318587087617,-2.580602794537116,1.211601310150594,,,-4.5177434090394,1.399838131522421
-3.962719974547173,0.8424817435386919,-3.048563729501151,7.708326969190852,-2.569719982096092,1.243479280786175,,,-4.506860596598377,1.469246455339041
-3.951837162106149,0.8425914615124345,-3.037680917060127,7.865586251706086,-2.558837169655068,1.274329180701907,,,-4.495977784157352,1.539107423725424
-3.940954349665125,0.8421784745371215,-3.026798104619103,8.015080218342204,-2.547954357214044,1.304130993933141,,,-4.485094971716328,1.609119015505837
-3.930071537224101,0.8420331683558776,-3.015915292178079,8.156548314336492,-2.53707154477302,1.332761235199525,,,-4.474212159275304,1.679004661160982
-3.919188724783077,0.8421128310359057,-3.005032479737055,8.289824096536533,-2.526188732331996,1.35985893892452,,,-4.46332934683428,1.748386517295195
-3.908305912342052,0.8415423496845196,-2.994149667296031,8.414964473809215,-2.515305919890972,1.38522732006054,,,-4.452446534393256,1.816973840894397
-3.897423099901029,0.8402807158193478,-2.983266854855007,8.532056687160816,-2.504423107449948,1.408863304180953,,,-4.441563721952232,1.88445193369326
-3.886540287460004,0.8382923491723271,-2.972384042413983,8.641360136916346,-2.493540295008924,1.430885903877213,,,-4.430680909511207,1.950514252907251
-3.875657475018981,0.8355475234954922,-2.961501229972959,8.743268644749007,-2.4826574825679,1.451019171063523,,,-4.419798097070184,2.014867175323117
-3.864774662577956,0.8320227045609683,-2.950618417531935,8.838308202051346,-2.471774670126876,1.468882867174966,,,-4.40891528462916,2.077234699838942
-3.853891850136932,0.8277005543127268,-2.93973560509091,8.930555037620303,-2.460891857685852,1.484367997638177,,,-4.398032472188135,2.137362988374391
-3.843009037695908,0.8225702049017666,-2.928852792649887,9.023377582575424,-2.450009045244828,1.497677627466059,,,-4.387149659747111,2.195024645063937
-3.832126225254884,0.8166270494538261,-2.917969980208862,9.114156720399087,-2.439126232803804,1.508729584707752,,,-4.376266847306088,2.250022636230301
-3.82124341281386,0.809872611018453,-2.907087167767838,9.201151352554401,-2.428243420362779,1.517157280559351,,,-4.365384034865063,2.30219375883641
-3.810360600372836,0.8023142917454185,-2.896204355326814,9.285335624354888,-2.417360607921756,1.523127675820434,,,-4.354501222424039,2.351411572877359
-3.799477787931812,0.7939650509940663,-2.88532154288579,9.367792681358331,-2.406477795480731,1.526601919861089,,,-4.343618409983015,2.397588723363698
-3.788594975490788,0.7848430276258834,-2.874438730444766,9.44960730171074,-2.395594983039707,1.52746986321864,,,-4.332735597541991,2.442494710745472
-3.777712163049764,0.7749702430122122,-2.863555918003742,9.53192148265857,-2.384712170598683,1.525727311306269,,,-4.321852785100967,2.486108474793856
-3.76682935060874,0.7643758680668268,-2.852673105562718,9.615941471286561,-2.373829358157659,1.521260552076157,,,-4.310969972659943,2.526618810305072
-3.755946538167716,0.7530898798820408,-2.841790293121694,9.702861896762387,-2.362946545716635,1.514098119008718,,,-4.300087160218919,2.564072595018625
-3.745063725726692,0.7411467388992562,-2.83090748068067,9.79638144046071,-2.352063733275611,1.504289550498221,,,-4.289204347777895,2.598557772984799
-3.734180913285667,0.7285839048593794,-2.820024668239646,9.897625936562903,-2.341180920834587,1.491900827940772,,,-4.278321535336871,2.630201692374406
-3.723298100844644,0.7154413533156565,-2.809141855798622,10.00512775040865,-2.330298108393563,1.47701742334552,,,-4.267438722895847,2.659168706787747
-3.712415288403619,0.7017611876569972,-2.798259043357598,10.11986179235202,-2.319415295952539,1.459734963035707,,,-4.256555910454822,2.687055974485026
-3.701532475962595,0.6875872674778929,-2.787376230916573,10.24270914662236,-2.308532483511515,1.440420933124623,,,-4.245673098013799,2.714079567227022
-3.690649663521571,0.6733673826280554,-2.77649341847555,10.37443851800271,-2.297649671070491,1.419202858200763,,,-4.234790285572775,2.739070394287999
-3.679766851080547,0.6591443495136399,-2.765610606034525,10.51565355159749,-2.286766858629467,1.396303980499734,,,-4.22390747313175,2.762280029422329
-3.668884038639523,0.6445557875624837,-2.754727793593502,10.66692672792558,-2.275884046188442,1.372212807765083,,,-4.213024660690726,2.78397710842113
-3.658001226198499,0.6296425718693697,-2.743844981152477,10.82854770302191,-2.265001233747419,1.346742088831356,,,-4.202141848249703,2.80444235174592
-3.647118413757475,0.6144461964734422,-2.732962168711453,11.00073111628516,-2.254118421306394,1.319710874707075,,,-4.191259035808678,2.823963432527988
-3.636235601316451,0.5990086650423043,-2.722079356270429,11.18337533095032,-2.24323560886537,1.291287397962009,,,-4.180376223367654,2.84282979923331
-3.625352788875427,0.5833723879800279,-2.711196543829405,11.37631858901895,-2.232352796424346,1.261646725248697,,,-4.16949341092663,2.861327561336973
-3.614469976434403,0.5675800786467265,-2.700313731388381,11.57921916005248,-2.221469983983322,1.230969830188243,,,-4.158610598485606,2.879734542436863
-3.603587163993379,0.551674641791029,-2.689430918947357,11.79141188093269,-2.210587171542298,1.199442144980651,,,-4.147727786044582,2.898315598511634
-3.592704351552355,0.5356990480526904,-2.678548106506333,12.01228307200454,-2.199704359101274,1.167252065875371,,,-4.136844973603558,2.917344718867466
-3.58182153911133,0.5196961894437994,-2.667665294065309,12.24067966982767,-2.18882154666025,1.134589424661886,,,-4.125962161162533,2.93700282466081
-3.570938726670307,0.5037087120069376,-2.656782481624285,12.47561818625491,-2.177938734219226,1.101645315814427,,,-4.11507934872151,2.95751265241655
-3.560055914229282,0.4877788233134499,-2.645899669183261,12.7157227495159,-2.167055921778202,1.068605418864023,,,-4.104196536280486,2.979048989488634
-3.549173101788258,0.4721571750733115,-2.635016856742237,12.95964322238311,-2.156173109337178,1.035655651766796,,,-4.093313723839461,3.001770065987632
-3.538290289347234,0.4568819351467224,-2.624134044301213,13.20684574764021,-2.145290296896154,1.002976354968213,,,-4.082430911398437,3.025767230435403
-3.52740747690621,0.4417804702881885,-2.613251231860188,13.45572414166136,-2.13440748445513,0.9709494071131994,,,-4.071548098957414,3.051132317279981
-3.516524664465186,0.4268872262295875,-2.602368419419165,13.70334696652949,-2.123524672014105,0.939809019130753,,,-4.060665286516389,3.077914146353334
-3.505641852024162,0.4122350340606373,-2.59148560697814,13.94775056210445,-2.112641859573082,0.90949971362153,,,-4.049782474075365,3.106128783222222
-3.494759039583138,0.3978548545625444,-2.580602794537116,14.18704780510692,-2.101759047132057,0.8800937441617303,,,-4.038899661634341,3.13576013267408
-3.483876227142114,0.3837755189022622,-2.569719982096092,14.41988894538837,-2.090876234691033,0.8517217680779666,,,-4.028016849193317,3.166761000257541
-3.47299341470109,0.3700247124199686,-2.558837169655068,14.64431581864351,-2.079993422250009,0.8245020814053372,,,-4.017134036752293,3.199054563591732
-3.462110602260066,0.3566245471970305,-2.547954357214044,14.8602142272843,-2.069110609808985,0.7985397343779965,,,-4.006251224311269,3.232536189407702
-3.451227789819042,0.3435962249119118,-2.53707154477302,15.06690302987079,-2.058227797367961,0.7739257806387888,,,-3.995368411870245,3.267075529061254
-3.440344977378018,0.3309580051248908,-2.526188732331996,15.26013071481061,-2.047344984926937,0.7507366703982004,,,-3.984485599429221,3.302518824558561
-3.429462164936993,0.3187256246723924,-2.515305919890972,15.43684267838712,-2.036462172485913,0.7290337963796643,,,-3.973602786988197,3.338743368709919
-3.41857935249597,0.3069105805920468,-2.504423107449948,15.59697007801736,-2.025579360044889,0.7088631997792183,,,-3.962719974547173,3.375466585775265
-3.407696540054945,0.2955110423261297,-2.493540295008924,15.74132142644799,-2.014696547603865,0.6902530894236401,,,-3.951837162106149,3.412520724970167
-3.396813727613921,0.2845491296445953,-2.4826574825679,15.86690605577681,-2.003813735162841,0.6732239623339682,,,-3.940954349665125,3.449684378631615
-3.385930915172897,0.2740166546954553,-2.471774670126876,15.97016084204722,-1.992930922721817,0.657772526112064,,,-3.930071537224101,3.489526223182587
-3.375048102731873,0.2639114022678754,-2.460891857685852,16.05002509346189,-1.982048110280793,0.6438839059518482,,,-3.919188724783077,3.531781132831582
-3.364165290290849,0.2542277574417502,-2.450009045244828,16.10893276306032,-1.971165297839769,0.6315288623515214,,,-3.908305912342052,3.573352860353113
-3.353282477849825,0.2449571416638508,-2.439126232803804,16.14625561582505,-1.960282485398745,0.6206812986507204,,,-3.897423099901029,3.613943267790301
-3.342399665408801,0.2360903040964291,-2.428243420362779,16.158322460502,-1.949399672957721,0.6112885468048394,,,-3.886540287460004,3.65325437546376
-3.331516852967777,0.2276032002590567,-2.417360607921756,16.14734899399939,-1.938516860516696,0.6032661966054615,,,-3.875657475018981,3.690991001877181
-3.320634040526753,0.2194951309808943,-2.406477795480731,16.11329111822795,-1.927634048075672,0.5965328661105401,,,-3.864774662577956,3.726933564743191
-3.309751228085729,0.2117398171874184,-2.395594983039707,16.05665041072937,-1.916751235634648,0.591000864700385,,,-3.853891850136932,3.760730644565214
-3.298868415644705,0.2043177169175442,-2.384712170598683,15.97791893213357,-1.905868423193624,0.5865721405153395,,,-3.843009037695908,3.792076788444147
-3.287985603203681,0.1972080449011955,-2.373829358157659,15.87531925569987,-1.8949856107526,0.5831494669207316,,,-3.832126225254884,3.820753988008848
-3.277102790762656,0.1903892995856555,-2.362946545716635,15.74975832055611,-1.884102798311576,0.5806223481666394,,,-3.82124341281386,3.846518529112423
-3.266219978321633,0.1838396845129756,-2.352063733275611,15.60236938478391,-1.873219985870552,0.5788795727549214,,,-3.810360600372836,3.86914333015187
-3.255337165880608,0.1775375257468236,-2.341180920834587,15.43458141420379,-1.862337173429528,0.5778077428518609,,,-3.799477787931812,3.888419993448355
-3.244454353439584,0.1714616774298554,-2.330298108393563,15.24809064657707,-1.851454360988504,0.5772927624662438,,,-3.788594975490788,3.90416084125299
-3.233571540998561,0.1655919314137989,-2.319415295952539,15.04457522000824,-1.84057154854748,0.5772212882391925,,,-3.777712163049764,3.916197569596806
-3.222688728557536,0.1599092900366873,-2.308532483511515,14.82834927537651,-1.829688736106456,0.5774821205704876,,,-3.76682935060874,3.924397547815824
-3.211805916116512,0.1545484391280925,-2.297649671070491,14.60155308534643,-1.818805923665432,0.5779675138693634,,,-3.755946538167716,3.928695591219467
-3.200923103675488,0.1494924049965798,-2.286766858629467,14.3671429003788,-1.807923111224408,0.5786187711460417,,,-3.745063725726692,3.928917075968555
-3.190040291234464,0.1445733373551035,-2.275884046188442,14.12972834451937,-1.797040298783384,0.5793381719695591,,,-3.734180913285667,3.925049970978388
-3.17915747879344,0.1397776429216364,-2.265001233747419,13.8884867377945,-1.786157486342359,0.5799899359053414,,,-3.723298100844644,3.917074356354196
-3.168274666352416,0.1350943273075312,-2.254118421306394,13.64340991267871,-1.775274673901335,0.5806576443386179,,,-3.712415288403619,3.905005148640909
-3.157391853911392,0.1305151367139935,-2.24323560886537,13.39694433089395,-1.764391861460311,0.5812641654542892,,,-3.701532475962595,3.888893879870958
-3.146509041470368,0.1260346517848368,-2.232352796424346,13.15155360567483,-1.753509049019287,0.5817413960454578,,,-3.690649663521571,3.871570348556888
-3.135626229029344,0.1216503340008159,-2.221469983983322,12.90966737008785,-1.742626236578263,0.5820270622898375,,,-3.679766851080547,3.853139681789419
-3.12474341658832,0.1173625189614211,-2.210587171542298,12.6737075010619,-1.731743424137239,0.5819634017800175,,,-3.668884038639523,3.830983860675286
-3.113860604147296,0.1131743643866824,-2.199704359101274,12.44605280057021,-1.720860611696215,0.5815048345840552,,,-3.658001226198499,3.805267653305735
-3.102977791706272,0.1090917544243949,-2.18882154666025,12.22901713568696,-1.709977799255191,0.5806819894669917,,,-3.647118413757475,3.776199793312909
-3.092094979265247,0.1051231638640097,-2.177938734219226,12.02489576624242,-1.699094986814167,0.5794637726402826,,,-3.636235601316451,3.744033760801013
-3.081212166824224,0.1012794863338596,-2.167055921778202,11.83569326843519,-1.688212174373143,0.5777007880155245,,,-3.625352788875427,3.709068083312622
-3.070329354383199,0.09757383088739363,-2.156173109337178,11.66345774396877,-1.677329361932119,0.5754483923438843,,,-3.614469976434403,3.671646111383578
-3.059446541942175,0.09402131612446753,-2.145290296896154,11.51009136891751,-1.666446549491095,0.5727010304257649,,,-3.603587163993379,3.632155232154717
-3.048563729501151,0.09063873643068748,-2.13440748445513,11.37829844709563,-1.655563737050071,0.5693886601205244,,,-3.592704351552355,3.591025494725173
-3.037680917060127,0.08744438599280871,-2.123524672014105,11.26994855911122,-1.644680924609047,0.5655178918538947,,,-3.58182153911133,3.548727632120587
-3.026798104619103,0.08445773355420853,-2.112641859573082,11.18535986574217,-1.633798112168023,0.5611037590683821,,,-3.570938726670307,3.50577047655197
-3.015915292178079,0.08169912886947815,-2.101759047132057,11.12514478868197,-1.622915299726998,0.5561952680078638,,,-3.560055914229282,3.462697776684132
-3.005032479737055,0.07917682145128928,-2.090876234691033,11.09020844413127,-1.612032487285974,0.5508203643200925,,,-3.549173101788258,3.421900280303213
-2.994149667296031,0.07694023721979437,-2.079993422250009,11.08120767100444,-1.60114967484495,0.5449661212638477,,,-3.538290289347234,3.383919441470918
-2.983266854855007,0.07499444309892081,-2.069110609808985,11.0985720419946,-1.590266862403926,0.5386588403694345,,,-3.52740747690621,3.347578042174915
-2.972384042413983,0.07336045197190033,-2.058227797367961,11.14250033694958,-1.579384049962902,0.5319250684325683,,,-3.516524664465186,3.313486319023706
-2.961501229972959,0.0720586443369037,-2.047344984926937,11.21295937256292,-1.568501237521878,0.5247954175308936,,,-3.505641852024162,3.282266895727971
-2.950618417531935,0.07110848719862722,-2.036462172485913,11.30968525624522,-1.557618425080854,0.5173057725973745,,,-3.494759039583138,3.254562178306811
-2.93973560509091,0.07053048255278649,-2.025579360044889,11.43218710875016,-1.54673561263983,0.5094807095537246,,,-3.483876227142114,3.230980488526429
-2.928852792649887,0.07034143827766844,-2.014696547603865,11.57970091755126,-1.535852800198806,0.5013490207263123,,,-3.47299341470109,3.212210019918563
-2.917969980208862,0.07055421292640565,-2.003813735162841,11.7514048077809,-1.524969987757782,0.4929336746644697,,,-3.462110602260066,3.198801667381202
-2.907087167767838,0.07118193561217727,-1.992930922721817,11.9461656356466,-1.514087175316758,0.4842707314711279,,,-3.451227789819042,3.191349193816332
-2.896204355326814,0.07223555121178953,-1.982048110280793,12.16261872033779,-1.503204362875734,0.475378497938646,,,-3.440344977378018,3.190448214520843
-2.88532154288579,0.07372786174572604,-1.971165297839769,12.39929155444451,-1.49232155043471,0.4663380969816264,,,-3.429462164936993,3.196679616558433
-2.874438730444766,0.07566068629022114,-1.960282485398745,12.65614227687552,-1.481438737993686,0.4571765059877663,,,-3.41857935249597,3.210546369959006
-2.863555918003742,0.07803499770856442,-1.949399672957721,12.93263560015373,-1.470555925552662,0.4478422390936118,,,-3.407696540054945,3.232426845597208
-2.852673105562718,0.08085357250152064,-1.938516860516696,13.22525375767804,-1.459673113111638,0.4383547417449971,,,-3.396813727613921,3.262848149922221
-2.841790293121694,0.08411357234331514,-1.927634048075672,13.53072346889902,-1.448790300670614,0.4287897611624722,,,-3.385930915172897,3.302147610120278
-2.83090748068067,0.08780979497391976,-1.916751235634648,13.84695637307454,-1.437907488229589,0.4191585206450392,,,-3.375048102731873,3.35071169742444
-2.820024668239646,0.09193280300092108,-1.905868423193624,14.17178599332678,-1.427024675788565,0.4094054708127604,,,-3.364165290290849,3.408676715300497
-2.809141855798622,0.09646884093039435,-1.8949856107526,14.50315591490488,-1.416141863347541,0.3995389561279669,,,-3.353282477849825,3.476289769260803
-2.798259043357598,0.1014015432424018,-1.884102798311576,14.83888655284579,-1.405259050906517,0.3896980615832875,,,-3.342399665408801,3.553728773834285
-2.787376230916573,0.1067110345943128,-1.873219985870552,15.17688405922415,-1.394376238465493,0.3799371472286648,,,-3.331516852967777,3.640936917379977
-2.77649341847555,0.1123739418246624,-1.862337173429528,15.51511493268274,-1.383493426024469,0.3701253635517867,,,-3.320634040526753,3.738038638295396
-2.765610606034525,0.1183572859333255,-1.851454360988504,15.85162872727179,-1.372610613583445,0.3602273330635588,,,-3.309751228085729,3.844825827151269
-2.754727793593502,0.1246445786831837,-1.84057154854748,16.18457900818824,-1.361727801142421,0.3502378244373225,,,-3.298868415644705,3.96117500755446
-2.743844981152477,0.1311945814404359,-1.829688736106456,16.51224217219558,-1.350844988701397,0.3401689301926852,,,-3.287985603203681,4.086846792443525
-2.732962168711453,0.1379729069438296,-1.818805923665432,16.8330337831711,-1.339962176260373,0.3300627340750304,,,-3.277102790762656,4.221527216828658
-2.722079356270429,0.1449368662253811,-1.807923111224408,17.148076877258,-1.329079363819349,0.3199205053434687,,,-3.266219978321633,4.364828854828604
-2.711196543829405,0.1520462485919108,-1.797040298783384,17.45608028013297,-1.318196551378325,0.3097209636618904,,,-3.255337165880608,4.516292655461072
-2.700313731388381,0.1592577158026013,-1.786157486342359,17.75334619086755,-1.307313738937301,0.2994746172146989,,,-3.244454353439584,4.675390516428075
-2.689430918947357,0.1665241977275507,-1.775274673901335,18.04139444099485,-1.296430926496277,0.2891934887534728,,,-3.233571540998561,4.841580712054722
-2.678548106506333,0.173799312811217,-1.764391861460311,18.31941165944893,-1.285548114055252,0.2788911075750334,,,-3.222688728557536,5.014118206271729
-2.667665294065309,0.1810339019726506,-1.753509049019287,18.59020596925902,-1.274665301614228,0.26858245281959,,,-3.211805916116512,5.193746486447479
-2.656782481624285,0.188179442008321,-1.742626236578263,18.85323271431216,-1.263782489173204,0.2582838519287769,,,-3.200923103675488,5.379624099419777
-2.645899669183261,0.1951869371358406,-1.731743424137239,19.10467165924376,-1.25289967673218,0.2480829135581411,,,-3.190040291234464,5.569541303843986
-2.635016856742237,0.2020080200718661,-1.720860611696215,19.34421604841452,-1.242016864291156,0.2379975812088225,,,-3.17915747879344,5.762673157068674
-2.624134044301213,0.2086108892780665,-1.709977799255191,19.57159981751904,-1.231134051850132,0.2279759380664152,,,-3.168274666352416,5.958792376464217
-2.613251231860188,0.2149568525931139,-1.699094986814167,19.78671851971171,-1.220251239409108,0.218048946600476,,,-3.157391853911392,6.156981179386529
-2.602368419419165,0.2209795121636546,-1.688212174373143,19.98711500276649,-1.209368426968084,0.2082324994881727,,,-3.146509041470368,6.355641131943533
-2.59148560697814,0.2266379506302869,-1.677329361932119,20.17542426379755,-1.19848561452706,0.198539588144941,,,-3.135626229029344,6.553841159653756
-2.580602794537116,0.2318947950039416,-1.666446549491095,20.3517882417148,-1.187602802086036,0.1889876125668472,,,-3.12474341658832,6.750662761321481
-2.569719982096092,0.2367165840209114,-1.655563737050071,20.51381417497086,-1.176719989645012,0.1795940394032979,,,-3.113860604147296,6.945211403364589
-2.558837169655068,0.2410743253576424,-1.644680924609047,20.66170049956027,-1.165837177203988,0.1703771793804248,,,-3.102977791706272,7.136628176595978
-2.547954357214044,0.2450070741420168,-1.633798112168023,20.79569128032691,-1.154954364762964,0.1613546073664166,,,-3.092094979265247,7.324101575614761
-2.53707154477302,0.2485174352414202,-1.622915299726998,20.91723870516226,-1.14407155232194,0.1525429677556284,,,-3.081212166824224,7.506879245006645
-2.526188732331996,0.2515280308297669,-1.612032487285974,21.02659608152285,-1.133188739880916,0.143957798960055,,,-3.070329354383199,7.684279521941567
-2.515305919890972,0.2540085821573385,-1.60114967484495,21.12262616989801,-1.122305927439891,0.1356133796725753,,,-3.059446541942175,7.855728398591809
-2.504423107449948,0.2560095899987245,-1.590266862403926,21.20540262057731,-1.111423114998867,0.1275225988532643,,,-3.048563729501151,8.023330028039206
-2.493540295008924,0.2576328525380165,-1.579384049962902,21.27494145117664,-1.100540302557843,0.1196968506929802,,,-3.037680917060127,8.186661445342637
-2.4826574825679,0.2588347380141872,-1.568501237521878,21.33123474019103,-1.089657490116819,0.1121459551445872,,,-3.026798104619103,8.342741887782948
-2.471774670126876,0.2595319445441961,-1.557618425080854,21.37423258369743,-1.078774677675795,0.104891333159937,,,-3.015915292178079,8.491351030635581
-2.460891857685852,0.2597455883172727,-1.54673561263983,21.40437294988099,-1.067891865234771,0.09793940209058374,,,-3.005032479737055,8.632352460164276
-2.450009045244828,0.2595055586638322,-1.535852800198806,21.42140191984067,-1.057009052793747,0.09128157233034517,,,-2.994149667296031,8.765879963191807
-2.439126232803804,0.2588452481058989,-1.524969987757782,21.42428091057658,-1.046126240352723,0.08492084369667571,,,-2.983266854855007,8.89205318968304
-2.428243420362779,0.2578011956964953,-1.514087175316758,21.41272151409418,-1.035243427911699,0.07885836130146316,,,-2.972384042413983,9.011183929668421
-2.417360607921756,0.2565307949351623,-1.503204362875734,21.38620285599433,-1.024360615470675,0.07309451011579594,,,-2.961501229972959,9.123720611074164
-2.406477795480731,0.2550819470292333,-1.49232155043471,21.34675643319695,-1.013477803029651,0.0676274675364362,,,-2.950618417531935,9.230245623643528
-2.395594983039707,0.2533997193940225,-1.481438737993686,21.29389712311942,-1.002594990588627,0.06245420059827227,,,-2.93973560509091,9.335048878420558
-2.384712170598683,0.2515384951802629,-1.470555925552662,21.22435720980822,-0.9917121781476026,0.05757046154659527,,,-2.928852792649887,9.44156333442441
-2.373829358157659,0.2495482410530133,-1.459673113111638,21.13760652681254,-0.9808293657065785,0.05297083617486132,,,-2.917969980208862,9.547069578740823
-2.362946545716635,0.247487781819182,-1.448790300670614,21.03557895736187,-0.9699465532655546,0.04867284268161538,,,-2.907087167767838,9.64987407088568
-2.352063733275611,0.2454173485086555,-1.437907488229589,20.92008125286855,-0.9590637408245305,0.04463968232501297,,,-2.896204355326814,9.751004673703964
-2.341180920834587,0.2433974102269204,-1.427024675788565,20.78791850186279,-0.9481809283835064,0.04089297936568802,,,-2.88532154288579,9.851600687333812
-2.330298108393563,0.2414879229843084,-1.416141863347541,20.63611496225854,-0.9372981159424824,0.03742695521655833,,,-2.874438730444766,9.952790795723089
-2.319415295952539,0.2397473573155015,-1.405259050906517,20.46931897764511,-0.9264153035014583,0.03423896701809253,,,-2.863555918003742,10.05575953274614
-2.308532483511515,0.2382331850168854,-1.394376238465493,20.29057577629546,-0.9155324910604342,0.03125113606281986,,,-2.852673105562718,10.16175537962357
-2.297649671070491,0.2369985666605486,-1.383493426024469,20.09430010339344,-0.9046496786194101,0.02850499949693342,,,-2.841790293121694,10.27200666798022
-2.286766858629467,0.2360940680608618,-1.372610613583445,19.87676439909162,-0.8937668661783861,0.02603984298457548,,,-2.83090748068067,10.39039098141513
-2.275884046188442,0.2355694172476259,-1.361727801142421,19.63768390662879,-0.882884053737362,0.02386195450373284,,,-2.820024668239646,10.51805143063747
-2.265001233747419,0.2354559984234703,-1.350844988701397,19.37708451278883,-0.8720012412963379,0.02184875823165589,,,-2.809141855798622,10.65337502991338
-2.254118421306394,0.2357870314064256,-1.339962176260373,19.0976821987243,-0.8611184288553139,0.02006907149015543,,,-2.798259043357598,10.79733355217306
-2.24323560886537,0.2365892088668531,-1.329079363819349,18.79966580116995,-0.8502356164142898,0.01852160817980339,,,-2.787376230916573,10.9507940534037
-2.232352796424346,0.2378822367223891,-1.318196551378325,18.48080433904991,-0.8393528039732657,0.0172159187877562,,,-2.77649341847555,11.11449951084866
-2.221469983983322,0.2396784699173022,-1.307313738937301,18.14162037783597,-0.8284699915322417,0.01615307899194799,,,-2.765610606034525,11.28900892576974
-2.210587171542298,0.2419826504216384,-1.296430926496277,17.78278988294876,-0.8175871790912176,0.01534940148512615,,,-2.754727793593502,11.47485810935412
-2.199704359101274,0.2447917518817797,-1.285548114055252,17.40513730543742,-0.8067043666501935,0.01481534882911172,,,-2.743844981152477,11.67226384604058
-2.18882154666025,0.2480949342428468,-1.274665301614228,17.00962842379694,-0.7958215542091694,0.01457282764364555,,,-2.732962168711453,11.88136536565879
-2.177938734219226,0.251873651361123,-1.263782489173204,16.59736114950856,-0.7849387417681454,0.01464379751493727,,,-2.722079356270429,12.10196388202121
-2.167055921778202,0.256101673399007,-1.25289967673218,16.17299658988264,-0.7740559293271213,0.0150645227755979,,,-2.711196543829405,12.33379386724731
-2.156173109337178,0.2607455905928093,-1.242016864291156,15.73783188811836,-0.7631731168860972,0.01587148423681668,,,-2.700313731388381,12.57639793626272
-2.145290296896154,0.2657650757263131,-1.231134051850132,15.28978688822473,-0.7522903044450732,0.01711103186636763,,,-2.689430918947357,12.82897129499657
-2.13440748445513,0.2711146279604643,-1.220251239409108,14.83292256011168,-0.7414074920040491,0.01884244522984601,,,-2.678548106506333,13.09076183582659
-2.123524672014105,0.2767420721235822,-1.209368426968084,14.36870895436898,-0.730524679563025,0.02113181502678081,,,-2.667665294065309,13.36045299958305
-2.112641859573082,0.282588426487652,-1.19848561452706,13.89607622093127,-0.719641867122001,0.02405851072520031,,,-2.656782481624285,13.63689793152666
-2.101759047132057,0.2885911610425729,-1.187602802086036,13.4183212124603,-0.7087590546809769,0.02771515202547646,,,-2.645899669183261,13.91854135035176
-2.090876234691033,0.2946845257239989,-1.176719989645012,12.93699804356933,-0.6978762422399528,0.03220852345340136,,,-2.635016856742237,14.20385157507925
-2.079993422250009,0.3008000193311875,-1.165837177203988,12.45190926632024,-0.6869934297989287,0.03766337147907223,,,-2.624134044301213,14.49226310051574
-2.069110609808985,0.3068672807493946,-1.154954364762964,11.96460543396601,-0.6761106173579047,0.04422038592716244,,,-2.613251231860188,14.78198080861133
-2.058227797367961,0.3128150034601858,-1.14407155232194,11.47662002195306,-0.6652278049168806,0.05204040496176382,,,-2.602368419419165,15.0697000447743
-2.047344984926937,0.3185718592622567,-1.133188739880916,10.98945737856192,-0.6543449924758565,0.06130538912008927,,,-2.59148560697814,15.35325077196031
-2.036462172485913,0.3240674170312836,-1.122305927439891,10.50458151317337,-0.6434621800348325,0.07222008464189565,,,-2.580602794537116,15.63054391026145
-2.025579360044889,0.3292330425095564,-1.111423114998867,10.0234058133862,-0.6325793675938085,0.08501365463909143,,,-2.569719982096092,15.90008481019546
-2.014696547603865,0.3340027315389029,-1.100540302557843,9.547283760359186,-0.6216965551527844,0.09994124119893059,,,-2.558837169655068,16.15971932470305
-2.003813735162841,0.3383140753751247,-1.089657490116819,9.077500691115942,-0.6108137427117604,0.1172854159734501,,,-2.547954357214044,16.40935229535945
-1.992930922721817,0.3421087964931263,-1.078774677675795,8.616569341021012,-0.5999309302707363,0.1373574713141815,,,-2.53707154477302,16.64818170031173
-1.982048110280793,0.3453336067623505,-1.067891865234771,8.166264504309531,-0.5890481178297122,0.1604984987276083,,,-2.526188732331996,16.8715176845649
-1.971165297839769,0.3479407815363635,-1.057009052793747,7.726297002821239,-0.5781653053886882,0.1870801965392163,,,-2.515305919890972,17.07607858060499
-1.960282485398745,0.350105613189131,-1.046126240352723,7.296927150120315,-0.5672824929476641,0.2175043915574293,,,-2.504423107449948,17.26184297219703
-1.949399672957721,0.3519548893166817,-1.035243427911699,6.878956486269048,-0.55639968050664,0.2522071388574743,,,-2.493540295008924,17.42984018286322
-1.938516860516696,0.3532381961081649,-1.024360615470675,6.473152604533174,-0.5455168680656159,0.2916519277983263,,,-2.4826574825679,17.57675996485452
-1.927634048075672,0.3537640041010662,-1.013477803029651,6.08016550136201,-0.5346340556245919,0.3363333055500035,,,-2.471774670126876,17.69857565376639
-1.916751235634648,0.3535120480494253,-1.002594990588627,5.700516043028249,-0.5237512431835678,0.38677312715299,,,-2.460891857685852,17.79413867941735
-1.905868423193624,0.3524696365526571,-0.9917121781476026,5.334657154608603,-0.5128684307425437,0.4435225430995132,,,-2.450009045244828,17.86611594919021
-1.8949856107526,0.3506317333129251,-0.9808293657065785,4.982951178998705,-0.5019856183015197,0.5071523886924516,,,-2.439126232803804,17.91383044863871
-1.884102798311576,0.3480007882905739,-0.9699465532655546,4.645674225438277,-0.4911028058604956,0.5782541968577469,,,-2.428243420362779,17.93328093675784
-1.873219985870552,0.3445866236830043,-0.9590637408245305,4.323013719007164,-0.4802199934194715,0.6574323457137886,,,-2.417360607921756,17.92700746475499
-1.862337173429528,0.3404061445030345,-0.9481809283835064,4.015080737097652,-0.4693371809784475,0.7453063729542954,,,-2.406477795480731,17.89497498511827
-1.851454360988504,0.3354829791771156,-0.9372981159424824,3.721906448729568,-0.4584543685374234,0.8424942497132263,,,-2.395594983039707,17.83751999334202
-1.84057154854748,0.3298470410596673,-0.9264153035014583,3.443450328100794,-0.4475715560963993,0.9496097914153308,,,-2.384712170598683,17.75518473862009
-1.829688736106456,0.3235340200835966,-0.9155324910604342,3.179595015526726,-0.4366887436553752,1.067255481607848,,,-2.373829358157659,17.64612804882903
-1.818805923665432,0.3165848146456185,-0.9046496786194101,2.930173636343075,-0.4258059312143512,1.196012550001936,,,-2.362946545716635,17.51134422138401
-1.807923111224408,0.3091471428255148,-0.8937668661783861,2.694962438532949,-0.4149231187733271,1.336430737913538,,,-2.352063733275611,17.35207628379078
-1.797040298783384,0.3012695242473998,-0.882884053737362,2.473642137120201,-0.404040306332303,1.489019770165496,,,-2.341180920834587,17.1698796523715
-1.786157486342359,0.2929006120575649,-0.8720012412963379,2.265953336673455,-0.393157493891279,1.65423514166372,,,-2.330298108393563,16.9665959929069
-1.775274673901335,0.2841285380749028,-0.8611184288553139,2.071485510612948,-0.3822746814502549,1.832468757161603,,,-2.319415295952539,16.74405754035945
-1.764391861460311,0.2750083983876375,-0.8502356164142898,1.889794055194651,-0.3713918690092308,2.024036438169125,,,-2.308532483511515,16.50700339351802
-1.753509049019287,0.2655845266881477,-0.8393528039732657,1.720526012037235,-0.3605090565682068,2.229165885116661,,,-2.297649671070491,16.25775451020774
-1.742626236578263,0.2559133799055449,-0.8284699915322417,1.56307844057869,-0.3496262441271827,2.44798470337541,,,-2.286766858629467,15.9995409489394
-1.731743424137239,0.246030256042365,-0.8175871790912176,1.41717011787477,-0.3387434316861587,2.680508717633916,,,-2.275884046188442,15.73751056953208
-1.720860611696215,0.2359907935321298,-0.8067043666501935,1.282145897148749,-0.3278606192451346,2.926629744111541,,,-2.265001233747419,15.47068482504932
-1.709977799255191,0.2258474861227968,-0.7958215542091694,1.157582882185405,-0.3169778068041105,3.186109746428962,,,-2.254118421306394,15.1989078187922
-1.699094986814167,0.215652889556747,-0.7849387417681454,1.042875246760866,-0.3060949943630865,3.458564307363772,,,-2.24323560886537,14.92482093772282
-1.688212174373143,0.2054583856864466,-0.7740559293271213,0.9375876746097157,-0.2952121819220624,3.743459549135101,,,-2.232352796424346,14.65108256764592
-1.677329361932119,0.1953146476169116,-0.7631731168860972,0.8411521383729156,-0.2843293694810383,4.040105100847285,,,-2.221469983983322,14.38031567019339
-1.666446549491095,0.1852670541004836,-0.7522903044450732,0.7530146758757691,-0.2734465570400142,4.347648225976496,,,-2.210587171542298,14.11513229646419
-1.655563737050071,0.1753550303495146,-0.7414074920040491,0.6727554248899462,-0.2625637445989902,4.665072146281359,,,-2.199704359101274,13.85809661832735
-1.644680924609047,0.1656174162570553,-0.730524679563025,0.5998278908200801,-0.2516809321579661,4.991195500100523,,,-2.18882154666025,13.61170149459168
-1.633798112168023,0.1560894979450726,-0.719641867122001,0.5337491269977056,-0.240798119716942,5.324674480783224,,,-2.177938734219226,13.37841473341797
-1.622915299726998,0.1468019416805157,-0.7087590546809769,0.4740517055159204,-0.229915307275918,5.664007555560575,,,-2.167055921778202,13.16040036069822
-1.612032487285974,0.1377844176374399,-0.6978762422399528,0.4202662150721799,-0.2190324948348939,6.007542860433609,,,-2.156173109337178,12.95985898632838
-1.60114967484495,0.1290605037579167,-0.6869934297989287,0.3720056798234364,-0.2081496823938699,6.353488317338189,,,-2.145290296896154,12.77883279961203
-1.590266862403926,0.1206501238176144,-0.6761106173579047,0.3288355447441501,-0.1972668699528458,6.699924466140985,,,-2.13440748445513,12.62036248216929
-1.579384049962902,0.1125691441151312,-0.6652278049168806,0.2903683618546223,-0.1863840575118217,7.044819947075846,,,-2.123524672014105,12.48649965036556
-1.568501237521878,0.1048309538588949,-0.6543449924758565,0.2562395982378919,-0.1755012450707976,7.386049510366544,,,-2.112641859573082,12.37744800585135
-1.557618425080854,0.09744752530460238,-0.6434621800348325,0.2261083254241266,-0.1646184326297736,7.721414370457207,,,-2.101759047132057,12.29382969388628
-1.54673561263983,0.09042336211060265,-0.6325793675938085,0.1996576739088974,-0.1537356201887495,8.048664461666691,,,-2.090876234691033,12.23661473793324
-1.535852800198806,0.08376182111122632,-0.6216965551527844,0.1765850221503532,-0.1428528077477255,8.365523558429215,,,-2.079993422250009,12.20650977174096
-1.524969987757782,0.07746336656981537,-0.6108137427117604,0.1566444651667367,-0.1319699953067014,8.669713640883648,,,-2.069110609808985,12.20397905712199
-1.514087175316758,0.07152596376190667,-0.5999309302707363,0.1395791543126567,-0.1210871828656773,8.958982654055056,,,-2.058227797367961,12.22924112104856
-1.503204362875734,0.06594506643178427,-0.5890481178297122,0.1251689721049703,-0.1102043704246533,9.231131676443452,,,-2.047344984926937,12.28226790222337
-1.49232155043471,0.06071303478762497,-0.5781653053886882,0.1132171531259646,-0.09932155798362918,9.484042524222565,,,-2.036462172485913,12.36278646965617
-1.481438737993686,0.05582521094391434,-0.5672824929476641,0.1035103021236785,-0.08843874554260511,9.715705051172952,,,-2.025579360044889,12.47028335103894
-1.470555925552662,0.05126843285493982,-0.55639968050664,0.09598389199376561,-0.07755593310158106,9.924243655319707,,,-2.014696547603865,12.6039567385138
-1.459673113111638,0.0470314533579087,-0.5455168680656159,0.09045691111878332,-0.06667312066055699,10.10794250535801,,,-2.003813735162841,12.76294284548999
-1.448790300670614,0.04310679059248069,-0.5346340556245919,0.08681892529006777,-0.05579030821953292,10.26526901350061,,,-1.992930922721817,12.94604695825179
-1.437907488229589,0.03948097600584331,-0.5237512431835678,0.0849388286265691,-0.04490749577850885,10.39611590091712,,,-1.982048110280793,13.151836233052
-1.427024675788565,0.03613441584324952,-0.5128684307425437,0.08479416825016241,-0.03402468333748479,10.49997016075164,,,-1.971165297839769,13.37876119833239
-1.416141863347541,0.03305221598907766,-0.5019856183015197,0.08635934750213427,-0.02314187089646072,10.57630464033658,,,-1.960282485398745,13.62692918871536
-1.405259050906517,0.03022089584252876,-0.4911028058604956,0.08954584937395961,-0.01225905845543665,10.6262430768141,,,-1.949399672957721,13.89587903627525
-1.394376238465493,0.02762546650302389,-0.4802199934194715,0.0942474814277347,-0.001376246014412587,10.65092039156021,,,-1.938516860516696,14.18175815039166
-1.383493426024469,0.02524916324886536,-0.4693371809784475,0.1005701028521333,0.00950656642661148,10.6477335924626,,,-1.927634048075672,14.48102033911062
-1.372610613583445,0.02307685577213628,-0.4584543685374234,0.1085273467489845,0.02038937886763555,10.61355351092976,,,-1.916751235634648,14.79146928582435
-1.361727801142421,0.02109379426954756,-0.4475715560963993,0.1180559722415255,0.03127219130865962,10.55099278236938,,,-1.905868423193624,15.11082777039478
-1.350844988701397,0.01928591176245434,-0.4366887436553752,0.1291681110482108,0.04215500374968368,10.46520619203722,,,-1.8949856107526,15.43693711513853
-1.339962176260373,0.01763939318138189,-0.4258059312143512,0.1418810362637556,0.05303781619070774,10.35461765848275,,,-1.884102798311576,15.767509689303
-1.329079363819349,0.01614110098054215,-0.4149231187733271,0.1561756395164281,0.06392062863173181,10.21556120839002,,,-1.873219985870552,16.10035025566208
-1.318196551378325,0.01477853727584249,-0.404040306332303,0.1721624323646695,0.07480344107275588,10.04921715452405,,,-1.862337173429528,16.43332882003763
-1.307313738937301,0.01353988627192842,-0.393157493891279,0.1898126671615236,0.08568625351377995,9.856983278345098,,,-1.851454360988504,16.76440446891513
-1.296430926496277,0.01241404318150558,-0.3822746814502549,0.2091462831374376,0.09656906595480401,9.640455283167334,,,-1.84057154854748,17.0916473374871
-1.285548114055252,0.01139063083124932,-0.3713918690092308,0.2301789876141585,0.1074518783958281,9.401404758581972,,,-1.829688736106456,17.41325831284966
-1.274665301614228,0.01046000520295491,-0.3605090565682068,0.2529203828040858,0.1183346908368521,9.141755081361266,,,-1.818805923665432,17.72758611168608
-1.263782489173204,0.009613251188318876,-0.3496262441271827,0.2773721264812845,0.1292175032778762,8.863555710633308,,,-1.807923111224408,18.03584279122956
-1.25289967673218,0.008844287034548887,-0.3387434316861587,0.3035261508711448,0.1401003157189003,8.568955356539512,,,-1.797040298783384,18.33668797634993
-1.242016864291156,0.008145591189942429,-0.3278606192451346,0.331310310907575,0.1509831281599243,8.260174511566257,,,-1.786157486342359,18.62623673883046
-1.231134051850132,0.007508176573915323,-0.3169778068041105,0.3608091957964551,0.1618659406009484,7.939477832321269,,,-1.775274673901335,18.90618062340837
-1.220251239409108,0.006926216744311479,-0.3060949943630865,0.3919088853887943,0.1727487530419725,7.609146847068065,,,-1.764391861460311,19.17568422329086
-1.209368426968084,0.006394065312576385,-0.2952121819220624,0.4245071864898581,0.1836315654829966,7.271453441504682,,,-1.753509049019287,19.43753189199263
-1.19848561452706,0.005906294029285013,-0.2843293694810383,0.4586140869240368,0.1945143779240206,6.928634543013954,,,-1.742626236578263,19.69117315650754
-1.187602802086036,0.005458360830044766,-0.2734465570400142,0.4940818629984491,0.2053971903650447,6.58286838309303,,,-1.731743424137239,19.93266531706615
-1.176719989645012,0.005046218690420462,-0.2625637445989902,0.5307689979535255,0.2162800028060687,6.236252670249105,,,-1.720860611696215,20.16171167653069
-1.165837177203988,0.004666279359904732,-0.2516809321579661,0.5686016842690469,0.2271628152470928,5.890784952824605,,,-1.709977799255191,20.37812929310882
-1.154954364762964,0.004315366275388173,-0.240798119716942,0.6073937116465091,0.2380456276881169,5.548345394572181,,,-1.699094986814167,20.58183518190874
-1.14407155232194,0.003990675922733744,-0.229915307275918,0.6469748428873605,0.2489284401291409,5.210682126955628,,,-1.688212174373143,20.77027417646847
-1.133188739880916,0.003689740525923465,-0.2190324948348939,0.6871570346365163,0.259811252570165,4.879399282706131,,,-1.677329361932119,20.94618730375835
-1.122305927439891,0.003410392423979132,-0.2081496823938699,0.7277354124136396,0.2706940650111891,4.555947756646724,,,-1.666446549491095,21.10975632624105
-1.111423114998867,0.003150730415202102,-0.1972668699528458,0.7684895752040923,0.2815768774522132,4.241618683633471,,,-1.655563737050071,21.2585578654409
-1.100540302557843,0.002909088273958507,-0.1863840575118217,0.8091852246178083,0.2924596898932372,3.937539570924103,,,-1.644680924609047,21.39283580767123
-1.089657490116819,0.002684005578012691,-0.1755012450707976,0.8495761067923142,0.3033425023342613,3.644672974469525,,,-1.633798112168023,21.51288453734037
-1.078774677675795,0.002474200924775546,-0.1646184326297736,0.8894062482494349,0.3142253147752854,3.363817566425771,,,-1.622915299726998,21.62023591485063
-1.067891865234771,0.002278547561939963,-0.1537356201887495,0.9283925318265197,0.3251081272163094,3.095611405283535,,,-1.612032487285974,21.71520086348038
-1.057009052793747,0.002096051413338598,-0.1428528077477255,0.9663015451844759,0.3359909396573335,2.840537190867137,,,-1.60114967484495,21.79665279491978
-1.046126240352723,0.001925831444797819,-0.1319699953067014,1.002861111007255,0.3468737520983575,2.59892926430257,,,-1.590266862403926,21.86471158476435
-1.035243427911699,0.001763783908451819,-0.1210871828656773,1.03779097966028,0.3577565645393816,2.370982097921434,,,-1.579384049962902,21.91943566372435
-1.024360615470675,0.001614076915395187,-0.1102043704246533,1.070828503846197,0.3686393769804057,2.156760011783898,,,-1.568501237521878,21.96086111158081
-1.013477803029651,0.001477424203099921,-0.09932155798362918,1.101718972634708,0.3795221894214297,1.956207851723383,,,-1.557618425080854,21.98898588159941
-1.002594990588627,0.001350089767317897,-0.08843874554260511,1.130218858844072,0.3904050018624538,1.769162368041056,,,-1.54673561263983,22.00427702154533
-0.9917121781476026,0.001231589413521961,-0.07755593310158106,1.156099001145636,0.4012878143034779,1.59536404358869,,,-1.535852800198806,22.0065127616782
-0.9808293657065785,0.001121466778701255,-0.06667312066055699,1.179147663035492,0.4121706267445019,1.434469134258753,,,-1.524969987757782,21.99467795181086
-0.9699465532655546,0.00101929999780819,-0.05579030821953292,1.199173411749191,0.423053439185526,1.286061703071748,,,-1.514087175316758,21.9685182093272
-0.9590637408245305,0.0009246552753002,-0.04490749577850885,1.216098720183712,0.4339362516265501,1.149665450298442,,,-1.503204362875734,21.92752642036475
-0.9481809283835064,0.000837389860727521,-0.03402468333748479,1.229833396512384,0.4448190640675742,1.024755165557933,,,-1.49232155043471,21.8738075649662
-0.9372981159424824,0.0007568632395184907,-0.02314187089646072,1.240335054293931,0.4557018765085982,0.9107676527886714,,,-1.481438737993686,21.8068988400511
-0.9264153035014583,0.0006826161308617108,-0.01225905845543665,1.247706881208503,0.4665846889496223,0.8071120046367901,,,-1.470555925552662,21.72346788175677
-0.9155324910604342,0.0006144176516096276,-0.001376246014412587,1.252066312739675,0.4774675013906464,0.7131791284419453,,,-1.459673113111638,21.62299272191544
-0.9046496786194101,0.0005519287231558868,0.00950656642661148,1.253127324438325,0.4883503138316704,0.6283504509974628,,,-1.448790300670614,21.50747550911683
-0.8937668661783861,0.0004948863082899443,0.02038937886763555,1.250532346412313,0.4992331262726944,0.5520057530760137,,,-1.437907488229589,21.37872074951942
-0.882884053737362,0.000441293241144366,0.03127219130865962,1.244617256574905,0.5101159387137185,0.4835301068939713,,,-1.427024675788565,21.23345838851879
-0.8720012412963379,0.0003943730480827158,0.04215500374968368,1.236079711263721,0.5209987511547426,0.4223199098816749,,,-1.416141863347541,21.0687061343756
-0.8611184288553139,0.0003518461123035108,0.05303781619070774,1.224680101376311,0.5318815635957667,0.3677880260730017,,,-1.405259050906517,20.88923793507091
-0.8502356164142898,0.0003129212494266552,0.06392062863173181,1.209870009009419,0.5427643760367907,0.319381829632259,,,-1.394376238465493,20.69813839002715
-0.8393528039732657,0.0002785287507046891,0.07480344107275588,1.191775740373905,0.5536471884778148,0.2765354458883007,,,-1.383493426024469,20.48967463019408
-0.8284699915322417,0.0002474095523788753,0.08568625351377995,1.170550247432742,0.5645300009188389,0.2387444640147659,,,-1.372610613583445,20.26006858792731
-0.8175871790912176,0.0002201316292595954,0.09656906595480401,1.14637097577902,0.5754128133598629,0.2055226248087045,,,-1.361727801142421,20.00901552533566
-0.8067043666501935,0.000196023113770927,0.1074518783958281,1.119437395972933,0.586295625800887,0.1764138559063579,,,-1.350844988701397,19.73653935474396
-0.7958215542091694,0.0001749792608962626,0.1183346908368521,1.089968266346534,0.5971784382419111,0.1509930038068205,,,-1.339962176260373,19.44538432598071
-0.7849387417681454,0.0001568095481226937,0.1292175032778762,1.058198679754979,0.6080612506829352,0.1288660526411231,,,-1.329079363819349,19.13572740749396
-0.7740559293271213,0.0001413852008201172,0.1401003157189003,1.024376949931875,0.6189440631239592,0.1096698993994093,,,-1.318196551378325,18.80530383998763
-0.7631731168860972,0.000128602277568629,0.1509831281599243,0.9887613949407343,0.6298268755649833,0.09307175380519928,,,-1.307313738937301,18.45463488132259
-0.7522903044450732,0.0001183411645558073,0.1618659406009484,0.9516170756901672,0.6407096880060074,0.07876822826701059,,,-1.296430926496277,18.08439741488373
-0.7414074920040491,0.0001106489754874802,0.1727487530419725,0.9132125466223739,0.6515925004470314,0.06648417958781568,,,-1.285548114055252,17.6954190438437
-0.730524679563025,0.0001054550505826535,0.1836315654829966,0.8738166735548908,0.6624753128880555,0.05597135960632627,,,-1.274665301614228,17.28867088181948
-0.719641867122001,0.0001027770471135897,0.1945143779240206,0.8336955703506481,0.6733581253290796,0.0470366564498664,,,-1.263782489173204,16.86525825262565
-0.7087590546809769,0.0001026684355497247,0.2053971903650447,0.7931097017376537,0.6842409377701036,0.03942993436779515,,,-1.25289967673218,16.42992379047533
-0.6978762422399528,0.000105220464080339,0.2162800028060687,0.7523111943482635,0.6951237502111277,0.03299795867097284,,,-1.242016864291156,15.98397506051713
-0.6869934297989287,0.0001105660368271541,0.2271628152470928,0.7115413920698213,0.7060065626521518,0.02758499331951826,,,-1.231134051850132,15.52527100286506
-0.6761106173579047,0.0001188796312720402,0.2380456276881169,0.6710286852773338,0.7168893750931759,0.02305433825467166,,,-1.220251239409108,15.05789772345648
-0.6652278049168806,0.0001303813577686315,0.2489284401291409,0.6309866366457,0.7277721875341999,0.01928676138156612,,,-1.209368426968084,14.58333551916972
-0.6543449924758565,0.0001453387643371037,0.259811252570165,0.5916124192054553,0.738654999975224,0.01617899472269481,,,-1.19848561452706,14.10052210310549
-0.6434621800348325,0.0001640690018635329,0.2706940650111891,0.5530855752983859,0.7495378124162481,0.01364231089927165,,,-1.187602802086036,13.61276718585719
-0.6325793675938085,0.0001869408280932182,0.2815768774522132,0.515567098283347,0.760420624857272,0.01160119201273608,,,-1.176719989645012,13.12163830166305
-0.6216965551527844,0.0002143763836022211,0.2924596898932372,0.4791988323982708,0.7713034372982961,0.009992099333116271,,,-1.165837177203988,12.62695272506056
-0.6108137427117604,0.0002468526626516557,0.3033425023342613,0.4441031802421656,0.7821862497393202,0.008762348958204304,,,-1.154954364762964,12.1302754076078
-0.5999309302707363,0.0002849025920068687,0.3142253147752854,0.4103831020186303,0.7930690621803442,0.007869095778078214,,,-1.14407155232194,11.63315366563143
-0.5890481178297122,0.0003291156219283147,0.3251081272163094,0.3781223860729067,0.8039518746213683,0.007278425643826596,,,-1.133188739880916,11.1371049180479
-0.5781653053886882,0.0003801377257986154,0.3359909396573335,0.3473861664244721,0.8148346870623924,0.006964553570138498,,,-1.122305927439891,10.64360528526992
-0.5672824929476641,0.0004386597438741463,0.3468737520983575,0.3182216599870039,0.8257174995034164,0.006909124066184122,,,-1.111423114998867,10.15407914265466
-0.55639968050664,0.0005054621377559632,0.3577565645393816,0.2906590939918199,0.8366003119444405,0.007100608252283592,,,-1.100540302557843,9.669889699326125
-0.5455168680656159,0.0005813389368035226,0.3686393769804057,0.2647127927799999,0.8474831243854646,0.00753379124440413,,,-1.089657490116819,9.192330651838544
-0.5346340556245919,0.0006671465873149685,0.3795221894214297,0.2403823925705006,0.8583659368264887,0.008209342338181535,,,-1.078774677675795,8.723934875105726
-0.5237512431835678,0.0007637043983135114,0.3904050018624538,0.2176541529955514,0.8692487492675127,0.009133459764450012,,,-1.067891865234771,8.266482453962055
-0.5128684307425437,0.000872128483625476,0.4012878143034779,0.196502335053014,0.8801315617085368,0.01029890603040312,,,-1.057009052793747,7.819674626564926
-0.5019856183015197,0.0009932882972083655,0.4121706267445019,0.1768906165779468,0.8910143741495609,0.01175443210151126,,,-1.046126240352723,7.383773825261787
-0.4911028058604956,0.001128173099640907,0.423053439185526,0.1587735182928187,0.9018971865905849,0.01349378169641233,,,-1.035243427911699,6.959578631478963
-0.4802199934194715,0.001277761696499827,0.4339362516265501,0.142097815862383,0.912779999031609,0.01554880231159817,,,-1.024360615470675,6.547861191564365
-0.4693371809784475,0.001443108317389248,0.4448190640675742,0.1268039160575938,0.9236628114726331,0.01795226840193268,,,-1.013477803029651,6.149270393101546
-0.4584543685374234,0.001625179392556946,0.4557018765085982,0.1128271780263946,0.9345456239136571,0.02080045034617253,,,-1.002594990588627,5.764320333393841
-0.4475715560963993,0.001824934338867565,0.4665846889496223,0.1000994276710255,0.9454284363546812,0.02407192430826678,,,-0.9917121781476026,5.393459205568719
-0.4366887436553752,0.002043293366529605,0.4774675013906464,0.08854914232045188,0.9563112487957053,0.02777582597312055,,,-0.9808293657065785,5.037043481952267
-0.4258059312143512,0.002281116427234587,0.4883503138316704,0.07810390483820487,0.9671940612367294,0.03196883353746542,,,-0.9699465532655546,4.695366368117701
-0.4149231187733271,0.002539185063796074,0.4992331262726944,0.06869050764220101,0.9780768736777534,0.03681505561339656,,,-0.9590637408245305,4.368578056607477
-0.404040306332303,0.002818183375339903,0.5101159387137185,0.06023602539559204,0.9889596861187775,0.04228104298509426,,,-0.9481809283835064,4.05681110632407
-0.393157493891279,0.003118678344525374,0.5209987511547426,0.05266857527606147,0.9998424985598016,0.04842718726120824,,,-0.9372981159424824,3.760090267185645
-0.3822746814502549,0.003441099815971756,0.5318815635957667,0.04591797082169623,1.010725311000826,0.05531690274933728,,,-0.9264153035014583,3.478371911249747
-0.3713918690092308,0.00378572045474967,0.5427643760367907,0.03991818478722232,1.02160812344185,0.0630163475651994,,,-0.9155324910604342,3.211460569241155
-0.3605090565682068,0.004152636050270255,0.5536471884778148,0.03460068355713983,1.032490935882874,0.07159406698875111,,,-0.9046496786194101,2.959230564563164
-0.3496262441271827,0.004541746561942147,0.5645300009188389,0.02990479226851965,1.043373748323898,0.08112055415798022,,,-0.8937668661783861,2.721497167825813
-0.3387434316861587,0.004952738327518713,0.5754128133598629,0.02577167208540678,1.054256560764922,0.09166772410780552,,,-0.882884053737362,2.497945384865079
-0.3278606192451346,0.005385035483806241,0.586295625800887,0.02214599813431378,1.065139373205946,0.1033082982891719,,,-0.8720012412963379,2.288196467953195
-0.3169778068041105,0.005837922615707009,0.5971784382419111,0.01897607546202033,1.07602218564697,0.116115098042706,,,-0.8611184288553139,2.091906428215407
-0.3060949943630865,0.006310315477028918,0.6080612506829352,0.01621389080376915,1.086904998087994,0.1301602470472999,,,-0.8502356164142898,1.908628584623881
-0.2952121819220624,0.006800900808688926,0.6189440631239592,0.01381510846053115,1.097787810529018,0.1455142845057058,,,-0.8393528039732657,1.738020459575697
-0.2843293694810383,0.007308115392806147,0.6298268755649833,0.01173901847481574,1.108670622970042,0.162245192749029,,,-0.8284699915322417,1.579478929123016
-0.2734465570400142,0.007830102870187443,0.6407096880060074,0.009948445025612953,1.119553435411066,0.1804173450154176,,,-0.8175871790912176,1.432739650989156
-0.2625637445989902,0.00836474548630972,0.6515925004470314,0.008409622563671266,1.13043624785209,0.2000903813537097,,,-0.8067043666501935,1.297157269091631
-0.2516809321579661,0.008909662695236412,0.6624753128880555,0.007092046706822746,1.141319060293114,0.2213180228818745,,,-0.7958215542091694,1.172330689089947
-0.240798119716942,0.009462222123980667,0.6733581253290796,0.005974142371945984,1.152201872734139,0.2441468369476083,,,-0.7849387417681454,1.057675853823927
-0.229915307275918,0.01001955507629529,0.6842409377701036,0.005021375643113709,1.163084685175163,0.2686149680432109,,,-0.7740559293271213,0.9527935825861336
-0.2190324948348939,0.01057857658900651,0.6951237502111277,0.0042166014339904,1.173967497616187,0.2947508515622768,,,-0.7631731168860972,0.8571522248873007
-0.2081496823938699,0.01113600995871204,0.7060065626521518,0.003540681625033249,1.184850310057211,0.3225719295909479,,,-0.7522903044450732,0.7702440489066925
-0.1972668699528458,0.01168841555736913,0.7168893750931759,0.002976841758981073,1.195733122498235,0.3520833898375978,,,-0.7414074920040491,0.6917085190952799
-0.1863840575118217,0.01223222365459643,0.7277721875341999,0.002510487935438302,1.206615934939259,0.3832769504565049,,,-0.730524679563025,0.6210651608974437
-0.1755012450707976,0.01276377086501367,0.738654999975224,0.002129030822553219,1.217498747380283,0.4161297148481461,,,-0.719641867122001,0.5579104147700197
-0.1646184326297736,0.01327933974340271,0.7495378124162481,0.001821718927829389,1.228381559821307,0.4506031214581636,,,-0.7087590546809769,0.5018695259769467
-0.1537356201887495,0.01377520096166816,0.760420624857272,0.001579482759446512,1.239264372262331,0.4866420243104687,,,-0.6978762422399528,0.4525799589896615
-0.1428528077477255,0.0142476574222395,0.7713034372982961,0.001394791046742647,1.250147184703355,0.5241738713258222,,,-0.6869934297989287,0.4097796173393355
-0.1319699953067014,0.0146930895951821,0.7821862497393202,0.001261519774767373,1.261029997144379,0.5631081451138704,,,-0.6761106173579047,0.3731748103025846
-0.1210871828656773,0.01510800131326471,0.7930690621803442,0.001174834422457209,1.271912809585403,0.603335911488881,,,-0.6652278049168806,0.3425391481741548
-0.1102043704246533,0.01548906522254104,0.8039518746213683,0.001131085475090732,1.282795622026427,0.6447296264669491,,,-0.6543449924758565,0.3176903261223182
-0.09932155798362918,0.01583316706700793,0.8148346870623924,0.001127717006319731,1.293678434467451,0.6871431719786436,,,-0.6434621800348325,0.2984924790678857
-0.08843874554260511,0.0161374479860194,0.8257174995034164,0.001163187889596318,1.304561246908475,0.7304121450803353,,,-0.6325793675938085,0.284858269376082
-0.07755593310158106,0.01639934402262537,0.8366003119444405,0.001236904999132162,1.315444059349499,0.7743544139728655,,,-0.6216965551527844,0.276740639732886
-0.06667312066055699,0.0166166220800117,0.8474831243854646,0.001349167592344635,1.326326871790523,0.8187709500823328,,,-0.6108137427117604,0.2741767338028384
-0.05579030821953292,0.01678741162111655,0.8583659368264887,0.001501121924792984,1.337209684231548,0.863446940923806,,,-0.5999309302707363,0.277221528218845
-0.04490749577850885,0.01691081395802072,0.8692487492675127,0.001694725030814619,1.348092496672572,0.9082117122484039,,,-0.5890481178297122,0.2859965864545069
-0.03402468333748479,0.01698575352557374,0.8801315617085368,0.001931325075432483,1.358975309113596,0.9527666229267453,,,-0.5781653053886882,0.3006774873909795
-0.02314187089646072,0.01702352249298366,0.8910143741495609,0.002216693902098852,1.36985812155462,0.9968298617727407,,,-0.5672824929476641,0.3214533534249819
-0.01225905845543665,0.01703227658324769,0.9018971865905849,0.002552590406393262,1.380740933995644,1.040176009134568,,,-0.55639968050664,0.3486964929889959
-0.001376246014412587,0.01699961061300008,0.912779999031609,0.002944833096812273,1.391623746436668,1.082539623039201,,,-0.5455168680656159,0.3826901778539132
0.00950656642661148,0.01691732879824078,0.9236628114726331,0.003399009457432217,1.402506558877692,1.123652122698475,,,-0.5346340556245919,0.4238193774273863
0.02038937886763555,0.01678595730736207,0.9345456239136571,0.003928598306736418,1.413389371318716,1.163244648797788,,,-0.5237512431835678,0.4724756601778727
0.03127219130865962,0.01661007665862292,0.9454284363546812,0.004534022632855776,1.42427218375974,1.201051067541401,,,-0.5128684307425437,0.5291888398333009
0.04215500374968368,0.01639126361015323,0.9563112487957053,0.005218420855211736,1.435154996200764,1.236811079230908,,,-0.5019856183015197,0.594505024491794
0.05303781619070774,0.01612797838082212,0.9671940612367294,0.005991159844802996,1.446037808641788,1.270273388905606,,,-0.4911028058604956,0.6689282193313473
0.06392062863173181,0.01582242483400924,0.9780768736777534,0.006877367754707515,1.456920621082812,1.301198894105915,,,-0.4802199934194715,0.7529575888380231
0.07480344107275588,0.0154771806195695,0.9889596861187775,0.007874384765609928,1.467803433523836,1.330064621337059,,,-0.4693371809784475,0.8473195841238179
0.08568625351377995,0.01509511591337996,0.9998424985598016,0.008992811275216315,1.47868624596486,1.356659037515072,,,-0.4584543685374234,0.952646775854768
0.09656906595480401,0.01467935374835639,1.010725311000826,0.01024377756523588,1.489569058405884,1.380085099907004,,,-0.4475715560963993,1.069490697995724
0.1074518783958281,0.01423322761640997,1.02160812344185,0.01163889863143963,1.500451870846909,1.400170997058297,,,-0.4366887436553752,1.198466886022588
0.1183346908368521,0.0137602371441617,1.032490935882874,0.01319021610380519,1.511334683287933,1.416772123206106,,,-0.4258059312143512,1.340174702692926
0.1292175032778762,0.01326400266301544,1.043373748323898,0.01491012637443312,1.522217495728957,1.429773568951095,,,-0.4149231187733271,1.495145562493762
0.1401003157189003,0.0127482194925591,1.054256560764922,0.01681129418337562,1.533100308169981,1.439121406556416,,,-0.404040306332303,1.664000385905505
0.1509831281599243,0.01221661273582796,1.065139373205946,0.01890655107914585,1.543983120611005,1.444716320889036,,,-0.393157493891279,1.847166487169769
0.1618659406009484,0.01167289334685513,1.07602218564697,0.02120877837232268,1.554865933052029,1.44656734026962,,,-0.3822746814502549,2.045056140115012
0.1727487530419725,0.01112071617675256,1.086904998087994,0.02373077443740043,1.565748745493053,1.444697268253528,,,-0.3713918690092308,2.258001146238032
0.1836315654829966,0.01056364063631643,1.097787810529018,0.02648510648902585,1.576631557934077,1.439166061879535,,,-0.3605090565682068,2.486238903971017
0.1945143779240206,0.01000509453315936,1.108670622970042,0.0294839472621944,1.587514370375101,1.430071148734533,,,-0.3496262441271827,2.729898576418637
0.2053971903650447,0.009448341552205518,1.119553435411066,0.03273889735894015,1.598397182816125,1.419060579283324,,,-0.3387434316861587,2.98898760683258
0.2162800028060687,0.008896452752755286,1.13043624785209,0.03626079438250633,1.609279995257149,1.406292636024971,,,-0.3278606192451346,3.263325090502923
0.2271628152470928,0.008352282356002072,1.141319060293114,0.04005951035870046,1.620162807698173,1.390435154978344,,,-0.3169778068041105,3.552756864841125
0.2380456276881169,0.007818447996598263,1.152201872734139,0.04414373933671196,1.631045620139197,1.37170457398886,,,-0.3060949943630865,3.856783508229595
0.2489284401291409,0.007297315513236461,1.163084685175163,0.04852077746053553,1.641928432580221,1.35035148070179,,,-0.2952121819220624,4.174767636433648
0.259811252570165,0.00679098825865843,1.173967497616187,0.05319629819865335,1.652811245021246,1.32665906510239,,,-0.2843293694810383,4.506027303164128
0.2706940650111891,0.006301300821193279,1.184850310057211,0.058174125804157,1.66369405746227,1.300941259063636,,,-0.2734465570400142,4.849560191845132
0.2815768774522132,0.005829816969713612,1.195733122498235,0.06345601043959861,1.674576869903294,1.273540589810321,,,-0.2625637445989902,5.204205889721194
0.2924596898932372,0.00537783156329211,1.206615934939259,0.06904140872949249,1.685459682344318,1.24482577618044,,,-0.2516809321579661,5.568706847064807
0.3033425023342613,0.004946376106977729,1.217498747380283,0.07492727378711657,1.696342494785342,1.215189097580655,,,-0.240798119716942,5.941530414553713
0.3142253147752854,0.0045362275867449,1.228381559821307,0.08110785898957905,1.707225307226366,1.185043565608256,,,-0.229915307275918,6.321001953524231
0.3251081272163094,0.004147920180178224,1.239264372262331,0.08758641411112916,1.71810811966739,1.154819927501023,,,-0.2190324948348939,6.705278471659132
0.3359909396573335,0.003781759414854291,1.250147184703355,0.09433086372994445,1.728990932108414,1.124963528968661,,,-0.2081496823938699,7.092359739710539
0.3468737520983575,0.00343783833335229,1.261029997144379,0.1013358093320402,1.739873744549438,1.095931061678914,,,-0.1972668699528458,7.480102456902448
0.3577565645393816,0.003116055221748875,1.271912809585403,0.108583388544841,1.750756556990462,1.068187217871377,,,-0.1863840575118217,7.86623739534825
0.3686393769804057,0.002816132466457742,1.282795622026427,0.1160524683460924,1.761639369431486,1.042201271430273,,,-0.1755012450707976,8.248389388023869
0.3795221894214297,0.00253763612128212,1.293678434467451,0.123718633581153,1.77252218187251,1.018443601459166,,,-0.1646184326297736,8.624099958450046
0.3904050018624538,0.002279995791324393,1.304561246908475,0.1315542202604158,1.783404994313534,0.9973821711714554,,,-0.1537356201887495,8.99083219445488
0.4012878143034779,0.002042524471603343,1.315444059349499,0.1395283967789097,1.794287806754558,0.9794789719472624,,,-0.1428528077477255,9.346072761035929
0.4121706267445019,0.001824438014474885,1.326326871790523,0.1476072955762961,1.805170619195583,0.9651864399105311,,,-0.1319699953067014,9.687267841486086
0.423053439185526,0.001624873939839531,1.337209684231548,0.1557541970307184,1.816053431636607,0.9549438505336824,,,-0.1210871828656773,10.0118816350286
0.4339362516265501,0.001442909344289621,1.348092496672572,0.1639400546293405,1.826936244077631,0.9491736957410642,,,-0.1102043704246533,10.31744924551219
0.4448190640675742,0.001277577708517133,1.358975309113596,0.1721131193743103,1.837819056518655,0.9482780478838021,,,-0.09932155798362918,10.60159466392428
0.4557018765085982,0.001127884445290379,1.36985812155462,0.1802248427826275,1.848701868959679,0.9526349158852471,,,-0.08843874554260511,10.86206135800304
0.4665846889496223,0.0009982248403507749,1.380740933995644,0.1882362110767186,1.859584681400703,0.9625946008502798,,,-0.07755593310158106,11.09674200048797
0.4774675013906464,0.0008782973444649136,1.391623746436668,0.1961146485998163,1.870467493841727,0.9784760614858111,,,-0.06667312066055699,11.30370679047351
0.4883503138316704,0.0007713893915959608,1.402506558877692,0.203813441010716,1.881350306282751,1.000563303734369,,,-0.05579030821953292,11.48122983687091
0.4992331262726944,0.0006766186571568871,1.413389371318716,0.2112722760282829,1.892233118723775,1.02910181396545,,,-0.04490749577850885,11.62912543505885
0.5101159387137185,0.0005931526490663649,1.42427218375974,0.2184448142977081,1.903115931164799,1.06429506073716,,,-0.03402468333748479,11.7467893107896
0.5209987511547426,0.0005202198858812411,1.435154996200764,0.2252858588449854,1.913998743605823,1.106301096323165,,,-0.02314187089646072,11.8336632171235
0.5318815635957667,0.0004571204593343245,1.446037808641788,0.2317519827312609,1.924881556046847,1.15522929564544,,,-0.01225905845543665,11.89098223460585
0.5427643760367907,0.0004138020998178813,1.456920621082812,0.2378021698237507,1.935764368487871,1.211137276676615,,,-0.001376246014412587,11.91998631491288
0.5536471884778148,0.0003715698640372402,1.467803433523836,0.2434958331026796,1.946647180928895,1.274028052468036,,,0.00950656642661148,11.91777824569917
0.5645300009188389,0.0003383810490784218,1.47868624596486,0.2487978455932988,1.95752999336992,1.343847470399443,,,0.02038937886763555,11.88087181464943
0.5754128133598629,0.0003141127772510081,1.489569058405884,0.2535791796713747,1.968412805810944,1.420481998711531,,,0.03127219130865962,11.81222011560291
0.586295625800887,0.0002988069263353196,1.500451870846909,0.2578131450293438,1.979295618251967,1.503756923564236,,,0.04215500374968368,11.71767716691109
0.5971784382419111,0.0002926898547166937,1.511334683287933,0.2614786103048898,1.990178430692991,1.593435021477502,,,0.05303781619070774,11.59542573823989
0.6080612506829352,0.0002961944720962178,1.522217495728957,0.2645605545554751,2.001061243134016,1.689215771812119,,,0.06392062863173181,11.44125364223345
0.6189440631239592,0.0003099850556673054,1.533100308169981,0.2670555218145903,2.01194405557504,1.79073517174091,,,0.07480344107275588,11.25647007551753
0.6298268755649833,0.0003349852053185573,1.543983120611005,0.2689536268904666,2.022826868016064,1.897566211810542,,,0.08568625351377995,11.04262864169122
0.6407096880060074,0.0003724093165449418,1.554865933052029,0.2702648536894749,2.033709680457088,2.009220063637033,,,0.09656906595480401,10.80150561269471
0.6515925004470314,0.0004237979250940389,1.565748745493053,0.2710030538849225,2.044592492898112,2.125148022524507,,,0.1074518783958281,10.53507538217131
0.6624753128880555,0.0004910572415785233,1.576631557934077,0.2711900203548379,2.055475305339136,2.244744236938006,,,0.1183346908368521,10.24548358485196
0.6733581253290796,0.0005941038260332342,1.587514370375101,0.2708556158775184,2.06635811778016,2.367349243968512,,,0.1292175032778762,9.935018393051303
0.6842409377701036,0.0007054471522509018,1.598397182816125,0.2703348675885442,2.077240930221184,2.492254315451711,,,0.1401003157189003,9.606080525963945
0.6951237502111277,0.0008423365751238903,1.609279995257149,0.2696711682507589,2.088123742662208,2.618706603564317,,,0.1509831281599243,9.261152519242819
0.7060065626521518,0.001008945702389417,1.620162807698173,0.268616167955441,2.099006555103232,2.745915057910704,,,0.1618659406009484,8.902767801358291
0.7168893750931759,0.001210152215478031,1.631045620139197,0.2672263552255059,2.109889367544256,2.873057068769594,,,0.1727487530419725,8.533480109867192
0.7277721875341999,0.00145161959572997,1.641928432580221,0.2655657418196923,2.120772179985281,2.999285773777071,,,0.1836315654829966,8.155833755695889
0.738654999975224,0.001739885429705131,1.652811245021246,0.2637055080326811,2.131654992426304,3.123737948384492,,,0.1945143779240206,7.772335207897764
0.7495378124162481,0.002082456068166593,1.66369405746227,0.2617235543405616,2.142537804867329,3.24554238446159,,,0.2053971903650447,7.385426426382891
0.760420624857272,0.002487907239370191,1.674576869903294,0.2597039618219455,2.153420617308353,3.363837778982237,,,0.2162800028060687,6.997460317350122
0.7713034372982961,0.002965990020494539,1.685459682344318,0.2577363647223528,2.164303429749377,3.477748299332485,,,0.2271628152470928,6.610678627250429
0.7821862497393202,0.003527741351746661,1.696342494785342,0.2559152393984429,2.175186242190401,3.586439455171491,,,0.2380456276881169,6.227192527846114
0.7930690621803442,0.004185598036936434,1.707225307226366,0.254339114677726,2.186069054631425,3.689097187522596,,,0.2489284401291409,5.848966079114563
0.8039518746213683,0.004953512913995304,1.71810811966739,0.2531097094009422,2.196951867072449,3.784944985253132,,,0.259811252570165,5.477802690170244
0.8148346870623924,0.005847071601785893,1.728990932108414,0.2523310035840807,2.207834679513473,3.873252018526901,,,0.2706940650111891,5.115334632766303
0.8257174995034164,0.006883607939345267,1.739873744549438,0.2521082502536167,2.218717491954497,3.953341342050406,,,0.2815768774522132,4.763015598886532
0.8366003119444405,0.008082315935184364,1.750756556990462,0.252546935582449,2.229600304395521,4.024597510107578,,,0.2924596898932372,4.422116234885667
0.8474831243854646,0.009464355743237533,1.761639369431486,0.2537516954967953,2.240483116836545,4.086473474496887,,,0.3033425023342613,4.09372253081867
0.8583659368264887,0.01105295088536978,1.77252218187251,0.2558251974473867,2.251365929277569,4.138496648457069,,,0.3142253147752854,3.778736896031146
0.8692487492675127,0.01287347365585719,1.783404994313534,0.2588669965520937,2.262248741718593,4.180274034437977,,,0.3251081272163094,3.47788171153662
0.8801315617085368,0.0149535064692804,1.794287806754558,0.2629723758297074,2.273131554159618,4.214475457323478,,,0.3359909396573335,3.191705116706464
0.8910143741495609,0.01732293104626684,1.805170619195583,0.2682311807609285,2.284014366600641,4.243087715890539,,,0.3468737520983575,2.920588762622926
0.9018971865905849,0.02001370596999065,1.816053431636607,0.2747266589334686,2.294897179041666,4.262925431588533,,,0.3577565645393816,2.664757247135003
0.912779999031609,0.02306059170434364,1.826936244077631,0.2825343160495667,2.30577999148269,4.271617515646907,,,0.3686393769804057,2.424288937030356
0.9236628114726331,0.02650036894308303,1.837819056518655,0.2917208000869173,2.316662803923714,4.269120374329139,,,0.3795221894214297,2.199127880415165
0.9345456239136571,0.03037183304863886,1.848701868959679,0.3023428258932958,2.327545616364738,4.255481815970087,,,0.3904050018624538,1.989096516827932
0.9454284363546812,0.03471604754951875,1.859584681400703,0.3144461529410631,2.338428428805762,4.230839581325898,,,0.4012878143034779,1.793908903113307
0.9563112487957053,0.03957599761283318,1.870467493841727,0.3280646293452675,2.349311241246786,4.195418733013452,,,0.4121706267445019,1.613184188851174
0.9671940612367294,0.04499661961038482,1.881350306282751,0.3432193155291879,2.36019405368781,4.149527962305822,,,0.423053439185526,1.446460095304406
0.9780768736777534,0.051024215764422,1.892233118723775,0.3599177010716189,2.371076866128834,4.093554890667362,,,0.4339362516265501,1.293206175505115
0.9889596861187775,0.05770641309812757,1.903115931164799,0.3781530282569496,2.381959678569858,4.027960460433354,,,0.4448190640675742,1.152836659324044
0.9998424985598016,0.06509175931380497,1.913998743605823,0.3979037356377514,2.392842491010882,3.953261803410556,,,0.4557018765085982,1.024722715260356
1.010725311000826,0.07322932745489258,1.924881556046847,0.4191330344771674,2.403725303451906,3.870086453737594,,,0.4665846889496223,0.9082096571481665
1.02160812344185,0.08216826660562603,1.935764368487871,0.441788630235045,2.41460811589293,3.779033060610304,,,0.4774675013906464,0.8026065681068624
1.032490935882874,0.09195729821507986,1.946647180928895,0.4658026002725326,2.425490928333954,3.680798401732079,,,0.4883503138316704,0.7072257452272637
1.043373748323898,0.1026441595405906,1.95752999336992,0.4910914376565564,2.436373740774978,3.576102582975813,,,0.4992331262726944,0.6213728793753717
1.054256560764922,0.114274996809063,1.968412805810944,0.5175562693381527,2.447256553216002,3.46569305356884,,,0.5101159387137185,0.5443592849386297
1.065139373205946,0.12689371186282,1.979295618251967,0.545083255056659,2.458139365657027,3.351817126410767,,,0.5209987511547426,0.4755087050436175
1.07602218564697,0.1405412672699522,1.990178430692991,0.5735441710954687,2.46902217809805,3.235238520913749,,,0.5318815635957667,0.4141631173540323
1.086904998087994,0.155254956115127,2.001061243134016,0.6027971805059372,2.479904990539075,3.115229455131432,,,0.5427643760367907,0.3597138165192992
1.097787810529018,0.1710676439204938,2.01194405557504,0.6326877886571921,2.490787802980098,2.99253839298794,,,0.5536471884778148,0.3115076993094778
1.108670622970042,0.1880069913505283,2.022826868016064,0.6630499800055062,2.501670615421123,2.867902129850664,,,0.5645300009188389,0.268987637332364
1.119553435411066,0.2060946675006298,2.033709680457088,0.6937075288627034,2.512553427862147,2.742039383561947,,,0.5754128133598629,0.2316084096713622
1.13043624785209,0.225345564627299,2.044592492898112,0.7244754737435259,2.523436240303171,2.615621815094454,,,0.586295625800887,0.1988586609670071
1.141319060293114,0.2457670261177574,2.055475305339136,0.7551617416597582,2.534319052744195,2.489366597710831,,,0.5971784382419111,0.1702617691235576
1.152201872734139,0.2673581002893599,2.06635811778016,0.7855689055828946,2.545201865185219,2.363876332208322,,,0.6080612506829352,0.1453761379169884
1.163084685175163,0.2901088332257574,2.077240930221184,0.8154960552997594,2.556084677626243,2.239745776851989,,,0.6189440631239592,0.1237949929156078
1.173967497616187,0.313999614271162,2.088123742662208,0.8447407591202577,2.566967490067267,2.117528953863602,,,0.6298268755649833,0.1051457574853336
1.184850310057211,0.3390005879926883,2.099006555103232,0.8731010914453249,2.577850302508291,1.997736666043563,,,0.6407096880060074,0.08908908260916847
1.195733122498235,0.3650711463635741,2.109889367544256,0.9003776991435811,2.588733114949315,1.880834677512487,,,0.6515925004470314,0.07531760007658098
1.206615934939259,0.392159514601289,2.120772179985281,0.9263758780874425,2.599615927390339,1.767242532137395,,,0.6624753128880555,0.06355446355472755
1.217498747380283,0.4202024435031081,2.131654992426304,0.9509076301238151,2.610498739831363,1.65733297464179,,,0.6733581253290796,0.05360490264784561
1.228381559821307,0.4491250202519937,2.142537804867329,0.9737936702491251,2.621381552272387,1.551431932306494,,,0.6842409377701036,0.04515675716315975
1.239264372262331,0.47886522259752,2.153420617308353,0.994875236641211,2.632264364713412,1.449819009572164,,,0.6951237502111277,0.03805689668008713
1.250147184703355,0.5092824450730972,2.164303429749377,1.014583547913988,2.643147177154435,1.352728443736859,,,0.7060065626521518,0.03213462064694093
1.261029997144379,0.5402865145288634,2.175186242190401,1.032779037593745,2.65402998959546,1.260350467248363,,,0.7168893750931759,0.02724133222913076
1.271912809585403,0.571757132464256,2.186069054631425,1.048720454019924,2.664912802036484,1.172833020735952,,,0.7277721875341999,0.02324886891273439
1.282795622026427,0.6035635909302263,2.196951867072449,1.062288205358583,2.675795614477508,1.090283760799131,,,0.738654999975224,0.02004791097495315
1.293678434467451,0.6355654829039019,2.207834679513473,1.07338124295656,2.686678426918532,1.012772307541457,,,0.7495378124162481,0.01754648589526763
1.304561246908475,0.6676135721345966,2.218717491954497,1.081918111959685,2.697561239359556,0.9403326787621944,,,0.760420624857272,0.01566858201155278
1.315444059349499,0.6995508191846633,2.229600304395521,1.08783775476033,2.70844405180058,0.8729658604450932,,,0.7713034372982961,0.01435288040035346
1.326326871790523,0.7312135577680062,2.240483116836545,1.091100055872385,2.719326864241604,0.8106424665573762,,,0.7821862497393202,0.01355161008471834
1.337209684231548,0.7624328128470341,2.251365929277569,1.091686121550633,2.730209676682628,0.7533054450393778,,,0.7930690621803442,0.01322952823747186
1.348092496672572,0.7930363507792633,2.262248741718593,1.089598292327042,2.741092489123652,0.7008727910787351,,,0.8039518746213683,0.01336302403291263
1.358975309113596,0.8228484462776989,2.273131554159618,1.085383556659545,2.751975301564676,0.6532402331836998,,,0.8148346870623924,0.01393934217824412
1.36985812155462,0.8516930650812689,2.284014366600641,1.0794679462555,2.7628581140057,0.6102838620711651,,,0.8257174995034164,0.01495591989512571
1.380740933995644,0.8793959292647423,2.294897179041666,1.071378668724094,2.773740926446724,0.5718626768533935,,,0.8366003119444405,0.01641982918660012
1.391623746436668,0.9060604085757075,2.30577999148269,1.060795288880309,2.784623738887749,0.5378210273456053,,,0.8474831243854646,0.01834731457998631
1.402506558877692,0.9315171684489308,2.316662803923714,1.047802088324792,2.795506551328772,0.5079909354433745,,,0.8583659368264887,0.0207634151483443
1.413389371318716,0.9553260747150394,2.327545616364738,1.032500909454802,2.806389363769797,0.4821942823697993,,,0.8692487492675127,0.02370165845112182
1.42427218375974,0.9773306711055767,2.338428428805762,1.015008455604538,2.817272176210821,0.460244852119966,,,0.8801315617085368,0.027183737575116
1.435154996200764,0.9973850230331059,2.349311241246786,0.9954558072211807,2.828154988651845,0.441950224602829,,,0.8910143741495609,0.03129405704987695
1.446037808641788,1.01535555236908,2.36019405368781,0.9739865711630579,2.839037801092869,0.42711351478209,,,0.9018971865905849,0.03606007807279625
1.456920621082812,1.031122783340488,2.371076866128834,0.9507552004187663,2.849920613533893,0.4155349565458039,,,0.912779999031609,0.04155422711275409
1.467803433523836,1.045120782242225,2.381959678569858,0.9259252483408301,2.860803425974917,0.4070133320996635,,,0.9236628114726331,0.04785164680244793
1.47868624596486,1.057258262179547,2.392842491010882,0.8996660959528295,2.871686238415941,0.4013472494022873,,,0.9345456239136571,0.0551008817015478
1.489569058405884,1.06691998144943,2.403725303451906,0.8721784111189346,2.882569050856965,0.3983362715722556,,,0.9454284363546812,0.06332199449064131
1.500451870846909,1.074048412732216,2.41460811589293,0.843604400111181,2.893451863297989,0.3977819033326208,,,0.9563112487957053,0.07257024444116547
1.511334683287933,1.078607009242916,2.425490928333954,0.8141428634359026,2.904334675739013,0.3994884404601675,,,0.9671940612367294,0.08295661299265325
1.522217495728957,1.08058105262261,2.436373740774978,0.7839766912846537,2.915217488180037,0.4032636889169813,,,0.9780768736777534,0.09471663913252606
1.533100308169981,1.079978419517388,2.447256553216002,0.7532876140138737,2.926100300621061,0.4089195609042148,,,0.9889596861187775,0.1078618408488318
1.543983120611005,1.076829329968085,2.458139365657027,0.7225069740924497,2.936983113062086,0.4162725555334088,,,0.9998424985598016,0.1225117578502295
1.554865933052029,1.071187278379889,2.46902217809805,0.6918076683987668,2.947865925503109,0.4251441321965555,,,1.010725311000826,0.1387900077694657
1.565748745493053,1.063128318192926,2.479904990539075,0.6611029671626177,2.958748737944134,0.435360985063703,,,1.02160812344185,0.1568235128022651
1.576631557934077,1.052750733663655,2.490787802980098,0.6305522175842223,2.969631550385158,0.4467552274706518,,,1.032490935882874,0.1767415813076362
1.587514370375101,1.040174318375026,2.501670615421123,0.6003077419253438,2.980514362826182,0.459164495295374,,,1.043373748323898,0.1986748400730039
1.598397182816125,1.026435272034105,2.512553427862147,0.5705141183313679,2.991397175267206,0.4724319787675648,,,1.054256560764922,0.2227540151002442
1.609279995257149,1.011685265628169,2.523436240303171,0.5413030608683932,3.00227998770823,0.4864063925095823,,,1.065139373205946,0.2491085612311378
1.620162807698173,0.9951900894224207,2.534319052744195,0.5128121761223288,3.013162800149254,0.5009418939585631,,,1.07602218564697,0.2778651436849809
1.631045620139197,0.9771278983654351,2.545201865185219,0.4851541255639433,3.024045612590278,0.5158979606502665,,,1.086904998087994,0.3091459775998275
1.641928432580221,0.9576916692897572,2.556084677626243,0.4584381549310361,3.034928425031302,0.5311392371298903,,,1.097787810529018,0.3430670349152254
1.652811245021246,0.937087347930681,2.566967490067267,0.4327641935031256,3.045811237472326,0.5465353624630428,,,1.108670622970042,0.3797361313617517
1.66369405746227,0.9155318268769767,2.577850302508291,0.4082228910608227,3.05669404991335,0.5619607894171494,,,1.119553435411066,0.4192509098749876
1.674576869903294,0.893250776727488,2.588733114949315,0.3848957440455908,3.067576862354374,0.5772946063344314,,,1.13043624785209,0.461696740363515
1.685459682344318,0.8704763545184299,2.599615927390339,0.3628552979085456,3.078459674795398,0.5928851967529962,,,1.141319060293114,0.5071445593583325
1.696342494785342,0.8474448149469492,2.610498739831363,0.3421654124286566,3.089342487236422,0.6086163203487732,,,1.152201872734139,0.5556486765736802
1.707225307226366,0.8243940510438906,2.621381552272387,0.3228815769031022,3.100225299677446,0.6239071000974079,,,1.163084685175163,0.6072445787295039
1.71810811966739,0.8015610917466186,2.632264364713412,0.3050512625369015,3.11110811211847,0.638645794481607,,,1.173967497616187,0.6619467640320923
1.728990932108414,0.779179584300977,2.643147177154435,0.2887143000507794,3.121990924559495,0.6527251126899154,,,1.184850310057211,0.7197466433877932
1.739873744549438,0.7574772895946077,2.65402998959546,0.2739032714463832,3.132873737000518,0.6660423556058255,,,1.195733122498235,0.7806105466407707
1.750756556990462,0.7366736184098368,2.664912802036484,0.2606439059740016,3.143756549441543,0.6784996189527299,,,1.206615934939259,0.8444778737872867
1.761639369431486,0.7169772362029009,2.675795614477508,0.2489554715952103,3.154639361882567,0.6900040488523143,,,1.217498747380283,0.9112594321383709
1.77252218187251,0.6985837633875654,2.686678426918532,0.2388511545758946,3.165522174323591,0.7004681484523736,,,1.228381559821307,0.9808360006997365
1.783404994313534,0.6816735972441276,2.697561239359556,0.2303384212385957,3.176404986764615,0.7098101323733209,,,1.239264372262331,1.053093661019118
1.794287806754558,0.6664098805059794,2.70844405180058,0.2234193573031922,3.187287799205639,0.7179543237821299,,,1.250147184703355,1.127787180128864
1.805170619195583,0.6529366404084912,2.719326864241604,0.2180909816100559,3.198170611646663,0.7247860136708553,,,1.261029997144379,1.204730468974774
1.816053431636607,0.6413771205279449,2.730209676682628,0.2143455323118579,3.209053424087687,0.7303102036424926,,,1.271912809585403,1.283676432497978
1.826936244077631,0.631832326096154,2.741092489123652,0.2121707248052746,3.219936236528711,0.7344903234222553,,,1.282795622026427,1.364345685743268
1.837819056518655,0.6243798016494244,2.751975301564676,0.211549981723081,3.230819048969735,0.7372366207495069,,,1.293678434467451,1.446427288463698
1.848701868959679,0.6190726578548806,2.7628581140057,0.212462636197422,3.241701861410759,0.7385115208047822,,,1.304561246908475,1.529579937475348
1.859584681400703,0.615938862146356,2.773740926446724,0.21488411031957,3.252584673851783,0.7382861787979543,,,1.315444059349499,1.613433629936439
1.870467493841727,0.6149808053877357,2.784623738887749,0.2187860712501137,3.263467486292807,0.7365409142091659,,,1.326326871790523,1.697591803426636
1.881350306282751,0.6161751541557366,2.795506551328772,0.2241365677731585,3.274350298733832,0.7332655876808915,,,1.337209684231548,1.781633950801559
1.892233118723775,0.6194729953903602,2.806389363769797,0.2309001502427246,3.285233111174855,0.7284599069848375,,,1.348092496672572,1.865188117657008
1.903115931164799,0.6248002770974305,2.817272176210821,0.2390379768500538,3.29611592361588,0.7221336492061814,,,1.358975309113596,1.947728188578755
1.913998743605823,0.6320585455074754,2.828154988651845,0.2485079089646326,3.306998736056904,0.7143067874528157,,,1.36985812155462,2.028747769636637
1.924881556046847,0.6411259756103856,2.839037801092869,0.2592645979931321,3.317881548497928,0.7050095119851802,,,1.380740933995644,2.10780814947603
1.935764368487871,0.6518586883171187,2.849920613533893,0.2712595657883003,3.328764360938952,0.6950979099456359,,,1.391623746436668,2.184714680214725
1.946647180928895,0.6640923436803471,2.860803425974917,0.2844412801575705,3.339647173379976,0.684614974873712,,,1.402506558877692,2.258982732158123
1.95752999336992,0.677643995679406,2.871686238415941,0.2987552265053615,3.350529985821,0.6727903785770925,,,1.413389371318716,2.329842999541111
1.968412805810944,0.6923141900970848,2.882569050856965,0.3141439817967676,3.361412798262024,0.659679002644965,,,1.42427218375974,2.396826552944686
1.979295618251967,0.7078892830544382,2.893451863297989,0.3305472584985533,3.372295610703048,0.6453447917703302,,,1.435154996200764,2.459481961109
1.990178430692991,0.7241439539030263,2.904334675739013,0.3479019956096299,3.383178423144072,0.6298375974142753,,,1.446037808641788,2.517380924005948
2.001061243134016,0.7408438824890204,2.915217488180037,0.3661423971988287,3.394061235585096,0.6132882436169127,,,1.456920621082812,2.570123847270154
2.01194405557504,0.7577485573940664,2.926100300621061,0.3851999890201037,3.40494404802612,0.595757125529469,,,1.467803433523836,2.618681236681964
2.022826868016064,0.7746141787209978,2.936983113062086,0.4050036650499155,3.415826860467144,0.5773357845662817,,,1.47868624596486,2.662715145287919
2.033709680457088,0.7911966164259268,2.947865925503109,0.4254797278657379,3.426709672908169,0.558125068260888,,,1.489569058405884,2.700584261027809
2.044592492898112,0.8072543831960067,2.958748737944134,0.4465519227694557,3.437592485349192,0.5382289834218262,,,1.500451870846909,2.732032554819857
2.055475305339136,0.8225515795208544,2.969631550385158,0.468141466133627,3.448475297790217,0.517754847495311,,,1.511334683287933,2.756857742753913
2.06635811778016,0.8368607679807486,2.980514362826182,0.4901670691858314,3.459358110231241,0.496812179044473,,,1.522217495728957,2.774915176129181
2.077240930221184,0.8499657339366304,2.991397175267206,0.5125449593207249,3.470240922672265,0.4755115644266475,,,1.533100308169981,2.786155347888395
2.088123742662208,0.8616640907978494,3.00227998770823,0.5351889020051936,3.481123735113289,0.4539635206288043,,,1.543983120611005,2.790499277747588
2.099006555103232,0.8717696898844952,3.013162800149254,0.5580102273744515,3.492006547554313,0.4322773741457323,,,1.554865933052029,2.788019472338985
2.109889367544256,0.8801147975898111,3.024045612590278,0.5809178666540402,3.502889359995337,0.4105601752078953,,,1.565748745493053,2.778828640331378
2.120772179985281,0.8865520060578925,3.034928425031302,0.6038184045270354,3.513772172436361,0.3889156656130395,,,1.576631557934077,2.763106815898028
2.131654992426304,0.8909558478708106,3.045811237472326,0.6266161544368074,3.524654984877385,0.3674433169292435,,,1.587514370375101,2.741101082987078
2.142537804867329,0.8932240902114753,3.05669404991335,0.6492132645125944,3.535537797318409,0.3462374539713075,,,1.598397182816125,2.715830718905974
2.153420617308353,0.8932873363572257,3.067576862354374,0.6715098622694834,3.546420609759433,0.3253864762714774,,,1.609279995257149,2.687649069903899
2.164303429749377,0.8923303287569382,3.078459674795398,0.6939072826110979,3.557303422200457,0.304972187841387,,,1.620162807698173,2.654241412356206
2.175186242190401,0.8903206005179917,3.089342487236422,0.7162885361127087,3.568186234641481,0.2850692429314016,,,1.631045620139197,2.616058827579802
2.186069054631425,0.8859800916067596,3.100225299677446,0.7380577360228484,3.579069047082506,0.2657447128147398,,,1.641928432580221,2.57360889181124
2.196951867072449,0.8793085795683724,3.11110811211847,0.7590890169053796,3.589951859523529,0.2470577759344878,,,1.652811245021246,2.527451921065752
2.207834679513473,0.8703303309791697,3.121990924559495,0.7792682507929481,3.600834671964554,0.2290595311259735,,,1.66369405746227,2.478196640281175
2.218717491954497,0.859093280465742,3.132873737000518,0.7984818306889062,3.611717484405577,0.2117929311332646,,,1.674576869903294,2.426495328359755
2.229600304395521,0.8456678935881826,3.143756549441543,0.8166173993265856,3.622600296846602,0.1952928313372285,,,1.685459682344318,2.373038495421223
2.240483116836545,0.8301457384880647,3.154639361882567,0.8335646464184677,3.633483109287626,0.1795861465547957,,,1.696342494785342,2.318549151926047
2.251365929277569,0.8126377963669423,3.165522174323591,0.8492161695187942,3.64436592172865,0.1646921069953579,,,1.707225307226366,2.263776731329873
2.262248741718593,0.7932725453219229,3.176404986764615,0.8634683912173182,3.655248734169674,0.1506226030000887,,,1.71810811966739,2.209490728648584
2.273131554159618,0.7722244694085412,3.187287799205639,0.8762225229329313,3.666131546610698,0.1373826070614365,,,1.728990932108414,2.15647411685372
2.284014366600641,0.749672623854642,3.198170611646663,0.8873775523792825,3.677014359051722,0.1249728290329674,,,1.739873744549438,2.105516601527138
2.294897179041666,0.7257534517266914,3.209053424087687,0.8968591784035966,3.687897171492746,0.1133821906998347,,,1.750756556990462,2.057407771863664
2.30577999148269,0.7006198753927048,3.219936236528711,0.9045920034891878,3.69877998393377,0.1025997492529516,,,1.761639369431486,2.01293020312997
2.316662803923714,0.6744488828949262,3.230819048969735,0.9104990459156219,3.709662796374794,0.09260817313157919,,,1.77252218187251,1.972852562294119
2.327545616364738,0.6474345844546072,3.241701861410759,0.9145207023496003,3.720545608815818,0.08338605139029254,,,1.783404994313534,1.937922764967677
2.338428428805762,0.6197576054255468,3.252584673851783,0.9166080712220915,3.731428421256842,0.07490851782471918,,,1.794287806754558,1.90886122828295
2.349311241246786,0.5916029537444784,3.263467486292807,0.9167238005138217,3.742311233697866,0.06714786743537297,,,1.805170619195583,1.886354261079951
2.36019405368781,0.5631525183046477,3.274350298733832,0.9148428388675199,3.75319404613889,0.06007415557841094,,,1.816053431636607,1.871047629995096
2.371076866128834,0.5345831346838821,3.285233111174855,0.9109530704329396,3.764076858579914,0.05365577130894079,,,1.826936244077631,1.863540337886785
2.381959678569858,0.5060648392659027,3.29611592361588,0.9050558152521619,3.774959671020938,0.04785997765797164,,,1.837819056518655,1.864378649620144
2.392842491010882,0.4777511044022366,3.306998736056904,0.8971661789776851,3.785842483461963,0.04265341286000499,,,1.848701868959679,1.874050399633423
2.403725303451906,0.4498275298169491,3.317881548497928,0.8873132382458565,3.796725295902986,0.03800254782934687,,,1.859584681400703,1.892979615937699
2.41460811589293,0.4223987286333211,3.328764360938952,0.8766069529716786,3.807608108344011,0.03387409643800853,,,1.870467493841727,1.921521496218815
2.425490928333954,0.3956066192222827,3.339647173379976,0.8650947300302441,3.818490920785035,0.03023537634914144,,,1.881350306282751,1.959957773419294
2.436373740774978,0.3695690815605751,3.350529985821,0.8517612053266951,3.829373733226059,0.02705461928555914,,,1.892233118723775,2.008492510427429
2.447256553216002,0.3443914688916442,3.361412798262024,0.8366712418271393,3.840256545667083,0.02430123064443667,,,1.903115931164799,2.06724836609154
2.458139365657027,0.3201746861937426,3.372295610703048,0.8199025718650118,3.851139358108107,0.02194599929441478,,,1.913998743605823,2.136263377468391
2.46902217809805,0.2969987232510377,3.383178423144072,0.8015412964657618,3.862022170549131,0.01996125920230206,,,1.924881556046847,2.215488305732992
2.479904990539075,0.274922904920394,3.394061235585096,0.7816973617537608,3.872904982990155,0.01832100522833201,,,1.935764368487871,2.304784595228778
2.490787802980098,0.2540028389327544,3.40494404802612,0.7604876820062892,3.883787795431179,0.01700096600186164,,,1.946647180928895,2.403922996420915
2.501670615421123,0.2342827599299745,3.415826860467144,0.7380160946823814,3.894670607872203,0.01597863724608398,,,1.95752999336992,2.512582903735406
2.512553427862147,0.2157962254369885,3.426709672908169,0.714419657325855,3.905553420313227,0.01523327926621766,,,1.968412805810944,2.630352458146768
2.523436240303171,0.1985532083706338,3.437592485349192,0.6898342547590357,3.916436232754251,0.01474588255809734,,,1.979295618251967,2.756729461675333
2.534319052744195,0.1825988552651791,3.448475297790217,0.6644009500393399,3.927319045195275,0.01449910564186022,,,1.990178430692991,2.891123146475997
2.545201865185219,0.167922328195138,3.459358110231241,0.6382644586432082,3.9382018576363,0.01447718928804982,,,2.001061243134016,3.032856834807077
2.556084677626243,0.1545232342965867,3.470240922672265,0.6115715897804291,3.949084670077323,0.01466585129080658,,,2.01194405557504,3.181171517792169
2.566967490067267,0.1423949945870263,3.481123735113289,0.5844696827728157,3.959967482518348,0.01505216586464691,,,2.022826868016064,3.335230370537046
2.577850302508291,0.1315257992299746,3.492006547554313,0.5571050662043575,3.970850294959372,0.01562443160697525,,,2.033709680457088,3.494124208925661
2.588733114949315,0.1218995301799343,3.502889359995337,0.5296215666434043,3.981733107400396,0.0163720317865753,,,2.044592492898112,3.656877879464039
2.599615927390339,0.1134966350044613,3.513772172436361,0.5021590921919977,3.99261591984142,0.01728529049669753,,,2.055475305339136,3.822457558118618
2.610498739831363,0.1062949380461968,3.524654984877385,0.4748523139926984,4.003498732282444,0.01834821728798251,,,2.06635811778016,3.989778917532155
2.621381552272387,0.1002703775721772,3.535537797318409,0.4478294661946948,4.014381544723468,0.01956839762244242,,,2.077240930221184,4.157716104688101
2.632264364713412,0.09539766009678852,3.546420609759433,0.4212112818368728,4.025264357164492,0.02092907718027513,,,2.088123742662208,4.325111453482424
2.643147177154435,0.09165082559903824,3.557303422200457,0.3951100787434155,4.036147169605516,0.02242701225948119,,,2.099006555103232,4.490785839240523
2.65402998959546,0.08900371983025379,3.568186234641481,0.3696290059503518,4.04702998204654,0.02404830351307989,,,2.109889367544256,4.653549565502987
2.664912802036484,0.08743037227658934,3.579069047082506,0.3448614574940216,4.057912794487565,0.02578927140726562,,,2.120772179985281,4.812213657922406
2.675795614477508,0.0869052805597369,3.589951859523529,0.3208906566975213,4.068795606928588,0.02764317421345224,,,2.131654992426304,4.965601426379117
2.686678426918532,0.08740360409324374,3.600834671964554,0.2977894104864159,4.079678419369612,0.02960325056522144,,,2.142537804867329,5.11256014492219
2.697561239359556,0.08890127163143789,3.611717484405577,0.2756200298397634,4.090561231810637,0.03166265361917454,,,2.153420617308353,5.252000351980673
2.70844405180058,0.09137500892998368,3.622600296846602,0.2544344093154625,4.101444044251661,0.033814399810302,,,2.164303429749377,5.384662176003411
2.719326864241604,0.09480229406437399,3.633483109287626,0.2342742557462021,4.112326856692684,0.0360513322944659,,,2.175186242190401,5.509539093283228
2.730209676682628,0.09916124901383513,3.64436592172865,0.2151714537359696,4.123209669133709,0.03836609884844702,,,2.186069054631425,5.623797733149279
2.741092489123652,0.1044304769073098,3.655248734169674,0.1971485535346378,4.134092481574733,0.04075114369545495,,,2.196951867072449,5.726541770180086
2.751975301564676,0.1105888548447921,3.666131546610698,0.1802193652522699,4.144975294015757,0.04319871244605383,,,2.207834679513473,5.816963592462629
2.7628581140057,0.117615292455749,3.677014359051722,0.1643972243148533,4.155858106456781,0.04570086909618756,,,2.218717491954497,5.894352734475832
2.773740926446724,0.1254884663459292,3.687897171492746,0.1496675441787028,4.166740918897805,0.04824952381034199,,,2.229600304395521,5.95810315845609
2.784623738887749,0.1341865403284312,3.69877998393377,0.1360282963195447,4.177623731338829,0.05083647004344726,,,2.240483116836545,6.007719268857336
2.795506551328772,0.1436868808527982,3.709662796374794,0.1234659212664204,4.188506543779853,0.0534534294238956,,,2.251365929277569,6.042820566374644
2.806389363769797,0.1539657763596967,3.720545608815818,0.1119620969080478,4.199389356220877,0.05609210273517441,,,2.262248741718593,6.06314487208694
2.817272176210821,0.1649981684249465,3.731428421256842,0.1014946040241978,4.210272168661901,0.05874422529714694,,,2.273131554159618,6.072083483391564
2.828154988651845,0.1767574015454773,3.742311233697866,0.0920381770554939,4.221154981102925,0.06140162506069669,,,2.284014366600641,6.072228286000681
2.839037801092869,0.1892149972945697,3.75319404613889,0.08356532559295465,4.23203779354395,0.06405628179054891,,,2.294897179041666,6.060057552039317
2.849920613533893,0.2023404573705598,3.764076858579914,0.07604711351188578,4.242920605984973,0.06670038581824013,,,2.30577999148269,6.033032679919921
2.860803425974917,0.2161010988200506,3.774959671020938,0.06945388424473681,4.253803418425997,0.06931391568483895,,,2.316662803923714,5.991371345548856
2.871686238415941,0.2304619234727813,3.785842483461963,0.06375592233997705,4.264686230867022,0.07191740039908252,,,2.327545616364738,5.935417309879495
2.882569050856965,0.245390919365993,3.796725295902986,0.05892404314875638,4.275569043308046,0.07448811848345892,,,2.338428428805762,5.865605642355984
2.893451863297989,0.2608389259165845,3.807608108344011,0.05493039251738402,4.286451855749069,0.07701976219013781,,,2.349311241246786,5.782477493979109
2.904334675739013,0.2767678454739061,3.818490920785035,0.05174829581371616,4.297334668190094,0.07950645626285875,,,2.36019405368781,5.686667051773527
2.915217488180037,0.293132901195556,3.829373733226059,0.0493525999663009,4.308217480631118,0.081947918049353,,,2.371076866128834,5.57889322577001
2.926100300621061,0.3098868753629109,3.840256545667083,0.04772050693798016,4.319100293072142,0.08433044368580858,,,2.381959678569858,5.459950548040086
2.936983113062086,0.3269801710330947,3.851139358108107,0.04683145171987422,4.329983105513166,0.0867333211698891,,,2.392842491010882,5.330679003765622
2.947865925503109,0.3443608957893965,3.862022170549131,0.0466671820510466,4.34086591795419,0.08915212480365586,,,2.403725303451906,5.192092394673478
2.958748737944134,0.3619749639713029,3.872904982990155,0.04721175414840029,4.351748730395214,0.0915027335857156,,,2.41460811589293,5.045036189354805
2.969631550385158,0.3797662139290415,3.883787795431179,0.0484514482790476,4.362631542836239,0.09378125852286198,,,2.425490928333954,4.890547884390263
2.980514362826182,0.3976765372204257,3.894670607872203,0.05037460912490403,4.373514355277262,0.09598448550689746,,,2.436373740774978,4.729648355821043
2.991397175267206,0.4156460172305512,3.905553420313227,0.05297141691136507,4.384397167718286,0.09810990722820824,,,2.447256553216002,4.563372136474357
3.00227998770823,0.4336130754194976,3.916436232754251,0.0562335961989385,4.395279980159311,0.1001557526709093,,,2.458139365657027,4.39449878669696
3.013162800149254,0.451514624253449,3.927319045195275,0.0601540700681274,4.406162792600335,0.1021210146994152,,,2.46902217809805,4.224044912563554
3.024045612590278,0.4692862268073749,3.9382018576363,0.06472656816177402,4.417045605041358,0.1040054745588862,,,2.479904990539075,4.051255327214443
3.034928425031302,0.486862263993922,3.949084670077323,0.06994519768169083,4.427928417482383,0.1058097264355272,,,2.490787802980098,3.877093449504917
3.045811237472326,0.5041761113209298,3.959967482518348,0.07580398696185298,4.438811229923407,0.1075351978140426,,,2.501670615421123,3.702492631705982
3.05669404991335,0.5211603279549409,3.970850294959372,0.08229641165073766,4.44969404236443,0.1091841681172412,,,2.512553427862147,3.528349727330303
3.067576862354374,0.5377468616166956,3.981733107400396,0.08941491382085964,4.460576854805455,0.1107597838537937,,,2.523436240303171,3.355478084333481
3.078459674795398,0.5543073988443986,3.99261591984142,0.09715042447204683,4.471459667246479,0.1122660695870985,,,2.534319052744195,3.18477762909834
3.089342487236422,0.5707502948523494,4.003498732282444,0.1054842046804604,4.482342479687503,0.1137079336611342,,,2.545201865185219,3.016952785967403
3.100225299677446,0.5866018586398819,4.014381544723468,0.1144199080672515,4.493225292128527,0.1150911674544544,,,2.556084677626243,2.852707166079612
3.11110811211847,0.6017621537399667,4.025264357164492,0.1239314697898759,4.504108104569551,0.1164224368134414,,,2.566967490067267,2.692688141953754
3.121990924559495,0.6161568944267831,4.036147169605516,0.1340401684765334,4.514990917010575,0.1177092642517354,,,2.577850302508291,2.53748535633436
3.132873737000518,0.6297133333817336,4.04702998204654,0.1446532004582826,4.525873729451599,0.1189600005036823,,,2.588733114949315,2.387629951738012
3.143756549441543,0.6423607961990828,4.057912794487565,0.1557761841690991,4.536756541892623,0.1201838088610979,,,2.599615927390339,2.243594465050401
3.154639361882567,0.6540312475297217,4.068795606928588,0.1673792826435984,4.547639354333647,0.121390519437394,,,2.610498739831363,2.105793325116644
3.165522174323591,0.6646598863589118,4.079678419369612,0.1794287841570662,4.558522166774671,0.1225906910156335,,,2.621381552272387,1.974583886781773
3.176404986764615,0.6741857663880807,4.090561231810637,0.1918871041339014,4.569404979215696,0.1237954470417298,,,2.632264364713412,1.850267932205854
3.187287799205639,0.6825524358733388,4.101444044251661,0.2047128718285993,4.580287791656719,0.125016397246161,,,2.643147177154435,1.733093569386676
3.198170611646663,0.6897081213096926,4.112326856692684,0.2178611035328001,4.591170604097743,0.1262655249780868,,,2.65402998959546,1.623257458524999
3.209053424087687,0.6956080192904204,4.123209669133709,0.2312834623690439,4.602053416538768,0.1276655838134568,,,2.664912802036484,1.520907298986543
3.219936236528711,0.7002132397622454,4.134092481574733,0.2449286029932217,4.612936228979792,0.1292276531646102,,,2.675795614477508,1.426144512954078
3.230819048969735,0.703491378650833,4.144975294015757,0.2587425977838069,4.623819041420815,0.1308518461576313,,,2.686678426918532,1.339027066210596
3.241701861410759,0.7054181448463849,4.155858106456781,0.2726694393899934,4.63470185386184,0.1325483475329619,,,2.697561239359556,1.259572371632228
3.252584673851783,0.7059774738828236,4.166740918897805,0.2866516128874357,4.645584666302864,0.1343270359610465,,,2.70844405180058,1.187760226678269
3.263467486292807,0.7051620203564984,4.177623731338829,0.3006307292935115,4.656467478743888,0.1361973367777067,,,2.719326864241604,1.123535742231806
3.274350298733832,0.7029735764721582,4.188506543779853,0.3145482108659523,4.667350291184912,0.1381680716090396,,,2.730209676682628,1.066812226365071
3.285233111174855,0.6994234029023871,4.199389356220877,0.3283460174873974,4.678233103625936,0.1402473078708945,,,2.741092489123652,1.01747399279132
3.29611592361588,0.6945324589561563,4.210272168661901,0.3419674025563266,4.68911591606696,0.142442211327106,,,2.751975301564676,0.9753790697515731
3.306998736056904,0.6883315203037751,4.221154981102925,0.3553576861870597,4.699998728507985,0.1447589049865109,,,2.7628581140057,0.9403617907243361
3.317881548497928,0.6808611741838941,4.23203779354395,0.3684650331845917,4.710881540949008,0.1472023376029665,,,2.773740926446724,0.9122352535188927
3.328764360938952,0.6729483038079891,4.242920605984973,0.3812412232107694,4.721764353390032,0.1497761649111887,,,2.784623738887749,0.8907936389241501
3.339647173379976,0.6646456909642477,4.253803418425997,0.3936260798156831,4.732647165831056,0.1524826464852277,,,2.795506551328772,0.8758143840693311
3.350529985821,0.6552317073261198,4.264686230867022,0.4056171225966471,4.743529978272081,0.1553225607516883,,,2.806389363769797,0.8670602089722207
3.361412798262024,0.6447700924331042,4.275569043308046,0.4171605782190915,4.754412790713104,0.1582951402371754,,,2.817272176210821,0.8642809973949662
3.372295610703048,0.6333328439674092,4.286451855749069,0.4282299742249355,4.765295603154128,0.1613980285942613,,,2.828154988651845,0.867215535112939
3.383178423144072,0.6209994621811867,4.297334668190094,0.4388057450194498,4.776178415595153,0.1646272603517943,,,2.839037801092869,0.8755931100697916
3.394061235585096,0.6078567176068017,4.308217480631118,0.4488853163178512,4.787061228036177,0.1679772636962326,,,2.849920613533893,0.8891349797046639
3.40494404802612,0.5940288811549295,4.319100293072142,0.4584478567212532,4.7979440404772,0.1714408859357549,,,2.860803425974917,0.9075557110772847
3.415826860467144,0.5795584302340016,4.329983105513166,0.4680157473309322,4.808826852918225,0.1750094406543685,,,2.871686238415941,0.93056439938043
3.426709672908169,0.5645720385367934,4.34086591795419,0.4775968490964522,4.819709665359249,0.1786727749554273,,,2.882569050856965,0.9578711727350163
3.437592485349192,0.5491742910591394,4.351748730395214,0.4866922038943213,4.830592477800273,0.1824193546481874,,,2.893451863297989,0.9891680877477588
3.448475297790217,0.5334713549234934,4.362631542836239,0.4953226980115986,4.841475290241297,0.1862363647703585,,,2.904334675739013,1.024158281543704
3.459358110231241,0.5175697263390927,4.373514355277262,0.5035182195212633,4.852358102682321,0.1901098224838891,,,2.915217488180037,1.062538987311366
3.470240922672265,0.5015749664589189,4.384397167718286,0.5113176806101045,4.863240915123345,0.1940297347071755,,,2.926100300621061,1.10400642528723
3.481123735113289,0.4855904504133896,4.395279980159311,0.5187689424977638,4.87412372756437,0.1979714961844933,,,2.936983113062086,1.148256391616419
3.492006547554313,0.4697161539644648,4.406162792600335,0.525931231928228,4.885006540005393,0.2019223680206115,,,2.947865925503109,1.19498475585169
3.502889359995337,0.4540475018018128,4.417045605041358,0.5328652335403711,4.895889352446417,0.2058650499785722,,,2.958748737944134,1.243887871804462
3.513772172436361,0.4386743005058354,4.427928417482383,0.5396462693893095,4.906772164887442,0.2097817315940119,,,2.969631550385158,1.294662907533321
3.524654984877385,0.4236797776573332,4.438811229923407,0.5463673488615546,4.917654977328466,0.2136542172534495,,,2.980514362826182,1.347008101701632
3.535537797318409,0.4091397465216314,4.44969404236443,0.5530958240910129,4.928537789769489,0.2174640443614092,,,2.991397175267206,1.400622955318841
3.546420609759433,0.3951219132299427,4.460576854805455,0.5599357191511435,4.939420602210514,0.2211925933748348,,,3.00227998770823,1.455208369934274
3.557303422200457,0.3816853404872657,4.471459667246479,0.5669873595419892,4.950303414651538,0.2248211891171156,,,3.013162800149254,1.510466745586464
3.568186234641481,0.3688800786272437,4.482342479687503,0.5743558776227976,4.961186227092562,0.2285353151824586,,,3.024045612590278,1.566102054111682
3.579069047082506,0.3567469713891331,4.493225292128527,0.5821502421748815,4.972069039533586,0.2323146451254191,,,3.034928425031302,1.621819905650848
3.589951859523529,0.3453176401929165,4.504108104569551,0.5904821891914372,4.98295185197461,0.2359331472278775,,,3.045811237472326,1.67732762822078
3.600834671964554,0.3346146470191954,4.514990917010575,0.5994650560351443,4.993834664415634,0.2393692641088469,,,3.05669404991335,1.732334381884685
3.611717484405577,0.3246518323431912,4.525873729451599,0.609212522370852,5.004717476856658,0.2426019128308013,,,3.067576862354374,1.786551330220611
3.622600296846602,0.3154348210059513,4.536756541892623,0.619838118267026,5.015600289297682,0.245610604002787,,,3.078459674795398,1.841099878208494
3.633483109287626,0.3069616855045002,4.547639354333647,0.6314506141206742,5.026483101738706,0.2483755598580551,,,3.089342487236422,1.895655151313832
3.64436592172865,0.2992237530132285,4.558522166774671,0.6441569958722164,5.03736591417973,0.2508778331368418,,,3.100225299677446,1.948566694760139
3.655248734169674,0.2922065395703308,4.569404979215696,0.6580580919192416,5.048248726620755,0.2530994285769417,,,3.11110811211847,1.999496965126954
3.666131546610698,0.2858907923257855,4.580287791656719,0.6732476339491515,5.059131539061778,0.2550234286509546,,,3.121990924559495,2.048150257909647
3.677014359051722,0.2802796164692524,4.591170604097743,0.6898106242742349,5.070014351502802,0.2566341248938139,,,3.132873737000518,2.094237519676466
3.687897171492746,0.2753029684354507,4.602053416538768,0.7082180004076203,5.080897163943827,0.2579171557478093,,,3.143756549441543,2.137477814478399
3.69877998393377,0.2709549191155717,4.612936228979792,0.7285111473469772,5.091779976384851,0.2588596513309024,,,3.154639361882567,2.177599942800504
3.709662796374794,0.2672094152545224,4.623819041420815,0.7503546429104115,5.102662788825874,0.2594508605271852,,,3.165522174323591,2.21434420433008
3.720545608815818,0.2640417758630929,4.63470185386184,0.7737760311879471,5.113545601266899,0.259680539341389,,,3.176404986764615,2.24746428997872
3.731428421256842,0.2614299117532058,4.645584666302864,0.7987866711688403,5.124428413707923,0.2595416010673004,,,3.187287799205639,2.276729282588401
3.742311233697866,0.2593554867829656,4.656467478743888,0.8253805734837876,5.135311226148946,0.2590287161491592,,,3.198170611646663,2.301871687359831
3.75319404613889,0.2578049971138434,4.667350291184912,0.8535334021795584,5.146194038589971,0.2581388456735518,,,3.209053424087687,2.322777401336511
3.764076858579914,0.2567707461083754,4.678233103625936,0.8832016733038019,5.157076851030995,0.2568714002124541,,,3.219936236528711,2.33929556667369
3.774959671020938,0.2562516941909979,4.68911591606696,0.914322181204589,5.167959663472019,0.255228390317262,,,3.230819048969735,2.351227045315963
3.785842483461963,0.2562541650264349,4.699998728507985,0.9468116815879626,5.178842475913043,0.2532145642394478,,,3.241701861410759,2.358450368000768
3.796725295902986,0.2567923917061132,4.710881540949008,0.9805668574827731,5.189725288354067,0.2508375281872728,,,3.252584673851783,2.36087172390287
3.807608108344011,0.2581635951480228,4.721764353390032,1.015464590326244,5.200608100795091,0.2481078443111941,,,3.263467486292807,2.358426735079487
3.818490920785035,0.2603963242910758,4.732647165831056,1.051362549024585,5.211490913236116,0.2450391016531327,,,3.274350298733832,2.351082003020571
3.829373733226059,0.263250487588854,4.743529978272081,1.08810013581383,5.222373725677139,0.2416479555005503,,,3.285233111174855,2.338836380320165
3.840256545667083,0.2667690704138356,4.754412790713104,1.125499722262769,5.233256538118163,0.2382147810544715,,,3.29611592361588,2.321721923414501
3.851139358108107,0.2710030982256518,4.765295603154128,1.163368271633587,5.244139350559188,0.2347600260593289,,,3.306998736056904,2.299804486734277
3.862022170549131,0.2760111056879782,4.776178415595153,1.201499259483448,5.255022163000212,0.2310574392683438,,,3.317881548497928,2.273183924414932
3.872904982990155,0.2818584099675847,4.787061228036177,1.239674906033996,5.265904975441235,0.2271088721090487,,,3.328764360938952,2.244653166725305
3.883787795431179,0.2886161958949919,4.7979440404772,1.277668687520493,5.27678778788226,0.2229511625108883,,,3.339647173379976,2.214355395868205
3.894670607872203,0.2963604241787228,4.808826852918225,1.315248091348439,5.287670600323284,0.2186141517925278,,,3.350529985821,2.179783291229909
3.905553420313227,0.3051705773024561,4.819709665359249,1.352177572300344,5.298553412764308,0.2141302101940564,,,3.361412798262024,2.14112033690521
3.916436232754251,0.3151282610420139,4.830592477800273,1.388221660173115,5.309436225205332,0.2095339949134994,,,3.372295610703048,2.098580207602752
3.927319045195275,0.3263156826600476,4.841475290241297,1.423148163334649,5.320319037646356,0.204862161715714,,,3.383178423144072,2.052378356061225
3.9382018576363,0.3388140297113623,4.852358102682321,1.456731407993711,5.33120185008738,0.2001530449925841,,,3.394061235585096,2.002842322977476
3.949084670077323,0.3527017759603909,4.863240915123345,1.488807162144648,5.342084662528404,0.1954462632270487,,,3.40494404802612,1.950273688690689
3.959967482518348,0.3680529431132682,4.87412372756437,1.519083408389951,5.352967474969428,0.1907823142701264,,,3.415826860467144,1.894910309482666
3.970850294959372,0.3849353488397709,4.885006540005393,1.547413883448921,5.363850287410452,0.1862021666304513,,,3.426709672908169,1.837116764123538
3.981733107400396,0.4034130273427354,4.895889352446417,1.573630777056144,5.374733099851476,0.1817467946403028,,,3.437592485349192,1.777237529240002
3.99261591984142,0.423529093256702,4.906772164887442,1.597587488727913,5.385615912292501,0.1774567124470847,,,3.448475297790217,1.715627152458145
4.003498732282444,0.4453191465828822,4.917654977328466,1.619160787221125,5.396498724733524,0.1733715032443642,,,3.459358110231241,1.652646364026775
4.014381544723468,0.4688245644717989,4.928537789769489,1.638252590807394,5.407381537174548,0.1695293522853626,,,3.470240922672265,1.588658120665996
4.025264357164492,0.4940491614340308,4.939420602210514,1.654791328742371,5.418264349615573,0.1659665923844056,,,3.481123735113289,1.52402365381501
4.036147169605516,0.5210459013504364,4.950303414651538,1.668732853625954,5.429147162056597,0.1627172705912705,,,3.492006547554313,1.459098594314555
4.04702998204654,0.5497000993181278,4.961186227092562,1.682130507317926,5.44002997449762,0.1598127445217489,,,3.502889359995337,1.394229243653113
4.057912794487565,0.5800201678976299,4.972069039533586,1.694977488837674,5.450912786938645,0.1572813164483542,,,3.513772172436361,1.329749058310873
4.068795606928588,0.6119539673383031,4.98295185197461,1.705206614756265,5.461795599379669,0.1551491734367321,,,3.524654984877385,1.265975408579276
4.079678419369612,0.6454320000598665,4.993834664415634,1.71284748014783,5.472678411820693,0.153437586262508,,,3.535537797318409,1.203206666687634
4.090561231810637,0.680367509377958,5.004717476856658,1.717955945570113,5.483561224261717,0.1521626992720977,,,3.546420609759433,1.141719671338294
4.101444044251661,0.7166568639663145,5.015600289297682,1.720612817153316,5.494444036702741,0.1513379161661473,,,3.557303422200457,1.081767607072069
4.112326856692684,0.754180228910892,5.026483101738706,1.720922131900123,5.505326849143765,0.150979714585471,,,3.568186234641481,1.023578327508998
4.123209669133709,0.7928025184864683,5.03736591417973,1.719009092164111,5.51620966158479,0.1510983761213946,,,3.579069047082506,0.9673531416978951
4.134092481574733,0.8323746200037718,5.048248726620755,1.715017701285476,5.527092474025813,0.1516774747947583,,,3.589951859523529,0.9132660728249259
4.144975294015757,0.8727348723797491,5.059131539061778,1.709108158911856,5.537975286466837,0.1527318892922692,,,3.600834671964554,0.8614635886315852
4.155858106456781,0.9137107776255089,5.070014351502802,1.701454079431699,5.548858098907862,0.1542451738724077,,,3.611717484405577,0.8120647933162195
4.166740918897805,0.9551209183769523,5.080897163943827,1.692239600063635,5.559740911348886,0.1562079504375987,,,3.622600296846602,0.7651620616586428
4.177623731338829,0.9967770500589166,5.091779976384851,1.681656446399384,5.570623723789909,0.1586084016384067,,,3.633483109287626,0.7208220878054983
4.188506543779853,1.038486332411785,5.102662788825874,1.669916061164776,5.581506536230934,0.1614306935268251,,,3.64436592172865,0.6790873137445563
4.199389356220877,1.080053662041736,5.113545601266899,1.657190847335767,5.592389348671958,0.1646582405791281,,,3.655248734169674,0.6399776961050576
4.210272168661901,1.121284065483275,5.124428413707923,1.64369018511367,5.603272161112982,0.1682724570182303,,,3.666131546610698,0.6034927646394924
4.221154981102925,1.161985111061384,5.135311226148946,1.629608516273129,5.614154973554006,0.1722537201989728,,,3.677014359051722,0.5696496698170733
4.23203779354395,1.201969297657117,5.146194038589971,1.615134849769187,5.62503778599503,0.1765819432277893,,,3.687897171492746,0.5383527033139883
4.242920605984973,1.241056379328964,5.157076851030995,1.600450850168609,5.635920598436054,0.1812371624624576,,,3.69877998393377,0.5095829646880683
4.253803418425997,1.279063706229369,5.167959663472019,1.585729248558825,5.646803410877078,0.1862059280016512,,,3.709662796374794,0.4832835096525222
4.264686230867022,1.315858484768997,5.178842475913043,1.571132595837869,5.657686223318102,0.1914603134895835,,,3.720545608815818,0.4593899241614334
4.275569043308046,1.351279860225199,5.189725288354067,1.556812367981446,5.668569035759126,0.1969969137532283,,,3.731428421256842,0.4378330336021231
4.286451855749069,1.385197382790874,5.200608100795091,1.542908422535914,5.67945184820015,0.2027882096736853,,,3.742311233697866,0.4185415312738327
4.297334668190094,1.417497239779478,5.211490913236116,1.52954879549363,5.690334660641175,0.2088299023492952,,,3.75319404613889,0.4014444782852092
4.308217480631118,1.448128029906771,5.222373725677139,1.516849818150928,5.701217473082198,0.2151147409869605,,,3.764076858579914,0.3864736309292021
4.319100293072142,1.476936137259331,5.233256538118163,1.505404606950388,5.712100285523222,0.2216391919572943,,,3.774959671020938,0.3735655560937065
4.329983105513166,1.505526453394015,5.244139350559188,1.495303232770256,5.722983097964247,0.2284037335615992,,,3.785842483461963,0.3626635002264171
4.34086591795419,1.533847992795483,5.255022163000212,1.486178283088732,5.733865910405271,0.235413068260402,,,3.796725295902986,0.3537189826842166
4.351748730395214,1.56022902073789,5.265904975441235,1.47802446758675,5.744748722846294,0.2426762461782589,,,3.807608108344011,0.3469680841034156
4.362631542836239,1.584645919635129,5.27678778788226,1.47093368193039,5.755631535287319,0.2502066955254413,,,3.818490920785035,0.3423799964539336
4.373514355277262,1.607096362301206,5.287670600323284,1.464961226085177,5.766514347728343,0.2580221575693339,,,3.829373733226059,0.3396577068407142
4.384397167718286,1.627599260128575,5.298553412764308,1.460157947339496,5.777397160169367,0.2661445259016836,,,3.840256545667083,0.3387908079962526
4.395279980159311,1.646194489756296,5.309436225205332,1.456571529721491,5.788279972610391,0.2748559032604129,,,3.851139358108107,0.3397805492399409
4.406162792600335,1.662975660475377,5.320319037646356,1.454247673972914,5.799162785051415,0.2841833619068104,,,3.862022170549131,0.342639546941327
4.417045605041358,1.677965771742546,5.33120185008738,1.453362963556801,5.810045597492439,0.2938985496366577,,,3.872904982990155,0.3473911693443172
4.427928417482383,1.691290331298937,5.342084662528404,1.453960835533154,5.820928409933463,0.304032149033056,,,3.883787795431179,0.3540686101759013
4.438811229923407,1.703067420832098,5.352967474969428,1.455952190848606,5.831811222374487,0.3146170629404773,,,3.894670607872203,0.3627136705497109
4.44969404236443,1.713430942269056,5.363850287410452,1.459993519759418,5.842694034815511,0.3256878547465175,,,3.905553420313227,0.373375273480039
4.460576854805455,1.722531469936203,5.374733099851476,1.466123910981009,5.853576847256535,0.337280144020476,,,3.916436232754251,0.3861077397990498
4.471459667246479,1.730533535869653,5.385615912292501,1.47376493721067,5.864459659697559,0.3494299704905774,,,3.927319045195275,0.4009688583700354
4.482342479687503,1.737614455159717,5.396498724733524,1.482951573356311,5.875342472138583,0.3621731400867941,,,3.9382018576363,0.4180177871611863
4.493225292128527,1.743962737949941,5.407381537174548,1.493718692741049,5.886225284579607,0.3755414445677914,,,3.949084670077323,0.4373128249328884
4.504108104569551,1.74977641021976,5.418264349615573,1.506100202134013,5.897108097020632,0.3895752024863419,,,3.959967482518348,0.4589090959397683
4.514990917010575,1.755261248837151,5.429147162056597,1.520127938876539,5.907990909461655,0.404301654120545,,,3.970850294959372,0.482856192097484
4.525873729451599,1.760628935444516,5.44002997449762,1.535830364198623,5.918873721902679,0.4197492916008973,,,3.981733107400396,0.5091999729501704
4.536756541892623,1.766123703481276,5.450912786938645,1.553231094376803,5.929756534343704,0.4359433100206724,,,3.99261591984142,0.5379648082254465
4.547639354333647,1.771914075903805,5.461795599379669,1.572390856575709,5.940639346784728,0.4529051258041125,,,4.003498732282444,0.5691515685513253
4.558522166774671,1.778240292800548,5.472678411820693,1.593318381529728,5.951522159225751,0.4706519597854356,,,4.014381544723468,0.6028128701614931
4.569404979215696,1.785318247531729,5.483561224261717,1.615968761538641,5.962404971666776,0.489196490438179,,,4.025264357164492,0.6389097084041822
4.580287791656719,1.793359582795132,5.494444036702741,1.640329332590252,5.9732877841078,0.5085465802747229,,,4.036147169605516,0.6775130820864512
4.591170604097743,1.802569508873838,5.505326849143765,1.666416294463636,5.984170596548824,0.528705075925246,,,4.04702998204654,0.7184016032894904
4.602053416538768,1.814513553938935,5.51620966158479,1.694131341677155,5.995053408989848,0.54966967989501,,,4.057912794487565,0.7615856234739948
4.612936228979792,1.829287257353564,5.527092474025813,1.723953007444906,6.005936221430872,0.5714328895831394,,,4.068795606928588,0.8069764241953539
4.623819041420815,1.845753034433893,5.537975286466837,1.755830073239314,6.016819033871896,0.5939819969190905,,,4.079678419369612,0.8544640347821544
4.63470185386184,1.864046662725151,5.548858098907862,1.789131986536344,6.027701846312921,0.6173233481008457,,,4.090561231810637,0.9039172671310343
4.645584666302864,1.884287897048674,5.559740911348886,1.823747664438089,6.038584658753944,0.6414338062910175,,,4.101444044251661,0.955184135605216
4.656467478743888,1.906578961758098,5.570623723789909,1.859592730497587,6.049467471194968,0.6662608788096723,,,4.112326856692684,1.008092664738159
4.667350291184912,1.931003198516434,5.581506536230934,1.896452870596053,6.060350283635993,0.691771496760083,,,4.123209669133709,1.06245207970396
4.678233103625936,1.957623904615408,5.592389348671958,1.9342066066099,6.071233096077017,0.7179279619510303,,,4.134092481574733,1.118054366692449
4.68911591606696,1.986483397388919,5.603272161112982,1.972687704391482,6.08211590851804,0.744688096232125,,,4.144975294015757,1.17467618260961
4.699998728507985,2.017602339457895,5.614154973554006,2.011720167192173,6.092998720959065,0.7720802017407504,,,4.155858106456781,1.23208108611169
4.710881540949008,2.050979357262762,5.62503778599503,2.051120604587825,6.103881533400089,0.7999248454628439,,,4.166740918897805,1.29002205507473
4.721764353390032,2.086590981531164,5.635920598436054,2.090700902608142,6.114764345841113,0.8282264586868341,,,4.177623731338829,1.348244249395876
4.732647165831056,2.124387730672064,5.646803410877078,2.130330389922338,6.125647158282137,0.8569273271826917,,,4.188506543779853,1.406487972701633
4.743529978272081,2.164312507449534,5.657686223318102,2.169718576402671,6.136529970723161,0.8859659010689059,,,4.199389356220877,1.464491782264308
4.754412790713104,2.20627338047548,5.668569035759126,2.20872838541555,6.147412783164185,0.9152768092857618,,,4.210272168661901,1.521995693336749
4.765295603154128,2.250165047745551,5.67945184820015,2.247184608688402,6.158295595605209,0.9447868606044165,,,4.221154981102925,1.57874442230914
4.776178415595153,2.295865187616277,5.690334660641175,2.284923334743798,6.169178408046233,0.9744318548576548,,,4.23203779354395,1.634490612632258
4.787061228036177,2.343236544008408,5.701217473082198,2.321795125180047,6.180061220487257,1.004867312751892,,,4.242920605984973,1.688997988357974
4.7979440404772,2.392129317092011,5.712100285523222,2.357668019491273,6.190944032928281,1.036013026314746,,,4.253803418425997,1.742003701729891
4.808826852918225,2.442383817269088,5.722983097964247,2.392430284167625,6.201826845369306,1.067021294455079,,,4.264686230867022,1.793393007764728
4.819709665359249,2.493833330534718,5.733865910405271,2.425992838440304,6.212709657810329,1.097796414800792,,,4.275569043308046,1.84292855692775
4.830592477800273,2.546307134605987,5.744748722846294,2.458291294716762,6.223592470251353,1.128233771551017,,,4.286451855749069,1.890447119205948
4.841475290241297,2.599633597928854,5.755631535287319,2.48928756093777,6.234475282692378,1.158225787351741,,,4.297334668190094,1.935809441061787
4.852358102682321,2.653643288136911,5.766514347728343,2.518970962946171,6.245358095133402,1.187662365108499,,,4.308217480631118,1.978961264273976
4.863240915123345,2.708173460694682,5.777397160169367,2.547358857178405,6.256240907574425,1.216431431657849,,,4.319100293072142,2.019714437666393
4.87412372756437,2.763065569487363,5.788279972610391,2.577128894862999,6.26712372001545,1.244419598401765,,,4.329983105513166,2.060275521894836
4.885006540005393,2.818175513986868,5.799162785051415,2.608330884040306,6.278006532456474,1.271519378501552,,,4.34086591795419,2.100596966695591
4.895889352446417,2.873371254891912,5.810045597492439,2.638386174470385,6.288889344897498,1.297606193575199,,,4.351748730395214,2.138423958217928
4.906772164887442,2.928747418717643,5.820928409933463,2.667374583347757,6.299772157338522,1.322573088408702,,,4.362631542836239,2.17374987616959
4.917654977328466,2.984202081482453,5.831811222374487,2.695400972049415,6.310654969779546,1.346310797639545,,,4.373514355277262,2.206599067329367
4.928537789769489,3.039437911551271,5.842694034815511,2.722593561272819,6.32153778222057,1.368714110619523,,,4.384397167718286,2.237026847966888
4.939420602210514,3.094387633387051,5.853576847256535,2.749101854376802,6.332420594661595,1.38968336390966,,,4.395279980159311,2.265119184924969
4.950303414651538,3.149002684281506,5.864459659697559,2.77509422594246,6.343303407102618,1.409126056243322,,,4.406162792600335,2.29102790710302
4.961186227092562,3.206088217089676,5.875342472138583,2.800755240187136,6.354186219543642,1.426958568543794,,,4.417045605041358,2.314836479841803
4.972069039533586,3.265606126355759,5.886225284579607,2.826251109144184,6.365069031984667,1.443107966613065,,,4.427928417482383,2.336746327123774
4.98295185197461,3.324673921097795,5.897108097020632,2.851860405415709,6.375951844425691,1.457513859353039,,,4.438811229923407,2.356969967507694
4.993834664415634,3.383259469484227,5.907990909461655,2.877758269255276,6.386834656866714,1.470130261693457,,,4.44969404236443,2.375710934477309
5.004717476856658,3.441343841932589,5.918873721902679,2.904164618245635,6.397717469307739,1.480927546803869,,,4.460576854805455,2.39322697294114
5.015600289297682,3.498919158176488,5.929756534343704,2.931300542012748,6.408600281748763,1.48989413704533,,,4.471459667246479,2.40978696499874
5.026483101738706,3.555986064557921,5.940639346784728,2.959385500461202,6.419483094189787,1.497038325091686,,,4.482342479687503,2.425678266443648
5.03736591417973,3.612550907375153,5.951522159225751,2.988634716991111,6.430365906630811,1.502754045321889,,,4.493225292128527,2.441204147579275
5.048248726620755,3.668622676112431,5.962404971666776,3.019256807923842,6.441248719071835,1.507973991343637,,,4.504108104569551,2.456681036224639
5.059131539061778,3.724209796210474,5.9732877841078,3.051451677455304,6.452131531512859,1.512396227881599,,,4.514990917010575,2.472435569124031
5.070014351502802,3.779316854569585,5.984170596548824,3.085408694688254,6.463014343953883,1.515241307910233,,,4.525873729451599,2.488801458319049
5.080897163943827,3.833941342156555,5.995053408989848,3.121305156165218,6.473897156394907,1.516574089266613,,,4.536756541892623,2.506145630609399
5.091779976384851,3.888070496940539,6.005936221430872,3.159305024348888,6.484779968835931,1.516546194666561,,,4.547639354333647,2.524755209461873
5.102662788825874,3.941689294699844,6.016819033871896,3.199557920198281,6.495662781276955,1.515344963642453,,,4.558522166774671,2.544987979688397
5.113545601266899,3.994736932279197,6.027701846312921,3.242963805154788,6.506545593717979,1.513157062176548,,,4.569404979215696,2.5671717864927
5.124428413707923,4.047161814378943,6.038584658753944,3.289634649282827,6.517428406159003,1.510167801843874,,,4.580287791656719,2.591623613990444
5.135311226148946,4.09888347015008,6.049467471194968,3.338894052697711,6.528311218600027,1.506614690845966,,,4.591170604097743,2.61864565812616
5.146194038589971,4.149799509882059,6.060350283635993,3.390814763344935,6.539194031041052,1.502758553928184,,,4.602053416538768,2.650397138160011
5.157076851030995,4.199784510049219,6.071233096077017,3.445453012835662,6.550076843482075,1.498881388946101,,,4.612936228979792,2.687026057865149
5.167959663472019,4.248689393573822,6.08211590851804,3.502848270458181,6.560959655923099,1.495312027684714,,,4.623819041420815,2.726959523501935
5.178842475913043,4.296341320859268,6.092998720959065,3.563024049900731,6.571842468364124,1.492612986148692,,,4.63470185386184,2.770371041446059
5.189725288354067,4.342544096002245,6.103881533400089,3.625983083758151,6.582725280805148,1.491131921255451,,,4.645584666302864,2.81740160417856
5.200608100795091,4.38707908192831,6.114764345841113,3.691712682337335,6.593608093246171,1.491339133500007,,,4.656467478743888,2.868156872019592
5.211490913236116,4.429706608261422,6.125647158282137,3.760179979951364,6.604490905687196,1.49352673912404,,,4.667350291184912,2.922704672305032
5.222373725677139,4.470167846735468,6.136529970723161,3.831331653767881,6.61537371812822,1.497627629232625,,,4.678233103625936,2.981072885790103
5.233256538118163,4.510453553331,6.147412783164185,3.905092493015402,6.626256530569244,1.50396340002351,,,4.68911591606696,3.043247789920613
5.244139350559188,4.550253810836744,6.158295595605209,3.981356270306278,6.637139343010268,1.512845301110743,,,4.699998728507985,3.109172926032367
5.255022163000212,4.586937810581891,6.169178408046233,4.060015415255087,6.648022155451292,1.524569205714559,,,4.710881540949008,3.178748552348501
5.265904975441235,4.620210965806033,6.180061220487257,4.143578171953199,6.658904967892316,1.539410545361972,,,4.721764353390032,3.251831736768596
5.27678778788226,4.649692322610619,6.190944032928281,4.23186369408115,6.669787780333341,1.55761929566743,,,4.732647165831056,3.328232926181876
5.287670600323284,4.675033453994365,6.201826845369306,4.321901876132628,6.680670592774364,1.579415103713618,,,4.743529978272081,3.407735204015051
5.298553412764308,4.695891960589733,6.212709657810329,4.413419301315932,6.691553405215388,1.604982649968234,,,4.754412790713104,3.490068242975422
5.309436225205332,4.711935934688618,6.223592470251353,4.506090191230655,6.702436217656413,1.634469585460596,,,4.765295603154128,3.5749313479734
5.320319037646356,4.722848387155209,6.234475282692378,4.599554063237914,6.713319030097437,1.667970363773653,,,4.776178415595153,3.66199170745152
5.33120185008738,4.730023934408487,6.245358095133402,4.693415131533294,6.72420184253846,1.705551180450088,,,4.787061228036177,3.750888713738636
5.342084662528404,4.733173245100882,6.256240907574425,4.787240121042993,6.735084654979484,1.747213455021507,,,4.7979440404772,3.841238890548257
5.352967474969428,4.730327220588418,6.26712372001545,4.880567135658612,6.745967467420509,1.792912203007884,,,4.808826852918225,3.932641349271895
5.363850287410452,4.721261461280294,6.278006532456474,4.972939446613204,6.756850279861533,1.842558246338486,,,4.819709665359249,4.02468367779049
5.374733099851476,4.705766320992346,6.288889344897498,5.06373482756084,6.767733092302556,1.895985612239209,,,4.830592477800273,4.116948149427289
5.385615912292501,4.683650346294719,6.299772157338522,5.152447645726498,6.778615904743581,1.952996873111475,,,4.841475290241297,4.209018126033863
5.396498724733524,4.654784696014203,6.310654969779546,5.238476448950235,6.789498717184605,2.013335979477868,,,4.852358102682321,4.300484518614512
5.407381537174548,4.619085093993185,6.32153778222057,5.321208823737679,6.800381529625629,2.076697013498133,,,4.863240915123345,4.391010357546505
5.418264349615573,4.576513893130863,6.332420594661595,5.400014098217793,6.811264342066653,2.142727125518824,,,4.87412372756437,4.480120474061806
5.429147162056597,4.52708161391898,6.343303407102618,5.474248859605639,6.822147154507677,2.211030340120721,,,4.885006540005393,4.5675117654564
5.44002997449762,4.470847934452114,6.354186219543642,5.543263200224556,6.833029966948701,2.281177544094796,,,4.895889352446417,4.65286708192663
5.450912786938645,4.407922115320081,6.365069031984667,5.606407624592507,6.843912779389726,2.352692000134272,,,4.906772164887442,4.736116639039569
5.461795599379669,4.33991707274965,6.375951844425691,5.663040528175502,6.854795591830749,2.425083456492187,,,4.917654977328466,4.817017085957027
5.472678411820693,4.26702730876288,6.386834656866714,5.712535472078028,6.865678404271773,2.497837281600005,,,4.928537789769489,4.895154546720074
5.483561224261717,4.188027799472057,6.397717469307739,5.754292271130676,6.876561216712798,2.570435217618951,,,4.939420602210514,4.970371555504258
5.494444036702741,4.103193848973701,6.408600281748763,5.787740985045021,6.887444029153822,2.642328211580432,,,4.950303414651538,5.042556727024576
5.505326849143765,4.01284563665353,6.419483094189787,5.81235360352759,6.898326841594845,2.71299322374578,,,4.961186227092562,5.116754039590059
5.51620966158479,3.917342888581168,6.430365906630811,5.829770362929652,6.90920965403587,2.781910454399962,,,4.972069039533586,5.192898260318852
5.527092474025813,3.819388243922719,6.441248719071835,5.840200800833996,6.920092466476894,2.848578574103431,,,4.98295185197461,5.265813683081939
5.537975286466837,3.719440412411763,6.452131531512859,5.841119135427712,6.930975278917918,2.912522481231609,,,4.993834664415634,5.335476213740904
5.548858098907862,3.615574178907529,6.463014343953883,5.831563086283775,6.941858091358942,2.973300717177366,,,5.004717476856658,5.401901700333505
5.559740911348886,3.508241104757245,6.473897156394907,5.811269636340155,6.952740903799966,3.030512019982945,,,5.015600289297682,5.465142579332592
5.570623723789909,3.397922576047825,6.484779968835931,5.780073870676219,6.96362371624099,3.083803179003843,,,5.026483101738706,5.525283756316099
5.581506536230934,3.285100665334804,6.495662781276955,5.74005634791668,6.974506528682014,3.132872071740414,,,5.03736591417973,5.582437832676107
5.592389348671958,3.170288235061984,6.506545593717979,5.69121806867667,6.985389341123038,3.17750250448725,,,5.048248726620755,5.63673980597485
5.603272161112982,3.054002238059294,6.517428406159003,5.631483195638414,6.996272153564062,3.21750396359244,,,5.059131539061778,5.688341383773285
5.614154973554006,2.936763928192198,6.528311218600027,5.561029991000015,7.007154966005086,3.252705551971495,,,5.070014351502802,5.737405058895097
5.62503778599503,2.8190938469283,6.539194031041052,5.480135965481163,7.018037778446111,3.286894127067703,,,5.080897163943827,5.784098097968001
5.635920598436054,2.701506829747937,6.550076843482075,5.389176692782804,7.028920590887134,3.320046342591636,,,5.091779976384851,5.828586594670825
5.646803410877078,2.584509035455096,6.560959655923099,5.288648739781079,7.039803403328158,3.348361250681057,,,5.102662788825874,5.871056216391805
5.657686223318102,2.468586013191057,6.571842468364124,5.182086391461336,7.050686215769183,3.37191052188083,,,5.113545601266899,5.911608318956354
5.668569035759126,2.354208348563371,6.582725280805148,5.070131860943865,7.061569028210207,3.390827523751753,,,5.124428413707923,5.950393600559915
5.67945184820015,2.241820894620312,6.593608093246171,4.95046513232499,7.07245184065123,3.405310823719662,,,5.135311226148946,5.987520702572369
5.690334660641175,2.13184066345144,6.604490905687196,4.823801170694251,7.083334653092255,3.415594526683649,,,5.146194038589971,6.0230732053248
5.701217473082198,2.024653186975264,6.61537371812822,4.690970113423868,7.094217465533279,3.421978566907469,,,5.157076851030995,6.057106760430283
5.712100285523222,1.920609530213604,6.626256530569244,4.552843604961423,7.105100277974303,3.424788888144264,,,5.167959663472019,6.089647032449911
5.722983097964247,1.820023751491436,6.637139343010268,4.410340710080126,7.115983090415327,3.424789377890611,,,5.178842475913043,6.120688480936587
5.733865910405271,1.72317087804633,6.648022155451292,4.264417932651553,7.126865902856351,3.422363647756766,,,5.189725288354067,6.150193992170965
5.744748722846294,1.630285417353237,6.658904967892316,4.116058829736756,7.137748715297375,3.417561122459285,,,5.200608100795091,6.178095348775417
5.755631535287319,1.5415604151505,6.669787780333341,3.966263384560226,7.1486315277384,3.410814292612829,,,5.211490913236116,6.204294505408186
5.766514347728343,1.457147061780896,6.680670592774364,3.816037300606802,7.159514340179423,3.402546955123671,,,5.222373725677139,6.228665620386945
5.777397160169367,1.377154839246146,6.691553405215388,3.666381374468779,7.170397152620447,3.393209620643818,,,5.233256538118163,6.25407294133586
5.788279972610391,1.301725879545841,6.702436217656413,3.518319981055993,7.181279965061472,3.383187868011635,,,5.244139350559188,6.280317069666329
5.799162785051415,1.230888107972592,6.713319030097437,3.372706149791181,7.192162777502496,3.372894681574457,,,5.255022163000212,6.30417353293897
5.810045597492439,1.164556890579685,6.72420184253846,3.230585553852597,7.203045589943519,3.363030793992729,,,5.265904975441235,6.325344305501832
5.820928409933463,1.102685146414031,6.735084654979484,3.092789176597253,7.213928402384544,3.353935427131717,,,5.27678778788226,6.343577167051898
5.831811222374487,1.045188892539152,6.745967467420509,2.960147765784582,7.224811214825568,3.345581186472468,,,5.287670600323284,6.35860883187207
5.842694034815511,0.9919637059810179,6.756850279861533,2.833435487112471,7.235694027266591,3.338227478485276,,,5.298553412764308,6.370180118123284
5.853576847256535,0.9428660646638551,6.767733092302556,2.713353205830226,7.246576839707616,3.332139158115973,,,5.309436225205332,6.37804145932361
5.864459659697559,0.8977321000247611,6.778615904743581,2.600537228817451,7.25745965214864,3.327401897108012,,,5.320319037646356,6.381958222843839
5.875342472138583,0.8563769053860572,6.789498717184605,2.495545624825667,7.268342464589664,3.32417805194715,,,5.33120185008738,6.383539942957873
5.886225284579607,0.8185547282499062,6.800381529625629,2.398856666286018,7.279225277030688,3.322545381443049,,,5.342084662528404,6.382580343861085
5.897108097020632,0.7841457858045208,6.811264342066653,2.310866109778701,7.290108089471712,3.322536484522622,,,5.352967474969428,6.37706172570715
5.907990909461655,0.7528684235325099,6.822147154507677,2.231885445492753,7.300990901912736,3.324141037845715,,,5.363850287410452,6.367457147670163
5.918873721902679,0.7244898774699434,6.833029966948701,2.162196066385591,7.31187371435376,3.327308982658556,,,5.374733099851476,6.353637026613659
5.929756534343704,0.698774015182114,6.843912779389726,2.101844947311245,7.322756526794784,3.331954568570862,,,5.385615912292501,6.334871995952476
5.940639346784728,0.6754846189485857,6.854795591830749,2.050933275127253,7.333639339235808,3.337961156394151,,,5.396498724733524,6.311107772614879
5.951522159225751,0.6543884641473183,6.865678404271773,2.009437583391712,7.344522151676832,3.345186578011106,,,5.407381537174548,6.282333139019595
5.962404971666776,0.6352581564393451,6.876561216712798,1.977298947031499,7.355404964117857,3.353463521859766,,,5.418264349615573,6.248580687649281
5.9732877841078,0.6178746967322666,6.887444029153822,1.954264001977246,7.36628777655888,3.36261572705955,,,5.429147162056597,6.209926823386791
5.984170596548824,0.6020297485451936,6.898326841594845,1.940117664816736,7.377170588999904,3.372484026172017,,,5.44002997449762,6.166491043172487
5.995053408989848,0.5875275882041934,6.90920965403587,1.934544346404125,7.388053401440929,3.384104135813897,,,5.450912786938645,6.11843452614524
6.005936221430872,0.5741867241649324,6.920092466476894,1.937167409338488,7.398936213881953,3.397248290809346,,,5.461795599379669,6.067457102762092
6.016819033871896,0.5618411775928426,6.930975278917918,1.947555144986497,7.409819026322976,3.410536325469526,,,5.472678411820693,6.013783276555116
6.027701846312921,0.5508996797465492,6.941858091358942,1.965227214034597,7.420701838764001,3.42379941813945,,,5.483561224261717,5.956159260282796
6.038584658753944,0.5412248084297702,6.952740903799966,1.989649773092616,7.431584651205025,3.43690792973641,,,5.494444036702741,5.894861097730101
6.049467471194968,0.5321333342281885,6.96362371624099,2.020292094736369,7.442467463646049,3.449718421678208,,,5.505326849143765,5.830241645702638
6.060350283635993,0.5235177884820179,6.974506528682014,2.056555301801346,7.453350276087073,3.462156620427643,,,5.51620966158479,5.762572606379718
6.071233096077017,0.5152880058157192,6.985389341123038,2.097868904278315,7.464233088528097,3.474171392060801,,,5.527092474025813,5.695018726162384
6.08211590851804,0.5073706414137186,6.996272153564062,2.143567060608365,7.475115900969121,3.485765587883195,,,5.537975286466837,5.628002374943347
6.092998720959065,0.4997088722047791,7.007154966005086,2.193045321348496,7.485998713410146,3.498372943047004,,,5.548858098907862,5.558951339316281
6.103881533400089,0.4922597683532602,7.018037778446111,2.245752068286011,7.496881525851169,3.512051004268776,,,5.559740911348886,5.488196719632933
6.114764345841113,0.4849954345482884,7.028920590887134,2.301082213867551,7.507764338292193,3.525442540910183,,,5.570623723789909,5.41612370818382
6.125647158282137,0.4779001937257457,7.039803403328158,2.358389445501961,7.518647150733218,3.539798826045073,,,5.581506536230934,5.342984229457683
6.136529970723161,0.4709694355669486,7.050686215769183,2.417111811217159,7.529529963174242,3.555265655952083,,,5.592389348671958,5.269153082251012
6.147412783164185,0.4642080118336387,7.061569028210207,2.476719251480453,7.540412775615265,3.570832145748982,,,5.603272161112982,5.194962399469008
6.158295595605209,0.4575938878802466,7.07245184065123,2.536736659250203,7.55129558805629,3.586676667229975,,,5.614154973554006,5.120737815583345
6.169178408046233,0.4512228640664482,7.083334653092255,2.596686236133093,7.562178400497314,3.602999749878703,,,5.62503778599503,5.046796394743915
6.180061220487257,0.4451411167946975,7.094217465533279,2.656181191330137,7.573061212938338,3.620033300613495,,,5.635920598436054,4.973444894818538
6.190944032928281,0.4393832416005701,7.105100277974303,2.714833219881689,7.583944025379362,3.63798262793751,,,5.646803410877078,4.901045353379085
6.201826845369306,0.4338921206477199,7.115983090415327,2.77365699379949,7.594826837820386,3.657094768193686,,,5.657686223318102,4.829764903083311
6.212709657810329,0.428700269805161,7.126865902856351,2.832356697044596,7.60570965026141,3.677606118434989,,,5.668569035759126,4.759933647732149
6.223592470251353,0.4238311584538994,7.137748715297375,2.889522939298375,7.616592462702434,3.699747557916826,,,5.67945184820015,4.691793712982399
6.234475282692378,0.4193050620585255,7.1486315277384,2.945064857321876,7.627475275143458,3.723853027676298,,,5.690334660641175,4.625593900544533
6.245358095133402,0.4151379536744114,7.159514340179423,2.998839376789957,7.638358087584482,3.750124195674552,,,5.701217473082198,4.561563053142272
6.256240907574425,0.4113146785291738,7.170397152620447,3.050893812543579,7.649240900025506,3.778625254265557,,,5.712100285523222,4.499916741662171
6.26712372001545,0.4078975480109175,7.181279965061472,3.101235183435545,7.660123712466531,3.809530447364241,,,5.722983097964247,4.440857769220663
6.278006532456474,0.4048545137336713,7.192162777502496,3.1499890204646,7.671006524907554,3.842943161807445,,,5.733865910405271,4.384576784747036
6.288889344897498,0.4021721848830218,7.203045589943519,3.199676284075522,7.681889337348578,3.879369390461267,,,5.744748722846294,4.33125295824826
6.299772157338522,0.3998378122497743,7.213928402384544,3.250484947967332,7.692772149789603,3.918871586741428,,,5.755631535287319,4.281054671613711
6.310654969779546,0.3978283822391061,7.224811214825568,3.300265428705684,7.703654962230627,3.961014353006982,,,5.766514347728343,4.234140182296403
6.32153778222057,0.3961144453593241,7.235694027266591,3.349269105548825,7.71453777467165,4.005762432946312,,,5.777397160169367,4.190658222326234
6.332420594661595,0.3946601196949613,7.246576839707616,3.397795329520794,7.725420587112675,4.053035097129952,,,5.788279972610391,4.153710677669253
6.343303407102618,0.3934236626434453,7.25745965214864,3.446134511363825,7.736303399553699,4.102716546832142,,,5.799162785051415,4.123402353919708
6.354186219543642,0.3923581897122507,7.268342464589664,3.494633564877943,7.747186211994723,4.154651069773356,,,5.810045597492439,4.096841614686728
6.365069031984667,0.3914125215309996,7.279225277030688,3.54364428720604,7.758069024435747,4.208918906697532,,,5.820928409933463,4.074091878794846
6.375951844425691,0.3905321381675425,7.290108089471712,3.593527351332614,7.768951836876771,4.26530356023228,,,5.831811222374487,4.055206927529045
6.386834656866714,0.389637972199777,7.300990901912736,3.644645588597245,7.779834649317795,4.323251970953344,,,5.842694034815511,4.040245122000355
6.397717469307739,0.3887214685896438,7.31187371435376,3.697357344824594,7.79071746175882,4.382486305358459,,,5.853576847256535,4.029248063061134
6.408600281748763,0.3876962463823023,7.322756526794784,3.75201001572634,7.801600274199843,4.443173844193082,,,5.864459659697559,4.0222562964578
6.419483094189787,0.3865055272804823,7.333639339235808,3.808957979465163,7.812483086640867,4.504984356992932,,,5.875342472138583,4.019305285659987
6.430365906630811,0.3851361370706793,7.344522151676832,3.868467074541789,7.823365899081892,4.567107405781509,,,5.886225284579607,4.020347281961882
6.441248719071835,0.3835505723381159,7.355404964117857,3.930803021680026,7.834248711522916,4.629167793908453,,,5.897108097020632,4.025581393706571
6.452131531512859,0.3816240566143575,7.36628777655888,3.996274249193419,7.845131523963939,4.690819285273457,,,5.907990909461655,4.034928346908331
6.463014343953883,0.3793789289943769,7.377170588999904,4.065070608555665,7.856014336404963,4.751719467303249,,,5.918873721902679,4.048403787316476
6.473897156394907,0.376733525582441,7.388053401440929,4.137406260835577,7.866897148845988,4.811504875074592,,,5.929756534343704,4.066017867215534
6.484779968835931,0.3736589254789188,7.398936213881953,4.213365426587084,7.877779961287012,4.869850677674802,,,5.940639346784728,4.0877752452139
6.495662781276955,0.3704720115490469,7.409819026322976,4.293009392712348,7.888662773728035,4.926440046927433,,,5.951522159225751,4.113675140923866
6.506545593717979,0.3671565876489553,7.420701838764001,4.376335821567544,7.89954558616906,4.98097601782524,,,5.962404971666776,4.143711454801368
6.517428406159003,0.3633638160329773,7.431584651205025,4.463407848738595,7.910428398610084,5.034631752158911,,,5.9732877841078,4.177872954462295
6.528311218600027,0.3590920175146328,7.442467463646049,4.554104253654393,7.921311211051107,5.089300164993961,,,5.984170596548824,4.216143519158694
6.539194031041052,0.3543486136873165,7.453350276087073,4.648317147748681,7.932194023492132,5.143268953468231,,,5.995053408989848,4.258502424264421
6.550076843482075,0.3491501493401829,7.464233088528097,4.745885889773821,7.943076835933156,5.194071565017011,,,6.005936221430872,4.304924638096961
6.560959655923099,0.3435222167001218,7.475115900969121,4.846615296671971,7.95395964837418,5.241615289558092,,,6.016819033871896,4.355381094710214
6.571842468364124,0.3375973538908898,7.485998713410146,4.951538316407928,7.964842460815204,5.285637021778324,,,6.027701846312921,4.411186833002183
6.582725280805148,0.3314172795282311,7.496881525851169,5.060317145345165,7.975725273256228,5.325982375280385,,,6.038584658753944,4.472293264003616
6.593608093246171,0.3249442262503916,7.507764338292193,5.171406789058699,7.986608085697252,5.362531108606744,,,6.049467471194968,4.537288265735572
6.604490905687196,0.3182175182928709,7.518647150733218,5.285376762744841,7.997490898138277,5.395543233705295,,,6.060350283635993,4.606104048587035
6.61537371812822,0.3113041102313873,7.529529963174242,5.401809605940419,8.008373710579301,5.424962509210542,,,6.071233096077017,4.678668980602411
6.626256530569244,0.3042716572756007,7.540412775615265,5.519246273443072,8.019256523020324,5.450415354202957,,,6.08211590851804,4.754907008104025
6.637139343010268,0.2971924234377472,7.55129558805629,5.637217634676234,8.030139335461348,5.471905233557219,,,6.092998720959065,4.834813123846262
6.648022155451292,0.2901422896419227,7.562178400497314,5.755240734461692,8.041022147902373,5.4894589829765,,,6.103881533400089,4.918167697574256
6.658904967892316,0.2831997118956752,7.573061212938338,5.872855285702475,8.051904960343396,5.503148471265721,,,6.114764345841113,5.004934575572457
6.669787780333341,0.2764446452526215,7.583944025379362,5.989511974414278,8.062787772784421,5.513050813947883,,,6.125647158282137,5.095007500859804
6.680670592774364,0.2699574492160637,7.594826837820386,6.104741716414916,8.073670585225445,5.519516622636895,,,6.136529970723161,5.188266990403737
6.691553405215388,0.2638177899383662,7.60570965026141,6.218057280659941,8.084553397666468,5.522670529143258,,,6.147412783164185,5.284577314134804
6.702436217656413,0.2581181043871978,7.616592462702434,6.328982413923898,8.095436210107493,5.523365263587446,,,6.158295595605209,5.383737018790942
6.713319030097437,0.2529072927445721,7.627475275143458,6.439035465452746,8.106319022548517,5.521728389912542,,,6.169178408046233,5.485670134179189
6.72420184253846,0.2482705913207572,7.638358087584482,6.547757627151405,8.11720183498954,5.516960451508416,,,6.180061220487257,5.59358660149979
6.735084654979484,0.2442731858201059,7.649240900025506,6.652717025452787,8.128084647430565,5.509235830090591,,,6.190944032928281,5.707259961996467
6.745967467420509,0.240976030873351,7.660123712466531,6.753508714773228,8.138967459871589,5.498737117727892,,,6.201826845369306,5.822815291235427
6.756850279861533,0.2384371837905772,7.671006524907554,6.849724218273225,8.149850272312614,5.48563608781437,,,6.212709657810329,5.939915985921888
6.767733092302556,0.236697680948154,7.681889337348578,6.941125422159456,8.160733084753637,5.470115685540821,,,6.223592470251353,6.058155121235571
6.778615904743581,0.2357997371201123,7.692772149789603,7.027404765821764,8.171615897194661,5.454860232622137,,,6.234475282692378,6.177084912648181
6.789498717184605,0.2357743722999368,7.703654962230627,7.108137678963187,8.182498709635686,5.440034537664737,,,6.245358095133402,6.296215450316204
6.800381529625629,0.2366437915804666,7.71453777467165,7.183090911960177,8.193381522076709,5.423282534263367,,,6.256240907574425,6.414986231230017
6.811264342066653,0.2384210774559496,7.725420587112675,7.252044107426088,8.204264334517733,5.40475714063567,,,6.26712372001545,6.532884282071294
6.822147154507677,0.2411100025013704,7.736303399553699,7.314846634329307,8.215147146958758,5.384598189180355,,,6.278006532456474,6.64931333884843
6.833029966948701,0.2447049660104913,7.747186211994723,7.371382307481783,8.226029959399781,5.362915192217548,,,6.288889344897498,6.76351320601906
6.843912779389726,0.2491910569861054,7.758069024435747,7.42437512008031,8.236912771840807,5.339857151813312,,,6.299772157338522,6.874858546384978
6.854795591830749,0.2545442446632539,7.768951836876771,7.473787550900417,8.24779558428183,5.315552235770681,,,6.310654969779546,6.982615628828888
6.865678404271773,0.2607316963856297,7.779834649317795,7.516746063403548,8.258678396722853,5.290123864873782,,,6.32153778222057,7.086037379716526
6.876561216712798,0.2677122247636013,7.79071746175882,7.553263675036826,8.269561209163879,5.263688546811437,,,6.332420594661595,7.184357581822415
6.887444029153822,0.275436841254126,7.801600274199843,7.5855988167042,8.280444021604902,5.236355057741947,,,6.343303407102618,7.276798578492406
6.898326841594845,0.2838494588984409,7.812483086640867,7.613802657495117,8.291326834045925,5.208224978199742,,,6.354186219543642,7.362579958480601
6.90920965403587,0.2928876774171001,7.823365899081892,7.635719052503696,8.302209646486951,5.17939123921549,,,6.365069031984667,7.440928112736573
6.920092466476894,0.3024836862516526,7.834248711522916,7.651441275761648,8.313092458927974,5.151129764840387,,,6.375951844425691,7.511086525696084
6.930975278917918,0.3125652589727184,7.845131523963939,7.661096846940697,8.323975271368999,5.123507873068857,,,6.386834656866714,7.572303705971263
6.941858091358942,0.3230568301506972,7.856014336404963,7.66485796414966,8.334858083810023,5.095371257243899,,,6.397717469307739,7.623941286524186
6.952740903799966,0.3338721013223567,7.866897148845988,7.662868245817981,8.345740896251046,5.066751568885209,,,6.408600281748763,7.665331368472655
6.96362371624099,0.344951310732555,7.877779961287012,7.655341451121385,8.356623708692071,5.038419955941842,,,6.419483094189787,7.695897455899758
6.974506528682014,0.3562050885791003,7.888662773728035,7.642494895724904,8.367506521133095,5.010379996169465,,,6.430365906630811,7.717660545322222
6.985389341123038,0.3675565326205158,7.89954558616906,7.624561753135375,8.378389333574118,4.98186805153358,,,6.441248719071835,7.731725364515749
6.996272153564062,0.37893142225502,7.910428398610084,7.603468151566926,8.389272146015143,4.952861059751313,,,6.452131531512859,7.735139419923667
7.007154966005086,0.3902595639335953,7.921311211051107,7.579779595670571,8.400154958456167,4.924208673606471,,,6.463014343953883,7.726183323188385
7.018037778446111,0.4014985183114545,7.932194023492132,7.552048494815859,8.411037770897192,4.895877944470518,,,6.473897156394907,7.704577251189211
7.028920590887134,0.4125893413371043,7.943076835933156,7.520185995438996,8.421920583338215,4.866911387402228,,,6.484779968835931,7.6702789908217
7.039803403328158,0.4234576293232228,7.95395964837418,7.48443452136647,8.432803395779239,4.837243330810929,,,6.495662781276955,7.62587332310818
7.050686215769183,0.4340598628193654,7.964842460815204,7.445036641712391,8.443686208220264,4.806794839515805,,,6.506545593717979,7.571531718502174
7.061569028210207,0.4443616165525724,7.975725273256228,7.402238191921383,8.454569020661287,4.775522401953199,,,6.517428406159003,7.505014813515267
7.07245184065123,0.4543382234345313,7.986608085697252,7.356286130649389,8.465451833102311,4.743341103870709,,,6.528311218600027,7.426736699360615
7.083334653092255,0.4639752736087254,7.997490898138277,7.308291977265876,8.476334645543336,4.710186388744141,,,6.539194031041052,7.337243133096665
7.094217465533279,0.4732689334896503,8.008373710579301,7.258495112117132,8.487217457984359,4.675999679036587,,,6.550076843482075,7.237208231069091
7.105100277974303,0.4822250441289413,8.019256523020324,7.206262456193972,8.498100270425384,4.641450755701824,,,6.560959655923099,7.127482984165915
7.115983090415327,0.4913286049458769,8.030139335461348,7.151824501145559,8.508983082866408,4.606493957177889,,,6.571842468364124,7.012296731500918
7.126865902856351,0.5006020264024675,8.041022147902373,7.095392522891744,8.519865895307431,4.570370675730024,,,6.582725280805148,6.892681061727546
7.137748715297375,0.5096096124619419,8.051904960343396,7.037237199647051,8.530748707748456,4.533058099323587,,,6.593608093246171,6.766748492075388
7.1486315277384,0.5183902280401029,8.062787772784421,6.977563790338472,8.54163152018948,4.49457829065475,,,6.604490905687196,6.635545428111163
7.159514340179423,0.5269912652389331,8.073670585225445,6.918728891899013,8.552514332630503,4.454930903181965,,,6.61537371812822,6.499901852887879
7.170397152620447,0.5354677357130122,8.084553397666468,6.860942055372626,8.563397145071528,4.414149224170981,,,6.626256530569244,6.361078662260535
7.181279965061472,0.5438810010193341,8.095436210107493,6.803541192292562,8.574279957512552,4.372275994047575,,,6.637139343010268,6.220378434628617
7.192162777502496,0.5522975532584775,8.106319022548517,6.746715015674988,8.585162769953577,4.330562894956556,,,6.648022155451292,6.079129428008035
7.203045589943519,0.5609241658366473,8.11720183498954,6.68931622492973,8.5960455823946,4.290195679535864,,,6.658904967892316,5.938669086994405
7.213928402384544,0.5698317049976309,8.128084647430565,6.631516815981199,8.606928394835624,4.25017527089109,,,6.669787780333341,5.800327325480277
7.224811214825568,0.5789534502479893,8.138967459871589,6.573569693330518,8.617811207276649,4.209497556803506,,,6.680670592774364,5.665409853536485
7.235694027266591,0.5883579692880245,8.149850272312614,6.515602652791904,8.628694019717672,4.16833306080176,,,6.691553405215388,5.535181814375379
7.246576839707616,0.5981107097851281,8.160733084753637,6.457790542035062,8.639576832158696,4.126964183696758,,,6.702436217656413,5.410907670903788
7.25745965214864,0.6082720627671478,8.171615897194661,6.401005977276123,8.650459644599721,4.085598341417883,,,6.713319030097437,5.293583806309408
7.268342464589664,0.6188958853186101,8.182498709635686,6.345416652230699,8.661342457040744,4.044370468678673,,,6.72420184253846,5.184407325623441
7.279225277030688,0.6300276896379438,8.193381522076709,6.290484209698995,8.672225269481768,4.003533366762495,,,6.735084654979484,5.084275817438867
7.290108089471712,0.6417031296777105,8.204264334517733,6.236399114770506,8.683108081922793,3.963355294365657,,,6.745967467420509,4.994035999665818
7.300990901912736,0.6539465891981646,8.215147146958758,6.183275258295866,8.693990894363816,3.924725971598498,,,6.756850279861533,4.914430917241534
7.31187371435376,0.6667699397003254,8.226029959399781,6.131246822961312,8.704873706804841,3.887937302764489,,,6.767733092302556,4.84603649901759
7.322756526794784,0.6801714971625339,8.236912771840807,6.080467935769534,8.715756519245865,3.852699670008719,,,6.778615904743581,4.789333839049041
7.333639339235808,0.6941445818429897,8.24779558428183,6.031065453018151,8.726639331686888,3.819313437476939,,,6.789498717184605,4.744655976603471
7.344522151676832,0.7086420614023481,8.258678396722853,5.984381663129426,8.737522144127913,3.788104349586608,,,6.800381529625629,4.712197471364616
7.355404964117857,0.7236244804687892,8.269561209163879,5.940506190766257,8.748404956568937,3.759999831078012,,,6.811264342066653,4.692014312753472
7.36628777655888,0.7390316478208627,8.280444021604902,5.898274239769149,8.75928776900996,3.735295279799739,,,6.822147154507677,4.684025788114845
7.377170588999904,0.7547868517209261,8.291326834045925,5.85773122933534,8.770170581450985,3.713640664825993,,,6.833029966948701,4.688078576490878
7.388053401440929,0.7708058535598242,8.302209646486951,5.81890386087543,8.781053393892009,3.695838287596804,,,6.843912779389726,4.703728004431621
7.398936213881953,0.7869776957974493,8.313092458927974,5.782987111953362,8.791936206333034,3.682130461648634,,,6.854795591830749,4.730560976282695
7.409819026322976,0.8031851217757903,8.323975271368999,5.749954440969597,8.802819018774057,3.672202831035208,,,6.865678404271773,4.768006561377348
7.420701838764001,0.8192947309801517,8.334858083810023,5.718564242174274,8.813701831215081,3.666236344446254,,,6.876561216712798,4.815446389414049
7.431584651205025,0.8351802035882895,8.345740896251046,5.688739754655874,8.824584643656106,3.664402027256596,,,6.887444029153822,4.872029054811803
7.442467463646049,0.8506893342953119,8.356623708692071,5.660769520050636,8.835467456097129,3.666815227241099,,,6.898326841594845,4.936960347460957
7.453350276087073,0.8656707330717179,8.367506521133095,5.634533314718528,8.846350268538153,3.673599855402233,,,6.90920965403587,5.009342478221189
7.464233088528097,0.8799693121460224,8.378389333574118,5.609503453867976,8.857233080979178,3.684877919838509,,,6.920092466476894,5.088229669693572
7.475115900969121,0.8934288068386104,8.389272146015143,5.585521470049514,8.868115893420201,3.700653529105601,,,6.930975278917918,5.172642885190824
7.485998713410146,0.9058958314578167,8.400154958456167,5.562951326642113,8.878998705861227,3.720942105227776,,,6.941858091358942,5.261584761362658
7.496881525851169,0.9172166036602645,8.411037770897192,5.541588943729118,8.88988151830225,3.745728835660787,,,6.952740903799966,5.35403389439792
7.507764338292193,0.9272447261235032,8.421920583338215,5.520729373021735,8.900764330743273,3.77496995295862,,,6.96362371624099,5.449046584472767
7.518647150733218,0.9363223324624979,8.432803395779239,5.500142700103698,8.911647143184299,3.808594481785879,,,6.974506528682014,5.545632462120859
7.529529963174242,0.9443161352876479,8.443686208220264,5.479620309280977,8.922529955625322,3.846501100993237,,,6.985389341123038,5.642927941386081
7.540412775615265,0.9506173612911865,8.454569020661287,5.458957775546379,8.933412768066345,3.88860237806036,,,6.996272153564062,5.740002446455827
7.55129558805629,0.9551146956773555,8.465451833102311,5.437946170217081,8.944295580507371,3.934720233048716,,,7.007154966005086,5.836010437253586
7.562178400497314,0.9577128333880277,8.476334645543336,5.416392650108478,8.955178392948394,3.984714541385945,,,7.018037778446111,5.934144713665168
7.573061212938338,0.9583346878161659,8.487217457984359,5.39411828347019,8.966061205389419,4.038417069499101,,,7.028920590887134,6.033717897796291
7.583944025379362,0.9569204217436061,8.498100270425384,5.372560047709659,8.976944017830442,4.095648827586873,,,7.039803403328158,6.130208325506239
7.594826837820386,0.9534317299466754,8.508983082866408,5.351564646208936,8.987826830271466,4.156256950801425,,,7.050686215769183,6.223082195917353
7.60570965026141,0.9478505570229442,8.519865895307431,5.329392397489033,8.998709642712491,4.219988532322742,,,7.061569028210207,6.311908391784778
7.616592462702434,0.9401800215298567,8.530748707748456,5.305931110200015,9.009592455153514,4.286685176868655,,,7.07245184065123,6.3963857064044
7.627475275143458,0.9311851605134622,8.54163152018948,5.281121670433818,9.020475267594538,4.357338684974381,,,7.083334653092255,6.476256036425472
7.638358087584482,0.9209049546453731,8.552514332630503,5.254880380272911,9.031358080035563,4.432866169925616,,,7.094217465533279,6.551428691727258
7.649240900025506,0.9086519421749208,8.563397145071528,5.227258926411337,9.042240892476586,4.511827889730175,,,7.105100277974303,6.621847152154896
7.660123712466531,0.8944994324631905,8.574279957512552,5.198245833438405,9.053123704917612,4.592914478610564,,,7.115983090415327,6.689774976635982
7.671006524907554,0.8785401517878,8.585162769953577,5.168953244601312,9.064006517358635,4.675909014299775,,,7.126865902856351,6.75532237120383
7.681889337348578,0.8610679259969147,8.5960455823946,5.14050246289235,9.074889329799658,4.760600652169802,,,7.137748715297375,6.816693674219604
7.692772149789603,0.8422088279352863,8.606928394835624,5.112004543259288,9.085772142240684,4.846784361770252,,,7.1486315277384,6.874269377974806
7.703654962230627,0.8219192384931303,8.617811207276649,5.082667937674593,9.096654954681707,4.934221864563937,,,7.159514340179423,6.928377597152562
7.71453777467165,0.8003523568592007,8.628694019717672,5.052593862548497,9.10753776712273,5.022801674923244,,,7.170397152620447,6.979571168900411
7.725420587112675,0.7776730951979055,8.639576832158696,5.022613986344839,9.118420579563756,5.112280398111469,,,7.181279965061472,7.028304052466511
7.736303399553699,0.7540561001980476,8.650459644599721,4.992995456758294,9.129303392004779,5.203058735281652,,,7.192162777502496,7.075181255297536
7.747186211994723,0.729683685704592,8.661342457040744,4.96348265320915,9.140186204445804,5.295994827969441,,,7.203045589943519,7.123631243904898
7.758069024435747,0.7047437089849282,8.672225269481768,4.934391567343039,9.151069016886828,5.390268319650356,,,7.213928402384544,7.174252080096681
7.768951836876771,0.6794337943599561,8.683108081922793,4.906014705429233,9.161951829327851,5.484574324354637,,,7.224811214825568,7.224800065426143
7.779834649317795,0.6539354899308157,8.693990894363816,4.879800719550063,9.172834641768876,5.578658103176629,,,7.235694027266591,7.275854553322128
7.79071746175882,0.6284455022554023,8.704873706804841,4.856042252688002,9.1837174542099,5.672250597130659,,,7.246576839707616,7.328045197421896
7.801600274199843,0.6031528754873561,8.715756519245865,4.834073878536288,9.194600266650923,5.765066038107356,,,7.25745965214864,7.381808471238989
7.812483086640867,0.5782416452391907,8.726639331686888,4.814194777660926,9.205483079091948,5.856799748036332,,,7.268342464589664,7.437707502143701
7.823365899081892,0.5538889939603715,8.737522144127913,4.796800969499412,9.216365891532972,5.947126467294839,,,7.279225277030688,7.496217358287035
7.834248711522916,0.5302638881527144,8.748404956568937,4.782250222977353,9.227248703973997,6.035699136935116,,,7.290108089471712,7.55776696553295
7.845131523963939,0.507525328355255,8.75928776900996,4.77081688229865,9.23813151641502,6.123219943296255,,,7.300990901912736,7.622733215641127
7.856014336404963,0.4858229637099023,8.770170581450985,4.762642023784813,9.249014328856044,6.209346185139129,,,7.31187371435376,7.691436267183477
7.866897148845988,0.4652882793222815,8.781053393892009,4.758916082231591,9.259897141297069,6.292501101682038,,,7.322756526794784,7.764136081459736
7.877779961287012,0.4460441503690981,8.791936206333034,4.759790533901007,9.270779953738092,6.372247578237209,,,7.333639339235808,7.841063717702304
7.888662773728035,0.4281972539922567,8.802819018774057,4.764373713008808,9.281662766179116,6.448106188997128,,,7.344522151676832,7.922295713955243
7.89954558616906,0.4118389258811336,8.813701831215081,4.772710576941943,9.292545578620141,6.519621449542387,,,7.355404964117857,8.007891024008581
7.910428398610084,0.3970456669196477,8.824584643656106,4.784793401966311,9.303428391061164,6.586289045661959,,,7.36628777655888,8.097921624073834
7.921311211051107,0.3838766487497696,8.835467456097129,4.800534723222058,9.314311203502188,6.647615739811728,,,7.377170588999904,8.19234148644861
7.932194023492132,0.3723735108632028,8.846350268538153,4.819870768065249,9.325194015943213,6.703096884274289,,,7.388053401440929,8.2923162502093
7.943076835933156,0.3625620984234135,8.857233080979178,4.842610641467165,9.336076828384236,6.754145299814985,,,7.398936213881953,8.397591413193878
7.95395964837418,0.3544529902078453,8.868115893420201,4.868527892193981,9.346959640825261,6.800259632980818,,,7.409819026322976,8.506730839957664
7.964842460815204,0.3480394518337651,8.878998705861227,4.897354350972122,9.357842453266285,6.839103914460416,,,7.420701838764001,8.619429970687147
7.975725273256228,0.34329951000269,8.88988151830225,4.928778025640762,9.368725265707308,6.870602569160448,,,7.431584651205025,8.735495982063295
7.986608085697252,0.340196069565739,8.900764330743273,4.962448350158692,9.379608078148333,6.894348203451752,,,7.442467463646049,8.854512009627912
7.997490898138277,0.3386776052954153,8.911647143184299,4.997982334515426,9.390490890589357,6.909604522089125,,,7.453350276087073,8.97614450124804
8.008373710579301,0.3386789762319854,8.922529955625322,5.034958276928537,9.40137370303038,6.916016752092735,,,7.464233088528097,9.100026593980648
8.019256523020324,0.3401223544170286,8.933412768066345,5.072985704469292,9.412256515471405,6.913342527069062,,,7.475115900969121,9.225809691393776
8.030139335461348,0.3429182594865294,8.944295580507371,5.111613367535445,9.423139327912429,6.901377818556343,,,7.485998713410146,9.355807090912748
8.041022147902373,0.3469595735232627,8.955178392948394,5.150386408751734,9.434022140353454,6.880025061185598,,,7.496881525851169,9.489584753274206
8.051904960343396,0.3521528184443234,8.966061205389419,5.188884661095696,9.444904952794477,6.849223393893023,,,7.507764338292193,9.624094056092385
8.062787772784421,0.358371634628457,8.976944017830442,5.226693276662494,9.455787765235501,6.809004395961261,,,7.518647150733218,9.761497921252412
8.073670585225445,0.3654926428246049,8.987826830271466,5.263440988724604,9.466670577676526,6.760837461818902,,,7.529529963174242,9.90139139718015
8.084553397666468,0.3733867248321125,8.998709642712491,5.298701121762655,9.477553390117549,6.706508656337052,,,7.540412775615265,10.04069578048324
8.095436210107493,0.3819215030776065,9.009592455153514,5.332240445772396,9.488436202558573,6.646148036302934,,,7.55129558805629,10.17900899758357
8.106319022548517,0.3909618614730114,9.020475267594538,5.364855695493769,9.499319014999598,6.578471565506565,,,7.562178400497314,10.31595331772842
8.11720183498954,0.4003707265123427,9.031358080035563,5.398760254245546,9.510201827440621,6.502500113248947,,,7.573061212938338,10.45122327413213
8.128084647430565,0.4100108463992518,9.042240892476586,5.432582688546331,9.521084639881646,6.418713255930854,,,7.583944025379362,10.5844150240954
8.138967459871589,0.4197538983079296,9.053123704917612,5.463739318436678,9.53196745232267,6.329714042637973,,,7.594826837820386,10.71526821455528
8.149850272312614,0.4294679447679564,9.064006517358635,5.49211357028939,9.542850264763693,6.236281181588309,,,7.60570965026141,10.84351395611787
8.160733084753637,0.4390288309207736,9.074889329799658,5.517650137056216,9.553733077204718,6.136892107825815,,,7.616592462702434,10.96890999337058
8.171615897194661,0.448321249671592,9.085772142240684,5.540354594376855,9.564615889645742,6.031899948050814,,,7.627475275143458,11.0940736536425
8.182498709635686,0.4572351465112832,9.096654954681707,5.560280872105167,9.575498702086765,5.921963868008492,,,7.638358087584482,11.21878677747133
8.193381522076709,0.4656668648024864,9.10753776712273,5.577573043131282,9.58638151452779,5.807768254352622,,,7.649240900025506,11.33999422189327
8.204264334517733,0.4735250750178839,9.118420579563756,5.592388928688512,9.597264326968814,5.690020475235314,,,7.660123712466531,11.45753859460066
8.215147146958758,0.4807312396877327,9.129303392004779,5.606697145936823,9.608147139409839,5.569439530682901,,,7.671006524907554,11.57120753186847
8.226029959399781,0.4872124103520887,9.140186204445804,5.621852467196597,9.619029951850862,5.446737503356461,,,7.681889337348578,11.68156273861764
8.236912771840807,0.4929132004604256,9.151069016886828,5.636346690588146,9.629912764291886,5.322648425922214,,,7.692772149789603,11.78848518049847
8.24779558428183,0.4977889276847834,9.161951829327851,5.649319910643465,9.640795576732911,5.197858511173616,,,7.703654962230627,11.8910712704633
8.258678396722853,0.5022849242328367,9.172834641768876,5.661041078698569,9.651678389173934,5.073054689167267,,,7.71453777467165,11.98920570176569
8.269561209163879,0.5063775710146634,9.1837174542099,5.671764414034423,9.662561201614958,4.948854021169753,,,7.725420587112675,12.08275229975394
8.280444021604902,0.5095741899091919,9.194600266650923,5.681799443719316,9.673444014055983,4.825859230007288,,,7.736303399553699,12.17161928135949
8.291326834045925,0.5118717948486625,9.205483079091948,5.691375606826147,9.684326826497006,4.704648157605972,,,7.747186211994723,12.25571706295973
8.302209646486951,0.5132792962960647,9.216365891532972,5.700723057005969,9.695209638938032,4.585714953051541,,,7.758069024435747,12.33803773576277
8.313092458927974,0.5140075715524314,9.227248703973997,5.710040161844741,9.706092451379055,4.469504150921765,,,7.768951836876771,12.41852490549265
8.323975271368999,0.5140857652589832,9.23813151641502,5.719569286582087,9.716975263820078,4.35643051381712,,,7.779834649317795,12.4939335242877
8.334858083810023,0.5133600966250426,9.249014328856044,5.729463323037527,9.727858076261104,4.247157859656055,,,7.79071746175882,12.56419548265069
8.345740896251046,0.5118761729348443,9.259897141297069,5.739655814438194,9.738740888702127,4.141964506603968,,,7.801600274199843,12.63192553638464
8.356623708692071,0.5096870873516081,9.270779953738092,5.750150717564368,9.74962370114315,4.040733775917253,,,7.812483086640867,12.69702865972724
8.367506521133095,0.5068521865360955,9.281662766179116,5.760886650293767,9.760506513584176,3.943629852122041,,,7.823365899081892,12.75671545224557
8.378389333574118,0.5034357626237762,9.292545578620141,5.771760875850539,9.771389326025199,3.850765551830743,,,7.834248711522916,12.81087295782281
8.389272146015143,0.4995056946962749,9.303428391061164,5.782589749009173,9.782272138466224,3.762206298231429,,,7.845131523963939,12.85944146056941
8.400154958456167,0.4951461955899992,9.314311203502188,5.793138541585455,9.793154950907248,3.677974803670033,,,7.856014336404963,12.90240039516281
8.411037770897192,0.4904314909632167,9.325194015943213,5.803108799537438,9.804037763348271,3.598056310050695,,,7.866897148845988,12.93966140021485
8.421920583338215,0.4854116791466966,9.336076828384236,5.812447602439939,9.814920575789296,3.522422652492108,,,7.877779961287012,12.97123627916528
8.432803395779239,0.4801577832763315,9.346959640825261,5.820755979153869,9.82580338823032,3.450969601608695,,,7.888662773728035,12.99713219664459
8.443686208220264,0.4747298521118134,9.357842453266285,5.827335336660005,9.836686200671343,3.383619213069617,,,7.89954558616906,13.01737669684175
8.454569020661287,0.4692019275694919,9.368725265707308,5.832613006830349,9.847569013112368,3.32026509915546,,,7.910428398610084,13.03514557064549
8.465451833102311,0.463622372045921,9.379608078148333,5.836102647795297,9.858451825553392,3.261800817091812,,,7.921311211051107,13.0529564094143
8.476334645543336,0.4580414379227392,9.390490890589357,5.836433054458605,9.869334637994417,3.208071364455387,,,7.932194023492132,13.06769095914729
8.487217457984359,0.4525027233434329,9.40137370303038,5.833067041110227,9.88021745043544,3.157976748729643,,,7.943076835933156,13.07681965887942
8.498100270425384,0.4470741164762366,9.412256515471405,5.825525504210869,9.891100262876463,3.111376875843749,,,7.95395964837418,13.08050280113241
8.508983082866408,0.4417842421354667,9.423139327912429,5.813311336227487,9.901983075317489,3.068153984766353,,,7.964842460815204,13.07871311532448
8.519865895307431,0.436622294792359,9.434022140353454,5.796037597725472,9.912865887758512,3.029917430491927,,,7.975725273256228,13.07152007720446
8.530748707748456,0.4316012571974891,9.444904952794477,5.773272908668284,9.923748700199535,2.996562022631144,,,7.986608085697252,13.05901330882188
8.54163152018948,0.4267266537327595,9.455787765235501,5.744667084273753,9.934631512640561,2.966269567670991,,,7.997490898138277,13.04251281626659
8.552514332630503,0.42198968752298,9.466670577676526,5.710953304726697,9.945514325081584,2.938935201611407,,,8.008373710579301,13.02213659755966
8.563397145071528,0.4174028382508291,9.477553390117549,5.673149371125506,9.956397137522609,2.914529432560601,,,8.019256523020324,12.99680016481395
8.574279957512552,0.4129357758663867,9.488436202558573,5.630858821831877,9.967279949963633,2.892987866010571,,,8.030139335461348,12.9666479941893
8.585162769953577,0.4085713627609422,9.499319014999598,5.582697950855599,9.978162762404656,2.874265029548833,,,8.041022147902373,12.93181107939151
8.5960455823946,0.4042918840524359,9.510201827440621,5.527765880978367,9.989045574845681,2.858338511953867,,,8.051904960343396,12.89253848935709
8.606928394835624,0.4000676309516526,9.521084639881646,5.466103921645647,9.999928387286705,2.845196795920742,,,8.062787772784421,12.84898623891481
8.617811207276649,0.3958681530640664,9.53196745232267,5.398009284707961,10.01081119972773,2.834836231399013,,,8.073670585225445,12.80373815736051
8.628694019717672,0.3916586308135535,9.542850264763693,5.326620683430144,10.02169401216875,2.827257658273364,,,8.084553397666468,12.756999309348
8.639576832158696,0.3874073059076649,9.553733077204718,5.251971473885268,10.03257682460978,2.822462793897233,,,8.095436210107493,12.70882795895762
8.650459644599721,0.3830828693202995,9.564615889645742,5.171330936677214,10.0434596370508,2.820450503519804,,,8.106319022548517,12.65940526706055
8.661342457040744,0.3786555253204275,9.575498702086765,5.085046399351552,10.05434244949183,2.821203957827609,,,8.11720183498954,12.60664740295049
8.672225269481768,0.3740979093338057,9.58638151452779,4.993495251085808,10.06522526193285,2.824709265752575,,,8.128084647430565,12.55076349247104
8.683108081922793,0.3693859306032311,9.597264326968814,4.897117767916248,10.07610807437387,2.830960828141876,,,8.138967459871589,12.49206070936634
8.693990894363816,0.3648238655402603,9.608147139409839,4.796398385192635,10.0869908868149,2.839887552390566,,,8.149850272312614,12.43070668537423
8.704873706804841,0.3603934448349834,9.619029951850862,4.691841719551486,10.09787369925592,2.851423276953942,,,8.160733084753637,12.36693505849667
8.715756519245865,0.3557544275905687,9.629912764291886,4.584028455661884,10.10875651169695,2.865479226642508,,,8.171615897194661,12.30418745956985
8.726639331686888,0.3508966511900062,9.640795576732911,4.473502846891313,10.11963932413797,2.881943458320417,,,8.182498709635686,12.24268633640672
8.737522144127913,0.3458160633857365,9.651678389173934,4.360859141827543,10.13052213657899,2.900679827383528,,,8.193381522076709,12.17943360876485
8.748404956568937,0.3405149331308427,9.662561201614958,4.246630191917003,10.14140494902002,2.921527574593099,,,8.204264334517733,12.11468133042406
8.75928776900996,0.3350019584486169,9.673444014055983,4.13139360950742,10.15228776146104,2.94430154743425,,,8.215147146958758,12.04860468716395
8.770170581450985,0.3292922265223698,9.684326826497006,4.015697168082678,10.16317057390207,2.968776382308459,,,8.226029959399781,11.98137442553094
8.781053393892009,0.3235105063511903,9.695209638938032,3.900058578341114,10.17405338634309,2.995712447796035,,,8.236912771840807,11.91323828804327
8.791936206333034,0.3176831396957283,9.706092451379055,3.78495135002817,10.18493619878411,3.02478660703277,,,8.24779558428183,11.84440661647361
8.802819018774057,0.311737664928302,9.716975263820078,3.670861243774808,10.19581901122514,3.054805160862283,,,8.258678396722853,11.77679045223604
8.813701831215081,0.3057101852185608,9.727858076261104,3.558182085109603,10.20670182366616,3.085470131727246,,,8.269561209163879,11.71057230859236
8.824584643656106,0.2996413689427976,9.738740888702127,3.447281546729088,10.21758463610719,3.116473329805788,,,8.280444021604902,11.64420348742028
8.835467456097129,0.2935758184001931,9.74962370114315,3.338479706291347,10.22846744854821,3.147500409367155,,,8.291326834045925,11.57782800238375
8.846350268538153,0.2875614664524279,9.760506513584176,3.232051296978071,10.23935026098923,3.178235157840101,,,8.302209646486951,11.51157439638698
8.857233080979178,0.2816487547791924,9.771389326025199,3.128224273033999,10.25023307343026,3.208363923931932,,,8.313092458927974,11.44812444834618
8.868115893420201,0.275889970756121,9.782272138466224,3.027180969808113,10.26111588587128,3.237551549219349,,,8.323975271368999,11.38754807929743
8.878998705861227,0.2703384737324269,9.793154950907248,2.929060186453126,10.27199869831231,3.265566325716215,,,8.334858083810023,11.32729559604321
8.88988151830225,0.2650479428792032,9.804037763348271,2.83396008255355,10.28288151075333,3.292490499811203,,,8.345740896251046,11.26736749647593
8.900764330743273,0.260071638442967,9.814920575789296,2.741967461581912,10.29376432319435,3.318055218429299,,,8.356623708692071,11.20887656334409
8.911647143184299,0.2554616877495435,9.82580338823032,2.653066327018639,10.30464713563538,3.341632578359305,,,8.367506521133095,11.15176549742409
8.922529955625322,0.2512684058941579,9.836686200671343,2.567276889201164,10.3155299480764,3.36406909741131,,,8.378389333574118,11.09480726802533
8.933412768066345,0.2475404481775885,9.847569013112368,2.484575876318676,10.32641276051743,3.385168964236281,,,8.389272146015143,11.0378882244971
8.944295580507371,0.2443213019748736,9.858451825553392,2.405253896964794,10.33729557295845,3.403688996642644,,,8.400154958456167,10.98230619583858
8.955178392948394,0.2416528385602326,9.869334637994417,2.329916067753418,10.34817838539947,3.419490622907245,,,8.411037770897192,10.92789837916286
8.966061205389419,0.239572308134352,9.88021745043544,2.258154338586649,10.3590611978405,3.43247113870222,,,8.421920583338215,10.87305243957066
8.976944017830442,0.238112503854665,9.891100262876463,2.189218838056114,10.36994401028152,3.442569604228062,,,8.432803395779239,10.81754381419096
8.987826830271466,0.2373014205080028,9.901983075317489,2.123023731512448,10.38082682272255,3.449748000146581,,,8.443686208220264,10.7611450009086
8.998709642712491,0.2371619570905498,9.912865887758512,2.060501979222472,10.39170963516357,3.453996592055416,,,8.454569020661287,10.70368210506907
9.009592455153514,0.2377117181714353,9.923748700199535,2.001570224086309,10.4025924476046,3.455379111268098,,,8.465451833102311,10.64490964613371
9.020475267594538,0.2389627725877344,9.934631512640561,1.945131626840871,10.41347526004562,3.454159272597777,,,8.476334645543336,10.58462047677536
9.031358080035563,0.2409247780492058,9.945514325081584,1.891099267396917,10.42435807248664,3.452468857034313,,,8.487217457984359,10.5226206858502
9.042240892476586,0.2435984793976543,9.956397137522609,1.839427838921784,10.43524088492767,3.450212014742415,,,8.498100270425384,10.46108491988772
9.053123704917612,0.2469757569900162,9.967279949963633,1.790122595734108,10.44612369736869,3.445499195635954,,,8.508983082866408,10.39984284552229
9.064006517358635,0.2510459391261547,9.978162762404656,1.743118736184564,10.45700650980972,3.43844022871355,,,8.519865895307431,10.33638536801142
9.074889329799658,0.2557927127880241,9.989045574845681,1.698407325395143,10.46788932225074,3.429262099396292,,,8.530748707748456,10.27059046672109
9.085772142240684,0.2611942132466944,9.999928387286705,1.655993650202056,10.47877213469176,3.418106836594161,,,8.54163152018948,10.20242661482133
9.096654954681707,0.2672231088317822,10.01081119972773,1.615895861689074,10.48965494713279,3.40515900069138,,,8.552514332630503,10.13180097097785
9.10753776712273,0.2738469082650965,10.02169401216875,1.578143183724823,10.50053775957381,3.390599873740552,,,8.563397145071528,10.05881098883315
9.118420579563756,0.2810278923729471,10.03257682460978,1.542773770106229,10.51142057201484,3.374626185070129,,,8.574279957512552,9.983457603352365
9.129303392004779,0.2887265801719963,10.0434596370508,1.509832297844577,10.52230338445586,3.357428693031797,,,8.585162769953577,9.908087502318811
9.140186204445804,0.2970086327178831,10.05434244949183,1.479340584969355,10.53318619689688,3.339192615316616,,,8.5960455823946,9.83499002648065
9.151069016886828,0.3058182914184028,10.06522526193285,1.45139105670801,10.54406900933791,3.320094170049087,,,8.606928394835624,9.76224744510203
9.161951829327851,0.3149848752231358,10.07610807437387,1.426036247010891,10.55495182177893,3.300310657366996,,,8.617811207276649,9.688033647542165
9.172834641768876,0.3244468675487738,10.0869908868149,1.403298971456709,10.56583463421996,3.279968584862974,,,8.628694019717672,9.612585554163811
9.1837174542099,0.3341320788191867,10.09787369925592,1.383217881282889,10.57671744666098,3.259914982701333,,,8.639576832158696,9.536985475949262
9.194600266650923,0.3439888960125003,10.10875651169695,1.365822817307969,10.587600259102,3.240250901075747,,,8.650459644599721,9.461676667496477
9.205483079091948,0.3539376501616679,10.11963932413797,1.351133015903911,10.59848307154303,3.220358963241894,,,8.661342457040744,9.386508647208251
9.216365891532972,0.3639059703011601,10.13052213657899,1.339155501281165,10.60936588398405,3.200299311830451,,,8.672225269481768,9.312022843439342
9.227248703973997,0.3738199042019421,10.14140494902002,1.329883821786403,10.62024869642508,3.180111347063975,,,8.683108081922793,9.238755930398121
9.23813151641502,0.3836018004280183,10.15228776146104,1.323297148886116,10.6311315088661,3.159814183468369,,,8.693990894363816,9.169350556688821
9.249014328856044,0.3932010369512995,10.16317057390207,1.319358191571404,10.64201432130712,3.139407588932815,,,8.704873706804841,9.104373000287474
9.259897141297069,0.4025065773212629,10.17405338634309,1.318062258255813,10.65289713374815,3.118868237263845,,,8.715756519245865,9.042527976135577
9.270779953738092,0.4114583084509965,10.18493619878411,1.319322786487206,10.66377994618917,3.098173153921145,,,8.726639331686888,8.984404866327868
9.281662766179116,0.419983158001124,10.19581901122514,1.323035866728149,10.6746627586302,3.077267360044972,,,8.737522144127913,8.930721382471756
9.292545578620141,0.4280100657715394,10.20670182366616,1.329107473540996,10.68554557107122,3.056090769040415,,,8.748404956568937,8.88276498718621
9.303428391061164,0.4354706403224026,10.21758463610719,1.337431100469907,10.69642838351225,3.034574190782936,,,8.75928776900996,8.841114120547006
9.314311203502188,0.4422998177607244,10.22846744854821,1.347889030987501,10.70731119595327,3.012642054342543,,,8.770170581450985,8.805574915133175
9.325194015943213,0.4484362990781446,10.23935026098923,1.360353768053079,10.71819400839429,2.990215186976277,,,8.781053393892009,8.778264876179584
9.336076828384236,0.454001588895065,10.25023307343026,1.374689572308319,10.72907682083532,2.967213576780096,,,8.791936206333034,8.759604135245366
9.346959640825261,0.4589426159413477,10.26111588587128,1.390749928906659,10.73995963327634,2.944496873940488,,,8.802819018774057,8.748314208972314
9.357842453266285,0.4630333761237388,10.27199869831231,1.408396598224924,10.75084244571737,2.921982951896246,,,8.813701831215081,8.744657106606756
9.368725265707308,0.4663386226961586,10.28288151075333,1.427473437240063,10.76172525815839,2.898650347649182,,,8.824584643656106,8.748836798165707
9.379608078148333,0.4688223181776429,10.29376432319435,1.447814080029268,10.77260807059941,2.874424528593991,,,8.835467456097129,8.760925768863347
9.390490890589357,0.4703481319664597,10.30464713563538,1.469295228723876,10.78349088304044,2.850430864227298,,,8.846350268538153,8.781032089919909
9.40137370303038,0.4708944889295064,10.3155299480764,1.492709141990151,10.79437369548146,2.826641529600618,,,8.857233080979178,8.809137316084865
9.412256515471405,0.4704481063042657,10.32641276051743,1.517896368681403,10.80525650792249,2.801775701940594,,,8.868115893420201,8.845071392055704
9.423139327912429,0.4690037942229489,10.33729557295845,1.543729377876972,10.81613932036351,2.775791035315398,,,8.878998705861227,8.888634929932323
9.434022140353454,0.4665666804114155,10.34817838539947,1.570046570469253,10.82702213280453,2.748661567421554,,,8.88988151830225,8.939554804180753
9.444904952794477,0.4631490735193295,10.3590611978405,1.59669077583897,10.83790494524556,2.720351424905045,,,8.900764330743273,8.99748994156028
9.455787765235501,0.4587727629621517,10.36994401028152,1.623514084887352,10.84878775768658,2.690930589953133,,,8.911647143184299,9.062038504050848
9.466670577676526,0.4534700662633026,10.38082682272255,1.650362308656906,10.85967057012761,2.660381827543717,,,8.922529955625322,9.132727783815932
9.477553390117549,0.4474964768177808,10.39170963516357,1.677081845414236,10.87055338256863,2.628748168598314,,,8.933412768066345,9.209128530707238
9.488436202558573,0.4410423908884145,10.4025924476046,1.703552744456224,10.88143619500965,2.596851996022015,,,8.944295580507371,9.290654902559034
9.499319014999598,0.4339432192134619,10.41347526004562,1.72973275528513,10.89231900745068,2.564754462214133,,,8.955178392948394,9.37675378869791
9.510201827440621,0.4261058886879636,10.42435807248664,1.755796035033368,10.9032018198917,2.531754200790882,,,8.966061205389419,9.46687403872915
9.521084639881646,0.4175951144429924,10.43524088492767,1.781507529697175,10.91408463233273,2.497928763763383,,,8.976944017830442,9.560454608104035
9.53196745232267,0.4085043351025908,10.44612369736869,1.806467910907926,10.92496744477375,2.463365161338925,,,8.987826830271466,9.656999360034032
9.542850264763693,0.3989152009221419,10.45700650980972,1.830557251215437,10.93585025721477,2.428158314654219,,,8.998709642712491,9.755851611175942
9.553733077204718,0.3888856705851916,10.46788932225074,1.853623136133713,10.9467330696558,2.392409918656409,,,9.009592455153514,9.856637340812487
9.564615889645742,0.3784956204133748,10.47877213469176,1.875654213836934,10.95761588209682,2.356225204203442,,,9.020475267594538,9.961157153055886
9.575498702086765,0.3678347523763321,10.48965494713279,1.896487362593261,10.96849869453785,2.319713724086507,,,9.031358080035563,10.07255120222037
9.58638151452779,0.3569960256087022,10.50053775957381,1.916019711339286,10.97938150697887,2.282986405885069,,,9.042240892476586,10.18800905767416
9.597264326968814,0.3460749030052894,10.51142057201484,1.934153372224267,10.99026431941989,2.246154503023122,,,9.053123704917612,10.30362955403726
9.608147139409839,0.335168589413271,10.52230338445586,1.950793409797291,11.00114713186092,2.209398297095889,,,9.064006517358635,10.41906852371532
9.619029951850862,0.3243703080164781,10.53318619689688,1.965848555983424,11.01202994430194,2.172825138084836,,,9.074889329799658,10.53404350201405
9.629912764291886,0.3137895017538027,10.54406900933791,1.979231535321856,11.02291275674297,2.136468909085246,,,9.085772142240684,10.6483331693938
9.640795576732911,0.3035177538254112,10.55495182177893,1.99086459800963,11.03379556918399,2.100429193867216,,,9.096654954681707,10.76172584550089
9.651678389173934,0.2936519043251007,10.56583463421996,2.000661122826411,11.04467838162502,2.064800650245861,,,9.10753776712273,10.87422162631962
9.662561201614958,0.2842864766319596,10.57671744666098,2.009685026029995,11.05556119406604,2.029672311643304,,,9.118420579563756,10.98569721917293
9.673444014055983,0.275513713414843,10.587600259102,2.017858808012493,11.06644400650706,1.995126986334186,,,9.129303392004779,11.09848246139047
9.684326826497006,0.2674224853879256,10.59848307154303,2.023973608671887,11.07732681894809,1.961241766762209,,,9.140186204445804,11.21485592788392
9.695209638938032,0.2600977782887225,10.60936588398405,2.027959410203761,11.08820963138911,1.928083777480309,,,9.151069016886828,11.33243330165691
9.706092451379055,0.2536185187893334,10.62024869642508,2.029755834564206,11.09909244383014,1.896971251346708,,,9.161951829327851,11.44887911022124
9.716975263820078,0.2480636933394706,10.6311315088661,2.029313289486793,11.10997525627116,1.867977974046882,,,9.172834641768876,11.56414604942396
9.727858076261104,0.2435011730462194,10.64201432130712,2.02659407814889,11.12085806871218,1.839838456567225,,,9.1837174542099,11.67814708998427
9.738740888702127,0.2399947556745385,10.65289713374815,2.021573377875585,11.13174088115321,1.812567792416166,,,9.194600266650923,11.79085437783918
9.74962370114315,0.2376016356542657,10.66377994618917,2.014240258235799,11.14262369359423,1.786173188177795,,,9.205483079091948,11.90211300502415
9.760506513584176,0.2363719255403177,10.6746627586302,2.00459831929269,11.15350650603526,1.760654067718424,,,9.216365891532972,12.01175549460197
9.771389326025199,0.2363481954116316,10.68554557107122,1.992666418850667,11.16438931847628,1.736002182040136,,,9.227248703973997,12.1195592029818
9.782272138466224,0.2375650300631256,10.69642838351225,1.978479081381361,11.1752721309173,1.712201724504747,,,9.23813151641502,12.22639103030636
9.793154950907248,0.2400486048579745,10.70731119595327,1.962086738930284,11.18615494335833,1.689229454603292,,,9.249014328856044,12.33201054512796
9.804037763348271,0.2438162823329683,10.71819400839429,1.943555759616531,11.19703775579935,1.667054836551969,,,9.259897141297069,12.43466349344149
9.814920575789296,0.2488763166850914,10.72907682083532,1.922968255174776,11.20792056824038,1.64563411321634,,,9.270779953738092,12.53385660425258
9.82580338823032,0.2552271923745844,10.73995963327634,1.901729675708675,11.2188033806814,1.62493621815756,,,9.281662766179116,12.62897599729202
9.836686200671343,0.2628577472144807,10.75084244571737,1.879940547297305,11.22968619312242,1.604902110058442,,,9.292545578620141,12.71939239116447
9.847569013112368,0.2717466254369766,10.76172525815839,1.856395786118593,11.24056900556345,1.585457790524199,,,9.303428391061164,12.80434943499353
9.858451825553392,0.2819022660723897,10.77260807059941,1.831211596576137,11.25145181800447,1.566576008538706,,,9.314311203502188,12.88305409915791
9.869334637994417,0.2932826968589304,10.78349088304044,1.804521863588348,11.2623346304455,1.548166715289562,,,9.325194015943213,12.95464198288988
9.88021745043544,0.3057942604826367,10.79437369548146,1.77648034282631,11.27321744288652,1.530155825555013,,,9.336076828384236,13.02059449114999
9.891100262876463,0.3193722648110944,10.80525650792249,1.74722010838315,11.28410025532754,1.512464844164516,,,9.346959640825261,13.07995822807604
9.901983075317489,0.3339421354778171,10.81613932036351,1.716896620548322,11.29498306776857,1.495271181537544,,,9.357842453266285,13.12947262724416
9.912865887758512,0.3494190285645694,10.82702213280453,1.685687390955058,11.30586588020959,1.478487601354777,,,9.368725265707308,13.16955419868696
9.923748700199535,0.365708151216729,10.83790494524556,1.653726836686972,11.31674869265062,1.461763075923498,,,9.379608078148333,13.19927316942469
9.934631512640561,0.3827052043337014,10.84878775768658,1.621233411409486,11.32763150509164,1.445010142386447,,,9.390490890589357,13.21638570851419
9.945514325081584,0.400296953730558,10.85967057012761,1.588363702267702,11.33851431753267,1.428126823865115,,,9.40137370303038,13.21997828213246
9.956397137522609,0.4183619439506771,10.87055338256863,1.555294312105083,11.34939712997369,1.41116822308335,,,9.412256515471405,13.2093161375842
9.967279949963633,0.4367713235035007,10.88143619500965,1.522624387214923,11.36027994241471,1.394110176408999,,,9.423139327912429,13.18369294900678
9.978162762404656,0.4553897967535499,10.89231900745068,1.490521574143071,11.37116275485574,1.376661440380107,,,9.434022140353454,13.14262933932249
9.989045574845681,0.4740767624985487,10.9032018198917,1.458720415844018,11.38204556729676,1.35874188135383,,,9.444904952794477,13.08564537608064
9.999928387286705,0.4926875181877867,10.91408463233273,1.427373224443062,11.39292837973779,1.340277993809407,,,9.455787765235501,13.01244424319716
10.01081119972773,0.5110745905487681,10.92496744477375,1.396624447951388,11.40381119217881,1.321204076556459,,,9.466670577676526,12.92526083280891
10.02169401216875,0.5290891617089297,10.93585025721477,1.366609448899354,11.41469400461983,1.301734464375366,,,9.477553390117549,12.82715450428034
10.03257682460978,0.5465825732870119,10.9467330696558,1.337453717886011,11.42557681706086,1.281819755028851,,,9.488436202558573,12.71804924902323
10.0434596370508,0.5634078880350282,10.95761588209682,1.309270857661335,11.43645962950188,1.261147641251168,,,9.499319014999598,12.59511273557562
10.05434244949183,0.5794214389235542,10.96849869453785,1.282163351845804,11.44734244194291,1.239688610680483,,,9.510201827440621,12.45637188291528
10.06522526193285,0.5944829069204035,10.97938150697887,1.256221004000702,11.45822525438393,1.217424243226757,,,9.521084639881646,12.30241229201949
10.07610807437387,0.608463888351762,10.99026431941989,1.231520737608729,11.46910806682495,1.194349002033248,,,9.53196745232267,12.13622766244853
10.0869908868149,0.6212380589804855,11.00114713186092,1.208142533579624,11.47999087926598,1.171141827751849,,,9.542850264763693,11.9618170659406
10.09787369925592,0.6326908378268531,11.01202994430194,1.186123273323005,11.490873691707,1.147815431345931,,,9.553733077204718,11.77774925229628
10.10875651169695,0.6427185429943498,11.02291275674297,1.165498173518803,11.50175650414802,1.123884952246167,,,9.564615889645742,11.58172650514141
10.11963932413797,0.6512296404027607,11.03379556918399,1.146291664663041,11.51263931658905,1.09940289432051,,,9.575498702086765,11.37484501973638
10.13052213657899,0.658145843008911,11.04467838162502,1.128515624575676,11.52352212903007,1.074214130295717,,,9.58638151452779,11.15825953104713
10.14140494902002,0.6634030388856552,11.05556119406604,1.112169880020613,11.5344049414711,1.048367273327924,,,9.597264326968814,10.93321314615685
10.15228776146104,0.6669520296412564,11.06644400650706,1.097242830067623,11.54528775391212,1.021920454443845,,,9.608147139409839,10.70100650528881
10.16317057390207,0.6687590601430481,11.07732681894809,1.083723303117023,11.55617056635315,0.9949403408602783,,,9.619029951850862,10.46294953092443
10.17405338634309,0.6697425015790428,11.08820963138911,1.071560009553069,11.56705337879417,0.9675010336414371,,,9.629912764291886,10.22046638333791
10.18493619878411,0.6698918982048605,11.09909244383014,1.061270674952882,11.57793619123519,0.9396828709061348,,,9.640795576732911,9.974879111890335
10.19581901122514,0.6682680591264825,11.10997525627116,1.05280261919391,11.58881900367622,0.9115711643488487,,,9.651678389173934,9.727565735319912
10.20670182366616,0.6648838670343954,11.12085806871218,1.045539264808721,11.59970181611724,0.8832548975791917,,,9.662561201614958,9.479770689718713
10.21758463610719,0.6597676303687762,11.13174088115321,1.039409585038829,11.61058462855827,0.8548254147123048,,,9.673444014055983,9.232766552929551
10.22846744854821,0.6529625421044127,11.14262369359423,1.034338241829141,11.62146744099929,0.8263771229566815,,,9.684326826497006,8.987767811076573
10.23935026098923,0.6445259353558042,11.15350650603526,1.030246863670108,11.63235025344031,0.797998818046905,,,9.695209638938032,8.745871309681378
10.25023307343026,0.6345283511350538,11.16438931847628,1.027055321215273,11.64323306588134,0.7697829467539985,,,9.706092451379055,8.508074019739263
10.26111588587128,0.6230497221732948,11.1752721309173,1.024682985891455,11.65411587832236,0.7418179494035295,,,9.716975263820078,8.2753554509314
10.27199869831231,0.6101895927881785,11.18615494335833,1.023049957049231,11.66499869076339,0.7141744815203079,,,9.727858076261104,8.048841117811879
10.28288151075333,0.5960475059486795,11.19703775579935,1.022078243532003,11.67588150320441,0.6869651422266926,,,9.738740888702127,7.829240809007596
10.29376432319435,0.5807328752920827,11.20792056824038,1.021692885877866,11.68676431564544,0.6602473426312859,,,9.74962370114315,7.616815117862866
10.30464713563538,0.564366869585593,11.2188033806814,1.021823005726403,11.69764712808646,0.6340912463465582,,,9.760506513584176,7.412053074640429
10.3155299480764,0.5470698620631996,11.22968619312242,1.022402769399078,11.70852994052748,0.6085424759731458,,,9.771389326025199,7.215338020276369
10.32641276051743,0.5289676571972101,11.24056900556345,1.02335753288371,11.71941275296851,0.5837109332111764,,,9.782272138466224,7.026952298102667
10.33729557295845,0.5101878290069782,11.25145181800447,1.024666769806407,11.73029556540953,0.5596240690422688,,,9.793154950907248,6.847083594981137
10.34817838539947,0.490858201175627,11.2623346304455,1.026265796626378,11.74117837785056,0.5363148086897206,,,9.804037763348271,6.675832674937215
10.3590611978405,0.4711053943653901,11.27321744288652,1.028116598677902,11.75206119029158,0.5138266610387529,,,9.814920575789296,6.513266430759109
10.36994401028152,0.4510556853792397,11.28410025532754,1.030189292159077,11.7629440027326,0.4921907027649567,,,9.82580338823032,6.359263121001915
10.38082682272255,0.4308254829060111,11.29498306776857,1.032679995717369,11.77382681517363,0.4716471432540985,,,9.836686200671343,6.213753849485263
10.39170963516357,0.4105317992284368,11.30586588020959,1.035573678109258,11.78470962761465,0.4522128950374958,,,9.847569013112368,6.076587600911114
10.4025924476046,0.390280747823642,11.31674869265062,1.038643991398209,11.79559244005568,0.4336760924530914,,,9.858451825553392,5.948956980128994
10.41347526004562,0.3701800717024683,11.32763150509164,1.041898979198052,11.8064752524967,0.4160294028526876,,,9.869334637994417,5.831270129067737
10.42435807248664,0.3504084144758062,11.33851431753267,1.045333050518138,11.81735806493772,0.3992988311795345,,,9.88021745043544,5.721925347798928
10.43524088492767,0.3310490111844594,11.34939712997369,1.049489405138574,11.82824087737875,0.3834652799564868,,,9.891100262876463,5.619967978710958
10.44612369736869,0.3120964014081136,11.36027994241471,1.054392346783675,11.83912368981977,0.3685211653701497,,,9.901983075317489,5.525119851756618
10.45700650980972,0.2936187454816794,11.37116275485574,1.059527504383571,11.8500065022608,0.3544558005226224,,,9.912865887758512,5.43983843827897
10.46788932225074,0.2756764996990139,11.38204556729676,1.064917571990485,11.86088931470182,0.3412558318971523,,,9.923748700199535,5.363840397934181
10.47877213469176,0.2583204623002271,11.39292837973779,1.070589291228395,11.87177212714284,0.3289283118500755,,,9.934631512640561,5.29410639884556
10.48965494713279,0.2415968439087892,11.40381119217881,1.076572397765298,11.88265493958387,0.3174554816158249,,,9.945514325081584,5.230331422738882
10.50053775957381,0.2255333013665285,11.41469400461983,1.082931456271322,11.89353775202489,0.3067950637463852,,,9.956397137522609,5.172319215433063
10.51142057201484,0.2101591694712668,11.42557681706086,1.089698393822466,11.90442056446592,0.296926062324593,,,9.967279949963633,5.11988178524818
10.52230338445586,0.1954933402921098,11.43645962950188,1.096871242594325,11.91530337690694,0.2878262686013928,,,9.978162762404656,5.072773562486947
10.53318619689688,0.181547742023181,11.44734244194291,1.104480204560757,11.92618618934796,0.2794763413034689,,,9.989045574845681,5.03082259984756
10.54406900933791,0.1683278931279862,11.45822525438393,1.112549357766102,11.93706900178899,0.271854762031955,,,9.999928387286705,4.993877964310584
10.55495182177893,0.155833491975193,11.46910806682495,1.121101109398138,11.94795181423001,0.264932895395477,,,10.01081119972773,4.961806683636855
10.56583463421996,0.1440590287932181,11.47999087926598,1.130410706306864,11.95883462667104,0.2586782776566248,,,10.02169401216875,4.934490003707118
10.57671744666098,0.1330013015215172,11.490873691707,1.140485168057034,11.96971743911206,0.253066719716655,,,10.03257682460978,4.911819137290474
10.587600259102,0.1226461882693755,11.50175650414802,1.151095014134918,11.98060025155308,0.2480700826677819,,,10.0434596370508,4.893690689399409
10.59848307154303,0.1129692586609188,11.51263931658905,1.162267011540906,11.99148306399411,0.24365920164301,,,10.05434244949183,4.879965981720519
10.60936588398405,0.1039502156314713,11.52352212903007,1.173908036010596,12.00236587643513,0.2398559828652683,,,10.06522526193285,4.870583229380989
10.62024869642508,0.09556656855883056,11.5344049414711,1.185987694509821,12.01324868887616,0.2366286278392663,,,10.07610807437387,4.865460963504529
10.6311315088661,0.08779416827664935,11.54528775391212,1.198465889422673,12.02413150131718,0.2338721891667397,,,10.0869908868149,4.86442458282776
10.64201432130712,0.08060770582614202,11.55617056635315,1.2112927689377,12.03501431375821,0.2315954066472713,,,10.09787369925592,4.867331996063683
10.65289713374815,0.07398117182464152,11.56705337879417,1.224408872255357,12.04589712619923,0.2297380419776124,,,10.10875651169695,4.874020586944826
10.66377994618917,0.06788827447222938,11.57793619123519,1.237745470001881,12.05677993864025,0.2282637947564634,,,10.11963932413797,4.884306114627089
10.6746627586302,0.06230281523084872,11.58881900367622,1.251225092280066,12.06766275108128,0.2271354673425927,,,10.13052213657899,4.897981171673604
10.68554557107122,0.05719902209103692,11.59970181611724,1.264762238148333,12.0785455635223,0.226315121448765,,,10.14140494902002,4.914814435265155
10.69642838351225,0.05255184107526562,11.61058462855827,1.278264250094176,12.08942837596333,0.2257642696934187,,,10.15228776146104,4.934550725961621
10.70731119595327,0.04833718721788104,11.62146744099929,1.291636965661218,12.10031118840435,0.2254441007564189,,,10.16317057390207,4.956893634022911
10.71819400839429,0.04453215671007917,11.63235025344031,1.30476865139787,12.11119400084537,0.2253157354273501,,,10.17405338634309,4.983517207630892
10.72907682083532,0.04111520221398688,11.64323306588134,1.317555475814696,12.1220768132864,0.2253405095997968,,,10.18493619878411,5.014001291724837
10.73995963327634,0.03807053307106641,11.65411587832236,1.329887621595663,12.13295962572742,0.2254802791872189,,,10.19581901122514,5.046109086716913
10.75084244571737,0.03537966680650868,11.66499869076339,1.341634266335584,12.14384243816844,0.2256977410437027,,,10.20670182366616,5.079461472302637
10.76172525815839,0.03302150794312272,11.67588150320441,1.352729504825451,12.15472525060947,0.2259567632877848,,,10.21758463610719,5.113672060644471
10.77260807059941,0.03098095630735195,11.68676431564544,1.363039307906859,12.16560806305049,0.2262227179644316,,,10.22846744854821,5.148351982459069
10.78349088304044,0.02924405903185526,11.69764712808646,1.372458490697298,12.17649087549152,0.2264648767031568,,,10.23935026098923,5.183114861248984
10.79437369548146,0.02780518295417915,11.70852994052748,1.380886183837817,12.18737368793254,0.2266490343485098,,,10.25023307343026,5.217581847375305
10.80525650792249,0.02664584770668575,11.71941275296851,1.388884797199108,12.19825650037357,0.2267486253930358,,,10.26111588587128,5.251351200299303
10.81613932036351,0.02576155336250519,11.73029556540953,1.396360183439331,12.20913931281459,0.2267381942840679,,,10.27199869831231,5.284152516729316
10.82702213280453,0.02514590028579812,11.74117837785056,1.402563513576308,12.22002212525561,0.2265912743796053,,,10.28288151075333,5.316011442999945
10.83790494524556,0.02479404866557973,11.75206119029158,1.408027614133851,12.23090493769664,0.2262989983128507,,,10.29376432319435,5.346602173750648
10.84878775768658,0.02470265737580357,11.7629440027326,1.412674260682318,12.24178775013766,0.2258402904037133,,,10.30464713563538,5.375294676668775
10.85967057012761,0.02486975331321517,11.77382681517363,1.415815901586057,12.25267056257869,0.2254382896464807,,,10.3155299480764,5.403848101464662
10.87055338256863,0.02529461059422508,11.78470962761465,1.417391221035487,12.26355337501971,0.2250818248040809,,,10.32641276051743,5.432032990114893
10.88143619500965,0.02598056639321041,11.79559244005568,1.417350158947945,12.27443618746073,0.224521322818918,,,10.33729557295845,5.457606203526594
10.89231900745068,0.02692892792482653,11.8064752524967,1.415649599715742,12.28531899990176,0.2237565104080908,,,10.34817838539947,5.480395394552124
10.9032018198917,0.02813880550690536,11.81735806493772,1.412280133586048,12.29620181234278,0.2227812690269561,,,10.3590611978405,5.500267308906579
10.91408463233273,0.02961287273972369,11.82824087737875,1.407222504739174,12.30708462478381,0.2215967670454045,,,10.36994401028152,5.517139374494653
10.92496744477375,0.03135422098075843,11.83912368981977,1.400478513544661,12.31796743722483,0.2202074251723877,,,10.38082682272255,5.530935791709497
10.93585025721477,0.033366160720416,11.8500065022608,1.392062422604855,12.32885024966586,0.218620924762001,,,10.39170963516357,5.54161023669809
10.9467330696558,0.03565201528668683,11.86088931470182,1.382000553586034,12.33973306210688,0.216843870744455,,,10.4025924476046,5.549212603547964
10.95761588209682,0.03821490881926125,11.87177212714284,1.37034566617344,12.3506158745479,0.2148990865985365,,,10.41347526004562,5.554072099585375
10.96849869453785,0.04105755073677886,11.88265493958387,1.357146345174659,12.36149868698893,0.212797486631965,,,10.42435807248664,5.558673306543487
10.97938150697887,0.04418201920466632,11.89353775202489,1.342446247159346,12.37238149942995,0.2105720344087781,,,10.43524088492767,5.562768555624048
10.99026431941989,0.04758954638549414,11.90442056446592,1.326313222095264,12.38326431187098,0.2082431380708513,,,10.44612369736869,5.564063507951992
11.00114713186092,0.05128466945744174,11.91530337690694,1.308823489180382,12.394147124312,0.2058183343636742,,,10.45700650980972,5.562616225410666
11.01202994430194,0.05525880809538322,11.92618618934796,1.29046297021357,12.40502993675302,0.2033115482852713,,,10.46788932225074,5.558561735229018
11.02291275674297,0.05951289225932167,11.93706900178899,1.271321802742944,12.41591274919405,0.2007684535913801,,,10.47877213469176,5.552081512731322
11.03379556918399,0.06404284731449983,11.94795181423001,1.251080055652237,12.42679556163507,0.1981989609934718,,,10.48965494713279,5.54324320719343
11.04467838162502,0.06884283589640877,11.95883462667104,1.229832817320211,12.4376783740761,0.1956346913262399,,,10.50053775957381,5.532152886446367
11.05556119406604,0.07390512679007288,11.96971743911206,1.207676613240594,12.44856118651712,0.1930976813588385,,,10.51142057201484,5.518938726765661
11.06644400650706,0.07921998996609234,11.98060025155308,1.184710394518634,12.45944399895814,0.1906132007548854,,,10.52230338445586,5.503715443121199
11.07732681894809,0.08477563374432487,11.99148306399411,1.161034787917017,12.47032681139917,0.1882059267336724,,,10.53318619689688,5.486588913323222
11.08820963138911,0.09055811453667076,12.00236587643513,1.137317424035917,12.48120962384019,0.1858996616991214,,,10.54406900933791,5.467653598498928
11.09909244383014,0.09653781567209964,12.01324868887616,1.113654598893548,12.49209243628122,0.1837183276896625,,,10.55495182177893,5.447008747351817
11.10997525627116,0.1027284377881426,12.02413150131718,1.089562099803264,12.50297524872224,0.1816810296782207,,,10.56583463421996,5.424688736482605
11.12085806871218,0.1090908334952448,12.03501431375821,1.065147611689999,12.51385806116326,0.1798084223530478,,,10.57671744666098,5.402601310252845
11.13174088115321,0.1156030393382696,12.04589712619923,1.040487318039375,12.52474087360429,0.1781183568438824,,,10.587600259102,5.380755897357616
11.14262369359423,0.1222412895281441,12.05677993864025,1.015665592881552,12.53562368604531,0.1766266943752,,,10.59848307154303,5.3573018305747
11.15350650603526,0.1289802070895133,12.06766275108128,0.9907636993865304,12.54650649848634,0.1754486789935547,,,10.60936588398405,5.332208937665683
11.16438931847628,0.1357930315161148,12.0785455635223,0.9658593549271022,12.55738931092736,0.1745947806565915,,,10.62024869642508,5.305433750187014
11.1752721309173,0.1426518806984867,12.08942837596333,0.9410263485212272,12.56827212336838,0.1739724202361665,,,10.6311315088661,5.276921641231811
11.18615494335833,0.1495280440093866,12.10031118840435,0.9163342115194271,12.57915493580941,0.1735829973945443,,,10.64201432130712,5.246609372907845
11.19703775579935,0.1563923025750129,12.11119400084537,0.8918479420494828,12.59003774825043,0.1734301323839643,,,10.65289713374815,5.214422786964072
11.20792056824038,0.163215271948056,12.1220768132864,0.8676277833516068,12.60092056069146,0.173513430844525,,,10.66377994618917,5.180301686629172
11.2188033806814,0.1699677616553517,12.13295962572742,0.8437290557245724,12.61180337313248,0.173829961805181,,,10.6746627586302,5.144168494568511
11.22968619312242,0.1766211454415038,12.14384243816844,0.8202020413548706,12.6226861855735,0.1743742885044025,,,10.68554557107122,5.10595620998212
11.24056900556345,0.1831477354924616,12.15472525060947,0.7970919208205881,12.63356899801453,0.175138587571765,,,10.69642838351225,5.065605113239561
11.25145181800447,0.1895211535194668,12.16560806305049,0.7744387595582141,12.64445181045555,0.1761123204501992,,,10.70731119595327,5.023065980490708
11.2623346304455,0.1957166913316255,12.17649087549152,0.752277555362967,12.65533462289658,0.1772834047183399,,,10.71819400839429,4.978303103302889
11.27321744288652,0.2017116534387359,12.18737368793254,0.7306382681464397,12.6662174353376,0.1786369699388975,,,10.72907682083532,4.931297034168859
11.28410025532754,0.2074856743146969,12.19825650037357,0.7095460105092039,12.67710024777863,0.1801563024907646,,,10.73995963327634,4.884297082720228
11.29498306776857,0.213134151066416,12.20913931281459,0.6890212146536328,12.68798306021965,0.1818231830932245,,,10.75084244571737,4.837303166000059
11.30586588020959,0.2186411904322896,12.22002212525561,0.6690763149428736,12.69886587266067,0.1836140989550426,,,10.76172525815839,4.788067641710898
11.31674869265062,0.2238798232148039,12.23090493769664,0.6497316242069452,12.7097486851017,0.185515197984611,,,10.77260807059941,4.73661708147748
11.32763150509164,0.2288395186366774,12.24178775013766,0.6309903872684746,12.72063149754272,0.187499669312023,,,10.78349088304044,4.684196786847503
11.33851431753267,0.2335130368571464,12.25267056257869,0.6132111498039184,12.73151430998375,0.1895441787761989,,,10.79437369548146,4.630927055381107
11.34939712997369,0.2378997039429588,12.26355337501971,0.5963910049983618,12.74239712242477,0.1916247983182501,,,10.80525650792249,4.57564165803043
11.36027994241471,0.2420019941937983,12.27443618746073,0.5801564308576028,12.75327993486579,0.1937172941793441,,,10.81613932036351,4.518449209226224
11.37116275485574,0.2458170152156543,12.28531899990176,0.5645148952141935,12.76416274730682,0.1957974222995422,,,10.82702213280453,4.459494858662409
11.38204556729676,0.2493510648767604,12.29620181234278,0.5494389757991152,12.77504555974784,0.1978412268994158,,,10.83790494524556,4.398872310257598
11.39292837973779,0.2526135217779571,12.30708462478381,0.5349136398369041,12.78592837218886,0.1998253379452012,,,10.84878775768658,4.336866658738421
11.40381119217881,0.2556166041483867,12.31796743722483,0.5209209935154032,12.79681118462989,0.2017269160663578,,,10.85967057012761,4.273615283124636
11.41469400461983,0.2585694924387463,12.32885024966586,0.5074419047950653,12.80769399707091,0.2035253995875383,,,10.87055338256863,4.209337091297622
11.42557681706086,0.2614874255647486,12.33973306210688,0.4944558491760525,12.81857680951194,0.2052004402909543,,,10.88143619500965,4.145456949630148
11.43645962950188,0.2641913404189468,12.3506158745479,0.481943368348207,12.82945962195296,0.2067338086572642,,,10.89231900745068,4.082204964282027
11.44734244194291,0.2666980652914545,12.36149868698893,0.4698829831140854,12.84034243439399,0.2081091728578459,,,10.9032018198917,4.018613422141804
11.45822525438393,0.2690254916753022,12.37238149942995,0.4583092302885593,12.85122524683501,0.2093141697561055,,,10.91408463233273,3.954914860946168
11.46910806682495,0.2711921759740639,12.38326431187098,0.4472010705829736,12.86210805927603,0.2103556475941959,,,10.92496744477375,3.891343830271071
11.47999087926598,0.2732169005559717,12.394147124312,0.4364821148815382,12.87299087171706,0.2114191767979255,,,10.93585025721477,3.82813392427399
11.490873691707,0.2751182469580127,12.40502993675302,0.4261281768275451,12.88387368415808,0.2124735934674002,,,10.9467330696558,3.765515651829105
11.50175650414802,0.276914067600274,12.41591274919405,0.4161283924361003,12.89475649659911,0.2133167201370529,,,10.95761588209682,3.703710970684039
11.51263931658905,0.2786215236587618,12.42679556163507,0.4064585918859571,12.90563930904013,0.2139436147717332,,,10.96849869453785,3.64293462666909
11.52352212903007,0.2802559924157351,12.4376783740761,0.397103188681672,12.91652212148115,0.2143502418070445,,,10.97938150697887,3.583389429090437
11.5344049414711,0.2818312181394749,12.44856118651712,0.3880451331097517,12.92740493392218,0.2145361532969816,,,10.99026431941989,3.525264787017344
11.54528775391212,0.2833588617543406,12.45944399895814,0.3792696242557507,12.9382877463632,0.2145056306185489,,,11.00114713186092,3.468825500132954
11.55617056635315,0.2848482299212418,12.47032681139917,0.3707631609776847,12.94917055880423,0.2142627634913389,,,11.01202994430194,3.414207219503225
11.56705337879417,0.2863060530521825,12.48120962384019,0.3625135482226843,12.96005337124525,0.2138151435128141,,,11.02291275674297,3.361479974863369
11.57793619123519,0.2877363161057401,12.49209243628122,0.3545107370489691,12.97093618368628,0.2131726879904428,,,11.03379556918399,3.310763705844755
11.58881900367622,0.2891401448347204,12.50297524872224,0.3467435871698841,12.9818189961273,0.2123474557556521,,,11.04467838162502,3.262159110717946
11.59970181611724,0.2905157489531338,12.51385806116326,0.3392042961622219,12.99270180856832,0.2113538111164625,,,11.05556119406604,3.215747318453988
11.61058462855827,0.2918584224886963,12.52474087360429,0.3318854898036069,13.00358462100935,0.2102067830148698,,,11.06644400650706,3.171589806367904
11.62146744099929,0.2931612777279382,12.53562368604531,0.3247807947472334,13.01446743345037,0.2089237789276522,,,11.07732681894809,3.129740703623556
11.63235025344031,0.2944128368739302,12.54650649848634,0.3181202925181814,13.0253502458914,0.207523069249667,,,11.08820963138911,3.090201901570048
11.64323306588134,0.2956007381541722,12.55738931092736,0.3118971352560088,13.03623305833242,0.2060237935743896,,,11.09909244383014,3.054779741971689
11.65411587832236,0.2967097182227458,12.56827212336838,0.3058689826861337,13.04711587077344,0.2044458557928555,,,11.10997525627116,3.023509031028934
11.66499869076339,0.2977223269571282,12.57915493580941,0.300025356304769,13.05799868321447,0.202809509728392,,,11.12085806871218,2.99446855487119
11.67588150320441,0.2986194925707132,12.59003774825043,0.294360174179146,13.06888149565549,0.2011338688488666,,,11.13174088115321,2.967580416793263
11.68676431564544,0.2993804051528716,12.60092056069146,0.2888664798229651,13.07976430809652,0.1994390713814773,,,11.14262369359423,2.94275271953508
11.69764712808646,0.2999831745823191,12.61180337313248,0.2835375681931864,13.09064712053754,0.1977442163862957,,,11.15350650603526,2.919881138478047
11.70852994052748,0.3004051123057627,12.6226861855735,0.2783668891231524,13.10152993297856,0.1961728185627774,,,11.16438931847628,2.898850534771523
11.71941275296851,0.3008565463074224,12.63356899801453,0.2733479570762811,13.11241274541959,0.1947411116511722,,,11.1752721309173,2.879536591094689
11.73029556540953,0.3013122603460188,12.64445181045555,0.2684642125099172,13.12329555786061,0.1933578398032813,,,11.18615494335833,2.86180745566191
11.74117837785056,0.3015119076801748,12.65533462289658,0.263731408311226,13.13417837030164,0.192035539615816,,,11.19703775579935,2.845525382658985
11.75206119029158,0.3014297103446293,12.6662174353376,0.2591300120483004,13.14506118274266,0.1907851367563486,,,11.20792056824038,2.830542271042262
11.7629440027326,0.301040806847,12.67710024777863,0.2546437667879911,13.15594399518368,0.1896181511835245,,,11.2188033806814,2.816726985539314
11.77382681517363,0.3003216548981508,12.68798306021965,0.2502865357174966,13.16682680762471,0.1885379905482735,,,11.22968619312242,2.803926024899024
11.78470962761465,0.2992510460799679,12.69886587266067,0.2460390165688219,13.17770962006573,0.1875483701881309,,,11.24056900556345,2.79196305890037
11.79559244005568,0.2978101329242981,12.7097486851017,0.2418938055823958,13.18859243250676,0.1866610277630603,,,11.25145181800447,2.78076393186458
11.8064752524967,0.2959826922998122,12.72063149754272,0.2378432579478672,13.19947524494778,0.1858731291321841,,,11.2623346304455,2.770149203247566
11.81735806493772,0.2937555849727839,12.73151430998375,0.2338796165179313,13.2103580573888,0.1851949297494268,,,11.27321744288652,2.759984077671652
11.82824087737875,0.2911186771266516,12.74239712242477,0.2299950772095835,13.22124086982983,0.1846245303060361,,,11.28410025532754,2.750139810638291
11.83912368981977,0.2880652362520919,12.75327993486579,0.2261818885681668,13.23212368227085,0.184147974292929,,,11.29498306776857,2.741085328321329
11.8500065022608,0.2845920057564015,12.76416274730682,0.2224324657149687,13.24300649471188,0.1837600230760629,,,11.30586588020959,2.732702469896324
11.86088931470182,0.2806992895817382,12.77504555974784,0.2187395155986518,13.2538893071529,0.183454026427058,,,11.31674869265062,2.724286890536511
11.87177212714284,0.276390988568489,12.78592837218886,0.2150961699186056,13.26477211959392,0.1832220942572647,,,11.32763150509164,2.715748640221177
11.88265493958387,0.2716745890563276,12.79681118462989,0.2114958935045569,13.27565493203495,0.1830552874263694,,,11.33851431753267,2.706972911240399
11.89353775202489,0.2665611048693393,12.80769399707091,0.2079335836919136,13.28653774447597,0.1829438244049115,,,11.34939712997369,2.698557332164883
11.90442056446592,0.2610649744347903,12.81857680951194,0.2044041678262256,13.297420556917,0.1828770795940146,,,11.36027994241471,2.690504517386473
11.91530337690694,0.2552039153447114,12.82945962195296,0.200903813881987,13.30830336935802,0.1828447427274272,,,11.37116275485574,2.682005959979332
11.92618618934796,0.2492207127058591,12.84034243439399,0.1974297440616541,13.31918618179905,0.1828365715611343,,,11.38204556729676,2.673010518221075
11.93706900178899,0.2431453978040068,12.85122524683501,0.1939756880293891,13.33006899424007,0.1828855267474795,,,11.39292837973779,2.66348080681576
11.94795181423001,0.2367640928050642,12.86210805927603,0.1907256964111673,13.34095180668109,0.1829814008677169,,,11.40381119217881,2.653393078470144
11.95883462667104,0.2301082110468531,12.87299087171706,0.1876836749786921,13.35183461912212,0.1830677446632763,,,11.41469400461983,2.643235413085435
11.96971743911206,0.2232048889350194,12.88387368415808,0.1846752485874046,13.36271743156314,0.1831344336841679,,,11.42557681706086,2.633005574416066
11.98060025155308,0.2160831923843012,12.89475649659911,0.1816894190138307,13.37360024400417,0.1831722899019884,,,11.43645962950188,2.622210224264439
11.99148306399411,0.2087738303911099,12.90563930904013,0.1787280518320587,13.38448305644519,0.1831735689612147,,,11.44734244194291,2.610866880532695
12.00236587643513,0.2013095002347432,12.91652212148115,0.175793494996732,13.39536586888621,0.1831309795522188,,,11.45822525438393,2.598999092668161
12.01324868887616,0.1937232806754247,12.92740493392218,0.172881430611713,13.40624868132724,0.1830394124189249,,,11.46910806682495,2.586642287405449
12.02413150131718,0.1860483052644107,12.9382877463632,0.1700163864717251,13.41713149376826,0.1829591948107711,,,11.47999087926598,2.574769434614685
12.03501431375821,0.1783187909913121,12.94917055880423,0.1671936568244232,13.42801430620929,0.1828875029700067,,,11.490873691707,2.563418846360976
12.04589712619923,0.1705690034448355,12.96005337124525,0.1644205435499894,13.43889711865031,0.1827584030765073,,,11.50175650414802,2.551894033981358
12.05677993864025,0.1628330060656041,12.97093618368628,0.161705075186354,13.44977993109133,0.182571758030573,,,11.51263931658905,2.540291429520177
12.06766275108128,0.1551443522742016,12.9818189961273,0.1590558315115923,13.46066274353236,0.1823299859978958,,,11.52352212903007,2.528378158722048
12.0785455635223,0.1475358080606362,12.99270180856832,0.1564817573079904,13.47154555597338,0.1820353788118844,,,11.5344049414711,2.516186185977219
12.08942837596333,0.1400390941184034,13.00358462100935,0.1539919528683587,13.48242836841441,0.1816935531762827,,,11.54528775391212,2.503745205620858
12.10031118840435,0.1326846508909408,13.01446743345037,0.1515954874761549,13.49331118085543,0.1814057957605256,,,11.55617056635315,2.49108133971922
12.11119400084537,0.1255014295038584,13.0253502458914,0.1493011880250618,13.50419399329645,0.1811774312771021,,,11.56705337879417,2.478215958948976
12.1220768132864,0.1185167111080862,13.03623305833242,0.1471174455418085,13.51507680573748,0.1809191541001962,,,11.57793619123519,2.465164657013756
12.13295962572742,0.1117559566646532,13.04711587077344,0.145054128847488,13.5259596181785,0.1806382939283321,,,11.58881900367622,2.451936401463635
12.14384243816844,0.1052426886700921,13.05799868321447,0.1431179668359557,13.53684243061953,0.1803430851935423,,,11.59970181611724,2.438532884680658
12.15472525060947,0.09899840576229528,13.06888149565549,0.1413108717228383,13.54772524306055,0.1800420708934422,,,11.61058462855827,2.424948087295178
12.16560806305049,0.09304253057052413,13.07976430809652,0.1396404974888684,13.55860805550157,0.1797473315831076,,,11.62146744099929,2.411175366345836
12.17649087549152,0.08739241317968886,13.09064712053754,0.1381107083901632,13.5694908679426,0.1794680419652641,,,11.63235025344031,2.397180306318706
12.18737368793254,0.08206326021580009,13.10152993297856,0.1367247921826322,13.58037368038362,0.1792099677082704,,,11.64323306588134,2.382939160722866
12.19825650037357,0.07706829701351307,13.11241274541959,0.1354840449631247,13.59125649282465,0.1789820385809465,,,11.65411587832236,2.368415289221938
12.20913931281459,0.07241876628787419,13.12329555786061,0.1343877422808326,13.60213930526567,0.1787922312028526,,,11.66499869076339,2.35353107481302
12.22002212525561,0.06812231437216945,13.13417837030164,0.1334371168017977,13.6130221177067,0.1786484038926276,,,11.67588150320441,2.338314139622856
12.23090493769664,0.06419043895567172,13.14506118274266,0.13262944084984,13.62390493014772,0.1785575131348045,,,11.68676431564544,2.322667055691015
12.24178775013766,0.06062697479243685,13.15594399518368,0.1319582308775536,13.63478774258874,0.1785256320813176,,,11.69764712808646,2.306532911626176
12.25267056257869,0.05743826912320794,13.16682680762471,0.1314180125609125,13.64567055502977,0.1785578406696012,,,11.70852994052748,2.289833772116725
12.26355337501971,0.0546276534306117,13.17770962006573,0.1309971310811558,13.65655336747079,0.1786581388490207,,,11.71941275296851,2.273452276717706
12.27443618746073,0.05219554701532631,13.18859243250676,0.1307003918549556,13.66743617991182,0.1788293837316132,,,11.73029556540953,2.257296512827618
12.28531899990176,0.05016265621935213,13.19947524494778,0.1305126887661035,13.67831899235284,0.1790734264178829,,,11.74117837785056,2.240390229946203
12.29620181234278,0.04849645662092917,13.2103580573888,0.1305070946430702,13.68920180479386,0.179390443896246,,,11.75206119029158,2.223283985517232
12.30708462478381,0.04721229543144927,13.22124086982983,0.1306734529070353,13.70008461723489,0.1797798653157967,,,11.7629440027326,2.205905770294275
12.31796743722483,0.04631025670855612,13.23212368227085,0.1309185504720396,13.71096742967591,0.1802398235092615,,,11.77382681517363,2.187784699738305
12.32885024966586,0.04579030544701044,13.24300649471188,0.131230871656085,13.72185024211694,0.1807673399299011,,,11.78470962761465,2.16885516215295
12.33973306210688,0.04564947057433043,13.2538893071529,0.1315988702022331,13.73273305455796,0.1813583899296811,,,11.79559244005568,2.148836384325334
12.3506158745479,0.04589454459446785,13.26477211959392,0.1320111603132768,13.74361586699898,0.1820079825801435,,,11.8064752524967,2.127661694868241
12.36149868698893,0.04652221552963568,13.27565493203495,0.132456704818973,13.75449867944001,0.1827102523724352,,,11.81735806493772,2.105334549738365
12.37238149942995,0.04753354403714232,13.28653774447597,0.1329249980556927,13.76538149188103,0.1834585600671743,,,11.82824087737875,2.081806461822312
12.38326431187098,0.0489298499337885,13.297420556917,0.1334053944693916,13.77626430432205,0.1843448752313993,,,11.83912368981977,2.057064915166902
12.394147124312,0.05071274652110738,13.30830336935802,0.1338908505919744,13.78714711676308,0.1853601199272915,,,11.8500065022608,2.031110228883879
12.40502993675302,0.05288450192118645,13.31918618179905,0.134372516655508,13.7980299292041,0.186392749971975,,,11.86088931470182,2.003955675064925
12.41591274919405,0.05544783288190554,13.33006899424007,0.1348496818428519,13.80891274164513,0.1874385891110843,,,11.87177212714284,1.975664966592004
12.42679556163507,0.05840584544381038,13.34095180668109,0.1353169587594783,13.81979555408615,0.1884833659737901,,,11.88265493958387,1.946276415846811
12.4376783740761,0.06176194521517218,13.35183461912212,0.1357639762607802,13.83067836652718,0.1895504263054326,,,11.89353775202489,1.91580241577507
12.44856118651712,0.06551971893836869,13.36271743156314,0.1361880888525433,13.8415611789682,0.1906290541568584,,,11.90442056446592,1.884304258854646
12.45944399895814,0.0696827898186165,13.37360024400417,0.1365882185055435,13.85244399140922,0.1916745893452734,,,11.91530337690694,1.851853673126486
12.47032681139917,0.07425464986965861,13.38448305644519,0.1369685170301657,13.86332680385025,0.192676530727214,,,11.92618618934796,1.819160024222898
12.48120962384019,0.07923847329258693,13.39536586888621,0.1373249685299966,13.87420961629127,0.1936247908690502,,,11.93706900178899,1.786321962578906
12.49209243628122,0.08463694402505374,13.40624868132724,0.1376642860163183,13.8850924287323,0.1945097847582969,,,11.94795181423001,1.752777043852778
12.50297524872224,0.09045194038905813,13.41713149376826,0.138035743039484,13.89597524117332,0.1953225065024037,,,11.95883462667104,1.718619306023689
12.51385806116326,0.09668447110002938,13.42801430620929,0.138446120361227,13.90685805361434,0.1960545939870761,,,11.96971743911206,1.683948221892267
12.52474087360429,0.1033343727405144,13.43889711865031,0.1388596481555971,13.91774086605537,0.1967175756549284,,,11.98060025155308,1.648863669570717
12.53562368604531,0.1104001338820583,13.44977993109133,0.139285754426948,13.92862367849639,0.1973043536147866,,,11.99148306399411,1.613467819951136
12.54650649848634,0.1179131847468805,13.46066274353236,0.1397356075979024,13.93950649093742,0.1977892363671576,,,12.00236587643513,1.578482907135928
12.55738931092736,0.1258684880492782,13.47154555597338,0.1402181784965472,13.95038930337844,0.1981665566665755,,,12.01324868887616,1.544006507408239
12.56827212336838,0.1342248664975513,13.48242836841441,0.1407533632390281,13.96127211581947,0.19843136181441,,,12.02413150131718,1.509482594234415
12.57915493580941,0.1429724885279769,13.49331118085543,0.1414311781787139,13.97215492826049,0.1985892550258252,,,12.03501431375821,1.475061809328582
12.59003774825043,0.1521007273783605,13.50419399329645,0.1422656648298833,13.98303774070151,0.1986671092139592,,,12.04589712619923,1.440794363461822
12.60092056069146,0.1615966732715585,13.51507680573748,0.1431907452399644,13.99392055314254,0.1986518705593612,,,12.05677993864025,1.40676239370362
12.61180337313248,0.1714455410378914,13.5259596181785,0.1442206450306129,14.00480336558356,0.1985114490185232,,,12.06766275108128,1.373043519003325
12.6226861855735,0.1816307752668639,13.53684243061953,0.1453753670721193,14.01568617802459,0.198244232861851,,,12.0785455635223,1.339710284436503
12.63356899801453,0.1921342068940035,13.54772524306055,0.1466633691243195,14.02656899046561,0.1978477424400371,,,12.08942837596333,1.306829712333049
12.64445181045555,0.2029326890416014,13.55860805550157,0.1480959078626694,14.03745180290663,0.1973253983627362,,,12.10031118840435,1.274462963166787
12.65533462289658,0.2140134340019818,13.5694908679426,0.1496893700136525,14.04833461534766,0.1966756624579905,,,12.11119400084537,1.242665106980691
12.6662174353376,0.2253503158849074,13.58037368038362,0.1514560655840677,14.05921742778868,0.1958996842016103,,,12.1220768132864,1.21148500405949
12.67710024777863,0.2369212593627447,13.59125649282465,0.1534075163637966,14.07010024022971,0.194999181206845,,,12.13295962572742,1.180965291576445
12.68798306021965,0.2487040372382745,13.60213930526567,0.155552628443251,14.08098305267073,0.1940957939536201,,,12.14384243816844,1.151142471068666
12.69886587266067,0.2606766193266418,13.6130221177067,0.1578998991697374,14.09186586511175,0.1931911412838271,,,12.15472525060947,1.122047089870668
12.7097486851017,0.2728175845183449,13.62390493014772,0.1604555714871054,14.10274867755278,0.1921667705493821,,,12.16560806305049,1.09370400809317
12.72063149754272,0.2851064985088446,13.63478774258874,0.1632238379031694,14.1136314899938,0.1910240061764852,,,12.17649087549152,1.066134845245813
12.73151430998375,0.2975242798768017,13.64567055502977,0.1662066718788526,14.12451430243483,0.1897644788981958,,,12.18737368793254,1.03935056271075
12.74239712242477,0.3100535347659135,13.65655336747079,0.169403690348748,14.13539711487585,0.1883899529974971,,,12.19825650037357,1.013362932915753
12.75327993486579,0.3226788465906604,13.66743617991182,0.1728120516384407,14.14627992731687,0.1869029285258577,,,12.20913931281459,0.9881781752255749
12.76416274730682,0.3353870075484817,13.67831899235284,0.1764265267941274,14.1571627397579,0.1853055443157713,,,12.22002212525561,0.9637899036946483
12.77504555974784,0.3481671795447581,13.68920180479386,0.180238980269966,14.16804555219892,0.1836002850652489,,,12.23090493769664,0.9402210614754676
12.78592837218886,0.3610109734293703,13.70008461723489,0.1842390969466837,14.17892836463995,0.1817916164365417,,,12.24178775013766,0.9174576524646246
12.79681118462989,0.3739124371958981,13.71096742967591,0.188414013214007,14.18981117708097,0.1798789543343425,,,12.25267056257869,0.8960877085736071
12.80769399707091,0.3868679459815191,13.72185024211694,0.1927485422139128,14.20069398952199,0.1778664633434864,,,12.26355337501971,0.8761004832330542
12.81857680951194,0.3998759892847095,13.73273305455796,0.1972253433636021,14.21157680196302,0.1757568454278849,,,12.27443618746073,0.8568733006918472
12.82945962195296,0.4129368537313211,13.74361586699898,0.2018251399938472,14.22245961440404,0.1735527794364903,,,12.28531899990176,0.8384340618416365
12.84034243439399,0.4260522028916582,13.75449867944001,0.2065269834840266,14.23334242684507,0.1712569040154719,,,12.29620181234278,0.8207167014470005
12.85122524683501,0.4392212408440895,13.76538149188103,0.2113085612625432,14.24422523928609,0.1689228818883369,,,12.30708462478381,0.8037227023137578
12.86210805927603,0.4528774239274751,13.77626430432205,0.216223963360445,14.25510805172711,0.1665521007464998,,,12.31796743722483,0.787438675396347
12.87299087171706,0.4670150784629292,13.78714711676308,0.2212458903596306,14.26599086416814,0.1640966319407314,,,12.32885024966586,0.7718531350040768
12.88387368415808,0.48120467413502,13.7980299292041,0.2262771090520544,14.27687367660916,0.1615571743527334,,,12.33973306210688,0.756949190494838
12.89475649659911,0.4954381249199441,13.80891274164513,0.2312893354413821,14.28775648905019,0.1589353480884703,,,12.3506158745479,0.7427369995412115
12.90563930904013,0.5097066057890329,13.81979555408615,0.2362578060859536,14.29863930149121,0.1562328425433661,,,12.36149868698893,0.7292026852756862
12.91652212148115,0.5239931540797679,13.83067836652718,0.2411744368390039,14.30952211393224,0.1534670310543407,,,12.37238149942995,0.7164148087344799
12.92740493392218,0.5382864776201441,13.8415611789682,0.2460174175759816,14.32040492637326,0.1506415867122748,,,12.38326431187098,0.7043740585876135
12.9382877463632,0.5525553381967598,13.85244399140922,0.2507516976890577,14.33128773881428,0.1477397351275187,,,12.394147124312,0.69301319576632
12.94917055880423,0.5667761226345222,13.86332680385025,0.2553600612356605,14.34217055125531,0.1447641799942526,,,12.40502993675302,0.6823242270340029
12.96005337124525,0.5809154945016829,13.87420961629127,0.2598282797716205,14.35305336369633,0.1417197294886683,,,12.41591274919405,0.6723446789093859
12.97093618368628,0.5949339628838585,13.8850924287323,0.2641455224948295,14.36393617613736,0.1386081891788284,,,12.42679556163507,0.6630633983232394
12.9818189961273,0.6087855962096002,13.89597524117332,0.2683046740800764,14.37481898857838,0.1354331108312055,,,12.4376783740761,0.654499825223084
12.99270180856832,0.622417881831912,13.90685805361434,0.2723025618404578,14.3857018010194,0.1321996926456668,,,12.44856118651712,0.646662533406959
13.00358462100935,0.6357717463312339,13.91774086605537,0.2761403445070929,14.39658461346043,0.1289521562391218,,,12.45944399895814,0.6395656148292528
13.01446743345037,0.6487817477611291,13.92862367849639,0.2798233172326479,14.40746742590145,0.1256963168905472,,,12.47032681139917,0.633223737581016
13.0253502458914,0.66137644681146,13.93950649093742,0.2833609423750083,14.41835023834247,0.1224220077713067,,,12.48120962384019,0.6276516832143928
13.03623305833242,0.6734789592431594,13.95038930337844,0.2867681082728434,14.4292330507835,0.1191382272256135,,,12.49209243628122,0.6228660087636853
13.04711587077344,0.685009038289918,13.96127211581947,0.2900611603325686,14.44011586322452,0.1158230458746133,,,12.50297524872224,0.6188765572371631
13.05799868321447,0.6958789581161956,13.97215492826049,0.2933697196612571,14.45099867566555,0.1124834242920142,,,12.51385806116326,0.6156971896152991
13.06888149565549,0.7060016195532008,13.98303774070151,0.2968896193555572,14.46188148810657,0.1091320234692715,,,12.52474087360429,0.6133382193880038
13.07976430809652,0.7152873460813489,13.99392055314254,0.300539415145155,14.4727643005476,0.1057834352373658,,,12.53562368604531,0.6118076230044918
13.09064712053754,0.7236462373529063,14.00480336558356,0.3041746696313828,14.48364711298862,0.1024404353928948,,,12.54650649848634,0.6114821562586168
13.10152993297856,0.7309907432963152,14.01568617802459,0.3078244213696927,14.49452992542964,0.09910655370997631,,,12.55738931092736,0.6123604039618785
13.11241274541959,0.7372348396211894,14.02656899046561,0.3115194604475497,14.50541273787067,0.09579208694163134,,,12.56827212336838,0.6140662694198517
13.12329555786061,0.7422955483161169,14.03745180290663,0.3152917507675225,14.51629555031169,0.09252007526115461,,,12.57915493580941,0.6165808422272904
13.13417837030164,0.746096770251902,14.04833461534766,0.3191736848948256,14.52717836275272,0.08929836573191396,,,12.59003774825043,0.6198910339414707
13.14506118274266,0.748569626758816,14.05921742778868,0.3231973748585073,14.53806117519374,0.08612957336055969,,,12.60092056069146,0.6239765839390488
13.15594399518368,0.7496538856018921,14.07010024022971,0.3273940591204365,14.54894398763476,0.08302634952967154,,,12.61180337313248,0.6288130710362589
13.16682680762471,0.7492992902363077,14.08098305267073,0.3318020436763788,14.55982680007579,0.08000156612174608,,,12.6226861855735,0.6343719528944191
13.17770962006573,0.7474667314213649,14.09186586511175,0.3364480929192904,14.57070961251681,0.0770671691076201,,,12.63356899801453,0.6406207515420497
13.18859243250676,0.7441308231833625,14.10274867755278,0.3413470262337908,14.58159242495784,0.07423630936734255,,,12.64445181045555,0.647509222001718
13.19947524494778,0.7392753064470331,14.1136314899938,0.346522509243886,14.59247523739886,0.07152185625164731,,,12.65533462289658,0.6550282470315478
13.2103580573888,0.7338799485757512,14.12451430243483,0.3519809729660651,14.60335804983989,0.06894557310710242,,,12.6662174353376,0.6631172978721052
13.22124086982983,0.7279502331741876,14.13539711487585,0.3577344780163046,14.61424086228091,0.06652007435083042,,,12.67710024777863,0.6717213286415004
13.23212368227085,0.7205188077924636,14.14627992731687,0.3637893898686929,14.62512367472193,0.06424877776251192,,,12.68798306021965,0.6808137560489955
13.24300649471188,0.7116117699489589,14.1571627397579,0.3701413752040486,14.63600648716296,0.06214362558107094,,,12.69886587266067,0.6903297348505066
13.2538893071529,0.7012699723412058,14.16804555219892,0.3767810247952775,14.64688929960398,0.06021627635442175,,,12.7097486851017,0.7002265880853519
13.26477211959392,0.6895487725585971,14.17892836463995,0.3836920372566544,14.65777211204501,0.05847789894606616,,,12.72063149754272,0.7104494257687347
13.27565493203495,0.6765175458479621,14.18981117708097,0.3908509028882571,14.66865492448603,0.05693940857034659,,,12.73151430998375,0.7209480751709322
13.28653774447597,0.6622589713501195,14.20069398952199,0.3982271407243673,14.67953773692705,0.0556103768050429,,,12.74239712242477,0.7316734102937474
13.297420556917,0.646868104233339,14.21157680196302,0.4057832547436458,14.69042054936808,0.05450041308687594,,,12.75327993486579,0.7425780293381715
13.30830336935802,0.6304512700685146,14.22245961440404,0.4134750151397802,14.7013033618091,0.05361668548449672,,,12.76416274730682,0.7536168955629928
13.31918618179905,0.6131257040236975,14.23334242684507,0.4212518315659784,14.71218617425013,0.05297050023875025,,,12.77504555974784,0.7647479220428257
13.33006899424007,0.595014624888727,14.24422523928609,0.4290637106513501,14.72306898669115,0.05256705328209819,,,12.78592837218886,0.7759324812931772
13.34095180668109,0.5762506249819666,14.25510805172711,0.4368488074574475,14.73395179913217,0.05241264607478414,,,12.79681118462989,0.7871352467668131
13.35183461912212,0.5569709380640203,14.26599086416814,0.4445345616127962,14.7448346115732,0.05251270088642035,,,12.80769399707091,0.7983269292609712
13.36271743156314,0.5373164904685509,14.27687367660916,0.4520508666496899,14.75571742401422,0.05287121274047994,,,12.81857680951194,0.8094805974018895
13.37360024400417,0.517430192791816,14.28775648905019,0.4593249934092994,14.76660023645525,0.05349290966244956,,,12.82945962195296,0.8205744762705725
13.38448305644519,0.4974552524264628,14.29863930149121,0.4662824686595824,14.77748304889627,0.05437975061615284,,,12.84034243439399,0.8315911198111585
13.39536586888621,0.4775334428230596,14.30952211393224,0.4730318894497035,14.78836586133729,0.05553337906930687,,,12.85122524683501,0.8425110986295844
13.40624868132724,0.4578035756396949,14.32040492637326,0.4795015053837651,14.79924867377832,0.05695444127582446,,,12.86210805927603,0.8539587679328385
13.41713149376826,0.4384013636878987,14.33128773881428,0.4854231809262852,14.81013148621934,0.05864257229668056,,,12.87299087171706,0.8661179302395469
13.42801430620929,0.4194551022294585,14.34217055125531,0.4907262133556196,14.82101429866037,0.06059745684390561,,,12.88387368415808,0.8783535161898247
13.43889711865031,0.4010843627805612,14.35305336369633,0.4953423662346575,14.83189711110139,0.06281483318508144,,,12.89475649659911,0.8904442640708276
13.44977993109133,0.3834017262735893,14.36393617613736,0.4992060925762025,14.84277992354241,0.06529180335030858,,,12.90563930904013,0.9023782723928248
13.46066274353236,0.3665103601594451,14.37481898857838,0.5022587908455408,14.85366273598344,0.06802454546395632,,,12.91652212148115,0.9141368908835447
13.47154555597338,0.3505025403639938,14.3857018010194,0.5044490368720942,14.86454554842446,0.07100717681733144,,,12.92740493392218,0.9257040615288389
13.48242836841441,0.3354610979676599,14.39658461346043,0.5057597354293291,14.87542836086549,0.07423494449506464,,,12.9382877463632,0.9370773552870341
13.49331118085543,0.321478618506292,14.40746742590145,0.5061558944789037,14.88631117330651,0.077700274845537,,,12.94917055880423,0.9482325429502844
13.50419399329645,0.3086130420113541,14.41835023834247,0.5055863728878588,14.89719398574753,0.08139263876105193,,,12.96005337124525,0.9591511815644866
13.51507680573748,0.2968867626107636,14.4292330507835,0.5040378568479381,14.90807679818856,0.08531703641977408,,,12.97093618368628,0.9698117260606554
13.5259596181785,0.2863329602785012,14.44011586322452,0.5015007557389958,14.91895961062958,0.0894636088943908,,,12.9818189961273,0.9801888834768447
13.53684243061953,0.2769725624135658,14.45099867566555,0.4979798169166121,14.92984242307061,0.0938065672433044,,,12.99270180856832,0.9902534502563651
13.54772524306055,0.2688190940757908,14.46188148810657,0.4937793178539152,14.94072523551163,0.09833106462008009,,,13.00358462100935,0.9999704822144627
13.55860805550157,0.2618615752744319,14.4727643005476,0.4891306629879129,14.95160804795266,0.1030245843423341,,,13.01446743345037,1.009301014164936
13.5694908679426,0.2560894903094539,14.48364711298862,0.4837735782549952,14.96249086039368,0.1078728028759535,,,13.0253502458914,1.018200704086189
13.58037368038362,0.2514973005703711,14.49452992542964,0.477537095079646,14.9733736728347,0.1128606307233495,,,13.03623305833242,1.026620198359357
13.59125649282465,0.2480180808033862,14.50541273787067,0.47047170586634,14.98425648527573,0.1179722673269795,,,13.04711587077344,1.034509022930262
13.60213930526567,0.2456199413768249,14.51629555031169,0.4626592478537114,14.99513929771675,0.1231912600392536,,,13.05799868321447,1.041806434680543
13.6130221177067,0.2442512344596267,14.52717836275272,0.454159745009478,15.00602211015778,0.1284987400800078,,,13.06888149565549,1.048446360124906
13.62390493014772,0.2438513159505642,14.53806117519374,0.4450181915792796,15.0169049225988,0.1338812038562763,,,13.07976430809652,1.054366914951694
13.63478774258874,0.2443526774311869,14.54894398763476,0.4353122864800625,15.02778773503982,0.1393183291246314,,,13.09064712053754,1.059501162129366
13.64567055502977,0.2456818871968916,14.55982680007579,0.4251265958334064,15.03867054748085,0.1447921519294114,,,13.10152993297856,1.063888354041725
13.65655336747079,0.2477605637621946,14.57070961251681,0.414546945119709,15.04955335992187,0.1502837030465719,,,13.11241274541959,1.067459996235487
13.66743617991182,0.250506372917884,14.58159242495784,0.403665718230226,15.06043617236289,0.1557738717185031,,,13.12329555786061,1.070041130400231
13.67831899235284,0.2538340887637165,14.59247523739886,0.3925766894079472,15.07131898480392,0.1612435530335647,,,13.13417837030164,1.071569426669516
13.68920180479386,0.2576564297832393,14.60335804983989,0.3813816476284272,15.08220179724494,0.1666735561542652,,,13.14506118274266,1.071984204365005
13.70008461723489,0.2618853323795353,14.61424086228091,0.3701755210507193,15.09308460968597,0.1720446813092263,,,13.15594399518368,1.07123026766297
13.71096742967591,0.2664327967919697,14.62512367472193,0.3590452439419237,15.10396742212699,0.1774334653290759,,,13.16682680762471,1.069255293345494
13.72185024211694,0.2712119149531585,14.63600648716296,0.3480823635682482,15.11485023456802,0.1828200735523434,,,13.17770962006573,1.066012232690651
13.73273305455796,0.2761378347920815,14.64688929960398,0.3373751808699432,15.12573304700904,0.1880886976431319,,,13.18859243250676,1.061492242801379
13.74361586699898,0.2811286915097354,14.65777211204501,0.3270077575513228,15.13661585945006,0.1932191378724044,,,13.19947524494778,1.055661124345321
13.75449867944001,0.2861064983078974,14.66865492448603,0.317060688009571,15.14749867189109,0.1981912061652662,,,13.2103580573888,1.049581972968248
13.76538149188103,0.2909979892463654,14.67953773692705,0.3076040651593519,15.15838148433211,0.2029861235853879,,,13.22124086982983,1.043248216387259
13.77626430432205,0.2957393518164397,14.69042054936808,0.2987055162625225,15.16926429677314,0.2075847704819823,,,13.23212368227085,1.035585332557432
13.78714711676308,0.3002625539798344,14.7013033618091,0.2904229100874235,15.18014710921416,0.2119708928151734,,,13.24300649471188,1.026602664681107
13.7980299292041,0.3045233508363873,14.71218617425013,0.2828101637545383,15.19102992165518,0.2161267031932544,,,13.2538893071529,1.016322868970497
13.80891274164513,0.3084662881207504,14.72306898669115,0.2759089015187505,15.20191273409621,0.2200362351433252,,,13.26477211959392,1.004782027129139
13.81979555408615,0.3120521975998022,14.73395179913217,0.2697538441297399,15.21279554653723,0.2236845459567442,,,13.27565493203495,0.9920295380933047
13.83067836652718,0.3153416908891517,14.7448346115732,0.2643711340559753,15.22367835897826,0.2270578087774443,,,13.28653774447597,0.9781277938107233
13.8415611789682,0.3183119206238296,14.75571742401422,0.2597780598892655,15.23456117141928,0.2301431643216994,,,13.297420556917,0.9631505782967451
13.85244399140922,0.3211180108202619,14.76660023645525,0.2559841080607949,15.24544398386031,0.2330229620331089,,,13.30830336935802,0.9471868633879161
13.86332680385025,0.3237521561894287,14.77748304889627,0.2529895613046708,15.25632679630133,0.2356886695920851,,,13.31918618179905,0.9303347922403399
13.87420961629127,0.3259523577444308,14.78836586133729,0.2507868782646241,15.26720960874235,0.238032626104695,,,13.33006899424007,0.9127498334790582
13.8850924287323,0.3277271373143218,14.79924867377832,0.2493607448929297,15.27809242118338,0.2400482901745388,,,13.34095180668109,0.8945489846091618
13.89597524117332,0.3290943276774642,14.81013148621934,0.2486884959064429,15.2889752336244,0.2417288080250337,,,13.35183461912212,0.8758026589880769
13.90685805361434,0.3300809360002954,14.82101429866037,0.2487413567043761,15.29985804606543,0.2430691325392088,,,13.36271743156314,0.8566390130052622
13.91774086605537,0.33072291056206,14.83189711110139,0.2494835700996561,15.31074085850645,0.2441229231548496,,,13.37360024400417,0.837190701199348
13.92862367849639,0.3310648120560889,14.84277992354241,0.2508731774487369,15.32162367094747,0.2448877242393505,,,13.38448305644519,0.8175973384178432
13.93950649093742,0.3311593915492961,14.85366273598344,0.2528633727174879,15.3325064833885,0.245307540542611,,,13.39536586888621,0.7979893909052751
13.95038930337844,0.3310872100880771,14.86454554842446,0.2554032820014086,15.34338929582952,0.2453827645980462,,,13.40624868132724,0.7785072740749378
13.96127211581947,0.3308811563453987,14.87542836086549,0.2584887625003098,15.35427210827055,0.2451180132650724,,,13.41713149376826,0.7593963015381539
13.97215492826049,0.3306998800854937,14.88631117330651,0.2620618838471973,15.36515492071157,0.2445184903868648,,,13.42801430620929,0.7407887255606923
13.98303774070151,0.3306230281016426,14.89719398574753,0.2660099977989035,15.37603773315259,0.243592070987083,,,13.43889711865031,0.7227024140126659
13.99392055314254,0.3306653628888621,14.90807679818856,0.2702724146924946,15.38692054559362,0.2423485200756825,,,13.44977993109133,0.7052592387311101
14.00480336558356,0.3309141089463928,14.91895961062958,0.2747898878876577,15.39780335803464,0.2407998380890573,,,13.46066274353236,0.6885759537552432
14.01568617802459,0.3314599114085493,14.92984242307061,0.279495609915917,15.40868617047567,0.2389599344601958,,,13.47154555597338,0.6727560976724253
14.02656899046561,0.3323954858902691,14.94072523551163,0.2843267464539992,15.41956898291669,0.236844346429628,,,13.48242836841441,0.657908014382971
14.03745180290663,0.3338146529822681,14.95160804795266,0.2892218080416455,15.43045179535771,0.2344714247448933,,,13.49331118085543,0.6443155924455315
14.04833461534766,0.3358111374080632,14.96249086039368,0.2941208528522251,15.44133460779874,0.2319783702976841,,,13.50419399329645,0.6320561381183396
14.05921742778868,0.3384775339550984,14.9733736728347,0.2989660891954978,15.45221742023976,0.2294194600701635,,,13.51507680573748,0.6209966619509243
14.07010024022971,0.3419041395131501,14.98425648527573,0.3037023435422492,15.46310023268079,0.226693664718219,,,13.5259596181785,0.6111918992374465
14.08098305267073,0.3461777893992316,14.99513929771675,0.3082774769839618,15.47398304512181,0.2237871385301727,,,13.53684243061953,0.6026910146792274
14.09186586511175,0.3513806852899438,15.00602211015778,0.3126426112152284,15.48486585756283,0.2207424102190263,,,13.54772524306055,0.5955245340935527
14.10274867755278,0.3575900786771443,15.0169049225988,0.316753017816609,15.49574867000386,0.2175809484712414,,,13.55860805550157,0.5897048147202091
14.1136314899938,0.3649461759997888,15.02778773503982,0.3205879399184264,15.50663148244488,0.2143029661357961,,,13.5694908679426,0.5852469022883708
14.12451430243483,0.3735103685893625,15.03867054748085,0.3243675130575884,15.51751429488591,0.2109306069358394,,,13.58037368038362,0.5821633338627094
14.13539711487585,0.3832463807478619,15.04955335992187,0.3280297425900799,15.52839710732693,0.2074860060512116,,,13.59125649282465,0.5804076357481297
14.14627992731687,0.3942282657948992,15.06043617236289,0.3312909813761798,15.53927991976795,0.2039916618430031,,,13.60213930526567,0.5799648010229287
14.1571627397579,0.4064666415542437,15.07131898480392,0.3341228704548804,15.55016273220898,0.2004713379343335,,,13.6130221177067,0.5807995375219919
14.16804555219892,0.4199793700464771,15.08220179724494,0.3365017103657499,15.56104554465,0.1969464544110679,,,13.62390493014772,0.5828644005724744
14.17892836463995,0.4347716346275218,15.09308460968597,0.3384084885931353,15.57192835709103,0.1934357255313996,,,13.63478774258874,0.5861021474156741
14.18981117708097,0.4508351962103538,15.10396742212699,0.3398313040961455,15.58281116953205,0.1899590513491735,,,13.64567055502977,0.5904463997453453
14.20069398952199,0.4681481164310372,15.11485023456802,0.3407604003138501,15.59369398197308,0.1865493590840123,,,13.65655336747079,0.5958223929599633
14.21157680196302,0.4866743281657628,15.12573304700904,0.34118978103282,15.6045767944141,0.1832242939917027,,,13.66743617991182,0.6021478082879383
14.22245961440404,0.5063635275907628,15.13661585945006,0.3411164302266419,15.61545960685512,0.1799861022967175,,,13.67831899235284,0.6093340419757272
14.23334242684507,0.5271512253149611,15.14749867189109,0.3405435535193897,15.62634241929615,0.1768497077080757,,,13.68920180479386,0.6172858539494513
14.24422523928609,0.5490070277075801,15.15838148433211,0.3394791220451832,15.63722523173717,0.1738286183361537,,,13.70008461723489,0.6259042946420161
14.25510805172711,0.5718386078675241,15.16926429677314,0.3379353025972877,15.6481080441782,0.1709348795309124,,,13.71096742967591,0.6350866335152383
14.26599086416814,0.595492384741567,15.18014710921416,0.3359248334964701,15.65899085661922,0.1681790496415422,,,13.72185024211694,0.6447277970969729
14.27687367660916,0.619850912214841,15.19102992165518,0.3334663139175266,15.66987366906024,0.1655701978195855,,,13.73273305455796,0.6547215680853651
14.28775648905019,0.644785962876735,15.20191273409621,0.3305804525612726,15.68075648150127,0.163115922426062,,,13.74361586699898,0.6649618140837265
14.29863930149121,0.6701598489333604,15.21279554653723,0.3272905511714939,15.69163929394229,0.1608223880909265,,,13.75449867944001,0.6753437341643594
14.30952211393224,0.6958277570416831,15.22367835897826,0.323622175419885,15.70252210638331,0.1586943790272673,,,13.76538149188103,0.6857651105760831
14.32040492637326,0.7216378086637167,15.23456117141928,0.3196000074859455,15.71340491882434,0.1567353658377921,,,13.77626430432205,0.6963081904082844
14.33128773881428,0.7474328535479041,15.24544398386031,0.3154945469136052,15.72428773126536,0.1549475828185473,,,13.78714711676308,0.706868564266757
14.34217055125531,0.7730541473607156,15.25632679630133,0.3113304917253981,15.73517054370639,0.1533321123992442,,,13.7980299292041,0.7171932098604169
14.35305336369633,0.7983426513905262,15.26720960874235,0.3068997574389735,15.74605335614741,0.1519435423383805,,,13.80891274164513,0.7271942126732174
14.36393617613736,0.8231410316717502,15.27809242118338,0.3022301756301635,15.75693616858844,0.1507804338238471,,,13.81979555408615,0.7367933696595462
14.37481898857838,0.8472959247412586,15.2889752336244,0.2973524672531925,15.76781898102946,0.1497854155596922,,,13.83067836652718,0.7460665540335886
14.3857018010194,0.8706617254177458,15.29985804606543,0.2922923378090297,15.77870179347048,0.1489549010424712,,,13.8415611789682,0.7549583923566702
14.39658461346043,0.893097362958852,15.31074085850645,0.2870831888368771,15.78958460591151,0.1482846079059922,,,13.85244399140922,0.7635442978545937
14.40746742590145,0.9144751915511625,15.32162367094747,0.2817539851411233,15.80046741835253,0.1477696083239969,,,13.86332680385025,0.7717887481523035
14.41835023834247,0.9346769680055763,15.3325064833885,0.2763275826806093,15.81135023079356,0.1474045098186263,,,13.87420961629127,0.7794054283851021
14.4292330507835,0.9536001354873057,15.34338929582952,0.2708307137809899,15.82223304323458,0.1471833242566948,,,13.8850924287323,0.7863824445674485
14.44011586322452,0.9711559494496134,15.35427210827055,0.2652898872373446,15.8331158556756,0.1470994112622424,,,13.89597524117332,0.7927215082599447
14.45099867566555,0.9872723237256065,15.36515492071157,0.2597304763731941,15.84399866811663,0.1471464185247658,,,13.90685805361434,0.7984380918278295
14.46188148810657,1.001894749877936,15.37603773315259,0.2541772002256275,15.85488148055765,0.1473815194913293,,,13.91774086605537,0.8035808307240817
14.4727643005476,1.015224886393793,15.38692054559362,0.2486493759886105,15.86576429299868,0.1477964341597013,,,13.92862367849639,0.8081924829035237
14.48364711298862,1.027240533537886,15.39780335803464,0.2431764275277526,15.8766471054397,0.1483171365848709,,,13.93950649093742,0.8123095702914626
14.49452992542964,1.037696559347877,15.40868617047567,0.2377815799841526,15.88752991788072,0.1489339050609778,,,13.95038930337844,0.8160218750274963
14.50541273787067,1.047592636691306,15.41956898291669,0.2324816258640197,15.89841273032175,0.1496365725658234,,,13.96127211581947,0.8193736784923776
14.51629555031169,1.057028439746435,15.43045179535771,0.2272993332341666,15.90929554276277,0.1504145130818941,,,13.97215492826049,0.8226588547725764
14.52717836275272,1.06504075281498,15.44133460779874,0.2222493105701215,15.9201783552038,0.1512566267291571,,,13.98303774070151,0.8261797566711591
14.53806117519374,1.071588047495968,15.45221742023976,0.2173528856925854,15.93106116764482,0.1521513265084585,,,13.99392055314254,0.8298566485933786
14.54894398763476,1.076722488840388,15.46310023268079,0.2126262655214468,15.94194398008585,0.1530865294506471,,,14.00480336558356,0.833600227596299
14.55982680007579,1.080507758201097,15.47398304512181,0.2080863703094845,15.95282679252687,0.1540496545310391,,,14.01568617802459,0.8375285656400928
14.57070961251681,1.083017094212479,15.48486585756283,0.2038119228600268,15.96370960496789,0.1550348807653116,,,14.02656899046561,0.8417626887778564
14.58159242495784,1.084331410564036,15.49574867000386,0.1998183605898546,15.97459241740892,0.1560286119682544,,,14.03745180290663,0.8464318021125271
14.59247523739886,1.08453705542346,15.50663148244488,0.1960579416652873,15.98547522984994,0.157009483664921,,,14.04833461534766,0.8516604847608799
14.60335804983989,1.083726109588913,15.51751429488591,0.1925450404890839,15.99635804229097,0.1579630036463255,,,14.05921742778868,0.8575745930152161
14.61424086228091,1.081989134155407,15.52839710732693,0.1892938146949262,16.00724085473199,0.1588743588929181,,,14.07010024022971,0.8642973798404315
14.62512367472193,1.079421501822919,15.53927991976795,0.1863187181732613,16.01812366717301,0.1597284971186765,,,14.08098305267073,0.8720756270292308
14.63600648716296,1.076094579801069,15.55016273220898,0.1836340200433538,16.02900647961404,0.160508760502598,,,14.09186586511175,0.8810199194930616
14.64688929960398,1.072095900447857,15.56104554465,0.1812539810559248,16.03988929205506,0.1612031790442962,,,14.10274867755278,0.8911038754603171
14.65777211204501,1.067499341616579,15.57192835709103,0.1791927130700589,16.05077210449609,0.1618104508022164,,,14.1136314899938,0.9024926914201598
14.66865492448603,1.062370331429986,15.58281116953205,0.1774644869297301,16.06165491693711,0.1623380324203279,,,14.12451430243483,0.9152558204536235
14.67953773692705,1.056764224610918,15.59369398197308,0.1761686176048777,16.07253772937813,0.1627552554041118,,,14.13539711487585,0.9293708117616635
14.69042054936808,1.050725845112615,15.6045767944141,0.1753183528624631,16.08342054181916,0.1630250023427376,,,14.14627992731687,0.9449205841894499
14.7013033618091,1.044288463498251,15.61545960685512,0.1748407499303499,16.09430335426018,0.1631406723951831,,,14.1571627397579,0.9619135610740639
14.71218617425013,1.037473816180503,15.62634241929615,0.1747475415942649,16.10518616670121,0.1630891403435802,,,14.16804555219892,0.9803606799070037
14.72306898669115,1.030291725173073,15.63722523173717,0.1750498381977998,16.11606897914223,0.1628509214347398,,,14.17892836463995,1.000255288320718
14.73395179913217,1.022740742469932,15.6481080441782,0.1757579313738345,16.12695179158326,0.1624150614552581,,,14.18981117708097,1.021565053432953
14.7448346115732,1.014808745503576,15.65899085661922,0.1768810764919909,16.13783460402428,0.1617719523360891,,,14.20069398952199,1.044241720498891
14.75571742401422,1.006472506755022,15.66987366906024,0.1784272585480902,16.1487174164653,0.160913467294595,,,14.21157680196302,1.068214428337293
14.76660023645525,0.9977048306122864,15.68075648150127,0.1804029468772325,16.15960022890633,0.1598330794960032,,,14.22245961440404,1.093391322167033
14.77748304889627,0.9884626261160312,15.69163929394229,0.1828128445915667,16.17048304134735,0.15852453668203,,,14.23334242684507,1.119659960896411
14.78836586133729,0.9787121081108149,15.70252210638331,0.1856596390096342,16.18136585378837,0.1571176448726226,,,14.24422523928609,1.146993620247267
14.79924867377832,0.9684019464937818,15.71340491882434,0.1889437595433959,16.1922486662294,0.1556082252541323,,,14.25510805172711,1.175239516071471
14.81013148621934,0.9574842349685699,15.72428773126536,0.1926632758914931,16.20313147867042,0.1538649697176163,,,14.26599086416814,1.204123578295094
14.82101429866037,0.9459119307618049,15.73517054370639,0.1968134363249702,16.21401429111145,0.151888203519773,,,14.27687367660916,1.233458953217264
14.83189711110139,0.933638370615467,15.74605335614741,0.2013938824745832,16.22489710355247,0.1496826886362711,,,14.28775648905019,1.263046304374505
14.84277992354241,0.9206225067595685,15.75693616858844,0.2063939104825566,16.23577991599349,0.1472516502834275,,,14.29863930149121,1.292675160136309
14.85366273598344,0.906828539699947,15.76781898102946,0.2117921913392194,16.24666272843452,0.1446004788426794,,,14.30952211393224,1.322326677545728
14.86454554842446,0.8922280297080323,15.77870179347048,0.2175715894464906,16.25754554087554,0.1417358678604131,,,14.32040492637326,1.351780900759757
14.87542836086549,0.8778260589343568,15.78958460591151,0.2237118657887334,16.26842835331657,0.1386673592377727,,,14.33128773881428,1.380595769601708
14.88631117330651,0.863603879113445,15.80046741835253,0.2301886696053106,16.27931116575759,0.1354061137884197,,,14.34217055125531,1.408544540710588
14.89719398574753,0.8485189609946271,15.81135023079356,0.2369768611243212,16.29019397819862,0.1319647813876627,,,14.35305336369633,1.435404747113852
14.90807679818856,0.8325694969077706,15.82223304323458,0.244045696923605,16.30107679063964,0.1283573532952144,,,14.36393617613736,1.460955313426781
14.91895961062958,0.8157622447478995,15.8331158556756,0.2513625410594339,16.31195960308066,0.1245989994073622,,,14.37481898857838,1.484987826418005
14.92984242307061,0.798117924566773,15.84399866811663,0.2588921081756651,16.32284241552169,0.120705893401749,,,14.3857018010194,1.507310454935506
14.94072523551163,0.7796710605584966,15.85488148055765,0.2666022403537148,16.33372522796271,0.1166950288629218,,,14.39658461346043,1.527809254627303
14.95160804795266,0.7604692833668221,15.86576429299868,0.2744530183833354,16.34460804040373,0.112584029533182,,,14.40746742590145,1.546327402920612
14.96249086039368,0.7405728716834772,15.8766471054397,0.2823970683891177,16.35549085284476,0.1084404223867844,,,14.41835023834247,1.562685348664742
14.9733736728347,0.7200540469248431,15.88752991788072,0.2903911082593282,16.36637366528578,0.1042802390869684,,,14.4292330507835,1.576776219560856
14.98425648527573,0.6989960312402785,15.89841273032175,0.2983907343498761,16.37725647772681,0.1000750726975766,,,14.44011586322452,1.588479751063221
14.99513929771675,0.6774918983999669,15.90929554276277,0.3063507998247282,16.38813929016783,0.09584112447904325,,,14.45099867566555,1.597735564934233
15.00602211015778,0.655643248612417,15.9201783552038,0.3142258011306095,16.39902210260886,0.09159487008158756,,,14.46188148810657,1.604806091201121
15.0169049225988,0.6335587408876786,15.93106116764482,0.321970266144998,16.40990491504988,0.08735269364060051,,,14.4727643005476,1.610138984619072
15.02778773503982,0.6113959346174269,15.94194398008585,0.3295391376959219,16.4207877274909,0.08313147848908774,,,14.48364711298862,1.613454547185775
15.03867054748085,0.5892713304171097,15.95282679252687,0.3368878330344408,16.43167053993193,0.07894626054069592,,,14.49452992542964,1.6143402081375
15.04955335992187,0.567263322283533,15.96370960496789,0.3441566358082371,16.44255335237295,0.07481169411711158,,,14.50541273787067,1.613856429499278
15.06043617236289,0.5454903711641441,15.97459241740892,0.351310473521717,16.45343616481398,0.07074153000170147,,,14.51629555031169,1.612207762861301
15.07131898480392,0.5240711903818238,15.98547522984994,0.3581146872362469,16.464318977255,0.06674853312424919,,,14.52717836275272,1.608498863556371
15.08220179724494,0.5031217505824914,15.99635804229097,0.3645283245993804,16.47520178969602,0.06284438483204861,,,14.53806117519374,1.602735812435808
15.09308460968597,0.4827537808719481,16.00724085473199,0.3705128668389894,16.48608460213705,0.05903976237418395,,,14.54894398763476,1.595061124850121
15.10396742212699,0.4630752314138323,16.01812366717301,0.3760324912714869,16.49696741457807,0.055344094865841,,,14.55982680007579,1.58563592015625
15.11485023456802,0.4441852837976433,16.02900647961404,0.3810542584866958,16.5078502270191,0.05176568988322107,,,14.57070961251681,1.574631208439808
15.12573304700904,0.4261732435422661,16.03988929205506,0.3855484557821898,16.51873303946012,0.04831147196397961,,,14.58159242495784,1.562233438161604
15.13661585945006,0.4091224805906653,16.05077210449609,0.3895759026414262,16.52961585190114,0.04498789461048801,,,14.59247523739886,1.548635601083054
15.14749867189109,0.3931031939566972,16.06165491693711,0.393155429863262,16.54049866434217,0.04179951713269665,,,14.60335804983989,1.534053330324443
15.15838148433211,0.3781782508398066,16.07253772937813,0.3961779611081494,16.55138147678319,0.03875005880378238,,,14.61424086228091,1.518684729556956
15.16926429677314,0.3643997282100219,16.08342054181916,0.3985821728759396,16.56226428922422,0.03584216277092942,,,14.62512367472193,1.502715523527355
15.18014710921416,0.3518056982065305,16.09430335426018,0.4004137547832833,16.57314710166524,0.03307744419963873,,,14.63600648716296,1.486320568950388
15.19102992165518,0.3404248976772858,16.10518616670121,0.4016607342892303,16.58402991410626,0.03045654591287673,,,14.64688929960398,1.469687357672222
15.20191273409621,0.3302740493585616,16.11606897914223,0.4022534640667038,16.59491272654729,0.02797920027325179,,,14.65777211204501,1.452984998113968
15.21279554653723,0.3213584736439664,16.12695179158326,0.4021864876583022,16.60579553898831,0.0256442960693509,,,14.66865492448603,1.436370428009903
15.22367835897826,0.3136723117668959,16.13783460402428,0.4014578083100576,16.61667835142934,0.02344994919815846,,,14.67953773692705,1.419978666575312
15.23456117141928,0.3071988496282369,16.1487174164653,0.4000688166209474,16.62756116387036,0.021393575981835,,,14.69042054936808,1.403931774462013
15.24544398386031,0.3019117527822087,16.15960022890633,0.3980242008253707,16.63844397631139,0.01947196801678569,,,14.7013033618091,1.388328059070171
15.25632679630133,0.2977741804083616,16.17048304134735,0.3953282446117458,16.64932678875241,0.01768136752307239,,,14.71218617425013,1.373254480173792
15.26720960874235,0.2947388385772945,16.18136585378837,0.3920013685686229,16.66020960119343,0.01601754224619484,,,14.72306898669115,1.358767679973922
15.27809242118338,0.2927509968737521,16.1922486662294,0.3880528878019912,16.67109241363446,0.01447502426957863,,,14.73395179913217,1.344907232674456
15.2889752336244,0.2917479664908422,16.20313147867042,0.3834980611865551,16.68197522607548,0.01305070727680894,,,14.7448346115732,1.331692580445971
15.29985804606543,0.2916598973795677,16.21401429111145,0.3784829130062832,16.6928580385165,0.01173830631168409,,,14.75571742401422,1.319121779384767
15.31074085850645,0.2924959649303722,16.22489710355247,0.3731079230195675,16.70374085095753,0.01053241118108439,,,14.76660023645525,1.307181848335531
15.32162367094747,0.2941739412976098,16.23577991599349,0.3672676592735925,16.71462366339856,0.009427476285099753,,,14.77748304889627,1.295831938036855
15.3325064833885,0.2965211549883129,16.24666272843452,0.3609054393238192,16.72550647583958,0.008417878227068609,,,14.78836586133729,1.285032365444746
15.34338929582952,0.2994465089652867,16.25754554087554,0.3540461181504095,16.7363892882806,0.007497968838271228,,,14.79924867377832,1.274717132662534
15.35427210827055,0.3028562634575767,16.26842835331657,0.3467166645802041,16.74727210072163,0.006662123418041118,,,14.81013148621934,1.264815303171693
15.36515492071157,0.306654955882438,16.27931116575759,0.3389459259108936,16.75815491316265,0.005904784064178517,,,14.82101429866037,1.255250744310086
15.37603773315259,0.3107463385035513,16.29019397819862,0.3307644666289631,16.76903772560367,0.00522049805051221,,,14.83189711110139,1.245936773900205
15.38692054559362,0.3150343017107582,16.30107679063964,0.3222044264535916,16.7799205380447,0.004602960918075183,,,14.84277992354241,1.236787487558614
15.39780335803464,0.3194201681694082,16.31195960308066,0.3132993509760871,16.79080335048572,0.00404922802252045,,,14.85366273598344,1.227716457881391
15.40868617047567,0.3238189858219548,16.32284241552169,0.3040840137885256,16.80168616292675,0.003553084035973623,,,14.86454554842446,1.218638488526772
15.41956898291669,0.3281358658880991,16.33372522796271,0.2945942266813714,16.81256897536777,0.003109793734500025,,,14.87542836086549,1.210549765929731
15.43045179535771,0.3322692514197189,16.34460804040373,0.2848666382360827,16.82345178780879,0.002714845709182096,,,14.88631117330651,1.20336603780618
15.44133460779874,0.336170315320765,16.35549085284476,0.2750858816067595,16.83433460024982,0.002363963913798989,,,14.89719398574753,1.195921597554582
15.45221742023976,0.3397457968865187,16.36637366528578,0.2652883131428013,16.84521741269084,0.002053115464046213,,,14.90807679818856,1.188158948020039
15.46310023268079,0.3429223660528392,16.37725647772681,0.2553618545024556,16.85610022513187,0.00177851501605255,,,14.91895961062958,1.180015741529949
15.47398304512181,0.3456357866047116,16.38813929016783,0.2453417369477002,16.86698303757289,0.001536626063266869,,,14.92984242307061,1.171420101725994
15.48486585756283,0.3478303239164934,16.39902210260886,0.2352629979134601,16.87786585001392,0.001324159495776638,,,14.94072523551163,1.162328871632576
15.49574867000386,0.3494564047879915,16.40990491504988,0.2251593050015148,16.88874866245494,0.001137958809592859,,,14.95160804795266,1.152715675750802
15.50663148244488,0.3504710216899936,16.4207877274909,0.2150667748311886,16.89963147489596,0.0009754628529231638,,,14.96249086039368,1.142566527411655
15.51751429488591,0.3508408755109447,16.43167053993193,0.205017361021306,16.91051428733699,0.0008339526699419135,,,14.9733736728347,1.13188076684369
15.52839710732693,0.3505411441457824,16.44255335237295,0.1950432060347656,16.92139709977801,0.0007110725409546462,,,14.98425648527573,1.120670642109507
15.53927991976795,0.3495557586703664,16.45343616481398,0.1851752211254603,16.93227991221903,0.0006046773670483155,,,14.99513929771675,1.108960635423182
15.55016273220898,0.3483113217192422,16.464318977255,0.1754428997058266,16.94316272466006,0.0005128216930200204,,,15.00602211015778,1.096784599907653
15.56104554465,0.3468050198400375,16.47520178969602,0.1658741398215099,16.95404553710108,0.0004337481230558364,,,15.0169049225988,1.084192962560564
15.57192835709103,0.3446044339511437,16.48608460213705,0.1564950946377408,16.96492834954211,0.0003658753574274457,,,15.02778773503982,1.071302203660484
15.58281116953205,0.3417195292684647,16.49696741457807,0.1473300107640557,16.97581116198313,0.0003075460633548694,,,15.03867054748085,1.058430995404109
15.59369398197308,0.3381731322834233,16.5078502270191,0.1384011155333652,16.98669397442416,0.0002576845321030567,,,15.04955335992187,1.045576767920185
15.6045767944141,0.3339906395730666,16.51873303946012,0.1297272066105071,16.99757678686518,0.0002156244347293764,,,15.06043617236289,1.032555224258827
15.61545960685512,0.3291995361258709,16.52961585190114,0.1213290693353299,17.0084595993062,0.000179933310914676,,,15.07131898480392,1.019437613870269
15.62634241929615,0.323838729693864,16.54049866434217,0.1132206669049138,17.01934241174723,0.0001496236726682173,,,15.08220179724494,1.006297017102506
15.63722523173717,0.3179529728631451,16.55138147678319,0.1054153254547527,17.03022522418825,0.0001241746377395546,,,15.09308460968597,0.9932069507743092
15.6481080441782,0.3115921448113659,16.56226428922422,0.09792404980116909,17.04110803662928,0.0001027681159196331,,,15.10396742212699,0.9803400008390536
15.65899085661922,0.3048104739612715,16.57314710166524,0.09075553512764752,17.0519908490703,8.481522027665794e-05,,,15.11485023456802,0.9677657576638364
15.66987366906024,0.2976657134941185,16.58402991410626,0.08391620157148633,18.34704552955217,0,,,15.12573304700904,0.9554517222182181
15.68075648150127,0.290218282533701,16.59491272654729,0.0774102507005094,,,,,15.13661585945006,0.9434580486897114
15.69163929394229,0.2825303863989223,16.60579553898831,0.07123974250739977,,,,,15.14749867189109,0.9318379536413532
15.70252210638331,0.2746651296374659,16.61667835142934,0.06540469122715972,,,,,15.15838148433211,0.9206434964703779
15.71340491882434,0.2666856355901716,16.62756116387036,0.05990317800804445,,,,,15.16926429677314,0.9099198012892914
15.72428773126536,0.2586541860358062,16.63844397631139,0.05473147824319079,,,,,15.18014710921416,0.8997014245181739
15.73517054370639,0.2506313937739122,16.64932678875241,0.04988419926947897,,,,,15.19102992165518,0.8900179147880668
15.74605335614741,0.2427082720245692,16.66020960119343,0.0453544379925559,,,,,15.20191273409621,0.8808907370631595
15.75693616858844,0.2349395149016885,16.67109241363446,0.04113381138099428,,,,,15.21279554653723,0.8723335707722044
15.76781898102946,0.2273428429398244,16.68197522607548,0.0372131057145153,,,,,15.22367835897826,0.8643522959642255
15.77870179347048,0.2199644225042529,16.6928580385165,0.03358167678971606,,,,,15.23456117141928,0.8569420214358817
15.78958460591151,0.2128455221272597,16.70374085095753,0.0302281549221444,,,,,15.24544398386031,0.850429261728923
15.80046741835253,0.2060064322704976,16.71462366339856,0.02714045911950498,,,,,15.25632679630133,0.8447933417258451
15.81135023079356,0.1995123628970654,16.72550647583958,0.02430596240510656,,,,,15.26720960874235,0.8396712221209629
15.82223304323458,0.1933678956092826,16.7363892882806,0.02171163004429343,,,,,15.27809242118338,0.8350294626784545
15.8331158556756,0.1875917429744301,16.74727210072163,0.01934417200658117,,,,,15.2889752336244,0.8308292417690682
15.84399866811663,0.1821966281553949,16.75815491316265,0.01719017472148775,,,,,15.29985804606543,0.8270213677278061
15.85488148055765,0.1771894322986907,16.76903772560367,0.01523622508751069,,,,,15.31074085850645,0.8237020769220988
15.86576429299868,0.172571118519304,16.7799205380447,0.01346893812648976,,,,,15.32162367094747,0.8208156506780834
15.8766471054397,0.16833695730853,16.79080335048572,0.01187541867333213,,,,,15.3325064833885,0.8181562782115329
15.88752991788072,0.164477106636091,16.80168616292675,0.01044277751611906,,,,,15.34338929582952,0.8156599873443224
15.89841273032175,0.1609768566745556,16.81256897536777,0.009158616303885418,,,,,15.35427210827055,0.8132641639599935
15.90929554276277,0.1578170680289943,16.82345178780879,0.008010983372553607,,,,,15.36515492071157,0.8109039226424971
15.9201783552038,0.1549746605363262,16.83433460024982,0.006988427458581237,,,,,15.37603773315259,0.8085156097162615
15.93106116764482,0.1524231431419893,16.84521741269084,0.006080040189144633,,,,,15.38692054559362,0.8060321977750513
15.94194398008585,0.1501331750001445,16.85610022513187,0.005275487945285546,,,,,15.39780335803464,0.8033964337862176
15.95282679252687,0.1480724835939431,16.86698303757289,0.004565033807932775,,,,,15.40868617047567,0.8005605002663035
15.96370960496789,0.1462097835877057,16.87786585001392,0.003939550384367812,,,,,15.41956898291669,0.7974618381817468
15.97459241740892,0.1445098637784213,16.88874866245494,0.003387670004104309,,,,,15.43045179535771,0.7940400093987792
15.98547522984994,0.1429373465068164,16.89963147489596,0.002907837800134677,,,,,15.44133460779874,0.7903979961885707
15.99635804229097,0.1414574490920336,16.91051428733699,0.00248912338376937,,,,,15.45221742023976,0.7865181426492683
16.00724085473199,0.1400360069774034,16.92139709977801,0.002124842598356497,,,,,15.46310023268079,0.7822422962925047
16.01812366717301,0.1386399833618399,16.93227991221903,0.001808873564802102,,,,,15.47398304512181,0.7775092954443684
16.02900647961404,0.137237909811851,16.94316272466006,0.001535634537178033,,,,,15.48486585756283,0.7723846569955466
16.03988929205506,0.135800428376313,16.95404553710108,0.001300058610528477,,,,,15.49574867000386,0.7668557138490878
16.05077210449609,0.1343013277224361,16.96492834954211,0.001097566062899294,,,,,15.50663148244488,0.7608319294910763
16.06165491693711,0.1327799720861244,16.97581116198313,0.0009226978899915824,,,,,15.51751429488591,0.7543165229358678
16.07253772937813,0.1312135611905593,16.98669397442416,0.0007740786335256475,,,,,15.52839710732693,0.7473209648919206
16.08342054181916,0.1295190551580018,16.99757678686518,0.000648165541964464,,,,,15.53927991976795,0.7398661386866309
16.09430335426018,0.1277756537036108,17.0084595993062,0.0005412080530480582,,,,,15.55016273220898,0.7324166796969296
16.10518616670121,0.1259699025643991,17.01934241174723,0.0004496996303561622,,,,,15.56104554465,0.7250054553070301
16.11606897914223,0.1239957386931599,17.03022522418825,0.0003734290675201506,,,,,15.57192835709103,0.7172328725526023
16.12695179158326,0.1218457782906639,17.04110803662928,0.000309215828239842,,,,,15.58281116953205,0.7091430675473682
16.13783460402428,0.1195160403385882,17.0519908490703,0.0002553181692731626,,,,,15.59369398197308,0.7008911089723135
16.1487174164653,0.1170058404989144,17.06287366151133,0.0002102163894177838,,,,,15.6045767944141,0.6925332864272323
16.15960022890633,0.1143176378742524,17.07375647395235,0.0001725896474568262,,,,,15.61545960685512,0.6840263883529385
16.17048304134735,0.1114568281537577,17.08463928639337,0.0001412943307289064,,,,,15.62634241929615,0.6754359789962046
16.18136585378837,0.1084399549599494,17.0955220988344,0.0001153440245319146,,,,,15.63722523173717,0.6668314293970987
16.1922486662294,0.105277504694153,17.10640491127542,9.386869515831702e-05,,,,,15.6481080441782,0.6582849557161128
16.20313147867042,0.1019736740726544,18.34704552955217,0,,,,,15.65899085661922,0.6498706000948045
16.21401429111145,0.09854452431221677,,,,,,,15.66987366906024,0.6416631698617943
16.22489710355247,0.09500627023350287,,,,,,,15.68075648150127,0.6337371518369956
16.23577991599349,0.09137319164869662,,,,,,,15.69163929394229,0.6261656190814154
16.24666272843452,0.08766604654777001,,,,,,,15.70252210638331,0.6190191476743675
16.25754554087554,0.08390185064692769,,,,,,,15.71340491882434,0.6123647609713596
16.26842835331657,0.08009956905594437,,,,,,,15.72428773126536,0.6062650447458469
16.27931116575759,0.07627815219888873,,,,,,,15.73517054370639,0.6007769424981266
16.29019397819862,0.07245626525128054,,,,,,,15.74605335614741,0.5960456968375331
16.30107679063964,0.06865204036628353,,,,,,,15.75693616858844,0.5921138592080922
16.31195960308066,0.06488285446289346,,,,,,,15.76781898102946,0.588920449838736
16.32284241552169,0.06116513466956466,,,,,,,15.77870179347048,0.5864909129932148
16.33372522796271,0.05751419282648045,,,,,,,15.78958460591151,0.5848419958219855
16.34460804040373,0.05394408977971661,,,,,,,15.80046741835253,0.5839647101998052
16.35549085284476,0.050471973128558,,,,,,,15.81135023079356,0.5838937338400129
16.36637366528578,0.04710905914983148,,,,,,,15.82223304323458,0.5845969167895825
16.37725647772681,0.04386064910175666,,,,,,,15.8331158556756,0.5860536952961064
16.38813929016783,0.04073493416008718,,,,,,,15.84399866811663,0.5882351548558259
16.39902210260886,0.03773862881440662,,,,,,,15.85488148055765,0.591173192143735
16.40990491504988,0.03487695733782847,,,,,,,15.86576429299868,0.5948205710623407
16.4207877274909,0.03215379234725544,,,,,,,15.8766471054397,0.5990511622825186
16.43167053993193,0.0295715749483296,,,,,,,15.88752991788072,0.6038021199563971
16.44255335237295,0.02713149730242173,,,,,,,15.89841273032175,0.6090041635902552
16.45343616481398,0.02483356640123623,,,,,,,15.90929554276277,0.6145823809356166
16.464318977255,0.0226767045925294,,,,,,,15.9201783552038,0.6204570883960929
16.47520178969602,0.020652214873361,,,,,,,15.93106116764482,0.6265447357954458
16.48608460213705,0.01877194366428184,,,,,,,15.94194398008585,0.6327588421467134
16.49696741457807,0.01702376669442204,,,,,,,15.95282679252687,0.6390099711594229
16.5078502270191,0.01540343064865454,,,,,,,15.96370960496789,0.6454013001612545
16.51873303946012,0.01390606031913721,,,,,,,15.97459241740892,0.6518489492683928
16.52961585190114,0.01252658483036076,,,,,,,15.98547522984994,0.6580615174079844
16.54049866434217,0.01125933282487133,,,,,,,15.99635804229097,0.6639487773377395
16.55138147678319,0.01009848779233573,,,,,,,16.00724085473199,0.669423232709311
16.56226428922422,0.009038078701654691,,,,,,,16.01812366717301,0.6744009717520032
16.57314710166524,0.008072059338106237,,,,,,,16.02900647961404,0.6788009288011447
16.58402991410626,0.007194379185224448,,,,,,,16.03988929205506,0.682552063202799
16.59491272654729,0.006399045741292289,,,,,,,16.05077210449609,0.6856876811660786
16.60579553898831,0.005680178338317847,,,,,,,16.06165491693711,0.6882734343697141
16.61667835142934,0.005032053685143001,,,,,,,16.07253772937813,0.6901467777028204
16.62756116387036,0.004449143485165061,,,,,,,16.08342054181916,0.6911262303766789
16.63844397631139,0.003926144583095282,,,,,,,16.09430335426018,0.691330080882077
16.64932678875241,0.003458002174402593,,,,,,,16.10518616670121,0.6907197771972097
16.66020960119343,0.003039926672258079,,,,,,,16.11606897914223,0.6891001241946035
16.67109241363446,0.002666902303634798,,,,,,,16.12695179158326,0.6864473274042241
16.68197522607548,0.002335815764748892,,,,,,,16.13783460402428,0.6827458009847349
16.6928580385165,0.002042081155207189,,,,,,,16.1487174164653,0.6779881244144565
16.70374085095753,0.0017820386943854,,,,,,,16.15960022890633,0.6721749181956264
16.71462366339856,0.001552304184201053,,,,,,,16.17048304134735,0.6653096094475335
16.72550647583958,0.001349761222967585,,,,,,,16.18136585378837,0.6575589684011949
16.7363892882806,0.001171551290527711,,,,,,,16.1922486662294,0.6489386177502764
16.74727210072163,0.001015062202537289,,,,,,,16.20313147867042,0.6393367049768257
16.75815491316265,0.0008779153648103211,,,,,,,16.21401429111145,0.628915640838273
16.76903772560367,0.0007579522185030217,,,,,,,16.22489710355247,0.6177968818893416
16.7799205380447,0.0006532181630735767,,,,,,,16.23577991599349,0.6058925012057166
16.79080335048572,0.0005619570011643558,,,,,,,16.24666272843452,0.5931719647142686
16.80168616292675,0.0004825830119389375,,,,,,,16.25754554087554,0.5796838366577503
16.81256897536777,0.0004136768431409337,,,,,,,16.26842835331657,0.5654835928739212
16.82345178780879,0.0003539693934999114,,,,,,,16.27931116575759,0.5506301918982018
16.83433460024982,0.0003023288633733347,,,,,,,16.29019397819862,0.5351855132679064
16.84521741269084,0.0002577484322346265,,,,,,,16.30107679063964,0.5192138201150894
16.85610022513187,0.0002193346262291516,,,,,,,16.31195960308066,0.5027812048463429
16.86698303757289,0.0001862964153328583,,,,,,,16.32284241552169,0.4859550418598394
16.87786585001392,0.000157935059724141,,,,,,,16.33372522796271,0.4688034483707735
16.88874866245494,0.0001336267504145805,,,,,,,16.34460804040373,0.4513947575489812
16.89963147489596,0.000112847562775478,,,,,,,16.35549085284476,0.4339982771221019
16.91051428733699,9.511204724102467e-05,,,,,,,16.36637366528578,0.4166776113796013
18.34704552955217,0,,,,,,,16.37725647772681,0.399297576301789
,,,,,,,,16.38813929016783,0.3819177955868306
,,,,,,,,16.39902210260886,0.3645964968094543
,,,,,,,,16.40990491504988,0.3473889559799437
,,,,,,,,16.4207877274909,0.3303520456675318
,,,,,,,,16.43167053993193,0.3135351965103316
,,,,,,,,16.44255335237295,0.2969863974542989
,,,,,,,,16.45343616481398,0.280750317528398
,,,,,,,,16.464318977255,0.2648681374226052
,,,,,,,,16.47520178969602,0.2493707395269195
,,,,,,,,16.48608460213705,0.2343068006762066
,,,,,,,,16.49696741457807,0.2196978723243188
,,,,,,,,16.5078502270191,0.2055702360652408
,,,,,,,,16.51873303946012,0.1919447388936239
,,,,,,,,16.52961585190114,0.1788435487761786
,,,,,,,,16.54049866434217,0.1662795168624818
,,,,,,,,16.55138147678319,0.1542638720508708
,,,,,,,,16.56226428922422,0.1428042912737532
,,,,,,,,16.57314710166524,0.1319050386653925
,,,,,,,,16.58402991410626,0.1215671266695875
,,,,,,,,16.59491272654729,0.1117884967150535
,,,,,,,,16.60579553898831,0.1025642169150685
,,,,,,,,16.61667835142934,0.09388669411046119
,,,,,,,,16.62756116387036,0.08574589747504451
,,,,,,,,16.63844397631139,0.07812959084307175
,,,,,,,,16.64932678875241,0.07102356896695394
,,,,,,,,16.66020960119343,0.06441190691100883
,,,,,,,,16.67109241363446,0.0582757379542077
,,,,,,,,16.68197522607548,0.05259962875607314
,,,,,,,,16.6928580385165,0.04736206425660736
,,,,,,,,16.70374085095753,0.04254260479761419
,,,,,,,,16.71462366339856,0.03812023958880579
,,,,,,,,16.72550647583958,0.03407360185514276
,,,,,,,,16.7363892882806,0.03038115017309237
,,,,,,,,16.74727210072163,0.02702135762715958
,,,,,,,,16.75815491316265,0.02397287415047659
,,,,,,,,16.76903772560367,0.02121467535652592
,,,,,,,,16.7799205380447,0.01872511720763853
,,,,,,,,16.79080335048572,0.01648660369701694
,,,,,,,,16.80168616292675,0.01447844456403162
,,,,,,,,16.81256897536777,0.01268208688152638
,,,,,,,,16.82345178780879,0.01107979847523561
,,,,,,,,16.83433460024982,0.009654720235753561
,,,,,,,,16.84521741269084,0.008390904085425473
,,,,,,,,16.85610022513187,0.007273337587567249
,,,,,,,,16.86698303757289,0.006287956286532503
,,,,,,,,16.87786585001392,0.005421644939868592
,,,,,,,,16.88874866245494,0.004659255564111749
,,,,,,,,16.89963147489596,0.003996148215833318
,,,,,,,,16.91051428733699,0.003418188100952309
,,,,,,,,16.92139709977801,0.00291591914457295
,,,,,,,,16.93227991221903,0.002480710620393765
,,,,,,,,16.94316272466006,0.002104718070061753
,,,,,,,,16.95404553710108,0.001780841048517331
,,,,,,,,16.96492834954211,0.001502678664461574
,,,,,,,,16.97581116198313,0.001262893551618705
,,,,,,,,16.98669397442416,0.001057909359003551
,,,,,,,,16.99757678686518,0.0008855118359033737
,,,,,,,,17.0084595993062,0.0007391449522891661
,,,,,,,,17.01934241174723,0.0006127528496579579
,,,,,,,,17.03022522418825,0.0005087517851706321
,,,,,,,,17.04110803662928,0.0004212122969757649
,,,,,,,,17.0519908490703,0.000347751216107697
,,,,,,,,17.06287366151133,0.0002862904594137463
,,,,,,,,17.07375647395235,0.0002350248735931736
,,,,,,,,17.08463928639337,0.0001923923042871832
,,,,,,,,17.0955220988344,0.0001570459395431629
,,,,,,,,17.10640491127542,0.0001256942062488848
,,,,,,,,17.11728772371644,0.0001020939680178622
,,,,,,,,17.12817053615747,8.268592516169621e-05
,,,,,,,,18.34704552955217,0
